customerID,value_segment,MonthlyCharges,Contract,tenure,Churn,churn_probability
7136-RVDTZ,Low-Value,45.25,One year,70,Yes,0.9998823102078699
0310-MVLET,High-Value,99.15,Month-to-month,61,Yes,0.9998725347571262
9614-RMGHA,High-Value,91.85,Month-to-month,65,Yes,0.9998654164044334
2003-CKLOR,High-Value,99.5,Month-to-month,66,Yes,0.9997702499873952
5287-QWLKY,High-Value,105.1,Month-to-month,71,Yes,0.9997109174458725
0324-BRPCJ,High-Value,100.2,Month-to-month,68,Yes,0.9996538227800341
3791-LGQCY,High-Value,100.65,Month-to-month,56,Yes,0.999373468757112
4550-VBOFE,High-Value,102.95,Month-to-month,70,Yes,0.9993624824390005
7752-XUSCI,High-Value,105.9,Month-to-month,60,Yes,0.9993167388575508
0979-PHULV,High-Value,99.45,Month-to-month,69,Yes,0.9992585908250579
1891-FZYSA,High-Value,89.95,Month-to-month,69,Yes,0.9991989382407463
7067-KSAZT,High-Value,106.25,One year,65,Yes,0.9991949444028039
9518-RWHZL,High-Value,100.05,One year,64,Yes,0.9990015305988514
3351-NQLDI,High-Value,94.35,One year,67,Yes,0.998955499151003
6818-WOBHJ,High-Value,89.6,Month-to-month,68,Yes,0.9989483001924442
0639-TSIQW,High-Value,102.95,Month-to-month,67,Yes,0.9988881067588697
9898-KZQDZ,High-Value,94.55,Month-to-month,40,Yes,0.9988715256734148
1723-HKXJQ,High-Value,101.75,Month-to-month,42,Yes,0.9988021013525403
5073-WXOYN,Low-Value,50.8,Month-to-month,60,Yes,0.9983748883473452
2674-MLXMN,High-Value,99.65,Month-to-month,71,No,0.998236052186969
6270-OMFIW,High-Value,94.4,One year,60,Yes,0.9981059879839191
6646-VRFOL,High-Value,103.85,Month-to-month,53,Yes,0.9980677755363933
1323-OOEPC,High-Value,98.4,Month-to-month,53,Yes,0.9979420992444754
3318-OSATS,High-Value,95.45,Month-to-month,35,Yes,0.9979108831070735
3207-OYBWH,High-Value,95.25,Month-to-month,57,Yes,0.9978278405833364
7207-RMRDB,High-Value,105.5,Month-to-month,65,Yes,0.9978200649995248
6583-QGCSI,High-Value,88.05,Month-to-month,50,Yes,0.9977986946288501
3990-QYKBE,High-Value,92.5,Month-to-month,37,Yes,0.9977462493001004
0596-BQCEQ,High-Value,100.15,Month-to-month,62,Yes,0.9976581504235696
6845-RGTYS,High-Value,98.75,Month-to-month,47,Yes,0.9975921055080461
7549-MYGPK,High-Value,100.55,Month-to-month,63,Yes,0.9975812210227564
8651-ENBZX,High-Value,106.0,One year,60,Yes,0.9975760191789708
7547-EKNFS,High-Value,95.25,Month-to-month,42,Yes,0.997545359194838
8708-XPXHZ,High-Value,94.2,Month-to-month,42,Yes,0.9975231514249733
4446-BZKHU,High-Value,105.55,Month-to-month,61,Yes,0.9974698470707345
4143-HHPMK,High-Value,85.35,Month-to-month,52,Yes,0.9973135190199783
3027-ZTDHO,High-Value,89.9,Month-to-month,1,Yes,0.9971095787235491
2988-GBIVW,High-Value,90.85,Month-to-month,70,No,0.9970160499113072
3419-SNJJD,High-Value,105.25,Month-to-month,65,Yes,0.9970063293036631
1265-XTECC,High-Value,96.55,One year,68,Yes,0.9969665437449955
3640-PHQXK,High-Value,89.9,Month-to-month,31,Yes,0.9967863636141256
8374-XGEJJ,High-Value,101.0,Month-to-month,43,Yes,0.9966948367822576
3838-OZURD,High-Value,105.0,Month-to-month,66,Yes,0.9966727574806721
3571-RFHAR,High-Value,109.15,Month-to-month,65,Yes,0.9966523707338854
6481-OGDOO,High-Value,90.6,One year,67,Yes,0.9964844047041962
8623-TMRBY,High-Value,84.2,Month-to-month,51,Yes,0.9963360393540502
4289-DTDKW,High-Value,101.3,Month-to-month,40,Yes,0.9962482265608315
0348-SDKOL,High-Value,102.1,Month-to-month,58,Yes,0.9961581015865526
2302-ANTDP,High-Value,117.45,Month-to-month,48,Yes,0.996086213540922
4523-WXCEF,High-Value,101.1,Month-to-month,59,Yes,0.9960414417800697
1550-LOAHA,High-Value,84.15,Month-to-month,32,Yes,0.9959912072530221
2659-VXMWZ,High-Value,111.3,One year,67,Yes,0.9958943968794358
1984-FCOWB,High-Value,109.5,One year,70,Yes,0.9957718895133228
0946-CLJTI,High-Value,98.7,Month-to-month,58,Yes,0.9957470593929009
4701-AHWMW,Low-Value,54.55,Month-to-month,55,Yes,0.9956111704698657
0823-HSCDJ,Low-Value,49.15,Month-to-month,52,Yes,0.995476258331749
5515-AKOAJ,High-Value,100.1,Month-to-month,54,Yes,0.9951516622590654
0486-HECZI,High-Value,96.75,Month-to-month,55,Yes,0.9948033909278744
4307-KTUMW,High-Value,93.9,Month-to-month,53,Yes,0.9947851675014872
0407-BDJKB,High-Value,95.75,Month-to-month,60,Yes,0.994780659090488
4001-TSBTV,High-Value,91.55,Month-to-month,58,No,0.994733223907814
3143-ILDAL,High-Value,94.45,Month-to-month,56,Yes,0.9945498952692619
7957-RYHQD,High-Value,79.2,Month-to-month,40,Yes,0.9944615905008533
7881-INRLC,High-Value,100.85,Month-to-month,45,Yes,0.9943169897818022
2720-WGKHP,High-Value,94.0,Month-to-month,2,Yes,0.9942916273383577
3092-IGHWF,High-Value,87.4,One year,67,Yes,0.9942669321667342
3445-HXXGF,Low-Value,45.3,Month-to-month,58,Yes,0.9942448737326764
9090-SGQXL,High-Value,105.3,Month-to-month,68,Yes,0.9939650974451152
2632-UCGVD,High-Value,100.05,Month-to-month,66,Yes,0.9937009226764758
1587-FKLZB,High-Value,99.5,Month-to-month,66,Yes,0.9936426109148597
0354-WYROK,High-Value,98.9,Month-to-month,31,Yes,0.993597096549038
7641-EUYET,High-Value,100.7,Month-to-month,46,Yes,0.9935801510438164
5385-SUIRI,High-Value,104.2,Month-to-month,52,Yes,0.9934699846186656
3009-JWMPU,High-Value,96.75,One year,62,Yes,0.9934600753343854
2657-ALMWY,High-Value,84.95,Month-to-month,26,Yes,0.9932786319301792
4484-GLZOU,High-Value,105.05,Month-to-month,52,Yes,0.9932730714372726
9497-QCMMS,High-Value,93.55,Month-to-month,1,Yes,0.9931894842169903
9158-VCTQB,High-Value,113.6,Month-to-month,41,Yes,0.9930897589279538
8749-JMNKX,High-Value,93.8,Month-to-month,51,Yes,0.9929853968750862
4187-CINZD,High-Value,95.25,One year,46,Yes,0.9928554503393631
3104-OWCGK,High-Value,90.95,One year,60,Yes,0.9928150357187967
5655-JSMZM,High-Value,96.2,Month-to-month,49,Yes,0.992798538326744
3988-RQIXO,High-Value,91.3,Month-to-month,1,Yes,0.992510765482221
0578-SKVMF,High-Value,83.3,Month-to-month,22,Yes,0.9924854109158755
1114-CENIM,Low-Value,55.0,Month-to-month,54,Yes,0.9923098766583649
0970-ETWGE,High-Value,89.55,Month-to-month,1,Yes,0.9919068445647364
6646-QVXLR,High-Value,103.75,One year,62,Yes,0.9918367864419578
8079-XRJRS,High-Value,89.75,One year,65,Yes,0.9918231703150191
0643-OKLRP,High-Value,80.35,Month-to-month,47,Yes,0.9917962949828342
8610-WFCJF,High-Value,95.6,Month-to-month,49,Yes,0.9917886466044684
3144-KMTWZ,High-Value,93.25,Month-to-month,71,No,0.9917016278679424
5334-JLAXU,High-Value,94.1,Month-to-month,60,No,0.9915708512142833
1264-BYWMS,High-Value,96.8,Month-to-month,55,Yes,0.991545994745463
6769-DYBQN,High-Value,85.0,Month-to-month,46,Yes,0.9914467176579558
5364-XYIRR,High-Value,94.65,Month-to-month,51,Yes,0.991426494639117
5708-EVONK,High-Value,93.4,Month-to-month,58,Yes,0.9913959400720477
2889-FPWRM,High-Value,117.8,One year,72,Yes,0.9913302475520271
5469-CTCWN,High-Value,106.0,One year,61,Yes,0.9910558318143101
2748-MYRVK,High-Value,99.9,One year,63,Yes,0.9909439477029487
4844-JJWUY,High-Value,86.0,Month-to-month,1,Yes,0.9907635098846039
7694-VLBWQ,High-Value,104.1,One year,67,Yes,0.9907196414369422
9943-VSZUV,High-Value,75.7,Month-to-month,67,No,0.9905522340475241
2886-KEFUM,High-Value,107.5,One year,63,Yes,0.9905184252960298
3132-TVFDZ,Low-Value,44.85,Month-to-month,57,Yes,0.9904922787880331
5498-TXHLF,High-Value,87.45,Month-to-month,34,Yes,0.9903208636477078
2027-OAQQC,Low-Value,49.05,Month-to-month,43,Yes,0.9903119712073905
8199-ZLLSA,High-Value,118.35,One year,67,Yes,0.99025559697236
2856-NNASM,High-Value,89.55,Month-to-month,43,Yes,0.990192927673006
1444-VVSGW,High-Value,115.65,One year,70,Yes,0.9901418533102755
9079-YEXQJ,High-Value,111.1,Month-to-month,54,Yes,0.9901368387593742
7614-QVWQL,Low-Value,51.8,One year,49,Yes,0.990013440141131
4566-GOLUK,High-Value,107.35,Month-to-month,47,Yes,0.9899503724359696
0447-BEMNG,Low-Value,45.3,Month-to-month,48,Yes,0.9897841799653404
6394-MFYNG,High-Value,107.4,Month-to-month,48,Yes,0.9896620706827615
1228-FZFRV,High-Value,105.95,Month-to-month,50,Yes,0.9896065337500539
1374-DMZUI,High-Value,94.3,Month-to-month,4,Yes,0.989449413641741
9572-MTILT,High-Value,106.75,Month-to-month,59,Yes,0.9893480283008893
6664-FPDAC,High-Value,111.95,One year,56,Yes,0.9893300431013609
0533-BNWKF,High-Value,85.45,Month-to-month,55,Yes,0.9892481142977179
0093-XWZFY,High-Value,104.5,Month-to-month,40,Yes,0.9891905914468743
5419-JPRRN,High-Value,101.45,Month-to-month,1,Yes,0.989096247660154
6771-XWBDM,High-Value,104.5,Month-to-month,57,Yes,0.9890646037003665
0311-UNPFF,High-Value,88.8,Month-to-month,26,Yes,0.9887401214609819
0397-GZBBC,High-Value,93.85,Month-to-month,59,Yes,0.9885006679721304
3804-RVTGV,High-Value,103.85,Month-to-month,50,Yes,0.9884834360150017
3424-NMNBO,High-Value,108.85,One year,58,Yes,0.9884548047228472
9600-NAXZN,High-Value,101.4,Month-to-month,43,Yes,0.988307664749871
0107-YHINA,High-Value,99.75,Month-to-month,1,Yes,0.9882883604660724
4021-RQSNY,High-Value,98.5,Month-to-month,29,Yes,0.9882422627388111
2869-ADAWR,High-Value,89.3,Month-to-month,45,Yes,0.9880229356060016
4628-CTTLA,Low-Value,39.3,Month-to-month,57,Yes,0.9878599657279682
6425-YQLLO,High-Value,105.95,One year,66,Yes,0.9878532025148056
7124-UGSUR,High-Value,104.4,One year,61,Yes,0.9878335355665971
6467-CHFZW,High-Value,99.35,Month-to-month,47,Yes,0.9875444280342417
1866-RZZQS,High-Value,98.4,Month-to-month,41,Yes,0.9873382421964629
4829-AUOAX,High-Value,96.05,Month-to-month,46,Yes,0.9872570366226212
4433-JCGCG,High-Value,101.0,Month-to-month,46,Yes,0.9871285876727933
5981-ITEMU,High-Value,97.1,Month-to-month,40,Yes,0.9870739848494435
3886-CERTZ,High-Value,109.25,One year,72,Yes,0.9870113537770538
4612-THJBS,High-Value,104.75,One year,56,Yes,0.9869989123480308
3005-NFMTA,High-Value,98.8,Month-to-month,55,Yes,0.9868835240899712
2408-TZMJL,High-Value,110.15,One year,59,Yes,0.9867790656878354
3768-NLUBH,High-Value,100.6,Month-to-month,57,Yes,0.9866573828596137
9948-YPTDG,High-Value,79.45,Month-to-month,38,Yes,0.9865845560086591
5748-RNCJT,High-Value,106.5,Two year,69,Yes,0.9865170414443216
2834-JRTUA,High-Value,108.05,Two year,71,Yes,0.9864824493835336
8624-GIOUT,Low-Value,59.75,Month-to-month,49,Yes,0.9863962248385559
1455-UGQVH,High-Value,98.5,Month-to-month,10,Yes,0.9863472351027465
2722-VOJQL,High-Value,105.65,One year,64,Yes,0.9863394930315973
7209-JCUDS,High-Value,94.9,Month-to-month,10,Yes,0.9862483854508508
1502-XFCVR,High-Value,106.45,One year,58,Yes,0.9862383531888874
1095-JUDTC,High-Value,95.05,Month-to-month,47,Yes,0.986084892001114
8276-MQBYC,High-Value,97.8,Month-to-month,51,Yes,0.9860800014077925
4250-ZBWLV,High-Value,108.45,One year,68,Yes,0.9859737406267591
8634-CILSZ,High-Value,104.7,One year,69,Yes,0.9857135425163064
0939-YAPAF,High-Value,100.25,Month-to-month,35,Yes,0.9855287635171236
9705-IOVQQ,High-Value,99.0,One year,61,No,0.9851254671492784
6097-EQISJ,High-Value,102.45,One year,66,Yes,0.9850029982640474
5889-JTMUL,High-Value,95.05,Month-to-month,50,Yes,0.9848215182550241
9574-RKJIF,High-Value,94.4,Month-to-month,30,Yes,0.9847139561419772
9134-CEQMF,High-Value,89.5,Month-to-month,7,Yes,0.9841122638691084
4826-XTSOH,High-Value,86.05,Month-to-month,1,Yes,0.98319517168648
2929-QNSRW,High-Value,98.25,One year,56,Yes,0.9830409506663288
7632-MNYOY,High-Value,110.9,One year,66,Yes,0.9830089226932828
3521-SYVOR,Low-Value,64.75,Month-to-month,37,Yes,0.9829722183189104
5192-EBGOV,High-Value,85.7,Month-to-month,1,Yes,0.9829474764097147
2530-ENDWQ,High-Value,93.7,Two year,71,Yes,0.9827969943554821
0727-BMPLR,High-Value,100.0,One year,55,Yes,0.9826805270542754
1069-XAIEM,High-Value,85.05,Month-to-month,1,Yes,0.982477917368506
7721-JXEAW,Low-Value,41.05,Month-to-month,59,Yes,0.9824149428759836
8937-RDTHP,High-Value,84.6,Month-to-month,1,Yes,0.9823645366345465
2479-BRAMR,High-Value,83.75,Month-to-month,41,Yes,0.9823542442529583
5271-YNWVR,High-Value,113.15,Two year,68,Yes,0.9817106198497003
3714-NTNFO,High-Value,84.5,Month-to-month,49,No,0.9816176286374636
9565-DJPIB,High-Value,89.6,Month-to-month,4,Yes,0.9810946044338101
8603-IJWDN,High-Value,86.6,Month-to-month,1,Yes,0.9810260955055636
7142-HVGBG,High-Value,103.0,Month-to-month,43,Yes,0.9808616247232518
6173-ITPWD,High-Value,83.35,Month-to-month,47,Yes,0.9808071876138514
2382-BCKQJ,High-Value,100.15,One year,62,Yes,0.9804962340254312
5536-RTPWK,High-Value,99.05,Month-to-month,49,Yes,0.9804549413581378
4720-VSTSI,High-Value,84.8,Month-to-month,44,Yes,0.980282295595592
0320-JDNQG,High-Value,99.85,Month-to-month,23,Yes,0.9799069810444853
5178-LMXOP,High-Value,95.1,Month-to-month,1,Yes,0.9798688297403889
9282-IZGQK,High-Value,85.0,Month-to-month,1,Yes,0.9797172590956776
4912-PIGUY,High-Value,84.6,Month-to-month,1,No,0.9793764709094664
7120-RFMVS,High-Value,84.5,Month-to-month,1,Yes,0.9792904017590522
5380-WJKOV,High-Value,106.35,Month-to-month,34,Yes,0.9792245111319879
3158-MOERK,High-Value,96.0,Month-to-month,2,Yes,0.9791831428161302
6559-ILWKJ,Low-Value,49.35,Two year,71,Yes,0.9791400716149586
9300-AGZNL,High-Value,94.0,Month-to-month,1,Yes,0.9789250780199672
9851-QXEEQ,High-Value,104.7,Month-to-month,41,Yes,0.9789196076946077
9114-VEPUF,High-Value,96.1,One year,62,No,0.9788794637454904
6769-DCQLI,High-Value,105.0,One year,52,Yes,0.9788594846645888
7055-VKGDA,High-Value,105.4,One year,54,Yes,0.9788114839788458
2533-QVMSK,High-Value,94.1,Two year,61,Yes,0.9785505472705166
8443-WVPSS,High-Value,99.85,Month-to-month,10,Yes,0.97828024005533
6899-PPEEA,High-Value,96.55,Month-to-month,37,Yes,0.978260618838847
0406-BPDVR,High-Value,101.5,One year,54,Yes,0.9780860555596642
5502-RLUYV,High-Value,103.95,Month-to-month,69,Yes,0.9780783267255212
1415-YFWLT,High-Value,89.3,Month-to-month,1,Yes,0.9777248439565511
2038-LLMLM,High-Value,103.85,Month-to-month,48,No,0.977697987671822
6567-HOOPW,High-Value,79.2,Month-to-month,1,Yes,0.977639431037385
1343-EHPYB,High-Value,103.4,Month-to-month,63,Yes,0.9774660848950153
1894-IGFSG,High-Value,89.25,Month-to-month,22,Yes,0.9774426730542405
8290-YWKHZ,High-Value,93.2,Month-to-month,32,Yes,0.9773354826625286
2519-FAKOD,High-Value,99.25,Month-to-month,38,Yes,0.9772659790714044
0295-PPHDO,High-Value,95.45,Month-to-month,1,Yes,0.977090717327306
2004-OCQXK,High-Value,81.95,Month-to-month,1,Yes,0.9769729862908649
9885-CSMWE,High-Value,78.45,Month-to-month,1,Yes,0.9769314826072815
8019-ENHXU,High-Value,99.45,Month-to-month,42,Yes,0.9767956307519469
5949-XIKAE,High-Value,83.55,Month-to-month,8,Yes,0.9764747726289112
4910-GMJOT,High-Value,94.6,Month-to-month,1,Yes,0.976267487093174
4614-NUVZD,High-Value,81.1,Month-to-month,1,Yes,0.9761456287523913
2018-QKYGT,High-Value,81.05,Month-to-month,1,No,0.9760960675749022
0895-DQHEW,High-Value,104.3,Month-to-month,54,Yes,0.9759931593846755
6457-USBER,High-Value,80.8,Month-to-month,1,Yes,0.9758467511572517
2034-GDRCN,High-Value,90.4,Month-to-month,2,Yes,0.97580774763621
8580-AECUZ,High-Value,79.1,Month-to-month,1,Yes,0.9757784550364385
8775-LHDJH,High-Value,90.6,Month-to-month,1,Yes,0.9757262053018185
0318-QUUOB,High-Value,80.55,Month-to-month,1,Yes,0.9755948994020565
7439-DKZTW,High-Value,80.55,Month-to-month,1,No,0.9755948994020565
2867-UIMSS,High-Value,80.5,Month-to-month,1,Yes,0.9755442226651971
8149-RSOUN,High-Value,93.85,Month-to-month,1,Yes,0.975517189902965
7480-QNVZJ,High-Value,95.7,Month-to-month,50,Yes,0.9754693164835713
2460-FPSYH,Low-Value,55.8,Month-to-month,40,Yes,0.9754314370513644
8714-EUHJO,High-Value,91.15,Month-to-month,31,Yes,0.9753270812154883
6319-IEJWJ,High-Value,90.2,Month-to-month,20,Yes,0.9752956206927693
5494-HECPR,High-Value,80.25,Month-to-month,1,Yes,0.9752892962526094
7861-UVUFT,High-Value,84.3,Month-to-month,15,Yes,0.975091671932315
0329-GTIAJ,High-Value,97.9,Month-to-month,3,Yes,0.9750522809966841
1448-PWKYE,High-Value,80.0,Month-to-month,1,Yes,0.9750317805059702
6521-YYTYI,High-Value,93.3,Month-to-month,1,Yes,0.9749523239872493
1285-OKIPP,High-Value,79.9,Month-to-month,1,Yes,0.9749280436285778
4710-FDUIZ,High-Value,100.3,One year,56,Yes,0.974789729839837
0495-RVCBF,High-Value,79.7,Month-to-month,1,Yes,0.974719308648975
8058-INTPH,High-Value,79.65,Month-to-month,1,Yes,0.9746668609758213
7594-RQHXR,High-Value,79.6,Month-to-month,1,Yes,0.9746143073278214
6393-WRYZE,High-Value,97.65,Month-to-month,34,Yes,0.974589431360836
1761-AEZZR,High-Value,79.55,Month-to-month,1,Yes,0.9745616475026132
9019-QVLZD,High-Value,79.55,Month-to-month,1,Yes,0.9745616475026132
4273-MBHYA,High-Value,89.35,Month-to-month,1,No,0.9743414919006754
2868-MZAGQ,High-Value,79.25,Month-to-month,1,Yes,0.9742434474551412
7577-SWIFR,High-Value,89.25,Month-to-month,1,No,0.9742349628279519
1455-ESIQH,High-Value,89.1,Month-to-month,1,Yes,0.9740743614367271
6032-KRXXO,High-Value,90.25,Month-to-month,30,Yes,0.9740510911547452
5960-WPXQM,High-Value,79.05,Month-to-month,1,Yes,0.9740291647426335
8740-CRYFY,High-Value,78.95,Month-to-month,1,Yes,0.9739213736562905
3976-BWUCK,High-Value,94.1,Month-to-month,30,Yes,0.973888980262399
9710-ZUSHQ,High-Value,106.75,Month-to-month,37,Yes,0.9738588322369364
6372-RFVNS,High-Value,78.8,Month-to-month,1,Yes,0.9737588702174338
8945-GRKHX,High-Value,78.65,Month-to-month,1,Yes,0.9735953816262184
3722-WPXTK,High-Value,88.35,Month-to-month,1,Yes,0.9732566284823844
2082-OJVTK,High-Value,89.2,Month-to-month,29,Yes,0.9732256444059015
7112-OPOTK,Low-Value,68.25,Month-to-month,33,Yes,0.9731809281539721
5919-TMRGD,High-Value,79.35,Month-to-month,1,Yes,0.9730248586663458
9300-RENDD,High-Value,79.95,Month-to-month,1,Yes,0.9730156673439688
2777-PHDEI,High-Value,78.05,Month-to-month,1,Yes,0.9729314627336197
4322-RCYMT,High-Value,75.8,One year,68,Yes,0.9726345460646512
3068-OMWZA,High-Value,88.8,Month-to-month,1,Yes,0.9725423550136348
5298-GSTLM,High-Value,101.4,One year,60,No,0.9722494813996956
3927-NLNRY,High-Value,94.25,One year,53,Yes,0.9722475506937766
2725-KXXWT,High-Value,90.75,Month-to-month,1,Yes,0.9721632738611409
3685-YLCMQ,High-Value,104.65,One year,58,Yes,0.972003742098569
5797-APWZC,High-Value,90.6,Month-to-month,1,Yes,0.9719901302667177
7274-RTAPZ,High-Value,90.55,Month-to-month,1,Yes,0.9719321836437493
7294-TMAOP,High-Value,90.55,Month-to-month,1,Yes,0.9719321836437493
2091-MJTFX,Low-Value,51.2,Month-to-month,30,Yes,0.9718288726443285
3049-NDXFL,High-Value,85.8,Month-to-month,1,Yes,0.9714374351532962
1941-HOSAM,High-Value,90.1,Month-to-month,1,No,0.9714053991421453
0201-OAMXR,High-Value,115.55,One year,70,Yes,0.9713726796195515
4488-KQFDT,High-Value,103.95,One year,61,No,0.9712161301612325
5393-RXQSZ,High-Value,79.6,Month-to-month,1,Yes,0.9712104026892238
6661-HBGWL,High-Value,104.75,Month-to-month,42,Yes,0.9711606062539369
3190-XFANI,High-Value,100.6,One year,49,Yes,0.9711003934100082
2514-GINMM,High-Value,79.5,Month-to-month,1,Yes,0.9710912596511582
5281-BUZGT,High-Value,90.85,Month-to-month,36,Yes,0.9710346380018537
9124-LHCJQ,High-Value,85.45,Month-to-month,1,Yes,0.9710215442678819
8809-RIHDD,High-Value,103.4,Two year,72,Yes,0.9708134778278716
3763-GCZHZ,High-Value,104.05,One year,66,Yes,0.970705261322574
9248-OJYKK,High-Value,76.45,Month-to-month,1,Yes,0.9705336716185156
9170-GYZJC,High-Value,79.9,Month-to-month,41,Yes,0.9705025372755095
9725-SCPZG,High-Value,90.85,Month-to-month,1,Yes,0.9701082124601959
7503-ZGUZJ,High-Value,84.65,Month-to-month,1,Yes,0.970048760209295
1193-RTSLK,High-Value,83.9,Month-to-month,38,Yes,0.9699025359287857
6894-LFHLY,High-Value,75.75,Month-to-month,1,Yes,0.96967034030449
4791-QRGMF,High-Value,99.5,One year,59,Yes,0.9696614462319338
4658-HCOHW,High-Value,102.8,Month-to-month,21,Yes,0.9694415398006292
9025-AOMKI,High-Value,93.55,Month-to-month,6,Yes,0.9694319236751732
4988-IQIGL,High-Value,75.35,Month-to-month,1,Yes,0.9691660577369637
1862-SKORY,Low-Value,39.3,Month-to-month,40,Yes,0.9690946090138433
6599-RCLCJ,High-Value,109.55,Month-to-month,47,Yes,0.9687703598155322
9057-SIHCH,High-Value,96.6,Month-to-month,3,Yes,0.9686073392107971
7599-FKVXZ,High-Value,106.15,Month-to-month,42,Yes,0.9684513244121922
2195-ZRVAX,High-Value,85.3,Month-to-month,47,Yes,0.9680880797965371
4192-GORJT,High-Value,94.45,Month-to-month,5,Yes,0.9680256218252352
0723-DRCLG,High-Value,74.45,Month-to-month,1,Yes,0.9680015717307195
3551-HUAZH,High-Value,74.4,Month-to-month,1,Yes,0.9679356458091641
6230-BSUXY,High-Value,85.0,Month-to-month,1,Yes,0.9678813344267385
6543-XRMYR,High-Value,99.7,Month-to-month,30,Yes,0.9677934109999211
2834-SPCJV,High-Value,84.1,Month-to-month,52,Yes,0.9676407552459284
2067-QYTCF,High-Value,111.15,Month-to-month,64,No,0.9675418334515447
0691-JVSYA,High-Value,94.85,One year,53,Yes,0.9674777136745447
7903-CMPEY,High-Value,80.3,Month-to-month,1,Yes,0.9674115106567641
7056-IMHCC,High-Value,101.9,Month-to-month,53,Yes,0.9673305563808982
7493-TPUWZ,High-Value,79.15,Month-to-month,1,Yes,0.9673270501906956
3049-SOLAY,High-Value,95.2,Month-to-month,3,Yes,0.9672474983390943
9412-GHEEC,High-Value,104.8,Month-to-month,40,Yes,0.967116634428982
2609-IAICY,High-Value,77.15,Month-to-month,1,Yes,0.966989750413516
6857-VWJDT,High-Value,95.65,Month-to-month,1,Yes,0.9669686273505801
8473-VUVJN,High-Value,73.65,Month-to-month,1,Yes,0.9669308620957008
1628-BIZYP,High-Value,85.0,Month-to-month,1,No,0.966891765574644
5959-BELXA,High-Value,96.15,Month-to-month,32,Yes,0.9668336321234233
6513-EECDB,High-Value,73.55,Month-to-month,1,Yes,0.9667946140975269
2013-SGDXK,High-Value,84.3,Month-to-month,1,Yes,0.9667666128910382
7216-EWTRS,High-Value,100.8,Month-to-month,1,Yes,0.9664424094546192
4102-OQUPX,High-Value,74.4,Month-to-month,1,Yes,0.9662906631936512
6960-HVYXR,High-Value,76.0,Month-to-month,1,Yes,0.9653925383673815
8035-BUYVG,Low-Value,42.35,One year,40,Yes,0.965248247204198
1833-VGRUM,High-Value,74.2,Month-to-month,1,Yes,0.9651529909143342
5240-IJOQT,High-Value,74.7,Month-to-month,1,Yes,0.9649978588716795
5275-SQEIZ,High-Value,80.85,Month-to-month,1,Yes,0.9649796866152699
4124-MMETB,High-Value,94.65,Month-to-month,22,Yes,0.9649389745571029
2403-BCASL,High-Value,111.95,One year,41,Yes,0.9648140289041666
0021-IKXGC,High-Value,72.1,Month-to-month,1,No,0.9647570920540051
5834-ASPWA,High-Value,75.45,Month-to-month,1,Yes,0.9646025533030996
6772-KSATR,High-Value,81.7,Month-to-month,1,Yes,0.9645385822695302
9787-XVQIU,High-Value,75.3,Month-to-month,1,Yes,0.9643841051398285
6034-ZRYCV,Low-Value,54.2,Two year,72,Yes,0.9642137256675289
8644-XLFBW,High-Value,71.65,Month-to-month,1,Yes,0.96410061742505
1452-VOQCH,High-Value,75.1,Month-to-month,1,No,0.9640908205464429
5439-WIKXB,High-Value,94.55,Month-to-month,41,No,0.963923809920573
1157-BQCUW,High-Value,74.95,Month-to-month,1,Yes,0.963869332618038
9835-ZIITK,High-Value,110.85,One year,66,Yes,0.9638266232164291
8821-XNHVZ,High-Value,80.05,Month-to-month,1,Yes,0.9638116409084652
6358-LYNGM,High-Value,74.9,Month-to-month,1,Yes,0.9637952115230082
7979-CORPM,High-Value,90.55,Month-to-month,24,Yes,0.9636677949888943
5597-GLBUC,High-Value,85.45,Month-to-month,1,Yes,0.9636597617729321
2931-VUVJN,High-Value,94.05,One year,59,No,0.9635492851238913
8775-ERLNB,High-Value,74.3,Month-to-month,1,No,0.963520420427383
3878-AVSOQ,High-Value,71.25,Month-to-month,1,No,0.9635072138315397
1977-STDKI,High-Value,73.0,Month-to-month,1,Yes,0.9635067910612569
4039-HEUNW,High-Value,96.5,Month-to-month,36,Yes,0.9634998726362511
6397-JNZZG,Low-Value,55.55,Month-to-month,43,Yes,0.9632573073224965
4415-IJZTP,High-Value,74.5,Month-to-month,1,Yes,0.9631969523912558
7180-PISOG,High-Value,74.5,Month-to-month,1,Yes,0.9631969523912558
4817-VYYWS,High-Value,100.2,Month-to-month,30,Yes,0.9631454386005474
5277-ZLOOR,High-Value,85.55,Month-to-month,2,Yes,0.963098113082645
6952-OMNWB,High-Value,80.35,Month-to-month,68,No,0.962957144075875
2202-CUYXZ,High-Value,84.85,Month-to-month,1,Yes,0.962755578022533
6877-TJMBR,High-Value,84.8,Month-to-month,1,Yes,0.9626792605580726
9600-UDOPK,High-Value,94.05,Month-to-month,30,Yes,0.962559444867515
7595-EUIVN,High-Value,75.8,Month-to-month,1,Yes,0.9625121121926697
8051-HJRLT,High-Value,70.55,Month-to-month,1,Yes,0.9624459808400255
9488-HGMJH,High-Value,71.15,Month-to-month,1,Yes,0.962433324110123
6086-ESGRL,High-Value,80.15,Month-to-month,1,Yes,0.962388575978168
5196-SGOAK,High-Value,75.7,Month-to-month,1,Yes,0.9623583672521799
6907-NZZIJ,High-Value,99.15,Month-to-month,36,Yes,0.9623266942508502
1363-TXLSL,Low-Value,70.3,Month-to-month,1,Yes,0.9620598287325571
9605-WGJVW,Low-Value,70.2,Month-to-month,1,No,0.9619043023077141
5054-IEXZT,High-Value,75.35,Month-to-month,1,Yes,0.96181547512105
4913-EHYUI,High-Value,104.55,One year,56,Yes,0.9617708381712027
2545-EBUPK,High-Value,84.05,Month-to-month,2,No,0.9616853840817619
9603-OAIHC,Low-Value,70.05,Month-to-month,1,No,0.9616698641198529
6683-VLCTZ,High-Value,98.55,Month-to-month,20,Yes,0.9616583930003614
8000-REIQB,Low-Value,69.95,Month-to-month,1,Yes,0.9615128030812966
0280-XJGEX,High-Value,103.7,Month-to-month,49,Yes,0.9614401768353389
2845-AFFTX,High-Value,99.8,Month-to-month,41,Yes,0.9614157203406943
5550-VFRLC,Low-Value,69.85,Month-to-month,1,Yes,0.9613551243336069
8565-CLBZW,High-Value,89.85,Month-to-month,24,Yes,0.9613468643772358
4902-OHLSK,High-Value,98.65,Month-to-month,29,Yes,0.9612760595097565
1935-IMVBB,High-Value,89.7,Month-to-month,56,No,0.9612027776485759
5539-TMZLF,Low-Value,69.75,Month-to-month,1,Yes,0.9611968256596718
9507-EXLTT,High-Value,79.35,Month-to-month,1,Yes,0.9611375884476099
8062-YBDOE,Low-Value,69.65,Month-to-month,1,Yes,0.9610379048361657
4871-JTKJF,Low-Value,69.65,Month-to-month,1,Yes,0.9610379048361657
2636-ALXXZ,Low-Value,69.6,Month-to-month,1,Yes,0.960958210421835
8375-DKEBR,Low-Value,69.6,Month-to-month,1,Yes,0.960958210421835
9101-BWFSS,High-Value,108.55,One year,50,Yes,0.9608915186600577
2506-TNFCO,Low-Value,69.55,Month-to-month,1,Yes,0.9608783596335484
6686-YPGHK,High-Value,85.5,Month-to-month,47,Yes,0.960826721279756
3765-JXVKY,High-Value,74.7,Month-to-month,1,Yes,0.9607872377900724
9399-APLBT,High-Value,74.7,Month-to-month,1,Yes,0.9607872377900724
4958-XCBDQ,High-Value,101.4,Month-to-month,35,Yes,0.9606973126709918
0679-IDSTG,Low-Value,69.25,Month-to-month,1,Yes,0.9603959553623412
8816-VXNZD,High-Value,75.1,Month-to-month,1,Yes,0.9603318725488631
7409-KIUTL,High-Value,71.0,Month-to-month,1,Yes,0.9602749532836786
9840-EFJQB,High-Value,74.35,Month-to-month,1,No,0.9602226224118972
4713-LZDRV,High-Value,79.6,Month-to-month,2,Yes,0.9602097257976949
3871-IKPYH,Low-Value,69.1,Month-to-month,1,Yes,0.9601526194380413
8372-JUXUI,High-Value,74.35,Month-to-month,1,Yes,0.9601015733418334
6345-ULYRW,High-Value,88.4,One year,44,Yes,0.9599869752089146
5609-CEBID,High-Value,94.1,Month-to-month,20,Yes,0.9598405349829633
7228-OMTPN,High-Value,88.45,Month-to-month,4,Yes,0.9597344871268436
5099-BAILX,High-Value,110.75,Month-to-month,43,Yes,0.9595689892331335
7206-GZCDC,Low-Value,69.25,Month-to-month,1,Yes,0.9594003493071473
3870-MQAMG,High-Value,110.35,One year,54,Yes,0.9592283625386128
4554-YGZIH,High-Value,90.05,Month-to-month,49,Yes,0.9591593329989851
1902-XBTFB,High-Value,89.4,Month-to-month,22,Yes,0.9591077262310878
6777-TGHTM,High-Value,106.95,One year,53,Yes,0.95903978433301
0576-WNXXC,High-Value,95.55,Month-to-month,27,Yes,0.9590135632624597
2424-WVHPL,High-Value,74.7,Month-to-month,1,No,0.9590079847402257
0917-EZOLA,High-Value,104.15,Two year,72,Yes,0.9587051660912984
8380-PEFPE,High-Value,71.65,Month-to-month,1,Yes,0.9586510305133525
1450-GALXR,High-Value,98.5,Month-to-month,10,Yes,0.958540220364742
6179-GJPSO,High-Value,108.15,Month-to-month,43,Yes,0.9584990634708876
5167-ZFFMM,High-Value,90.85,Month-to-month,1,Yes,0.9580445303478925
7079-QRCBC,High-Value,98.75,Month-to-month,24,Yes,0.9578787360553086
2430-USGXP,High-Value,101.05,Month-to-month,24,Yes,0.9578050125793943
3801-HMYNL,High-Value,89.15,Month-to-month,1,Yes,0.9574755229985228
6986-IJDHX,High-Value,86.3,Month-to-month,39,Yes,0.9574517019059836
0117-LFRMW,Low-Value,40.2,Month-to-month,37,Yes,0.9574471956831248
1031-IIDEO,High-Value,70.85,Month-to-month,1,Yes,0.9572812471611633
7218-HKQFK,High-Value,94.2,Month-to-month,2,Yes,0.9572096101360109
3177-LASXD,High-Value,71.35,Month-to-month,1,Yes,0.9570926295720062
8498-XXGWA,Low-Value,55.15,Month-to-month,65,No,0.9570307665655221
6682-QJDGB,Low-Value,55.25,Month-to-month,40,Yes,0.9568824003002323
1846-XWOQN,Low-Value,70.15,Month-to-month,1,Yes,0.9567837276753653
1915-IOFGU,High-Value,70.5,Month-to-month,1,Yes,0.95666842658416
0877-SDMBN,High-Value,103.95,One year,54,Yes,0.9565901227465327
4853-RULSV,High-Value,104.0,Two year,70,Yes,0.9565595676612973
4759-TRPLW,High-Value,70.4,Month-to-month,1,Yes,0.9564917989124044
7465-ZZRVX,High-Value,70.35,Month-to-month,1,No,0.9564032275675429
6653-CBBOM,Low-Value,70.3,Month-to-month,1,Yes,0.9563144841496852
2446-PLQVO,Low-Value,70.3,Month-to-month,1,Yes,0.9563144841496852
7481-ATQQS,High-Value,90.85,Month-to-month,49,Yes,0.9563122940219007
1640-PLFMP,Low-Value,70.25,Month-to-month,1,No,0.95622556835809
3244-DCJWY,Low-Value,70.25,Month-to-month,1,Yes,0.95622556835809
0259-GBZSH,High-Value,85.65,Month-to-month,2,Yes,0.9561591851914997
8397-MVTAZ,High-Value,100.05,Month-to-month,34,Yes,0.9560833855265722
4274-OWWYO,High-Value,74.35,Month-to-month,1,Yes,0.9560772017900208
0328-GRPMV,Low-Value,70.1,Month-to-month,1,Yes,0.9559577837276386
6910-HADCM,High-Value,76.35,Month-to-month,1,Yes,0.9558789042785003
3259-FDWOY,High-Value,106.0,Two year,71,Yes,0.9558671760985523
4250-WAROZ,High-Value,93.25,Month-to-month,60,No,0.9558205965182
1853-UDXBW,Low-Value,70.0,Month-to-month,1,Yes,0.9557783932409103
5583-SXDAG,Low-Value,70.0,Month-to-month,1,Yes,0.9557783932409103
7153-OANIO,Low-Value,69.95,Month-to-month,1,Yes,0.9556884368695678
0684-AOSIH,High-Value,95.0,Month-to-month,1,Yes,0.955645654941584
9444-JTXHZ,High-Value,76.2,Month-to-month,1,Yes,0.9556090974219014
5875-YPQFJ,Low-Value,69.9,Month-to-month,1,Yes,0.9555983060084227
5542-TBBWB,Low-Value,69.9,Month-to-month,1,No,0.9555983060084227
9804-ICWBG,Low-Value,69.9,Month-to-month,1,Yes,0.9555983060084227
4132-POCZS,Low-Value,39.9,Month-to-month,52,No,0.9555706932793484
4603-JANFB,Low-Value,69.85,Month-to-month,1,Yes,0.955508000353627
4510-HIMLV,Low-Value,69.8,Month-to-month,1,Yes,0.9554175196009456
5134-IKDAY,Low-Value,69.8,Month-to-month,1,Yes,0.9554175196009456
7254-IQWOZ,Low-Value,69.65,Month-to-month,1,Yes,0.9551450237074132
4550-EVXNY,Low-Value,69.65,Month-to-month,1,Yes,0.9551450237074132
2568-OIADY,High-Value,99.5,Month-to-month,37,Yes,0.9551196617186931
3178-FESZO,High-Value,100.25,Month-to-month,1,Yes,0.9551063034456413
7665-TOALD,Low-Value,69.6,Month-to-month,1,Yes,0.9550538395130777
6502-MJQAE,Low-Value,69.6,Month-to-month,1,Yes,0.9550538395130777
0488-GSLFR,Low-Value,69.5,Month-to-month,1,Yes,0.9548709409432108
6457-GIRWB,Low-Value,69.35,Month-to-month,1,Yes,0.9545952630312067
3428-XZMAZ,Low-Value,69.35,Month-to-month,1,Yes,0.9545952630312067
4228-ZGYUW,High-Value,90.05,Month-to-month,4,Yes,0.9543604344119576
3422-LYEPQ,High-Value,71.0,Month-to-month,1,Yes,0.9542721690242387
2234-XADUH,High-Value,103.2,One year,72,No,0.9542653820503164
1447-GIQMR,Low-Value,69.15,Month-to-month,1,Yes,0.954225196776007
3716-BDVDB,Low-Value,69.1,Month-to-month,1,Yes,0.9541322324912405
3296-SILRA,High-Value,76.4,Month-to-month,1,Yes,0.9540519117684337
4806-HIPDW,Low-Value,68.95,Month-to-month,1,Yes,0.9538522601475385
8914-RBTSB,High-Value,93.8,Month-to-month,31,Yes,0.9538003253328421
0963-ZBDRN,High-Value,96.2,Month-to-month,32,Yes,0.9536814606427847
2982-IHMFT,High-Value,74.45,Month-to-month,1,Yes,0.9536781630520008
2856-HYAPG,Low-Value,68.65,Month-to-month,1,Yes,0.9532874297415204
1143-NMNQJ,High-Value,85.7,Month-to-month,2,Yes,0.9532631271920783
6416-TVAIH,Low-Value,68.5,Month-to-month,1,Yes,0.9530025548018527
9940-RHLFB,High-Value,75.3,Month-to-month,1,Yes,0.9528074157790127
7739-LAXOG,High-Value,91.05,Month-to-month,32,Yes,0.952537459235147
6474-FVJLC,High-Value,86.0,Month-to-month,2,Yes,0.9524041100198206
2737-YNGYW,High-Value,80.55,Month-to-month,2,Yes,0.9522309802004391
6356-ELRKD,High-Value,95.6,Month-to-month,1,Yes,0.9522218743373456
5043-TRZWM,High-Value,75.55,Month-to-month,1,No,0.9521176657402378
1513-XNPPH,High-Value,89.4,Month-to-month,12,Yes,0.9519693729571027
0231-LXVAP,High-Value,75.9,Month-to-month,1,Yes,0.9516145307375508
1393-IMKZG,High-Value,95.85,Month-to-month,1,No,0.9515240016418033
8687-BAFGU,High-Value,74.0,Month-to-month,1,No,0.9514668749171435
3957-LXOLK,High-Value,106.15,Month-to-month,28,Yes,0.9512253643828651
5376-DEQCP,High-Value,70.6,Month-to-month,1,Yes,0.9511770997130629
8086-OVPWV,High-Value,80.2,Month-to-month,2,Yes,0.951096996786645
9223-UCPVT,High-Value,94.4,Month-to-month,1,Yes,0.9510638580673596
9647-ERGBE,High-Value,100.05,Month-to-month,30,Yes,0.950946394452444
7181-BQYBV,High-Value,102.45,Month-to-month,1,Yes,0.9507994547437212
6338-AVWCY,Low-Value,40.15,Month-to-month,3,Yes,0.9505114444408099
2262-SLNVK,Low-Value,70.1,Month-to-month,1,No,0.9501801479707015
4702-IOQDC,Low-Value,70.1,Month-to-month,1,Yes,0.9501801479707015
3494-JCHRQ,Low-Value,70.05,Month-to-month,1,Yes,0.9500793983515639
3946-JEWRQ,High-Value,95.2,One year,47,No,0.9497493339208266
3186-BAXNB,High-Value,91.7,Month-to-month,1,Yes,0.9493020913251697
5671-UUNXD,High-Value,100.65,One year,50,No,0.9492618317457299
9878-TNQGW,High-Value,80.95,Month-to-month,2,Yes,0.949086386149546
1820-TQVEV,Low-Value,69.55,Month-to-month,1,Yes,0.9490612322030035
4248-HCETZ,High-Value,79.65,Month-to-month,30,Yes,0.949039910132659
4234-XTNEA,High-Value,79.95,Month-to-month,2,No,0.9490182546954878
2794-XIMMO,Low-Value,60.45,One year,53,Yes,0.9487635827660558
0137-OCGAB,High-Value,80.2,Month-to-month,1,Yes,0.9487524295080809
6996-KNSML,High-Value,74.9,Month-to-month,1,Yes,0.9483664637349468
7660-HDPJV,Low-Value,69.2,Month-to-month,1,Yes,0.9483368556279426
9728-FTTVZ,Low-Value,69.2,Month-to-month,1,Yes,0.9483368556279426
0345-HKJVM,High-Value,89.3,Month-to-month,6,Yes,0.9482533765632198
5828-DWPIL,High-Value,89.1,Month-to-month,62,No,0.9480612777544131
8580-QVLOC,High-Value,92.45,Two year,72,Yes,0.948042289941438
3276-HDUEG,High-Value,75.05,Month-to-month,1,Yes,0.9480059807368919
0742-NXBGR,High-Value,82.3,Month-to-month,1,Yes,0.948000795472113
7248-VZQLC,High-Value,85.2,Month-to-month,47,Yes,0.9476648114387811
6900-PXRMS,High-Value,105.75,Month-to-month,26,Yes,0.947314322149838
8111-SLLHI,High-Value,105.65,Month-to-month,39,Yes,0.9466424585386805
2254-DLXRI,High-Value,79.15,Month-to-month,1,No,0.9465373887768356
0812-WUPTB,High-Value,70.85,Month-to-month,1,Yes,0.9464256000964264
0655-RBDUG,High-Value,98.05,Month-to-month,7,Yes,0.9463143804067684
3707-GNWHM,High-Value,74.25,Month-to-month,1,Yes,0.9463033071829021
0898-XCGTF,High-Value,96.5,One year,61,No,0.9461104493642186
1981-INRFU,High-Value,79.75,Month-to-month,2,Yes,0.9459349093977774
8309-IEYJD,High-Value,70.6,Month-to-month,1,No,0.9458839796010496
0390-DCFDQ,High-Value,70.45,Month-to-month,1,Yes,0.9455565335412276
0235-KGSLC,High-Value,85.55,Month-to-month,1,Yes,0.9454699709054405
3001-CBHLQ,High-Value,104.9,Month-to-month,32,Yes,0.9452905035982312
1400-MMYXY,High-Value,105.9,Month-to-month,3,Yes,0.945219332099352
5440-FLBQG,High-Value,108.4,Two year,69,Yes,0.9451871433528625
5016-LIPDW,Low-Value,19.4,One year,57,No,0.9450737536750973
3746-EUBYR,High-Value,74.6,Month-to-month,1,Yes,0.9447887785898736
4355-HBJHH,High-Value,79.7,Two year,67,Yes,0.9447125137622413
0193-ESZXP,High-Value,105.5,One year,58,Yes,0.9446752207660403
5294-CDGWY,Low-Value,59.3,One year,51,Yes,0.9443352046402249
3550-SAHFP,High-Value,83.35,Month-to-month,33,Yes,0.9442090041660163
6618-RYATB,High-Value,79.55,Month-to-month,1,Yes,0.9441144000798681
7005-CCBKV,High-Value,84.4,Month-to-month,6,Yes,0.9439495613556887
0022-TCJCI,Low-Value,62.7,One year,45,Yes,0.9433464012477573
8183-ONMXC,High-Value,80.75,Month-to-month,2,Yes,0.9427561611415024
7851-WZEKY,High-Value,95.15,Month-to-month,2,Yes,0.9426073169155058
0461-CVKMU,High-Value,83.8,Month-to-month,23,Yes,0.942280692794355
4424-TKOPW,High-Value,93.85,Month-to-month,2,Yes,0.9420650207202366
4789-KWMXN,High-Value,110.85,One year,47,Yes,0.9418050371744633
6595-YGXIT,High-Value,88.95,Month-to-month,25,Yes,0.9416723333696975
5057-LCOUI,Low-Value,50.75,Month-to-month,39,Yes,0.9414537741731984
0654-HMSHN,High-Value,104.4,Month-to-month,21,Yes,0.9413806480861667
5186-SAMNZ,Low-Value,69.5,Month-to-month,1,Yes,0.9410280555539026
7024-OHCCK,High-Value,93.85,Month-to-month,2,Yes,0.9408930167645382
5644-PDMZC,High-Value,89.5,Month-to-month,2,Yes,0.94085345397721
1866-OBPNR,High-Value,74.6,Month-to-month,1,No,0.9407751834306561
4529-CKBCL,High-Value,80.2,Month-to-month,2,Yes,0.940697684062733
5569-OUICF,High-Value,101.3,Month-to-month,28,Yes,0.9406766287834848
7760-OYPDY,High-Value,80.65,Month-to-month,2,Yes,0.9405983636717032
9689-PTNPG,High-Value,80.25,Month-to-month,2,Yes,0.9402671176972196
6140-QNRQQ,High-Value,71.55,Month-to-month,1,Yes,0.9401609662395873
9894-EZEWG,High-Value,74.3,Month-to-month,1,Yes,0.9400603526804915
5564-NEMQO,High-Value,75.3,Month-to-month,1,Yes,0.9398513519719757
1626-ERCMM,High-Value,94.55,Month-to-month,20,Yes,0.9395688025891661
8739-WWKDU,High-Value,89.5,Month-to-month,25,Yes,0.939270464837801
8922-LIEGH,High-Value,89.7,Month-to-month,25,Yes,0.9390690729530006
3349-ANQNH,High-Value,99.5,One year,59,No,0.9390089636606169
7486-KSRVI,High-Value,100.0,One year,43,Yes,0.9389141561986366
2225-ZRGSG,High-Value,93.9,Two year,70,Yes,0.9388278358328902
0151-ONTOV,High-Value,70.9,Month-to-month,1,Yes,0.9385868464231266
7198-GLXTC,High-Value,79.0,Month-to-month,2,Yes,0.9385032125428665
7317-GGVPB,High-Value,108.6,Two year,71,Yes,0.938444091612864
9651-GTSAQ,High-Value,106.1,One year,53,Yes,0.9383881733115292
3097-NQYSN,High-Value,86.85,Month-to-month,2,Yes,0.9383702128198349
0968-GSIKN,High-Value,70.8,Month-to-month,1,Yes,0.9383412651484628
9809-IMGCQ,High-Value,96.7,Month-to-month,22,Yes,0.9383110248429687
3489-HHPFY,High-Value,84.05,Month-to-month,2,No,0.9382989056527428
8992-JQYUN,Low-Value,50.35,Month-to-month,1,Yes,0.9382224814560493
0519-XUZJU,High-Value,70.75,Month-to-month,1,Yes,0.9382181307169928
4094-NSEDU,High-Value,94.25,Month-to-month,21,Yes,0.9381305538114713
5032-MIYKT,High-Value,70.7,Month-to-month,1,No,0.9380947666051848
5940-AHUHD,High-Value,70.6,Month-to-month,1,Yes,0.9378473478859235
9617-INGJY,High-Value,70.6,Month-to-month,1,No,0.9378473478859235
7314-OXENN,High-Value,82.0,Month-to-month,2,Yes,0.9374482870436315
4077-CROMM,High-Value,104.2,Month-to-month,31,Yes,0.9373788014268442
0531-ZZJWQ,High-Value,74.0,Month-to-month,55,No,0.9371547112271507
6005-OBZPH,High-Value,89.15,Month-to-month,26,Yes,0.937102742338988
2037-XJFUP,High-Value,95.8,One year,33,Yes,0.936865169551952
9985-MWVIX,Low-Value,70.15,Month-to-month,1,Yes,0.9367224982650059
8938-UMKPI,High-Value,106.4,Month-to-month,47,Yes,0.9366610046762032
3384-CTMSF,High-Value,104.1,Month-to-month,47,No,0.9365909999317692
9189-JWSHV,High-Value,93.55,Month-to-month,24,Yes,0.9363985376925044
6518-LGAOV,High-Value,105.0,Month-to-month,38,Yes,0.9362318215333411
3066-RRJIO,Low-Value,69.95,Month-to-month,1,Yes,0.9362164953086043
1062-LHZOD,Low-Value,69.9,Month-to-month,1,Yes,0.9360894066522908
8040-MNRTF,High-Value,71.1,Month-to-month,1,No,0.9360475011351267
5219-YIPTK,High-Value,104.4,Month-to-month,33,Yes,0.935795330231966
2462-XIIJB,High-Value,92.5,Month-to-month,5,Yes,0.9352042036511186
2761-OCIAX,High-Value,74.7,Month-to-month,2,Yes,0.9352007163962962
4110-PFEUZ,Low-Value,69.55,Month-to-month,1,Yes,0.9351931600862436
2619-WFQWU,Low-Value,70.15,Month-to-month,1,Yes,0.9351719370875295
8945-MUQUF,High-Value,94.8,One year,51,Yes,0.935157045504925
8042-JVNFH,High-Value,71.35,Month-to-month,1,Yes,0.9351294716839008
1122-JWTJW,High-Value,70.65,Month-to-month,1,Yes,0.9348923389343324
7908-QCBCA,Low-Value,69.4,Month-to-month,1,Yes,0.934805484444897
5884-GCYMI,Low-Value,69.4,Month-to-month,1,Yes,0.934805484444897
7969-AULMZ,High-Value,97.35,Month-to-month,21,Yes,0.9347032490309043
9661-ACXBS,High-Value,105.2,Month-to-month,42,Yes,0.9344851945515371
0511-JTEOY,High-Value,71.1,Month-to-month,1,Yes,0.934481556624529
4695-WJZUE,High-Value,88.55,Month-to-month,2,Yes,0.9344525930036293
6161-UUUTA,High-Value,79.9,Month-to-month,3,Yes,0.9343484520395039
8097-VBQTZ,Low-Value,69.9,Month-to-month,54,No,0.9342579177494071
2027-FECZV,High-Value,106.7,Month-to-month,12,Yes,0.9342226507330157
1086-LXKFY,Low-Value,69.1,Month-to-month,1,Yes,0.9340236537754466
9050-IKDZA,High-Value,81.5,Month-to-month,2,No,0.9339403095274406
3627-FHKBK,High-Value,75.3,Month-to-month,1,Yes,0.9337768437485497
2920-RNCEZ,Low-Value,69.95,Month-to-month,1,No,0.9335194057884859
1084-UQCHV,Low-Value,69.75,Month-to-month,1,Yes,0.9329896214123519
1195-OIYEJ,High-Value,91.1,Month-to-month,13,Yes,0.9329036299028014
4501-EQDRN,Low-Value,69.7,Month-to-month,1,Yes,0.9328565643219529
4361-BKAXE,High-Value,114.5,Month-to-month,41,Yes,0.9323623838658782
9253-QXKBE,High-Value,94.45,Month-to-month,29,Yes,0.9321254875152404
7817-BOQPW,High-Value,75.55,Month-to-month,2,Yes,0.9321151408014136
0637-KVDLV,High-Value,76.5,Month-to-month,2,Yes,0.9319365556157944
5955-ERIHD,High-Value,94.7,Month-to-month,18,Yes,0.9316713257846458
5561-NWEVX,High-Value,79.2,Month-to-month,2,Yes,0.9316458049704107
8593-WHYHV,High-Value,85.3,Month-to-month,3,Yes,0.9313126557003418
1746-TGTWV,High-Value,75.35,Month-to-month,1,No,0.9311206917562962
2468-SJFLM,High-Value,74.3,Month-to-month,1,No,0.9310981587998178
2325-ZUSFD,Low-Value,70.1,One year,57,Yes,0.9310936297622363
5244-IRFIH,High-Value,94.5,Month-to-month,33,Yes,0.9309522112121513
0685-MLYYM,High-Value,70.75,Month-to-month,2,Yes,0.9309383642575533
8168-UQWWF,High-Value,97.85,Month-to-month,11,Yes,0.9308656977036949
1842-EZJMK,High-Value,103.7,Month-to-month,50,Yes,0.9304180152157115
8761-NSOBC,High-Value,100.55,Month-to-month,44,Yes,0.9301204582373873
2660-EMUBI,High-Value,95.35,Month-to-month,10,Yes,0.9298600383817468
2265-CYWIV,High-Value,99.6,Month-to-month,4,Yes,0.9297010682358757
0515-YPMCW,High-Value,70.45,Month-to-month,1,Yes,0.9294510809031631
6390-DSAZX,High-Value,73.6,Month-to-month,1,Yes,0.9291637402947482
1891-UAWWU,High-Value,90.8,Month-to-month,20,Yes,0.9288736545687811
2845-HSJCY,High-Value,87.25,Month-to-month,14,Yes,0.9288433689213232
9495-SKLKD,High-Value,95.95,Month-to-month,45,No,0.9285817330536235
2024-BASKD,High-Value,74.6,Month-to-month,1,Yes,0.9285554600318893
9445-SZLCH,High-Value,97.35,Month-to-month,36,Yes,0.9285146768948774
2011-TRQYE,Low-Value,33.5,Month-to-month,18,Yes,0.9282308877713223
8327-LZKAS,High-Value,107.55,One year,43,Yes,0.92768289238383
5312-IRCFR,High-Value,92.85,One year,64,No,0.9276016340106692
9317-WZPGV,High-Value,79.75,Month-to-month,2,Yes,0.9275863863309458
9799-CAYJJ,Low-Value,69.3,Month-to-month,2,No,0.9268552190968156
5130-IEKQT,High-Value,105.95,Month-to-month,25,Yes,0.92670495394976
2279-AXJJK,High-Value,95.65,Month-to-month,52,No,0.9264896224709475
8818-XYFCQ,High-Value,99.55,Month-to-month,32,Yes,0.9263584601890796
6402-ZFPPI,High-Value,102.8,Month-to-month,25,Yes,0.926352077301495
2612-RANWT,High-Value,100.15,Month-to-month,12,Yes,0.9263502377752694
9747-DDZOS,High-Value,73.5,Month-to-month,1,Yes,0.9259007022475422
6110-OHIHY,High-Value,79.25,Month-to-month,3,Yes,0.9258363397888032
8337-UPOAQ,High-Value,89.8,Month-to-month,10,Yes,0.9256658816181462
3018-TFTSU,High-Value,81.7,Month-to-month,12,Yes,0.9256010239148498
4086-YQSNZ,High-Value,80.4,Month-to-month,3,Yes,0.9255572438761547
5119-NZPTV,Low-Value,70.1,Month-to-month,2,No,0.9249129737994128
9546-CQJSU,High-Value,91.4,Month-to-month,2,Yes,0.9247758867653346
7279-BUYWN,High-Value,113.2,Month-to-month,41,Yes,0.9245692938188266
3422-GALYP,High-Value,79.45,Month-to-month,2,No,0.9243212103475705
4750-ZRXIU,High-Value,84.6,Month-to-month,4,Yes,0.9243014324231762
5804-LEPIM,High-Value,70.35,Month-to-month,2,Yes,0.9242177151028356
5980-NOPLP,High-Value,96.1,Month-to-month,44,Yes,0.9241088352596176
3398-FSHON,High-Value,91.3,Month-to-month,12,Yes,0.9240616831314431
3336-JORSO,High-Value,110.45,Month-to-month,33,Yes,0.9240266070207649
8182-BJDSI,High-Value,89.95,Month-to-month,28,Yes,0.9238795716963097
1618-CFHME,High-Value,75.9,Month-to-month,2,Yes,0.9236782624227492
0866-QLSIR,Low-Value,64.4,One year,34,Yes,0.9235474907987983
3420-YJLQT,High-Value,79.55,Month-to-month,2,No,0.9235273586384736
8433-WXGNA,High-Value,75.7,Month-to-month,2,Yes,0.9233127411713707
2789-HQBOU,High-Value,80.35,Month-to-month,3,No,0.9232907038312543
3757-NJYBX,High-Value,106.35,Month-to-month,32,Yes,0.9230498539648353
2982-VPSGI,High-Value,94.0,Month-to-month,11,Yes,0.9228605317742073
5150-ITWWB,High-Value,94.85,Month-to-month,3,No,0.9226146255671734
9172-JITSM,High-Value,90.8,Month-to-month,26,Yes,0.9226079253165909
6797-LNAQX,High-Value,98.3,Two year,70,Yes,0.9225629648205182
2685-SREOM,High-Value,89.1,Month-to-month,25,Yes,0.9225585119529296
0537-QYZZN,High-Value,79.85,Month-to-month,24,No,0.9215961052564479
1304-NECVQ,High-Value,78.55,Month-to-month,2,Yes,0.9215344063536766
7271-AJDTL,High-Value,94.45,Month-to-month,55,No,0.9213890693553218
6289-CPNLD,High-Value,73.9,One year,33,Yes,0.9213197019848333
5366-IJEQJ,High-Value,88.7,Month-to-month,20,Yes,0.9205159285952227
4285-GYRQC,High-Value,86.25,Month-to-month,7,Yes,0.9204732719049105
2080-GKCWQ,High-Value,74.95,Month-to-month,2,No,0.9204333790089972
2684-EIWEO,High-Value,91.7,Month-to-month,30,Yes,0.9200271808202418
5276-KQWHG,Low-Value,69.6,Month-to-month,2,Yes,0.920019098315377
4919-IKATY,High-Value,84.5,Month-to-month,5,Yes,0.9198543717610084
1678-FYZOW,High-Value,79.4,Month-to-month,3,Yes,0.919662935614813
3191-CSNMG,High-Value,80.7,Month-to-month,3,No,0.9196573961348632
9237-HQITU,High-Value,70.7,Month-to-month,2,Yes,0.9194250681609671
4952-YSOGZ,High-Value,85.95,Month-to-month,4,Yes,0.9193540243284581
6313-GIDIT,Low-Value,54.45,Month-to-month,53,Yes,0.919227532161449
2952-QAYZF,High-Value,85.3,Month-to-month,5,Yes,0.9191975874035833
3658-KIBGF,Low-Value,54.9,Month-to-month,1,Yes,0.9191358488783403
9139-WQQDY,High-Value,100.45,One year,49,Yes,0.919016056499579
7526-BEZQB,High-Value,96.05,Month-to-month,12,Yes,0.9188171964582524
4342-HENTK,High-Value,70.65,Month-to-month,2,Yes,0.9185636201202267
4391-RESHN,High-Value,104.05,Month-to-month,23,Yes,0.9183417201680648
4873-ILOLJ,High-Value,90.35,Month-to-month,24,Yes,0.9182389978193062
8802-UNOJF,High-Value,83.8,Month-to-month,12,Yes,0.9181627948617731
9837-BMCLM,High-Value,78.5,Month-to-month,3,Yes,0.9178731444163872
4770-UEZOX,High-Value,74.75,Month-to-month,2,No,0.91711042512337
4629-NRXKX,High-Value,70.4,Month-to-month,2,Yes,0.9169961110375511
0378-XSZPU,Low-Value,60.3,One year,58,Yes,0.9165857087013586
6804-GDMOI,High-Value,106.6,Two year,61,Yes,0.9164182757439503
8840-DQLGN,High-Value,100.5,Month-to-month,35,Yes,0.9162364514204443
2897-DOVND,Low-Value,69.8,Month-to-month,2,No,0.9158267452726422
9465-RWMXL,High-Value,78.9,Month-to-month,32,Yes,0.915782987346807
5567-WSELE,High-Value,94.6,Month-to-month,3,Yes,0.9157552580392968
0637-UBJRP,High-Value,84.05,Month-to-month,13,Yes,0.9157240021265773
0220-EBGCE,High-Value,85.85,Month-to-month,2,Yes,0.9156834859941995
8468-FZTOE,High-Value,74.35,Two year,72,No,0.9154546860111277
9717-QEBGU,Low-Value,70.3,Month-to-month,2,No,0.9154319775407271
4927-WWOOZ,High-Value,91.45,Month-to-month,2,No,0.9153913191457055
7538-GWHML,Low-Value,69.65,Month-to-month,2,Yes,0.9149117273475154
3058-HJCUY,High-Value,102.6,One year,41,Yes,0.91477908744261
9897-KXHCM,High-Value,80.3,Month-to-month,3,Yes,0.9144444255578705
2153-MREFK,High-Value,99.2,One year,37,Yes,0.9144175219706834
0508-OOLTO,High-Value,71.65,Month-to-month,2,No,0.9138577927314895
3721-CNEYS,High-Value,70.95,Month-to-month,2,Yes,0.9137297079705128
5442-BHQNG,High-Value,70.35,Month-to-month,2,No,0.9133506293085267
8258-GSTJK,High-Value,77.0,Month-to-month,3,Yes,0.9133031576343482
5445-PZWGX,High-Value,102.0,One year,62,Yes,0.913103947753243
5673-FSSMF,Low-Value,60.15,Month-to-month,1,Yes,0.9129542023710641
3877-JRJIP,Low-Value,59.85,Month-to-month,1,Yes,0.9119350116418611
0687-ZVTHB,High-Value,72.45,One year,65,Yes,0.9117121349527864
4325-NFSKC,High-Value,90.6,Month-to-month,19,Yes,0.9116962288518644
6630-UJZMY,High-Value,83.25,Month-to-month,4,No,0.9116756611866206
2516-VQRRV,High-Value,75.45,Month-to-month,2,Yes,0.9116386927299868
3006-XIMLN,High-Value,94.2,Month-to-month,2,Yes,0.9114932449844904
0334-GDDSO,High-Value,81.35,Month-to-month,3,Yes,0.9114700943480654
5159-YFPKQ,High-Value,75.8,Month-to-month,2,Yes,0.9109155289876676
8835-VSDSE,High-Value,70.7,Month-to-month,2,Yes,0.9108063635684673
4597-NUCQV,High-Value,101.25,Month-to-month,24,Yes,0.910785766007027
7530-HDYDS,High-Value,84.25,Month-to-month,38,Yes,0.9104830197200019
2880-FPNAE,High-Value,74.2,Month-to-month,2,No,0.9104247725563367
4482-EWFMI,Low-Value,69.7,Month-to-month,2,No,0.9103823498730415
7576-OYWBN,High-Value,76.05,Month-to-month,3,Yes,0.9102678614994911
2074-GKOWZ,High-Value,89.55,Month-to-month,2,Yes,0.9093435285283696
3319-DWOEP,High-Value,95.75,Month-to-month,6,Yes,0.9086908946566274
8017-LXHFA,High-Value,94.75,Month-to-month,23,Yes,0.9084012262115261
0611-DFXKO,High-Value,89.0,Month-to-month,20,Yes,0.908292084500287
8884-ADFVN,High-Value,101.95,Month-to-month,7,Yes,0.9082356562472358
8999-BOHSE,High-Value,89.7,Month-to-month,11,Yes,0.9078659309979186
8627-ZYGSZ,High-Value,78.9,One year,47,No,0.9077448027218686
2911-UREFD,Low-Value,55.9,Month-to-month,39,Yes,0.9073934225412653
2114-MGINA,High-Value,89.8,Month-to-month,14,Yes,0.9072390759424223
6357-JJPQT,High-Value,80.5,Month-to-month,3,No,0.9070184554666947
8943-URTMR,High-Value,79.65,Month-to-month,2,Yes,0.906966943170545
5318-IXUZF,High-Value,87.15,Month-to-month,2,Yes,0.9064984049958252
3253-HKOKL,High-Value,100.3,One year,52,No,0.9059778252868647
3519-ZKXGG,High-Value,75.85,Month-to-month,3,Yes,0.9057625941030197
7394-LWLYN,Low-Value,70.15,Month-to-month,2,No,0.9056203011854033
7598-UAASY,High-Value,76.4,Month-to-month,2,Yes,0.9054511758572111
0748-RDGGM,High-Value,109.5,One year,70,Yes,0.905283153060465
7488-MXJIV,High-Value,85.65,Month-to-month,4,Yes,0.9052073910944214
2612-RRIDN,High-Value,81.0,Month-to-month,4,Yes,0.905066045720117
5197-PYEPU,High-Value,94.45,One year,42,No,0.9043087829960024
7321-VGNKU,High-Value,70.35,Month-to-month,2,No,0.9041985872297388
4548-SDBKE,High-Value,85.2,Month-to-month,5,Yes,0.9041836007718074
6168-WFVVF,Low-Value,70.3,Month-to-month,3,Yes,0.903995234450535
6407-UTSLV,High-Value,83.8,Month-to-month,2,No,0.9031758978986953
4581-SSPWD,High-Value,75.8,Month-to-month,3,Yes,0.9022307603450526
6050-IJRHS,High-Value,106.5,One year,70,No,0.9020003828677828
5052-PNLOS,High-Value,105.35,Month-to-month,3,Yes,0.9019658887692599
7398-SKNQZ,High-Value,94.9,Month-to-month,3,No,0.9019468642483589
6993-OHLXR,Low-Value,68.95,Month-to-month,2,Yes,0.9014133290379258
4971-PUYQO,High-Value,94.55,Month-to-month,27,Yes,0.9012755143273268
7235-NXZCP,High-Value,74.85,Month-to-month,2,Yes,0.9008192008761191
0697-ZMSWS,High-Value,85.65,Month-to-month,4,Yes,0.9005331379037299
3776-EKTKM,Low-Value,36.45,Month-to-month,1,Yes,0.9004682104608528
0925-VYDLG,High-Value,75.25,Month-to-month,3,Yes,0.8999883536681313
3902-FOIGH,High-Value,101.35,Month-to-month,12,Yes,0.899920897575139
3167-SNQPL,High-Value,101.15,Month-to-month,38,No,0.8998916546100499
4806-KEXQR,High-Value,79.9,Month-to-month,4,Yes,0.8996296084892318
7074-IEVOJ,High-Value,79.4,Month-to-month,3,Yes,0.8993962913830252
3689-MOZGR,Low-Value,31.2,Month-to-month,29,No,0.899386091598271
0064-YIJGF,High-Value,75.75,Month-to-month,27,No,0.8989452810472994
4741-WWJQZ,High-Value,80.15,Month-to-month,2,No,0.8989313393189106
5020-ZSTTY,High-Value,82.45,One year,54,Yes,0.8989054117901557
5909-ECHUI,Low-Value,56.25,Month-to-month,1,Yes,0.8988400285619689
9231-ZJYAM,High-Value,78.85,Month-to-month,4,Yes,0.8987874423790965
9668-PUGNU,Low-Value,24.5,Two year,71,No,0.8987668798080093
3091-FYHKI,Low-Value,35.45,Month-to-month,1,Yes,0.8980807754771275
1389-CXMLU,High-Value,91.05,Month-to-month,3,Yes,0.8979798887749839
8631-NBHFZ,High-Value,79.4,Two year,66,Yes,0.8977620160686638
8098-LLAZX,High-Value,95.45,Month-to-month,4,Yes,0.8977237152360131
0388-EOPEX,High-Value,74.4,Month-to-month,2,Yes,0.8976962795888007
2478-EEWWM,Low-Value,44.3,Month-to-month,59,No,0.8976332111655632
3750-CKVKH,Low-Value,67.75,Month-to-month,2,Yes,0.8975492181199636
3198-VELRD,High-Value,84.75,Month-to-month,3,Yes,0.897485510467057
3370-HXOPH,High-Value,76.1,Month-to-month,3,No,0.8972685453613755
8413-VONUO,High-Value,95.65,Month-to-month,2,Yes,0.897193042802577
4210-QFJMF,High-Value,79.15,Month-to-month,4,Yes,0.8969097431839771
3841-CONLJ,Low-Value,35.0,Month-to-month,1,No,0.8963157905212188
0754-UKWQP,High-Value,95.85,Month-to-month,2,Yes,0.8960492883421686
9822-OAOVB,Low-Value,55.45,Month-to-month,1,No,0.8957044256429229
2959-MJHIC,High-Value,80.35,Month-to-month,4,Yes,0.8956260940471954
3318-NMQXL,High-Value,92.0,Month-to-month,3,No,0.8956161944357719
3063-QFSZL,Low-Value,55.4,Month-to-month,1,Yes,0.8955056261475347
5364-EVNIB,High-Value,79.8,Month-to-month,13,Yes,0.8953369165307475
3473-XIIIT,High-Value,100.0,Month-to-month,16,Yes,0.8952024595627998
0375-HVGXO,Low-Value,34.7,Month-to-month,1,Yes,0.8951241653506805
5729-KLZAR,High-Value,80.85,Month-to-month,4,Yes,0.8949379700220165
5501-TVMGM,Low-Value,55.25,Month-to-month,1,No,0.8949072182227918
0504-HHAPI,High-Value,88.3,Month-to-month,27,Yes,0.8947100269902446
8972-HJWNV,High-Value,84.55,Month-to-month,7,Yes,0.8944970911805457
0404-SWRVG,High-Value,74.4,Month-to-month,3,Yes,0.8943251649208839
3583-EKAPL,Low-Value,55.0,Month-to-month,1,Yes,0.8939031499122354
0691-IFBQW,High-Value,110.0,One year,46,Yes,0.8933885811194273
2055-PDADH,High-Value,70.4,Month-to-month,3,Yes,0.8932690595971222
6688-UZPWD,High-Value,102.0,Month-to-month,11,Yes,0.8931004869030826
3295-YVUSR,High-Value,72.6,Month-to-month,2,No,0.89301738333137
2826-UWHIS,High-Value,81.4,Month-to-month,45,No,0.8928938639806903
8752-STIVR,High-Value,79.0,Month-to-month,4,Yes,0.8928800714120214
6328-ZPBGN,High-Value,95.15,Month-to-month,11,Yes,0.8928077933796769
0674-EYYZV,Low-Value,54.65,Month-to-month,1,No,0.8924832559885986
8739-XNIKG,High-Value,84.0,Month-to-month,5,No,0.8924323396737361
1875-QIVME,High-Value,104.4,Month-to-month,2,Yes,0.892362570439938
4510-PYUSH,Low-Value,57.15,Month-to-month,38,Yes,0.8921937392615451
8393-DLHGA,High-Value,95.9,Month-to-month,25,Yes,0.8919326395812126
0148-DCDOS,High-Value,94.7,Month-to-month,25,Yes,0.891759592627079
0722-TROQR,High-Value,74.9,Month-to-month,4,Yes,0.8913501439876855
6689-TCZHQ,High-Value,78.95,Month-to-month,5,Yes,0.8911958057900381
5572-ZDXHY,High-Value,84.3,Month-to-month,22,Yes,0.8911302671187084
6645-MXQJT,High-Value,97.1,Month-to-month,2,No,0.891003903877233
9611-CTWIH,High-Value,89.45,Month-to-month,3,Yes,0.8908472396152352
6376-GAHQE,High-Value,77.85,Month-to-month,4,Yes,0.8903974261024075
2792-LSHWX,High-Value,83.4,Month-to-month,1,No,0.8903743913712864
4676-MQUEA,High-Value,101.9,One year,50,No,0.8902611688540142
5835-BEQEU,High-Value,76.95,Month-to-month,3,Yes,0.8902249698308204
3393-FMZPV,High-Value,100.25,Month-to-month,25,Yes,0.8901817249307483
7823-JSOAG,High-Value,74.5,Month-to-month,3,No,0.8899609750065721
0923-PNFUB,High-Value,83.75,Month-to-month,3,Yes,0.8898746280448138
2683-BPJSO,High-Value,84.45,Month-to-month,29,Yes,0.8896042050531628
1624-NALOJ,High-Value,89.8,Month-to-month,5,Yes,0.8887498691976707
6229-LSCKB,High-Value,79.7,Month-to-month,6,No,0.8887297552334757
4090-KPJIP,High-Value,74.95,Month-to-month,3,No,0.8887185640807765
2995-UPRYS,High-Value,99.2,One year,40,Yes,0.8885274630230229
0196-VULGZ,High-Value,84.35,Month-to-month,6,Yes,0.888437715545493
6275-YDUVO,High-Value,86.2,Month-to-month,2,Yes,0.8883260199631893
9633-XQABV,Low-Value,70.25,Month-to-month,3,No,0.8881691313608882
2189-UXTKY,High-Value,79.2,Month-to-month,22,Yes,0.8878474240076639
9274-CNFMO,High-Value,74.95,Month-to-month,4,Yes,0.8876824772202817
7571-YXDAD,High-Value,74.9,Month-to-month,2,Yes,0.887531381152652
8016-NCFVO,High-Value,116.5,Month-to-month,55,No,0.8871472467503161
7563-BIUPC,High-Value,80.6,Month-to-month,5,Yes,0.8868957066142371
9306-CPCBC,High-Value,74.25,Month-to-month,3,Yes,0.8868301790261525
4450-DLLMH,High-Value,71.3,Month-to-month,2,No,0.8862760266589597
0225-ZORZP,High-Value,84.3,Month-to-month,3,No,0.8860147973431277
2012-NWRPA,High-Value,99.55,Month-to-month,11,Yes,0.8858471165417401
6941-PMGEP,High-Value,80.0,Month-to-month,5,Yes,0.8855574045587576
1522-VVDMG,High-Value,89.75,Month-to-month,7,Yes,0.8850737203912737
1320-HTRDR,High-Value,75.5,Month-to-month,3,Yes,0.8849745183061514
2474-BRUCM,High-Value,101.85,Month-to-month,40,Yes,0.8848232652086699
3584-WKTTW,High-Value,111.55,One year,51,No,0.8848063753699934
6029-WTIPC,High-Value,101.1,Month-to-month,37,Yes,0.8847879842356215
9846-GKXAS,High-Value,90.8,Month-to-month,9,Yes,0.8844695350821263
9259-PACGQ,Low-Value,62.65,Month-to-month,34,Yes,0.8843589727081653
4315-MURBD,High-Value,98.9,Month-to-month,12,Yes,0.8841694784076572
7854-FOKSF,Low-Value,35.9,Month-to-month,1,Yes,0.8841215557177116
5378-IKEEG,Low-Value,35.75,Month-to-month,1,Yes,0.8834664383257934
0378-TOVMS,High-Value,85.8,Month-to-month,3,Yes,0.8833581174632341
3130-ICDUP,High-Value,80.55,Month-to-month,2,No,0.8832189400974404
5349-IECLD,High-Value,94.95,Month-to-month,2,Yes,0.8830436196046797
1197-BVMVG,High-Value,74.45,Month-to-month,4,No,0.8828474558307059
0841-NULXI,Low-Value,35.55,Month-to-month,1,Yes,0.8825879490693848
1724-BQUHA,High-Value,89.5,Month-to-month,5,Yes,0.8825736715165012
2868-SNELZ,High-Value,80.6,Month-to-month,2,Yes,0.8818551248423085
2840-XANRC,High-Value,93.15,Month-to-month,24,Yes,0.8817076453002686
0875-CABNR,High-Value,84.6,Month-to-month,10,Yes,0.8815201367441114
0471-LVHGK,High-Value,73.0,One year,41,Yes,0.8815131313263094
1200-TUZHR,High-Value,85.2,Month-to-month,8,No,0.8814442067333816
4137-BTIKL,High-Value,90.75,Month-to-month,2,No,0.880928339094674
4919-MOAVT,Low-Value,69.65,Month-to-month,3,Yes,0.8807788584610846
7780-OTDSO,High-Value,99.4,Month-to-month,18,Yes,0.8807703814969541
4512-ZUIYL,Low-Value,70.0,Month-to-month,2,Yes,0.8807076621036632
4803-AXVYP,High-Value,99.55,Month-to-month,38,Yes,0.8805801812741489
5299-RULOA,High-Value,100.25,Month-to-month,10,Yes,0.8802439496059682
0581-BXBUB,High-Value,72.75,Month-to-month,4,No,0.8799519582777597
0929-PECLO,High-Value,89.6,Month-to-month,63,No,0.8798432032543233
5600-KTXFM,Low-Value,69.95,Month-to-month,2,No,0.8796600764657034
9658-WYUFB,High-Value,94.4,Month-to-month,17,Yes,0.8787837627583233
0565-IYCGT,High-Value,78.6,One year,69,Yes,0.8787695901993949
0520-FDVVT,High-Value,102.35,One year,35,Yes,0.8785508645316754
5204-QZXPU,Low-Value,39.65,Month-to-month,19,Yes,0.8784763778684627
9912-GVSEQ,High-Value,93.85,Month-to-month,26,Yes,0.8784043309099869
7450-NWRTR,High-Value,99.45,Month-to-month,12,Yes,0.8782817604130467
2205-YMZZJ,High-Value,84.8,Month-to-month,7,Yes,0.8779851763009929
1273-MTETI,High-Value,88.85,Month-to-month,4,Yes,0.8778140280538402
0644-OQMDK,High-Value,70.65,Month-to-month,4,No,0.8777151524590932
2929-ERCFZ,High-Value,94.2,Month-to-month,8,Yes,0.8776291035996147
4951-UKAAQ,High-Value,88.95,Month-to-month,4,Yes,0.8775255413331681
1980-KXVPM,High-Value,75.05,Month-to-month,3,Yes,0.8772999436866951
5087-SUURX,Low-Value,39.05,Month-to-month,18,Yes,0.8772333501095734
8621-MNIHH,High-Value,94.25,Month-to-month,34,Yes,0.8769998945332467
8443-ZRDBZ,High-Value,76.05,Month-to-month,4,Yes,0.8769152651510297
1899-VXWXM,High-Value,106.1,One year,48,Yes,0.8769129434796646
1567-DSCIC,High-Value,94.0,Month-to-month,8,Yes,0.876909988710347
4140-MUHUG,High-Value,86.85,Month-to-month,3,Yes,0.8768902706647541
8634-MPHTR,High-Value,100.05,Month-to-month,47,Yes,0.875866289814972
2983-ZANRP,High-Value,73.55,Month-to-month,2,Yes,0.8758120983543287
3249-ZPQRG,High-Value,78.45,Month-to-month,4,Yes,0.8755755535206777
7245-NIIWQ,Low-Value,69.85,Month-to-month,3,No,0.875477564332208
9965-YOKZB,High-Value,83.85,Month-to-month,9,Yes,0.8753311859891805
0455-XFASS,Low-Value,69.55,Month-to-month,3,No,0.8751198037580428
6166-ILMNY,Low-Value,69.75,Month-to-month,2,Yes,0.8748538604156543
9526-JAWYF,High-Value,89.8,Month-to-month,26,Yes,0.8747590355258266
6979-ZNSFF,High-Value,87.05,Month-to-month,8,Yes,0.8746231466940192
5028-GZLDO,High-Value,70.7,Month-to-month,2,Yes,0.8745449121686075
4489-SNOJF,High-Value,72.25,Month-to-month,35,Yes,0.8741601729710098
6221-AVQYL,High-Value,73.25,Month-to-month,2,Yes,0.8741507247487431
9514-JDSKI,Low-Value,40.2,Month-to-month,1,Yes,0.8739467953532838
2260-USTRB,Low-Value,70.2,Month-to-month,2,Yes,0.8737511053151161
5712-PTIWW,High-Value,79.85,Month-to-month,2,Yes,0.8737389657942617
6077-BDPXA,Low-Value,70.15,Month-to-month,3,No,0.873582887917294
7402-PWYJJ,High-Value,91.15,One year,53,No,0.8734170630796739
7044-YAACC,Low-Value,70.2,Month-to-month,4,No,0.8728236381494139
6741-EGCBI,High-Value,90.5,Month-to-month,30,No,0.8727417594914041
6786-OBWQR,High-Value,80.85,Month-to-month,5,No,0.8725525935997512
4690-PKDQG,High-Value,95.55,Month-to-month,42,No,0.872477411386544
0634-SZPQA,High-Value,90.05,Month-to-month,23,Yes,0.8722182358288693
3717-OEAUQ,High-Value,70.7,Month-to-month,2,No,0.8720478269770249
1771-OADNZ,High-Value,95.9,Month-to-month,29,Yes,0.871935952765347
8058-JMEQO,High-Value,84.45,Month-to-month,9,Yes,0.8717947221208842
6856-RAURS,High-Value,74.9,Month-to-month,2,No,0.8717141232578455
2905-KFQUV,High-Value,70.4,Month-to-month,2,No,0.8714792433131023
2239-JALAW,High-Value,103.25,One year,58,Yes,0.8713532356448924
9451-LPGOO,High-Value,86.8,Month-to-month,7,Yes,0.871260516421244
4749-OJKQU,High-Value,75.65,Month-to-month,4,No,0.8710728012216818
1602-IJQQE,High-Value,75.35,Month-to-month,4,Yes,0.8707093772479446
4078-SAYYN,High-Value,100.75,Month-to-month,11,Yes,0.8706430094746537
2750-BJLSB,High-Value,103.7,One year,47,No,0.8705477794367297
1597-LHYNC,High-Value,95.0,Month-to-month,26,Yes,0.8701672758859852
4735-ASGMA,High-Value,98.35,Month-to-month,26,Yes,0.8699517614007719
2642-DTVCO,High-Value,85.05,Month-to-month,9,Yes,0.8698863726162294
2865-TCHJW,High-Value,89.2,Month-to-month,4,Yes,0.8698800467914309
1925-TIBLE,High-Value,86.5,Month-to-month,7,Yes,0.8697423277324607
6211-WWLTF,High-Value,99.7,Two year,63,No,0.8697256531414798
3331-HQDTW,High-Value,109.8,Month-to-month,34,Yes,0.8697136900367823
7341-LXCAF,High-Value,74.65,Month-to-month,4,Yes,0.8693651529796209
7779-LGOVN,High-Value,86.65,Month-to-month,10,Yes,0.8690749036263488
9058-MJLZC,High-Value,94.6,Month-to-month,24,No,0.8688164856854416
6892-EZDTG,High-Value,91.65,Month-to-month,4,Yes,0.8686382053533925
3896-RCYYE,Low-Value,53.4,Month-to-month,67,No,0.8685966273910601
0135-NMXAP,High-Value,89.75,Month-to-month,12,Yes,0.8685829804007389
5832-XKAES,Low-Value,69.8,Month-to-month,2,Yes,0.8685650202950499
5091-HFAZW,High-Value,91.15,Month-to-month,2,No,0.868468224307426
2325-NBPZG,High-Value,74.55,Month-to-month,3,No,0.8683281736972317
3727-RJMEO,High-Value,82.85,Month-to-month,6,Yes,0.8683273008172105
9944-HKVVB,High-Value,95.1,Month-to-month,3,Yes,0.868093964780888
0363-QJVFX,High-Value,108.15,Month-to-month,32,Yes,0.8679989924559413
9039-RBEEE,Low-Value,48.95,Month-to-month,39,Yes,0.8677456886039754
3247-ZVOUO,High-Value,85.55,Month-to-month,10,Yes,0.8677174917141971
8382-SHQEH,High-Value,84.9,Month-to-month,8,Yes,0.8676248740221401
9172-ANCRX,High-Value,98.7,Month-to-month,10,Yes,0.8675816343121762
6918-UMQCG,High-Value,80.2,Month-to-month,5,No,0.867500404748606
5383-MMTWC,High-Value,84.0,Month-to-month,8,Yes,0.8674076612395588
4854-CIDCF,High-Value,73.85,Month-to-month,3,No,0.8673860638497332
2276-YDAVZ,High-Value,75.1,Month-to-month,3,Yes,0.8672543184334278
6015-VVHHE,High-Value,83.15,Month-to-month,5,Yes,0.866975678494887
4847-TAJYI,High-Value,89.35,Month-to-month,6,No,0.8668611862006411
0139-IVFJG,High-Value,90.35,Month-to-month,2,No,0.8664119881655237
6023-YEBUP,High-Value,100.95,Month-to-month,3,Yes,0.8663159580573484
1624-WOIWJ,High-Value,84.7,Month-to-month,10,Yes,0.865973050648924
5442-UTCVD,High-Value,91.85,Month-to-month,3,Yes,0.8658054402111567
7379-POKDZ,Low-Value,70.3,Month-to-month,3,Yes,0.8656225289930208
3223-DWFIO,Low-Value,69.35,Month-to-month,4,No,0.865446883542433
6907-FLBER,Low-Value,54.3,Month-to-month,1,No,0.8653839662577848
6923-JHPMP,High-Value,80.45,Month-to-month,2,No,0.8650092167633748
5520-FVEWJ,High-Value,84.5,Month-to-month,12,Yes,0.8649147848344634
1704-NRWYE,High-Value,80.85,Month-to-month,9,Yes,0.8646886208747945
6437-UKHMV,High-Value,79.7,Month-to-month,7,Yes,0.8643683963791534
1251-STYSZ,High-Value,80.25,Month-to-month,4,No,0.8641965085909576
1937-OTUKY,High-Value,98.2,Two year,72,No,0.8641330467018395
5445-UTODQ,High-Value,81.1,Month-to-month,7,Yes,0.8638043446809147
9250-WYPLL,High-Value,75.55,Month-to-month,5,Yes,0.8625568300465003
2984-AFWNC,High-Value,95.4,Month-to-month,3,No,0.8621906627258347
6651-AZVTJ,High-Value,99.8,Month-to-month,49,Yes,0.8617774183804592
2688-BHGOG,High-Value,79.55,Month-to-month,9,No,0.8617442373472775
8414-MYSHR,High-Value,91.4,Month-to-month,5,Yes,0.8615633815350675
4143-OOBWZ,High-Value,81.3,Month-to-month,5,Yes,0.8614803537135126
0897-FEGMU,High-Value,99.5,Month-to-month,11,Yes,0.8609561761901096
3496-LFSZU,High-Value,70.5,Month-to-month,4,No,0.8609420952976388
7379-FNIUJ,High-Value,100.2,Month-to-month,2,No,0.8608941316227964
3411-WLRSQ,High-Value,74.6,Month-to-month,3,No,0.8604518699409098
6365-MTGZX,High-Value,96.0,Month-to-month,24,Yes,0.8601007616284806
8931-GJJIQ,High-Value,83.3,Month-to-month,9,Yes,0.8600299543216993
4395-PZMSN,High-Value,85.55,Month-to-month,5,No,0.860013417880476
2215-ZAFGX,High-Value,85.5,Month-to-month,9,No,0.859861992199824
5977-CKHON,High-Value,92.55,Month-to-month,43,No,0.8598548814508425
0011-IGKFF,High-Value,98.0,Month-to-month,13,Yes,0.8595654034144817
6198-ZFIOJ,High-Value,75.6,Month-to-month,5,No,0.8595155455332134
2037-SGXHH,High-Value,94.65,Month-to-month,38,Yes,0.8593047832430423
5229-PRWKT,High-Value,86.55,Month-to-month,8,Yes,0.8583237689528556
2097-YVPKN,Low-Value,25.75,Two year,65,No,0.8582000220077481
3904-UKFRE,High-Value,80.1,Month-to-month,4,No,0.8576716202314516
1112-CUNAO,High-Value,89.85,Month-to-month,15,Yes,0.8572832245152906
1569-TTNYJ,High-Value,78.75,Month-to-month,5,Yes,0.857124518989134
2485-ITVKB,Low-Value,35.1,Month-to-month,2,Yes,0.8570840252052067
3806-DXQOM,Low-Value,33.65,Month-to-month,4,Yes,0.8567873970337532
0871-URUWO,High-Value,102.25,Month-to-month,13,Yes,0.8567165233048375
5956-VKDTT,High-Value,74.35,Month-to-month,5,Yes,0.856673750459388
8083-YTZES,High-Value,74.35,Month-to-month,4,Yes,0.8565394719663292
3969-JQABI,Low-Value,65.25,Month-to-month,58,No,0.8564153288188824
4763-PGDPO,High-Value,70.4,Month-to-month,4,Yes,0.8561314914767267
8225-BTJAU,High-Value,79.25,Month-to-month,10,Yes,0.8554316215245613
7483-IQWIB,High-Value,92.95,Month-to-month,37,No,0.8550760706289368
3751-KTZEL,Low-Value,35.05,Month-to-month,1,Yes,0.8549835544349783
7767-UXAGJ,Low-Value,50.45,Month-to-month,1,Yes,0.8546385551542268
4929-XIHVW,High-Value,95.5,Month-to-month,2,No,0.8546323713244105
2691-NZETQ,High-Value,85.35,Month-to-month,9,Yes,0.8545132840834778
4727-MCYZG,Low-Value,55.55,Month-to-month,1,No,0.8544327897322983
8242-SOQUO,High-Value,84.7,Month-to-month,5,No,0.8543872302341341
0133-BMFZO,High-Value,86.25,Month-to-month,2,Yes,0.8539024139391337
4795-KTRTH,High-Value,81.0,Month-to-month,5,Yes,0.8537392663647624
3518-PZXZQ,Low-Value,55.3,Month-to-month,1,No,0.8531054985623195
0248-IPDFW,Low-Value,50.1,Month-to-month,1,No,0.8527797261884559
2232-DMLXU,Low-Value,55.2,Month-to-month,1,Yes,0.8525717834141737
8445-DNBAE,Low-Value,50.05,Month-to-month,1,No,0.8525125796838516
2799-ARNLO,Low-Value,69.35,Month-to-month,5,No,0.8522371134629206
5813-UECBU,High-Value,83.85,Month-to-month,33,Yes,0.8520676665235717
7363-QTBIW,High-Value,79.75,Month-to-month,9,No,0.8518785083342296
0793-TWELN,High-Value,80.15,Month-to-month,4,No,0.8518661092189923
0822-GAVAP,Low-Value,34.7,Month-to-month,2,Yes,0.8513520319552544
2026-TGDHM,High-Value,79.3,Month-to-month,7,Yes,0.8512538616339441
8734-DKSTZ,High-Value,85.95,Month-to-month,10,No,0.8512125988789891
9408-SSNVZ,Low-Value,70.15,Month-to-month,4,Yes,0.8511509638003097
7693-LCKZL,High-Value,80.15,Month-to-month,5,Yes,0.8510673437453287
6185-TASNN,Low-Value,46.3,Month-to-month,1,No,0.8509371771219881
7638-QVMVY,High-Value,79.0,Month-to-month,7,Yes,0.8509180704029224
0013-EXCHZ,High-Value,83.9,Month-to-month,3,Yes,0.8505378591216819
2990-HWIML,High-Value,89.5,Month-to-month,6,Yes,0.8504932510328288
1740-CSDJP,Low-Value,35.25,Month-to-month,1,Yes,0.8504887700955243
5288-AHOUP,High-Value,78.5,Month-to-month,11,No,0.85046614944642
0195-IESCP,High-Value,85.25,Month-to-month,10,Yes,0.8502258537322239
4074-SJFFA,Low-Value,54.75,Month-to-month,1,Yes,0.8501501961647387
5868-YWPDW,High-Value,84.2,Month-to-month,6,Yes,0.8498889925703872
3045-XETSH,High-Value,94.85,Month-to-month,10,Yes,0.8496205725012568
2454-RPBRZ,High-Value,98.1,Month-to-month,12,Yes,0.8495087289319949
8627-EHGIP,Low-Value,53.95,One year,44,Yes,0.8494496542223415
8178-EYZUO,High-Value,93.7,Month-to-month,46,Yes,0.848639675218625
0612-RTZZA,Low-Value,25.25,Month-to-month,1,Yes,0.8485169831258963
1768-ZAIFU,Low-Value,25.2,Month-to-month,1,Yes,0.8482434779473222
8779-QRDMV,Low-Value,39.65,Month-to-month,1,Yes,0.8480904266649067
0023-HGHWL,Low-Value,25.1,Month-to-month,1,Yes,0.8476952512892787
1074-WVEVG,Low-Value,20.35,One year,59,No,0.8475464968030519
5944-UGLLK,Low-Value,54.9,One year,53,No,0.8475105552212163
8861-HGGKB,High-Value,86.45,Month-to-month,10,Yes,0.8474424278448335
0616-ATFGB,Low-Value,25.05,Month-to-month,1,Yes,0.8474205292484264
9391-EOYLI,High-Value,80.45,Month-to-month,12,Yes,0.8472341821399322
8665-UTDHZ,Low-Value,30.2,Month-to-month,1,Yes,0.8471071915218505
2207-NHRJK,Low-Value,50.8,Month-to-month,1,Yes,0.8470835411733738
7010-BRBUU,Low-Value,24.1,Two year,72,No,0.8469228476182623
4317-VTEOA,Low-Value,50.75,Month-to-month,1,Yes,0.8468079151496491
6892-XPFPU,High-Value,104.25,Month-to-month,24,Yes,0.8466852760270166
7858-GTZSP,High-Value,86.55,Month-to-month,12,No,0.8465981277472935
7932-WPTDS,Low-Value,24.8,Month-to-month,1,Yes,0.8460408207891034
7295-JOMMD,High-Value,98.1,Month-to-month,4,Yes,0.8459635310773725
6689-KXGBO,Low-Value,50.55,Month-to-month,1,Yes,0.8457013403218883
3462-BJQQA,High-Value,89.75,Month-to-month,6,No,0.8456205987059021
3254-YRILK,High-Value,88.2,Month-to-month,19,Yes,0.8456097174155945
6629-CZTTH,Low-Value,55.7,Month-to-month,1,Yes,0.8453495137800261
7590-VHVEG,Low-Value,29.85,Month-to-month,1,No,0.8451695019202456
9850-OWRHQ,High-Value,74.1,Month-to-month,3,Yes,0.8450017803468459
2357-COQEK,High-Value,103.3,Month-to-month,28,Yes,0.8445518961665509
7613-LLQFO,High-Value,84.45,Month-to-month,12,Yes,0.8443635391576378
3891-PUQOD,Low-Value,59.2,Month-to-month,1,Yes,0.8443601742789917
8080-DDEMJ,Low-Value,45.1,Month-to-month,1,Yes,0.844347722461452
5339-PXDVH,High-Value,90.65,Month-to-month,4,No,0.8443296078282335
7249-WBIYX,High-Value,85.6,Month-to-month,10,Yes,0.8442420649316789
0872-NXJYS,High-Value,79.55,Month-to-month,9,Yes,0.8441089435070659
7330-WZLNC,High-Value,90.8,Month-to-month,5,Yes,0.8440313438514847
6424-ELEYH,High-Value,74.75,Month-to-month,3,Yes,0.8436862666208419
2077-MPJQO,High-Value,75.4,Month-to-month,7,No,0.8436478602230686
4929-BSTRX,Low-Value,53.55,Month-to-month,1,Yes,0.8435323492384296
6000-APYLU,High-Value,80.8,Month-to-month,9,Yes,0.8433725968779987
2656-TABEH,High-Value,100.2,Month-to-month,4,Yes,0.8433619078163191
1184-PJVDB,High-Value,79.95,Month-to-month,10,Yes,0.843294109713306
2386-LAHRK,Low-Value,53.5,Month-to-month,1,Yes,0.8432515067795547
0886-QGENL,High-Value,101.25,Month-to-month,27,Yes,0.8431207424580116
1403-GYAFU,Low-Value,20.05,Two year,70,No,0.8428234316525716
3143-JQEGI,High-Value,88.35,Month-to-month,13,Yes,0.8426377414756407
9381-NDKME,Low-Value,40.65,Month-to-month,24,Yes,0.8425449152925623
2150-UWTFY,Low-Value,61.15,Month-to-month,22,Yes,0.8424824707982437
0221-WMXNQ,High-Value,75.35,Month-to-month,4,No,0.8423843992155218
1471-GIQKQ,Low-Value,49.95,Month-to-month,1,No,0.8423423891236623
1406-PUQVY,Low-Value,49.9,Month-to-month,1,No,0.8420598107247893
4349-GFQHK,Low-Value,54.35,Month-to-month,1,Yes,0.8415289476507793
8361-LTMKD,High-Value,74.4,Month-to-month,4,Yes,0.8415154842151963
1309-BXVOQ,High-Value,106.1,Month-to-month,21,Yes,0.8414139324694699
6705-LXORM,Low-Value,70.05,Month-to-month,5,No,0.8414099399727468
4229-CZMLL,High-Value,74.9,Month-to-month,6,Yes,0.8413466509627293
5732-IKGQH,High-Value,104.45,One year,52,No,0.841212833211848
5519-YLDGW,High-Value,103.9,Month-to-month,21,Yes,0.8409027798296909
9961-JBNMK,High-Value,96.8,Month-to-month,21,Yes,0.8408387521243874
4065-JJAVA,Low-Value,49.5,Month-to-month,1,No,0.8397843536088728
2568-BRGYX,Low-Value,70.2,Month-to-month,4,Yes,0.839685783015527
2740-TVLFN,Low-Value,50.15,Month-to-month,1,No,0.8395974527605317
6175-IRFIT,High-Value,78.75,Month-to-month,5,No,0.8395365969433959
6680-WKXRZ,High-Value,74.4,Month-to-month,3,Yes,0.8393321023114073
4029-HPFVY,Low-Value,70.3,Month-to-month,3,No,0.8391695305656901
3797-FKOGQ,High-Value,86.2,Month-to-month,11,No,0.8390265567030755
7130-VTEWQ,High-Value,75.75,Month-to-month,8,Yes,0.8381997978245429
8720-RQSBJ,Low-Value,44.0,Month-to-month,1,No,0.8381004444817528
1658-BYGOY,High-Value,95.45,Month-to-month,18,Yes,0.8376170075038801
5685-IIXLY,High-Value,83.6,Month-to-month,5,Yes,0.837306447786438
4585-HETAI,High-Value,73.75,Month-to-month,4,Yes,0.8368218782836313
9351-HXDMR,High-Value,110.9,Two year,72,No,0.8365883572488452
0432-CAJZV,High-Value,90.7,Month-to-month,3,No,0.8363781070928346
9696-RMYBA,High-Value,80.1,Month-to-month,5,No,0.8361550974823394
9334-GWGOW,High-Value,74.85,Month-to-month,7,No,0.8358721504132706
2180-DXNEG,High-Value,96.0,Month-to-month,12,Yes,0.8358059461696195
4115-NZRKS,High-Value,89.15,Month-to-month,7,No,0.8357602166761747
1764-VUUMT,Low-Value,19.95,Two year,66,No,0.8356541138153987
9249-FXSCK,High-Value,111.25,One year,52,Yes,0.835557820425166
9512-UIBFX,High-Value,95.15,Month-to-month,18,Yes,0.835482758810524
0018-NYROU,Low-Value,68.95,Month-to-month,5,No,0.8353689441509153
4439-JMPMT,High-Value,85.75,Month-to-month,5,Yes,0.8351383570930411
7568-PODML,Low-Value,45.3,Month-to-month,1,Yes,0.8349833343392824
3855-ONCAR,High-Value,78.9,Month-to-month,4,No,0.8349449397892602
5095-AESKG,High-Value,91.5,Month-to-month,3,Yes,0.8348124612441923
4884-ZTHVF,High-Value,87.1,Month-to-month,8,No,0.834736931791606
8429-XIBUM,High-Value,101.35,Month-to-month,22,Yes,0.834572566983276
9752-ZNQUT,Low-Value,48.6,Month-to-month,1,No,0.8345676563673705
0840-DFEZH,High-Value,75.35,Month-to-month,7,No,0.8343264870371695
8625-AZYZY,High-Value,104.65,Month-to-month,24,Yes,0.8341635446480845
9830-ECLEN,Low-Value,50.0,One year,58,No,0.8340304930020478
7892-POOKP,High-Value,104.8,Month-to-month,28,Yes,0.8338603395174332
5915-DGNVC,High-Value,71.8,One year,49,No,0.8338191580662964
3753-TSEMP,High-Value,88.15,Month-to-month,15,Yes,0.8337878145554039
2722-JMONI,Low-Value,49.55,Month-to-month,1,Yes,0.8337612509425268
2187-LZGPL,Low-Value,40.1,Month-to-month,7,Yes,0.8335337462821597
9445-ZUEQE,High-Value,85.2,Month-to-month,27,No,0.8332784882222511
3192-NQECA,High-Value,110.0,Two year,68,Yes,0.8331921069628427
4290-BSXUX,High-Value,79.65,Month-to-month,3,Yes,0.8328652099909818
9576-ANLXO,Low-Value,69.55,Month-to-month,3,Yes,0.8325126538490263
2379-ENZGV,High-Value,84.85,Month-to-month,6,Yes,0.832144671601034
6260-ONULR,Low-Value,62.8,Month-to-month,1,No,0.832128205021763
9398-MMQTO,High-Value,74.45,Month-to-month,3,No,0.8320397511812787
0187-QSXOE,High-Value,89.0,Month-to-month,7,No,0.8320081609035963
1976-CFOCS,Low-Value,46.0,Month-to-month,1,Yes,0.8320024163638068
8800-JOOCF,High-Value,84.05,Month-to-month,12,No,0.8318830105399818
4351-QLCSU,Low-Value,55.0,Month-to-month,1,Yes,0.8318294510533212
7384-GHBPI,Low-Value,35.15,Month-to-month,3,Yes,0.8317702883387762
7225-CBZPL,High-Value,94.8,Month-to-month,17,No,0.8310617657023158
7734-DBOAI,Low-Value,40.1,Month-to-month,1,Yes,0.8308751516737007
3656-TKRVZ,Low-Value,55.35,Month-to-month,3,Yes,0.830820485053716
2930-UOTMB,Low-Value,65.25,Month-to-month,31,Yes,0.8307095140585994
8185-UPYBR,High-Value,75.5,Month-to-month,6,Yes,0.8300635652877575
8161-QYMTT,High-Value,94.1,Month-to-month,7,No,0.8300389809897019
0330-IVZHA,Low-Value,69.95,Month-to-month,5,Yes,0.8298843804427324
4587-NUKOX,High-Value,79.1,Month-to-month,3,Yes,0.8293128562395579
5399-ZIMKF,High-Value,74.65,Month-to-month,5,No,0.8291694614069347
4678-DVQEO,Low-Value,52.2,Month-to-month,1,Yes,0.8289520914058368
7242-QZLXF,Low-Value,25.3,Month-to-month,1,Yes,0.8289419149033238
6860-YRJZP,High-Value,74.05,Month-to-month,9,No,0.8288861226552504
8676-TRMJS,High-Value,75.0,Month-to-month,3,Yes,0.8288363350277353
8642-GVWRF,High-Value,79.7,Month-to-month,2,Yes,0.8285207930406542
9957-YODKZ,High-Value,80.8,Month-to-month,6,No,0.8285078207493729
9643-AVVWI,High-Value,80.0,Month-to-month,3,No,0.8284257298973873
6711-FLDFB,High-Value,74.9,Month-to-month,7,Yes,0.8283656948087695
9095-HFAFX,High-Value,81.0,Month-to-month,5,Yes,0.8283595975229961
7825-GKXMW,Low-Value,45.8,Month-to-month,1,Yes,0.8283121063537862
2674-MIAHT,High-Value,80.3,Month-to-month,4,No,0.8280975647585962
2672-DZUOY,Low-Value,25.15,Month-to-month,1,Yes,0.8280355167989237
7359-PTSXY,Low-Value,45.75,Month-to-month,1,Yes,0.8280095153033363
2058-DCJBE,Low-Value,69.75,Month-to-month,5,Yes,0.8277607668414578
9828-AOQLM,Low-Value,45.7,Month-to-month,1,Yes,0.8277065018813582
6128-CZOMY,Low-Value,45.65,Month-to-month,1,Yes,0.8274030658892862
2135-RXIHG,Low-Value,45.65,Month-to-month,1,Yes,0.8274030658892862
4706-DGAHW,Low-Value,45.2,Month-to-month,1,No,0.8271933836744982
2082-CEFLT,Low-Value,45.6,Month-to-month,1,Yes,0.8270992071299142
8903-XEBGX,Low-Value,55.3,Month-to-month,2,No,0.8268041448630614
7615-ESMYF,Low-Value,44.6,Month-to-month,2,Yes,0.8267897680470297
3488-PGMQJ,High-Value,74.5,Month-to-month,8,Yes,0.8266854968945997
1644-IRKSF,High-Value,93.8,One year,33,Yes,0.8265450584162078
7931-PXHFC,Low-Value,62.3,One year,38,Yes,0.8263953312799944
3703-VAVCL,High-Value,90.0,Month-to-month,2,Yes,0.8263485794048553
1016-DJTSV,Low-Value,69.7,Month-to-month,8,No,0.8256064469530213
5077-DXTCG,Low-Value,45.3,Month-to-month,1,Yes,0.8252671655893461
1963-SVUCV,Low-Value,45.3,Month-to-month,1,Yes,0.8252671655893461
5552-ZNFSJ,Low-Value,45.3,Month-to-month,1,Yes,0.8252671655893461
6108-OQZDQ,High-Value,97.95,Month-to-month,4,Yes,0.8251822067580266
6047-YHPVI,Low-Value,69.7,Month-to-month,5,Yes,0.825118108585224
6990-YNRIO,High-Value,108.65,Two year,65,Yes,0.8250794600012297
7587-AOVVU,High-Value,100.75,Month-to-month,27,No,0.8249679332011122
2108-XWMPY,Low-Value,35.45,Month-to-month,3,Yes,0.8248010065129677
1150-WFARN,High-Value,108.75,Two year,67,Yes,0.824780184248516
9620-QJREV,Low-Value,20.55,One year,47,No,0.8246654704258894
1612-EOHDH,Low-Value,45.15,Month-to-month,1,Yes,0.8243454219073338
7133-VBDCG,High-Value,79.85,Month-to-month,25,Yes,0.8240387525168397
1447-PJGGA,High-Value,95.25,Two year,57,Yes,0.8237019366688199
0337-CNPZE,High-Value,106.3,Month-to-month,41,Yes,0.8236899495494551
0702-PGIBZ,High-Value,101.7,Month-to-month,4,Yes,0.8234942336373285
7365-BVCJH,Low-Value,24.4,Month-to-month,1,No,0.8234464036718296
8356-WUAOJ,Low-Value,45.0,Month-to-month,1,No,0.8234198562624848
3138-BKYAV,High-Value,85.35,Month-to-month,6,Yes,0.8233660267165256
5570-PTWEH,High-Value,75.15,Month-to-month,3,Yes,0.8233496480869529
4983-CCWMC,Low-Value,69.6,Month-to-month,3,No,0.8233373055055211
9058-CBREO,Low-Value,50.55,Month-to-month,1,Yes,0.8231548160144418
3999-QGRJH,Low-Value,69.7,Month-to-month,8,Yes,0.8230805730153076
3966-HRMZA,High-Value,75.05,Month-to-month,3,No,0.8230197991788049
3916-NRPAP,High-Value,85.7,Month-to-month,3,No,0.8225983755660358
1508-DFXCU,High-Value,81.45,Month-to-month,12,No,0.822562832362939
1928-BXYIV,Low-Value,61.15,Month-to-month,1,No,0.8224782420772878
8705-WZCYL,Low-Value,44.8,Month-to-month,1,No,0.8221798150543673
2165-VOEGB,High-Value,105.2,One year,46,Yes,0.8220437921006836
4373-VVHQL,Low-Value,44.75,Month-to-month,1,No,0.8218687404202739
2862-PFNIK,Low-Value,24.7,Month-to-month,1,No,0.8215326786216017
2038-OEQZH,High-Value,86.05,Month-to-month,4,No,0.8213628002826973
3071-VBYPO,High-Value,89.85,Month-to-month,3,No,0.8211896021318247
4853-OITSN,High-Value,89.15,Month-to-month,5,No,0.8210245182760062
2800-VEQXM,High-Value,74.75,Month-to-month,3,No,0.8207978967581459
4695-VADHF,Low-Value,57.45,Month-to-month,18,Yes,0.8206376538197921
2903-YYTBW,Low-Value,44.55,Month-to-month,1,No,0.8206201794000924
9637-EIHEQ,Low-Value,50.8,Month-to-month,1,Yes,0.8203444635942125
0122-OAHPZ,High-Value,73.85,Month-to-month,7,Yes,0.819993668625746
6496-SLWHQ,High-Value,105.0,Month-to-month,3,Yes,0.8198194524623685
4361-JEIVL,Low-Value,44.4,Month-to-month,1,Yes,0.8196792783380091
3312-UUMZW,High-Value,98.85,Month-to-month,32,No,0.8195839030491786
2919-HBCJO,High-Value,76.65,Month-to-month,4,Yes,0.8190795702381936
8868-WOZGU,High-Value,105.7,Month-to-month,28,Yes,0.8190490879114012
0709-TVGUR,High-Value,74.55,Month-to-month,9,Yes,0.8189225067430973
2737-WFVYW,Low-Value,45.25,Month-to-month,2,Yes,0.8189103913640763
1334-FJSVR,Low-Value,24.25,Month-to-month,1,Yes,0.8187096682462897
0004-TLHLJ,High-Value,73.9,Month-to-month,4,Yes,0.8186096102142633
6298-QDFNH,High-Value,79.35,Month-to-month,22,Yes,0.8185983045123085
6608-QQLVK,Low-Value,50.5,Month-to-month,1,Yes,0.8184565591691813
5493-SDRDQ,Low-Value,55.1,Month-to-month,2,Yes,0.8183473940852848
1658-TJVOA,High-Value,74.1,Month-to-month,6,No,0.8181595271596935
4729-XKASR,Low-Value,24.75,Month-to-month,1,Yes,0.8180255185347687
2430-RRYUW,Low-Value,54.8,One year,66,No,0.8179586866297504
7354-OIJLX,High-Value,75.85,Month-to-month,9,No,0.8178096114963702
4855-SNKMY,Low-Value,44.1,Month-to-month,1,Yes,0.817785936463975
8949-JTMAY,High-Value,98.6,Month-to-month,29,Yes,0.8176643180492755
3737-GCSPV,High-Value,96.2,Month-to-month,11,Yes,0.8175657615870225
4291-SHSBH,Low-Value,69.55,Month-to-month,7,No,0.8175551843945861
4060-LDNLU,High-Value,96.2,Month-to-month,7,No,0.8175425642033372
8780-IXSTS,High-Value,90.1,Month-to-month,6,Yes,0.8175340887395746
3797-VTIDR,Low-Value,23.45,Month-to-month,1,Yes,0.8174961255517015
3453-RTHJQ,Low-Value,69.1,Month-to-month,6,No,0.8172613446594708
5522-JBWMO,Low-Value,44.0,Month-to-month,1,No,0.817151398725564
6322-HRPFA,Low-Value,59.6,Month-to-month,49,No,0.8168473230042884
7394-FKDNK,High-Value,89.45,Month-to-month,9,Yes,0.8164227940283444
0374-AACSZ,Low-Value,50.15,Month-to-month,1,No,0.8162345345754961
1478-VPOAD,Low-Value,43.8,Month-to-month,1,No,0.8158771803319476
6305-YLBMM,High-Value,104.05,One year,69,Yes,0.8158483975565872
0817-HSUSE,High-Value,75.5,Month-to-month,1,No,0.8157940257746179
7206-PQBBZ,Low-Value,70.2,Month-to-month,11,No,0.8156972450605764
1212-GLHMD,High-Value,86.05,Month-to-month,3,No,0.8154618932446055
3934-HXCFZ,High-Value,99.25,Month-to-month,23,Yes,0.8154527820840065
1536-HBSWP,Low-Value,49.9,Month-to-month,1,No,0.8146345101668566
8064-RAVOH,Low-Value,49.85,Month-to-month,1,No,0.814313217032091
4441-NIHPT,High-Value,74.3,Month-to-month,13,Yes,0.8139786561707095
9801-GDWGV,High-Value,103.45,Month-to-month,39,Yes,0.8139243438832583
4505-EXZHB,High-Value,74.4,Month-to-month,6,Yes,0.8136666842805819
2575-GFSOE,Low-Value,69.0,Month-to-month,7,Yes,0.8133029162981581
4282-YMKNA,High-Value,74.75,Month-to-month,9,Yes,0.8132787313673332
1942-OQFRW,Low-Value,44.0,Month-to-month,1,No,0.8132549722518178
0258-NOKBL,High-Value,90.4,Month-to-month,3,No,0.812660701840748
0887-WBJVH,High-Value,93.45,One year,53,No,0.812414505913939
3677-IYRBF,Low-Value,30.4,Month-to-month,2,Yes,0.8123079795540201
5766-XQXMQ,Low-Value,68.85,Month-to-month,29,Yes,0.812093109225358
4009-ALQFH,High-Value,99.5,Month-to-month,25,Yes,0.8120368788370687
4636-QRJKY,High-Value,80.5,Month-to-month,6,Yes,0.8118975104846584
3427-GGZZI,High-Value,89.1,Month-to-month,19,No,0.811760183976627
3834-XUIFC,High-Value,85.2,Month-to-month,7,Yes,0.8114593176440436
6712-OAWRH,High-Value,91.25,Month-to-month,26,Yes,0.8113267543141158
8166-ZZTFS,High-Value,80.55,Two year,66,Yes,0.8108444912093186
2123-AGEEN,High-Value,84.35,Month-to-month,7,No,0.8108218668252705
1024-GUALD,Low-Value,24.8,Month-to-month,1,Yes,0.8105246038148841
8337-MSSXB,High-Value,86.3,Month-to-month,14,Yes,0.8104676150812238
4201-JMNGR,Low-Value,55.8,Month-to-month,1,Yes,0.8104156850917462
6959-UWKHF,Low-Value,42.9,Month-to-month,1,Yes,0.8100581187566467
5357-TZHPP,High-Value,84.4,Month-to-month,9,Yes,0.8098003286858475
8111-RKSPX,High-Value,72.2,Month-to-month,4,Yes,0.809691946847189
6350-XFYGW,High-Value,94.75,Month-to-month,4,No,0.8095278162851616
4195-NZGTA,Low-Value,25.25,Month-to-month,1,No,0.8094890499200448
7326-RIGQZ,Low-Value,69.8,Month-to-month,6,No,0.8092343310159947
9227-LUNBG,Low-Value,24.6,Month-to-month,1,Yes,0.8092149871810427
7786-WBJYI,High-Value,77.95,Month-to-month,4,Yes,0.8091720510849401
1271-SJBGZ,Low-Value,43.65,Month-to-month,12,Yes,0.8091408672192127
3348-CFRNX,High-Value,92.35,Month-to-month,28,Yes,0.80898263818033
3030-YDNRM,High-Value,74.85,Month-to-month,8,No,0.808854664378825
8541-QVFKM,High-Value,73.5,Month-to-month,8,No,0.8088533309764597
9840-DVNDC,High-Value,80.5,Month-to-month,6,Yes,0.8087328097877217
6876-ADESB,Low-Value,48.95,Month-to-month,1,Yes,0.808456331779105
6302-JGYRJ,High-Value,79.45,One year,31,Yes,0.8083782322396154
4174-LPGTI,Low-Value,66.5,One year,41,Yes,0.8083134486331504
8617-ENBDS,High-Value,73.6,Month-to-month,3,No,0.80814301905565
8559-CIZFV,High-Value,77.5,One year,21,Yes,0.8073535631422447
9494-MRNYX,High-Value,75.05,Month-to-month,10,No,0.8072958464972553
1077-HUUJM,High-Value,71.05,Month-to-month,7,No,0.8069869819281534
6331-LWDTQ,High-Value,72.15,Month-to-month,10,Yes,0.8068693214452298
7943-RQCHR,High-Value,94.75,Month-to-month,9,Yes,0.8067989544461668
1219-NNDDO,High-Value,76.85,Month-to-month,9,No,0.8067152741678906
3199-XGZCY,High-Value,75.25,Month-to-month,8,No,0.8062217215749277
5879-SESNB,High-Value,75.25,Month-to-month,11,No,0.8058878169900111
4626-GYCZP,High-Value,93.85,Month-to-month,7,Yes,0.8058227290781373
7312-XSBAT,Low-Value,49.75,Month-to-month,1,No,0.805698795542447
2657-VPXTA,High-Value,88.85,Month-to-month,10,No,0.804904580411114
5380-AFSSK,High-Value,93.9,Month-to-month,5,Yes,0.8035359193184862
4484-CGXFK,Low-Value,55.3,Month-to-month,3,Yes,0.803290115222041
7548-SEPYI,High-Value,96.25,Month-to-month,5,Yes,0.8032324027209479
6100-QQHEB,High-Value,92.55,Month-to-month,17,Yes,0.8029868687209057
6702-OHFWR,Low-Value,43.3,Month-to-month,1,Yes,0.8028843539638496
3716-UVSPD,Low-Value,49.3,Month-to-month,1,No,0.8026854790462554
0880-TKATG,High-Value,101.15,Month-to-month,4,Yes,0.8025411231591535
0236-HFWSV,High-Value,93.35,Month-to-month,15,Yes,0.8025198835950936
5928-QLDHB,High-Value,76.25,Month-to-month,9,No,0.802325202786542
1196-AMORA,High-Value,73.6,Month-to-month,7,Yes,0.8021177353985558
8120-JDCAM,Low-Value,69.55,Month-to-month,4,No,0.8021083371648388
2103-ZRXFN,Low-Value,50.75,Month-to-month,1,No,0.802085288939047
9773-PEQBZ,High-Value,79.85,Month-to-month,10,No,0.8018346259360042
8286-AFUYI,Low-Value,47.95,Month-to-month,1,No,0.8017845508455209
8065-YKXKD,High-Value,74.75,Month-to-month,10,Yes,0.8013324596052648
5482-PLVPE,Low-Value,24.35,Month-to-month,2,Yes,0.8012522423656644
2408-WITXK,Low-Value,34.7,Month-to-month,10,Yes,0.8012314129049533
3647-GMGDH,High-Value,94.7,Month-to-month,22,Yes,0.80025932994575
8808-ELEHO,High-Value,81.25,Month-to-month,8,Yes,0.7998713730503927
1480-BKXGA,High-Value,116.05,Two year,72,No,0.7998439175447792
5698-BQJOH,High-Value,94.4,Month-to-month,9,Yes,0.7997915193787715
8622-ZLFKO,High-Value,90.75,Month-to-month,6,No,0.7997070704946122
9889-TMAHG,High-Value,100.3,Month-to-month,8,Yes,0.799687376054695
0411-EZJZE,Low-Value,60.25,Month-to-month,3,No,0.7996363849043053
5027-QPKTE,Low-Value,69.35,Month-to-month,7,Yes,0.799250627132678
1571-SAVHK,High-Value,99.95,Month-to-month,12,Yes,0.7992297316590741
2397-BRLOM,High-Value,80.45,Month-to-month,8,Yes,0.7991811256935399
2672-HUYVI,High-Value,91.1,Month-to-month,6,Yes,0.7990928393866638
7994-UYIVZ,High-Value,85.65,Month-to-month,8,No,0.7990502626829902
1907-UBQFC,High-Value,72.85,Month-to-month,10,Yes,0.7988592154703166
4831-EOBFE,High-Value,94.65,Month-to-month,29,Yes,0.7987595243446786
9367-WXLCH,High-Value,84.5,Month-to-month,8,Yes,0.7985288780429927
7625-XCQRH,High-Value,76.5,Month-to-month,11,Yes,0.798403255436207
4706-AXVKM,High-Value,84.8,Month-to-month,11,Yes,0.7983616733926595
1481-ZUWZA,High-Value,94.5,Month-to-month,28,Yes,0.7982559206694791
4749-VFKVB,Low-Value,50.1,Month-to-month,1,Yes,0.7976606787937585
4277-PVRAN,High-Value,80.1,Month-to-month,8,Yes,0.797560885757359
1078-TDCRN,Low-Value,30.75,Month-to-month,3,No,0.7975429649590673
6400-BWQKW,High-Value,79.05,Month-to-month,6,Yes,0.7971928061055565
8990-ZXLSU,Low-Value,69.05,Month-to-month,9,No,0.7965772904227799
2951-QOQTK,High-Value,80.8,Month-to-month,4,Yes,0.7965457744296565
0661-XEYAN,Low-Value,25.8,Month-to-month,1,Yes,0.7960149793605305
1867-BDVFH,High-Value,74.35,Month-to-month,11,Yes,0.7959723211479658
4184-TJFAN,High-Value,88.3,Month-to-month,3,Yes,0.7959080439086778
1496-GGSUK,Low-Value,25.7,Month-to-month,1,Yes,0.7953236019557517
1024-VRZHF,High-Value,74.95,Month-to-month,11,Yes,0.795013027623578
2815-CPTUL,Low-Value,70.25,Month-to-month,5,Yes,0.7948039696381702
2482-CZGBB,Low-Value,70.0,Month-to-month,10,Yes,0.7941822717429309
5976-JCJRH,Low-Value,70.3,Month-to-month,10,Yes,0.7941155682052274
3908-BLSYF,High-Value,83.9,Month-to-month,6,Yes,0.7939654986669988
0746-JTRFU,Low-Value,25.05,Month-to-month,2,Yes,0.7934542837051399
4299-SIMNS,High-Value,81.15,Month-to-month,9,No,0.7931373602871272
4112-LUEIZ,High-Value,89.5,Month-to-month,10,Yes,0.7931019821826267
3512-IZIKN,Low-Value,65.3,Two year,70,Yes,0.7923168514362867
5569-KGJHX,High-Value,85.35,Month-to-month,9,Yes,0.7918657646167694
3070-DVEYC,High-Value,73.75,Month-to-month,7,Yes,0.7915036741872032
3106-ULWFW,High-Value,85.2,Month-to-month,8,Yes,0.7909546580236214
9907-SWKKF,Low-Value,25.05,Month-to-month,1,Yes,0.7907872558967978
3420-ZDBMA,High-Value,71.45,Month-to-month,5,No,0.7907575730042133
5649-ANRML,High-Value,95.1,Month-to-month,2,Yes,0.7907468430470712
4662-EKDPQ,Low-Value,62.05,Month-to-month,2,Yes,0.7907007207684099
3627-FCRDW,High-Value,71.0,Month-to-month,9,Yes,0.7902927580207076
5299-SJCZT,High-Value,101.55,Month-to-month,3,Yes,0.7902460726616872
1689-YQBYY,High-Value,76.6,Month-to-month,12,No,0.7901853610094475
2446-BEGGB,High-Value,98.25,Month-to-month,6,Yes,0.7899030923157382
2853-CWQFQ,Low-Value,59.55,Month-to-month,1,No,0.7893620633298243
3334-CTHOL,Low-Value,49.95,Month-to-month,1,Yes,0.7893576592570083
6905-NIQIN,Low-Value,50.65,Month-to-month,1,Yes,0.7892972450438693
8584-KMVXD,High-Value,75.6,Month-to-month,8,No,0.7891255842591854
3387-VATUS,High-Value,94.85,Month-to-month,5,Yes,0.7888635174605341
0689-NKYLF,High-Value,83.2,Month-to-month,13,Yes,0.7886710173268048
7442-YGZFK,Low-Value,49.8,Month-to-month,1,No,0.7882950810462571
8699-ASUFO,High-Value,74.4,Month-to-month,7,Yes,0.7875760288757797
2249-YPRNG,High-Value,105.85,Month-to-month,20,Yes,0.7874154625316364
2608-BHKFN,Low-Value,70.05,Month-to-month,4,Yes,0.7873576236872737
2135-DQWAQ,High-Value,85.3,Month-to-month,5,No,0.7873107256955486
2034-CGRHZ,High-Value,102.95,Month-to-month,24,Yes,0.7869970416544175
4193-ORFCL,Low-Value,45.1,Month-to-month,1,Yes,0.786860771794804
8270-RKSAP,High-Value,70.5,Month-to-month,9,No,0.786631448254609
2640-PMGFL,High-Value,79.5,Month-to-month,27,Yes,0.785909348971584
1845-ZLLIG,Low-Value,50.15,Month-to-month,1,No,0.7857393484153825
3450-WXOAT,Low-Value,45.2,Month-to-month,46,No,0.785594972589336
0947-IDHRQ,High-Value,80.3,Month-to-month,7,Yes,0.7851037773923863
0115-TFERT,High-Value,111.2,Month-to-month,21,Yes,0.7849423359428002
6496-JDSSB,High-Value,80.0,Month-to-month,8,No,0.784302355160345
1342-JPNKI,High-Value,86.05,Month-to-month,10,Yes,0.7836523284267275
5429-LWCMV,High-Value,89.15,Month-to-month,12,No,0.7834472200032545
3376-BMGFE,High-Value,70.9,Month-to-month,4,Yes,0.7833980118665814
8325-QRPZR,High-Value,75.15,Month-to-month,7,No,0.7827106065497739
3074-GQWYX,High-Value,75.9,Month-to-month,5,Yes,0.7826445611598329
3338-CVVEH,High-Value,94.55,Month-to-month,12,No,0.7825687264058011
9921-ZVRHG,High-Value,80.45,Month-to-month,14,Yes,0.782170229800456
1428-GTBJJ,High-Value,74.55,Month-to-month,11,Yes,0.7820948853998887
4236-UJPWO,Low-Value,24.5,Month-to-month,2,No,0.7818857636849441
7854-EDSSA,Low-Value,59.0,Month-to-month,22,Yes,0.781545038946596
5868-CZJDR,Low-Value,31.35,Month-to-month,1,Yes,0.7812043648354592
6317-YPKDH,Low-Value,29.95,Month-to-month,1,Yes,0.7811403459827672
4503-BDXBD,High-Value,74.95,Month-to-month,11,Yes,0.780776452432566
4572-DVCGN,High-Value,80.25,Month-to-month,10,Yes,0.7804578054129896
3413-BMNZE,Low-Value,45.25,Month-to-month,1,No,0.780431731086316
5816-QVHRX,High-Value,100.3,Month-to-month,37,No,0.780420990611963
7938-OUHIO,High-Value,98.7,Month-to-month,3,Yes,0.7803495804044306
3540-RZJYU,High-Value,86.2,Month-to-month,15,Yes,0.7802086614166781
8399-YNDCH,Low-Value,60.05,Month-to-month,21,Yes,0.7798425829145702
5271-DBYSJ,High-Value,79.15,Month-to-month,11,No,0.779596062424458
9734-UYXQI,Low-Value,49.4,Month-to-month,2,Yes,0.7795610497925992
9681-OXGVC,High-Value,100.5,Month-to-month,5,Yes,0.7791587777123371
2984-MIIZL,High-Value,74.8,Month-to-month,4,Yes,0.7790296239598434
6969-MVBAI,High-Value,90.1,Month-to-month,9,No,0.7790132340388862
9578-VRMNM,Low-Value,65.2,Month-to-month,16,Yes,0.7790035839486916
6650-BWFRT,High-Value,117.15,Two year,72,No,0.7789192704188636
6379-RXJRQ,Low-Value,70.1,Month-to-month,10,Yes,0.7785854856163363
5047-LHVLY,Low-Value,50.15,Month-to-month,1,Yes,0.7778538618972239
6458-CYIDZ,High-Value,80.7,Month-to-month,5,No,0.7778387844331089
3621-CEOVK,High-Value,100.2,Month-to-month,14,Yes,0.7776728157023549
0564-JJHGS,High-Value,95.5,Month-to-month,9,Yes,0.7776378301774999
7246-ZGQDF,Low-Value,54.5,Month-to-month,1,No,0.7773750437506612
6060-DRTNL,High-Value,84.85,Month-to-month,5,Yes,0.7766987689186681
6778-YSNIH,Low-Value,59.0,Month-to-month,2,No,0.7765620882334339
3787-TRIAL,Low-Value,26.05,Month-to-month,21,No,0.7765452632318453
2817-NTQDO,Low-Value,45.55,Month-to-month,13,Yes,0.7759434937699389
7928-VJYAB,High-Value,90.6,Month-to-month,11,No,0.7754035204325835
5458-CQJTA,High-Value,74.8,Two year,65,Yes,0.7753757074939035
5480-HPRRX,Low-Value,25.3,Month-to-month,3,Yes,0.7752184977139587
2754-XBHTB,High-Value,77.65,Month-to-month,9,Yes,0.7749187309890168
2501-XWWTZ,Low-Value,70.2,Month-to-month,11,No,0.7748113901803217
8869-TORSS,Low-Value,60.35,One year,48,Yes,0.7744724470119174
9053-JZFKV,High-Value,116.2,Two year,67,Yes,0.7744687906410183
8485-GJCDN,Low-Value,69.05,Month-to-month,5,Yes,0.7743446918226982
2969-QWUBZ,Low-Value,51.4,Month-to-month,2,No,0.7739695578187623
6435-SRWBJ,High-Value,82.75,Month-to-month,5,No,0.7733155538783228
3235-ETOOB,High-Value,74.5,Month-to-month,8,Yes,0.7732870606568961
4652-NNHNY,High-Value,73.85,Month-to-month,16,Yes,0.7731443853109579
7517-LDMPS,High-Value,84.6,Month-to-month,12,No,0.7729920735989372
4123-DVHPH,High-Value,88.05,Month-to-month,9,No,0.7726768517108052
1475-VWVDO,High-Value,74.9,Month-to-month,7,No,0.7724801968483123
3754-DXMRT,Low-Value,44.15,Month-to-month,2,Yes,0.7722651299282431
3643-AHCFP,High-Value,95.6,Month-to-month,7,Yes,0.7721934202203945
5293-WXJAK,High-Value,104.05,Month-to-month,11,Yes,0.7720706736936375
3050-GBUSH,Low-Value,34.8,Month-to-month,3,No,0.7718399586519659
9795-SHUHB,Low-Value,58.2,Two year,66,No,0.7714488366305733
6432-TWQLB,High-Value,85.4,Month-to-month,5,Yes,0.7713049261155515
4030-VPZBD,Low-Value,30.9,Month-to-month,2,Yes,0.7710787745929059
7495-OOKFY,High-Value,80.65,Month-to-month,8,Yes,0.7710575067333528
7993-PYKOF,High-Value,75.0,Month-to-month,8,Yes,0.7706835214056538
7593-XFKDI,Low-Value,46.3,Month-to-month,1,Yes,0.7703237818462714
6127-IYJOZ,Low-Value,45.85,Month-to-month,1,No,0.7700640265983124
4423-YLHDV,High-Value,104.4,Month-to-month,21,Yes,0.7698304453091332
8778-LMWTJ,High-Value,74.85,Month-to-month,9,No,0.769676613449837
5759-RCVCB,Low-Value,35.2,Month-to-month,3,Yes,0.7695065360102749
0224-RLWWD,Low-Value,44.3,Month-to-month,2,No,0.7693698276921612
4813-HQMGZ,High-Value,90.25,Month-to-month,8,No,0.7688018407442733
8837-VVWLQ,High-Value,84.95,Month-to-month,8,Yes,0.7683273335984352
6158-HDPXZ,Low-Value,25.35,Month-to-month,1,No,0.7677124180145172
7054-LGEQW,Low-Value,45.95,Month-to-month,1,Yes,0.7676798545668533
5103-MHMHY,Low-Value,45.95,Month-to-month,1,Yes,0.7676798545668533
6339-YPSAH,High-Value,73.8,Month-to-month,9,No,0.7676267198214471
7890-VYYWG,Low-Value,36.45,Month-to-month,3,Yes,0.7674297626117688
4088-YLDSU,High-Value,104.15,One year,55,Yes,0.7673539627872015
1236-WFCDV,High-Value,90.45,Month-to-month,14,Yes,0.7672916989460261
3538-WZPHD,Low-Value,29.6,Month-to-month,3,Yes,0.7672891244934904
3165-HDOEW,Low-Value,45.85,Month-to-month,1,Yes,0.766920560010701
4237-RLAQD,Low-Value,45.85,Month-to-month,1,Yes,0.766920560010701
5133-POWUA,Low-Value,45.8,Month-to-month,1,No,0.76654026553421
2696-NARTR,High-Value,73.85,Month-to-month,11,Yes,0.7664537297143924
4566-NECEV,High-Value,96.55,Month-to-month,5,No,0.7663404531654667
1579-KLYDT,High-Value,90.45,Month-to-month,7,Yes,0.7659015130484869
6032-IGALN,Low-Value,25.1,Month-to-month,1,Yes,0.7658111314775133
9117-SHLZX,Low-Value,45.7,Month-to-month,1,Yes,0.7657783828130698
0887-HJGAR,Low-Value,45.7,Month-to-month,1,Yes,0.7657783828130698
8266-VBFQL,High-Value,90.4,Month-to-month,4,No,0.7657308104165992
7273-TEFQD,Low-Value,41.15,Month-to-month,3,Yes,0.7652569676778147
2754-VDLTR,High-Value,95.2,Month-to-month,10,Yes,0.7652046340738596
3533-UVMOM,High-Value,70.95,Two year,68,No,0.7651132153897127
9244-ZVAPM,Low-Value,45.6,Month-to-month,1,No,0.76501477593207
8104-OSKWT,High-Value,79.8,Month-to-month,12,No,0.7646698925506761
3566-HJGPK,Low-Value,45.55,Month-to-month,1,No,0.7646323262641757
5931-FLJJF,Low-Value,70.1,Month-to-month,7,Yes,0.7643901488080986
6994-KERXL,Low-Value,55.9,Month-to-month,4,No,0.7643322759383863
4367-NHWMM,Low-Value,24.9,Month-to-month,1,No,0.7642823425960356
3798-EPWRR,Low-Value,43.95,Month-to-month,2,No,0.76370952872878
6235-VDHOM,Low-Value,28.45,Month-to-month,5,Yes,0.7636181798810253
3914-FDRHP,High-Value,86.25,Month-to-month,9,No,0.7636088119447003
5692-FPTAH,Low-Value,45.4,Month-to-month,1,Yes,0.7634823940012386
2275-RBYQS,Low-Value,45.4,Month-to-month,1,No,0.7634823940012386
6615-NGGZJ,High-Value,100.55,Month-to-month,14,Yes,0.7632299643294764
7754-IXRMC,Low-Value,45.35,Month-to-month,1,No,0.7630982226321155
0495-ZBNGW,High-Value,79.9,Month-to-month,5,Yes,0.7630695234102922
0772-GYEQQ,High-Value,88.35,Month-to-month,3,Yes,0.763024814344547
8714-CTZJW,High-Value,82.85,Month-to-month,4,No,0.7627754949175077
2538-OIMXF,Low-Value,24.7,Month-to-month,1,No,0.7627466656122064
6582-OIVSP,Low-Value,45.3,Month-to-month,1,No,0.7627136211970568
7065-YUNRY,Low-Value,45.3,Month-to-month,1,Yes,0.7627136211970568
8481-YYXWG,High-Value,89.35,Month-to-month,5,Yes,0.7627022825901103
7912-SYRQT,High-Value,75.1,Month-to-month,7,Yes,0.762439805167232
3669-OYSJI,Low-Value,46.2,Month-to-month,1,Yes,0.7616210209166195
0708-SJDIS,Low-Value,65.0,Month-to-month,34,No,0.7616129962552053
5442-XSDCW,High-Value,79.5,Month-to-month,11,Yes,0.7615605890333396
7252-NTGSS,Low-Value,45.15,Month-to-month,1,No,0.7615572379905586
1731-TVIUK,High-Value,93.5,Month-to-month,4,Yes,0.7615526062228796
9518-XXBXE,High-Value,75.3,Month-to-month,10,No,0.761169669759088
3317-HRTNN,Low-Value,45.7,Month-to-month,5,Yes,0.7609624758596343
9136-ALYBR,Low-Value,24.45,Month-to-month,1,Yes,0.7608173971515579
2833-SLKDQ,Low-Value,45.05,Month-to-month,1,Yes,0.7607841683026754
5519-NPHVG,High-Value,94.2,Month-to-month,12,Yes,0.760518132606877
9895-VFOXH,Low-Value,24.4,Month-to-month,1,No,0.7604302553609433
3439-GVUSX,Low-Value,24.4,Month-to-month,1,No,0.7604302553609433
8695-WDYEA,Low-Value,51.25,Month-to-month,1,No,0.7600557735310481
9564-KCLHR,Low-Value,51.25,Month-to-month,1,Yes,0.7600557735310481
8950-MTZNV,Low-Value,44.95,Month-to-month,1,No,0.7600093820492718
6034-YMTOB,High-Value,75.65,Month-to-month,5,No,0.7599130326688567
9537-VHDTA,Low-Value,51.2,Month-to-month,1,No,0.7596677883885692
6656-JWRQX,Low-Value,30.55,Month-to-month,1,No,0.7593127463235865
5701-YVSVF,High-Value,82.9,Month-to-month,11,No,0.7591977443009936
9743-DQKQW,Low-Value,25.1,Month-to-month,3,No,0.759073747054892
2209-XADXF,Low-Value,25.25,Month-to-month,1,No,0.7589416727814396
5351-QESIO,Low-Value,24.2,Month-to-month,1,No,0.7588773999117396
2672-OJQZP,Low-Value,44.75,Month-to-month,1,No,0.7584546651040591
2592-SEIFQ,Low-Value,24.75,Month-to-month,3,Yes,0.7584352373169518
8873-GLDMH,High-Value,73.85,Month-to-month,6,No,0.7579386227585557
9601-BRXPO,High-Value,104.95,Month-to-month,25,Yes,0.7574898027626743
3946-MHCZW,Low-Value,50.9,Month-to-month,1,Yes,0.7573308814671962
0506-LVNGN,High-Value,75.55,Month-to-month,5,Yes,0.7573196675222562
4146-SVFUD,Low-Value,44.6,Month-to-month,1,No,0.7572841313875044
8260-NGFNY,Low-Value,25.2,Month-to-month,1,Yes,0.7571889722690669
2495-INZWQ,Low-Value,44.55,Month-to-month,4,Yes,0.7571490373718973
5747-PMBSQ,High-Value,92.5,Month-to-month,10,Yes,0.7569361880409196
4816-JBHOV,Low-Value,44.7,Month-to-month,2,Yes,0.7567821999529649
1541-ETJZO,Low-Value,62.05,Month-to-month,1,Yes,0.7567488174458709
2141-RRYGO,Low-Value,68.65,Month-to-month,4,Yes,0.7567276374254472
5022-JNQEQ,High-Value,75.85,Month-to-month,9,No,0.7566190619188226
1785-BPHTP,High-Value,85.45,Month-to-month,28,No,0.7565913556190936
2079-FBMZK,Low-Value,69.25,Month-to-month,6,Yes,0.7565667989281544
9389-ACWBI,Low-Value,69.95,Month-to-month,5,No,0.7563914257442622
7794-JASDG,Low-Value,50.75,Month-to-month,1,No,0.7561566527230619
5858-EAFCZ,Low-Value,44.45,Month-to-month,1,No,0.7561097492787732
6595-COKXZ,Low-Value,44.45,Month-to-month,1,Yes,0.7561097492787732
9620-ENEJV,High-Value,70.55,Month-to-month,6,No,0.7560718708995476
6637-KYRCV,Low-Value,30.5,Month-to-month,5,No,0.7559894425091938
6888-SBYAI,Low-Value,50.7,Month-to-month,1,No,0.7557643887574672
6982-SSHFK,Low-Value,44.4,Month-to-month,1,Yes,0.7557174342363875
2235-DWLJU,Low-Value,44.4,Month-to-month,6,No,0.755576660100421
6366-ZGQGL,Low-Value,24.8,Month-to-month,1,Yes,0.7554233442533927
2947-DOMLJ,Low-Value,50.6,Month-to-month,1,Yes,0.7549785803839897
0082-LDZUE,Low-Value,44.3,Month-to-month,1,No,0.7549315237781205
1527-SXDPN,High-Value,96.25,Two year,52,Yes,0.7547938686850804
7952-OBOYL,High-Value,89.85,Month-to-month,3,No,0.7547821040657734
3096-IZETN,High-Value,78.1,Month-to-month,12,Yes,0.7545373240487205
0988-JRWWP,Low-Value,54.2,Month-to-month,3,No,0.7543874432750062
6048-QBXKL,Low-Value,56.55,Month-to-month,2,No,0.7543304415617713
2187-PKZAY,High-Value,79.95,Month-to-month,12,No,0.75425260386345
4072-IPYLT,Low-Value,51.05,Month-to-month,36,No,0.7541681257392128
0641-EVBOJ,High-Value,82.3,Month-to-month,3,No,0.754161399758304
8993-PHFWD,Low-Value,25.25,Month-to-month,3,Yes,0.7541071351008283
7250-EQKIY,Low-Value,50.45,Month-to-month,1,Yes,0.7537966696323316
8280-MQRQN,Low-Value,50.45,Month-to-month,1,Yes,0.7537966696323316
7663-RGWBC,Low-Value,44.15,Month-to-month,1,Yes,0.7537494600754779
3415-TAILE,Low-Value,65.7,Month-to-month,2,Yes,0.7533143692526345
3034-ZBEQN,Low-Value,34.7,One year,48,Yes,0.7532802351985125
1254-IZEYF,High-Value,99.95,Month-to-month,31,Yes,0.7532171588496961
3926-CUQZX,Low-Value,45.1,Month-to-month,1,Yes,0.7530246249055279
3811-VBYBZ,High-Value,99.8,Month-to-month,7,Yes,0.7526564268504997
9526-BIHHD,Low-Value,29.7,Month-to-month,1,Yes,0.7526449208838686
9796-BPKIW,Low-Value,69.95,Month-to-month,8,No,0.7526192454436131
9214-EKVXR,Low-Value,44.0,Month-to-month,1,No,0.7525635635513273
3085-QUOZK,Low-Value,43.95,Month-to-month,1,Yes,0.752167413929343
3969-GYXEL,High-Value,76.4,Month-to-month,11,No,0.7519363274284168
6326-MTTXK,High-Value,100.85,Month-to-month,8,Yes,0.7516157551942556
4847-QNOKA,Low-Value,44.9,Month-to-month,1,Yes,0.7514394576570167
1582-RAFML,Low-Value,60.1,Month-to-month,1,Yes,0.7509607610261009
4815-GBTCD,Low-Value,25.15,Month-to-month,4,No,0.7509443432236628
0219-YTZUE,High-Value,84.8,Month-to-month,4,Yes,0.7508926255112744
5760-IFJOZ,High-Value,107.95,Month-to-month,3,No,0.7508405573027128
8637-XJIVR,High-Value,78.95,Month-to-month,12,Yes,0.7507929732746788
0032-PGELS,Low-Value,30.5,Month-to-month,1,Yes,0.7507261046538967
9448-REEVD,Low-Value,44.7,Month-to-month,1,Yes,0.7498474961055426
9732-KPKBW,Low-Value,53.95,Month-to-month,1,Yes,0.7498323381497535
7623-TRNQN,Low-Value,49.9,Month-to-month,1,Yes,0.7494302460171209
1453-RZFON,Low-Value,49.9,Month-to-month,1,No,0.7494302460171209
0928-JMXNP,Low-Value,29.9,Month-to-month,4,No,0.7493036277633582
7410-YTJIK,High-Value,75.45,Month-to-month,7,Yes,0.7489759849538122
8180-AKMJV,Low-Value,44.55,Month-to-month,1,No,0.7486490746830476
4369-HTUIF,High-Value,85.15,Month-to-month,6,Yes,0.7483098303886639
9430-FRQOC,High-Value,87.1,Month-to-month,4,Yes,0.7479248811748667
3799-ISUZQ,Low-Value,69.95,Month-to-month,7,Yes,0.7478853014445692
0876-WDUUZ,High-Value,85.4,Month-to-month,5,Yes,0.7474336362711776
1660-HSOOQ,Low-Value,49.65,Month-to-month,1,Yes,0.7474285494970127
6142-VSJQO,Low-Value,44.35,Month-to-month,1,Yes,0.7470452575721818
6178-KFNHS,High-Value,78.3,Month-to-month,12,Yes,0.7469130092708135
2189-WWOEW,High-Value,85.9,Month-to-month,15,Yes,0.7466909291205531
0322-CHQRU,Low-Value,45.35,Month-to-month,2,Yes,0.7465981717002805
3874-EQOEP,High-Value,95.0,Month-to-month,7,Yes,0.7465320658896012
4822-NGOCH,High-Value,84.45,Month-to-month,13,Yes,0.7464808819814538
8132-YPVBX,High-Value,85.95,Month-to-month,6,No,0.7463430708305681
0958-YHXGP,Low-Value,69.9,Month-to-month,7,No,0.7460745680846089
0415-MOSGF,Low-Value,44.4,Month-to-month,1,Yes,0.7460416411210824
9378-FXTIZ,Low-Value,70.15,One year,54,Yes,0.7457638034252385
9588-OZDMQ,Low-Value,45.0,Month-to-month,2,No,0.7455077589726941
3995-WFCSM,Low-Value,60.85,Month-to-month,2,No,0.7454770640058758
0306-JAELE,High-Value,96.1,Month-to-month,5,Yes,0.7454534854298355
6145-NNPNO,Low-Value,44.15,Month-to-month,1,No,0.745434686610162
3987-KQDDU,High-Value,75.6,Month-to-month,9,No,0.7452136594367706
6347-DCUIK,High-Value,74.15,Month-to-month,10,Yes,0.7450338642654137
5883-GTGVD,High-Value,99.95,Month-to-month,19,Yes,0.7448970725027473
8417-FMLZI,High-Value,83.55,Month-to-month,6,Yes,0.7448311948364492
3961-SXAXY,Low-Value,44.05,Month-to-month,1,No,0.7446268733692275
5960-MVTUK,Low-Value,29.75,Month-to-month,3,No,0.744522658081413
1391-UBDAR,High-Value,72.9,Month-to-month,11,No,0.744508458780241
4059-IIEBK,High-Value,78.55,Month-to-month,7,No,0.7443075387623416
9661-MHUMO,Low-Value,49.25,Month-to-month,1,Yes,0.744058005437625
1895-QTKDO,Low-Value,43.95,Month-to-month,1,No,0.7438173776643062
9853-JFZDU,Low-Value,56.85,Month-to-month,35,No,0.743728842827513
5605-IYGFG,Low-Value,69.85,Month-to-month,7,No,0.7433113985039131
2645-QTLMB,High-Value,94.25,Month-to-month,7,Yes,0.7432446173545706
1555-DJEQW,High-Value,114.2,Two year,70,Yes,0.7430093519761076
6650-VJONK,Low-Value,43.85,Month-to-month,1,No,0.7430062015760988
5348-CAGXB,High-Value,89.55,Month-to-month,12,No,0.74266225966136
5760-FXFVO,High-Value,78.95,Month-to-month,6,No,0.7426008168991416
2273-QCKXA,Low-Value,49.05,Month-to-month,1,No,0.7425814577151485
4822-RVYBB,High-Value,100.6,Month-to-month,8,Yes,0.7425156832600012
7537-RBWEA,Low-Value,25.15,Month-to-month,1,No,0.7422329489118921
5261-QSHQM,Low-Value,24.45,Month-to-month,4,Yes,0.7419620392020849
6204-IEUXJ,High-Value,80.1,Month-to-month,3,Yes,0.741706236419995
9572-WUKSB,Low-Value,29.9,Month-to-month,3,No,0.7415605054544037
1918-ZBFQJ,High-Value,79.25,Month-to-month,13,Yes,0.7412940077153797
3585-ISXZP,High-Value,95.65,Month-to-month,8,Yes,0.7412847508110998
4132-KALRO,High-Value,100.85,Month-to-month,4,No,0.7412592631428879
6861-XWTWQ,High-Value,99.25,Month-to-month,7,Yes,0.7406587569672178
8710-YGLWG,Low-Value,44.9,Month-to-month,1,No,0.7402259040217881
8757-TFHHJ,Low-Value,49.8,Month-to-month,1,No,0.7402028008448673
1075-BGWOH,High-Value,98.75,Month-to-month,16,Yes,0.740198715899082
5207-PLSTK,Low-Value,48.75,Month-to-month,1,No,0.7401352424251916
9330-IJWIO,High-Value,100.35,Month-to-month,13,Yes,0.7399440240433874
8263-JQAIK,Low-Value,24.45,Month-to-month,2,Yes,0.7396630024989324
0094-OIFMO,High-Value,95.0,Month-to-month,11,Yes,0.7396323099923465
5543-QDCRY,Low-Value,56.4,Month-to-month,4,No,0.7393937924701767
4373-MAVJG,High-Value,90.9,Month-to-month,14,Yes,0.7392437027502644
5652-MSDEY,High-Value,75.75,Month-to-month,10,No,0.7390748793801726
0322-YINQP,Low-Value,48.55,Month-to-month,1,Yes,0.7384960761187518
1816-FLZDK,Low-Value,29.15,Month-to-month,1,No,0.7383960955598722
7389-KBFIT,Low-Value,30.25,Month-to-month,2,No,0.7382211852850454
8885-QSQBX,Low-Value,49.55,Month-to-month,1,No,0.738153145476138
5887-IKKYO,High-Value,94.35,Two year,58,No,0.7374712634200319
6519-CFDBX,Low-Value,45.4,Month-to-month,2,No,0.7372773392379948
5696-QURRL,Low-Value,45.05,Month-to-month,1,Yes,0.7364612944886259
1422-DGUBX,High-Value,79.25,One year,32,No,0.7360255313432577
8167-GJLRN,Low-Value,30.4,Month-to-month,3,No,0.7354918044702202
1728-BQDMA,Low-Value,44.45,Month-to-month,2,No,0.7354540795555121
2460-NGXBJ,High-Value,75.2,Month-to-month,11,No,0.7352213294262736
1173-XZPYF,High-Value,89.2,Month-to-month,11,No,0.7351598725648648
0315-LVCRK,High-Value,84.8,Month-to-month,11,No,0.7350255331159968
8510-AWCXC,High-Value,100.8,Month-to-month,13,Yes,0.734959673557842
5999-LCXAO,Low-Value,29.9,Month-to-month,1,No,0.7345462118310067
4633-MKHYU,High-Value,88.4,Month-to-month,9,No,0.7345109366482894
3866-MDTUB,High-Value,70.75,Month-to-month,2,Yes,0.7338937782631465
4797-AXPXK,Low-Value,60.0,Month-to-month,1,Yes,0.7337679971101586
8993-IZEUX,Low-Value,69.15,Month-to-month,7,No,0.7336695481840636
2607-FBDFF,Low-Value,49.0,Month-to-month,1,No,0.7336073305449334
2372-HWUHI,Low-Value,44.35,Month-to-month,2,Yes,0.7334079006469727
3269-ATYWD,High-Value,95.65,Month-to-month,39,Yes,0.7333264260212935
7321-PKUYW,High-Value,90.15,Month-to-month,11,Yes,0.7329108101746749
4547-KQRTM,High-Value,80.05,Month-to-month,10,Yes,0.732763586350981
7234-FECYN,High-Value,101.35,Month-to-month,8,Yes,0.7325672448802615
9741-YLNTD,High-Value,87.95,Month-to-month,6,No,0.7317816643133264
4537-DKTAL,Low-Value,45.55,Month-to-month,2,No,0.7317038681042126
2962-XPMCQ,Low-Value,45.15,Month-to-month,2,Yes,0.7309476772977106
0067-DKWBL,Low-Value,49.25,Month-to-month,2,Yes,0.7306244453651206
1794-HBQTJ,Low-Value,48.6,Month-to-month,1,Yes,0.7302698873325731
5044-LRQAQ,Low-Value,69.2,Month-to-month,7,No,0.7301268613921794
5895-QSXOD,Low-Value,70.05,Month-to-month,9,No,0.7299040832938908
3329-WDIOK,Low-Value,50.6,Month-to-month,3,Yes,0.7297142069946863
7802-EFKNY,Low-Value,24.95,Month-to-month,5,Yes,0.7296252234930488
0623-GDISB,Low-Value,48.45,Month-to-month,1,No,0.7290115697303445
1803-BGNBD,Low-Value,54.3,Month-to-month,12,No,0.7287714547236669
0781-LKXBR,High-Value,100.5,Month-to-month,9,Yes,0.7281447261537937
9261-WDCAF,Low-Value,54.65,Month-to-month,3,No,0.7280559699120335
1565-RHDJD,High-Value,84.05,Month-to-month,4,Yes,0.727626525649081
2081-VEYEH,High-Value,107.95,Month-to-month,3,No,0.7267632384858059
4881-JVQOD,Low-Value,34.55,Month-to-month,10,No,0.726375433086416
4385-GZQXV,High-Value,94.45,Month-to-month,16,Yes,0.726289588799935
0402-CQAJN,High-Value,101.9,Month-to-month,37,Yes,0.7262539340723839
6244-BESBM,High-Value,95.2,Two year,69,No,0.7261685841948672
2070-FNEXE,High-Value,76.45,Month-to-month,7,Yes,0.7258927932447197
1564-NTYXF,High-Value,82.0,Month-to-month,13,Yes,0.7258781140543517
0623-IIHUG,Low-Value,41.9,Month-to-month,21,Yes,0.7257981760921398
0804-XBFBV,Low-Value,25.2,Month-to-month,11,No,0.7254051362594713
7853-OETYL,Low-Value,29.05,Month-to-month,4,No,0.7251990772032229
6734-GMPVK,High-Value,105.3,Month-to-month,5,No,0.7250673528582974
9540-JYROE,Low-Value,70.1,Month-to-month,8,Yes,0.7248404955702259
5108-ADXWO,High-Value,73.5,Month-to-month,11,Yes,0.7244813636616454
8224-DWCKX,High-Value,73.3,Month-to-month,12,No,0.7241766980052856
9332-GYWLO,Low-Value,54.85,Month-to-month,6,No,0.7240802643885575
0940-OUQEC,High-Value,80.7,Month-to-month,10,Yes,0.7238447915702865
4450-MDZFX,High-Value,74.35,Month-to-month,60,No,0.7236788331925337
7783-YKGDV,High-Value,99.7,Month-to-month,12,Yes,0.7233438868362368
9272-LSVYH,Low-Value,70.15,Month-to-month,10,No,0.7233414503697546
7675-OZCZG,Low-Value,45.0,Month-to-month,3,Yes,0.72330189911161
7967-HYCDE,High-Value,70.7,Month-to-month,8,No,0.7225739019427038
8348-HFYIV,Low-Value,49.25,Month-to-month,2,Yes,0.7222899815938105
8676-OOQEJ,Low-Value,30.5,Month-to-month,4,No,0.7222714775277141
6330-JKLPC,High-Value,80.5,Month-to-month,11,Yes,0.7222596813214714
7129-CAKJW,High-Value,80.05,Month-to-month,17,No,0.7215167603234
0196-JTUQI,High-Value,75.2,Month-to-month,9,No,0.7213362034568404
1251-KRREG,Low-Value,54.4,Month-to-month,2,Yes,0.7212624331095889
3671-SHRSP,High-Value,80.6,Month-to-month,4,Yes,0.7195865989885408
5215-LNLDJ,Low-Value,24.7,Month-to-month,7,No,0.7192324218379015
6599-SFQVE,Low-Value,55.0,Month-to-month,6,No,0.7186195744068313
7729-JTEEC,Low-Value,44.5,Month-to-month,2,No,0.7184758394120074
6543-CPZMK,Low-Value,29.95,Month-to-month,9,Yes,0.7180011931825239
8128-YVJRG,High-Value,79.65,Month-to-month,7,Yes,0.7179950417641446
7851-FLGGQ,Low-Value,44.65,Month-to-month,1,Yes,0.7170751627733002
1260-TTRXI,Low-Value,54.3,Month-to-month,4,Yes,0.7166181647260373
4480-QQRHC,High-Value,74.05,Month-to-month,8,No,0.7165808477409579
9667-EQRXU,Low-Value,40.3,Month-to-month,30,Yes,0.716163503450147
0927-LCSMG,High-Value,74.65,Month-to-month,7,Yes,0.7161239973647273
2876-GZYZC,High-Value,85.95,Month-to-month,13,No,0.7157286086635722
4817-QRJSX,High-Value,81.0,Month-to-month,10,Yes,0.715392172687085
4918-QLLIW,Low-Value,53.4,Month-to-month,3,Yes,0.7149647730067485
9625-QSTYE,High-Value,81.15,Month-to-month,13,Yes,0.7147450525552478
4106-HADHQ,High-Value,80.0,One year,39,Yes,0.71466449339422
2043-WVTQJ,Low-Value,55.7,Month-to-month,1,No,0.7143551100639527
4013-TLDHQ,High-Value,78.25,Month-to-month,19,Yes,0.7139269815755965
2626-URJFX,Low-Value,50.9,Month-to-month,4,Yes,0.7132014804310564
9305-CDSKC,High-Value,99.65,Month-to-month,8,Yes,0.7124198355673416
5233-GEEAX,Low-Value,29.4,Month-to-month,8,Yes,0.7121840240507601
8035-PWSEV,High-Value,89.25,Month-to-month,6,No,0.7120522603941328
4343-EJVQB,High-Value,74.35,Month-to-month,7,No,0.7119363426474076
8999-XXGNS,High-Value,105.75,One year,72,No,0.7117545023276844
0617-AQNWT,Low-Value,47.85,Two year,64,Yes,0.7115403612357075
7511-YMXVQ,Low-Value,45.4,Month-to-month,9,Yes,0.711254178313858
9492-TOKRI,High-Value,90.0,Month-to-month,18,Yes,0.7112067958575127
5013-SBUIH,High-Value,109.65,Two year,50,Yes,0.7105443301174107
7579-OOPEC,Low-Value,50.15,Month-to-month,2,Yes,0.709737003407696
4628-WQCQQ,High-Value,85.15,One year,35,Yes,0.7095985877683638
5922-ABDVO,High-Value,89.65,Month-to-month,19,Yes,0.7095862115387238
4514-GFCFI,High-Value,84.75,Month-to-month,16,Yes,0.7094917931423717
5035-BVCXS,High-Value,75.9,Month-to-month,11,No,0.7093719718432208
6413-XKKPU,High-Value,89.4,Month-to-month,17,Yes,0.7089813881658912
0023-XUOPT,High-Value,94.1,Month-to-month,13,Yes,0.7088789555764777
5136-KCKGI,High-Value,103.7,One year,33,Yes,0.7088076569582
3577-AMVUX,Low-Value,55.05,Month-to-month,1,No,0.70868154120054
5143-EGQFK,Low-Value,29.65,Month-to-month,10,Yes,0.7082766039318688
2041-JIJCI,Low-Value,64.0,Month-to-month,5,No,0.7082747520053835
8722-NGNBH,Low-Value,40.0,Month-to-month,5,Yes,0.7079374748818041
7377-DMMRI,Low-Value,47.8,Month-to-month,2,Yes,0.7069281895953706
1792-UXAFY,High-Value,89.15,Month-to-month,17,Yes,0.7064377163294342
7479-NITWS,High-Value,89.35,Month-to-month,7,Yes,0.7062280156788048
8806-EAGWC,Low-Value,55.15,Month-to-month,3,Yes,0.706076974416315
7339-POGZN,Low-Value,50.7,Month-to-month,4,No,0.7060728211498863
0975-VOOVL,Low-Value,29.2,Month-to-month,3,No,0.7059718086405666
1589-AGTLK,Low-Value,45.35,Month-to-month,3,Yes,0.7058122880103664
9638-JIQYA,Low-Value,24.9,Month-to-month,2,No,0.7057813774602352
5405-ZMYXQ,High-Value,74.6,Month-to-month,8,No,0.7055853627096426
8654-DHAOW,Low-Value,54.15,Month-to-month,2,No,0.7054091357645288
4145-UQXUQ,High-Value,92.1,Month-to-month,8,Yes,0.7048903857385549
2718-GAXQD,Low-Value,46.0,Month-to-month,4,Yes,0.7046418523036223
8650-RHRKE,Low-Value,29.65,Month-to-month,4,Yes,0.7043182852432854
9269-CQOOL,Low-Value,54.7,Month-to-month,3,Yes,0.7037212420506503
1658-XUHBX,High-Value,88.75,Month-to-month,59,No,0.7035908012583433
7072-MBHEV,High-Value,78.1,Month-to-month,11,No,0.703334525803133
2472-OVKUP,High-Value,91.0,Month-to-month,6,Yes,0.7032349626296082
1142-WACZW,Low-Value,29.85,Month-to-month,2,Yes,0.702636259105603
0277-BKSQP,Low-Value,54.4,Month-to-month,8,No,0.7019246612965591
0727-IWKVK,High-Value,79.9,Month-to-month,9,Yes,0.7016955902146811
6917-IAYHD,Low-Value,33.6,Month-to-month,1,No,0.7012013537978729
5156-UMKOW,Low-Value,29.65,Month-to-month,3,No,0.7005871505269837
3372-KWFBM,High-Value,86.6,Month-to-month,16,Yes,0.7004372995114276
5356-CSVSQ,Low-Value,64.6,Month-to-month,3,No,0.699884476549443
7501-VTYLJ,Low-Value,51.55,Month-to-month,2,No,0.6997470895766927
2585-KTFRE,High-Value,70.45,Month-to-month,1,No,0.6993530442631194
3234-VKACU,Low-Value,70.3,Month-to-month,2,No,0.6991579077867291
1777-JYQPJ,Low-Value,24.3,Month-to-month,2,No,0.698783043132388
8357-EQXFO,High-Value,95.35,Month-to-month,7,Yes,0.6982231866606551
7508-MYBOG,High-Value,86.1,Month-to-month,14,Yes,0.6979494534992167
7020-OZKXZ,High-Value,75.5,Month-to-month,9,No,0.6978076902874556
0778-NELLA,Low-Value,34.7,Month-to-month,9,Yes,0.697714970506729
0786-VSSUD,Low-Value,39.0,Month-to-month,16,Yes,0.6973645686281219
7318-EIVKO,Low-Value,59.25,Month-to-month,8,No,0.697160548268917
2933-FILNV,Low-Value,24.4,Month-to-month,2,Yes,0.6968878053205021
7028-DVOIQ,High-Value,99.05,Month-to-month,35,Yes,0.6968838171528563
9391-TTOYH,Low-Value,19.5,Month-to-month,23,No,0.6963862630564837
5167-GBFRE,Low-Value,25.2,Month-to-month,4,Yes,0.6962593637698442
6284-AHOOQ,High-Value,90.5,Month-to-month,22,Yes,0.6960664589420865
2968-SSGAA,High-Value,100.6,Month-to-month,10,Yes,0.6959984490459498
5889-LFOLL,High-Value,84.6,Month-to-month,13,Yes,0.6958375481118458
6261-RCVNS,High-Value,73.9,One year,42,Yes,0.6956700673881331
9108-EJFJP,Low-Value,53.55,Month-to-month,1,No,0.6953392519379497
3082-VQXNH,Low-Value,29.8,Month-to-month,3,No,0.6952912940162773
9692-TUSXH,High-Value,96.05,Month-to-month,18,Yes,0.695122569110305
5945-AZYHT,High-Value,109.6,One year,71,No,0.69404732247826
6956-SMUCM,High-Value,99.0,Month-to-month,3,Yes,0.694019092867185
4612-SSVHJ,High-Value,81.45,Month-to-month,20,No,0.6932113358235008
1498-DQNRX,Low-Value,19.85,Month-to-month,29,No,0.6927236139432826
9221-OTIVJ,High-Value,104.85,Month-to-month,14,Yes,0.692662181565544
9552-TGUZV,High-Value,75.0,Month-to-month,8,No,0.6925716068000839
8267-ZNYVZ,High-Value,103.75,One year,33,Yes,0.6924493123003475
4208-UFFGW,Low-Value,44.95,Month-to-month,2,Yes,0.6919346718636696
8063-RJYNF,High-Value,94.25,Month-to-month,16,Yes,0.6916490912270745
6542-LWGXJ,Low-Value,25.0,Month-to-month,3,No,0.6914594928891659
4631-OACRM,High-Value,79.4,Month-to-month,15,Yes,0.6913602251240112
8450-JOVAH,Low-Value,56.7,Month-to-month,2,Yes,0.6903345529982573
3606-TWKGI,High-Value,106.9,Month-to-month,13,Yes,0.6901597000420326
7762-URZQH,High-Value,106.05,Two year,66,Yes,0.6896418933341406
9026-LHEVG,Low-Value,40.75,Month-to-month,9,No,0.6891173655455014
8849-GYOKR,High-Value,106.55,One year,54,Yes,0.6891031438256807
2309-OSFEU,Low-Value,33.9,Month-to-month,10,Yes,0.6889813078142047
1121-QSIVB,High-Value,77.55,One year,44,No,0.6888714318534369
2636-OHFMN,Low-Value,48.55,Month-to-month,4,Yes,0.688619231723356
0374-IOEGQ,Low-Value,44.6,Month-to-month,3,No,0.6879747802687941
3088-LHEFH,High-Value,79.0,Month-to-month,11,No,0.6876172547894691
8875-AKBYH,High-Value,84.35,Month-to-month,20,No,0.6875969524395106
2378-HTWFW,High-Value,91.0,Month-to-month,35,No,0.6875120168682982
8204-TIFGJ,Low-Value,20.3,Month-to-month,23,No,0.6874253042199165
6295-OSINB,High-Value,109.65,Two year,72,No,0.6873895173192347
0869-PAPRP,High-Value,85.7,Month-to-month,26,No,0.6873440225771001
1597-FZREH,High-Value,76.4,Month-to-month,2,Yes,0.6869879664568842
4800-CZMPC,High-Value,103.25,One year,48,Yes,0.686915888861907
5896-NPFWW,Low-Value,50.15,Month-to-month,3,Yes,0.6867423115399749
6402-EJMWF,Low-Value,55.3,Month-to-month,4,No,0.6866126865400066
5669-SRAIP,Low-Value,39.5,Month-to-month,5,Yes,0.686443782016531
8805-JNRAZ,Low-Value,49.2,Month-to-month,2,No,0.6863592964388608
4536-PLEQY,High-Value,85.05,Month-to-month,12,No,0.6859559856119541
4558-FANTW,High-Value,91.85,Month-to-month,17,Yes,0.6855810962735245
4468-KAZHE,Low-Value,60.0,Month-to-month,20,No,0.6855705785976712
6877-LGWXO,High-Value,78.55,Month-to-month,18,Yes,0.6852769466850599
1226-UDFZR,Low-Value,49.6,Month-to-month,2,Yes,0.6851965288793012
8063-GBATB,High-Value,85.25,Month-to-month,27,Yes,0.6849945585862082
4659-NZRUF,High-Value,95.15,Month-to-month,19,Yes,0.6848830683190825
3748-FVMZZ,Low-Value,40.05,Month-to-month,4,No,0.6848662511536995
1226-IENZN,High-Value,78.75,Month-to-month,16,No,0.6846530730198984
7587-RZNME,Low-Value,43.3,Month-to-month,3,Yes,0.6844434825104582
5365-LLFYV,Low-Value,45.85,Month-to-month,2,No,0.6843349465810258
9667-TKTVZ,Low-Value,54.35,Month-to-month,2,No,0.6843058575479691
8878-HMWBV,Low-Value,49.15,Month-to-month,3,Yes,0.6841638140735986
1335-NTIUC,Low-Value,24.95,Month-to-month,9,No,0.6841538935624638
4625-EWPTF,Low-Value,30.45,Month-to-month,8,Yes,0.6841354341198597
4223-WOZCM,Low-Value,49.95,Month-to-month,2,No,0.6839841708409042
6817-WTYHE,Low-Value,44.9,Month-to-month,2,No,0.6829696787630776
6127-ISGTU,High-Value,84.95,Month-to-month,16,Yes,0.6828871929045137
5590-BYNII,High-Value,100.75,Month-to-month,22,Yes,0.6825006518349025
0357-NVCRI,Low-Value,20.05,Month-to-month,25,No,0.6824320396353147
5842-POCOP,High-Value,88.9,Month-to-month,5,Yes,0.6814673515011678
4398-HSCJH,Low-Value,63.6,Month-to-month,3,Yes,0.6812216681393499
7603-USHJS,High-Value,73.75,Month-to-month,12,Yes,0.6811294701161699
2979-SXESE,High-Value,94.4,Month-to-month,17,Yes,0.6811294676608417
5138-WVKYJ,High-Value,98.55,Month-to-month,10,Yes,0.6806440912762767
0325-XBFAC,High-Value,94.7,Month-to-month,8,Yes,0.6806142436104211
9412-ARGBX,High-Value,95.5,Two year,48,Yes,0.6805864946174598
9050-QLROH,High-Value,90.7,Month-to-month,18,Yes,0.6803682987455547
5216-WASFJ,High-Value,84.85,Month-to-month,31,No,0.6803258002272775
9314-IJWSQ,High-Value,84.8,Month-to-month,14,No,0.6800878564800363
9185-TQCVP,High-Value,85.15,Month-to-month,14,Yes,0.6799635222816665
1960-UYCNN,High-Value,95.25,Month-to-month,10,No,0.6799003244472148
4801-JZAZL,Low-Value,29.6,Month-to-month,11,No,0.6798946425459396
2959-FENLU,High-Value,85.3,Month-to-month,9,No,0.6795374908473152
2831-EBWRN,Low-Value,45.9,Month-to-month,4,No,0.6787802139637197
0570-BFQHT,High-Value,80.55,Month-to-month,9,No,0.6782958586082468
5948-UJZLF,Low-Value,49.25,Month-to-month,2,No,0.6781373247897912
4910-AQFFX,High-Value,79.35,Month-to-month,9,Yes,0.6779772943599397
1322-AGOQM,Low-Value,30.3,Month-to-month,46,Yes,0.6779471885795818
6210-KBBPI,High-Value,99.45,Month-to-month,9,Yes,0.6778405436514168
2719-BDAQO,High-Value,93.85,Month-to-month,17,Yes,0.6778338853490489
9102-IAYHT,High-Value,85.45,Month-to-month,17,Yes,0.6776262612606353
9992-UJOEL,Low-Value,50.3,Month-to-month,2,No,0.6774636051314803
1010-DIAUQ,High-Value,96.5,Month-to-month,5,Yes,0.6771164556052127
5419-CONWX,High-Value,99.8,Month-to-month,4,Yes,0.6769844780809353
7137-RYLPP,High-Value,85.7,Month-to-month,37,Yes,0.6769084924252025
6629-LADHQ,Low-Value,50.95,Month-to-month,2,No,0.6766650856074186
7831-QGOXH,High-Value,85.2,Month-to-month,18,Yes,0.6764617319589694
1791-PQHBB,Low-Value,61.2,Month-to-month,2,No,0.6764076035080249
2049-BAFNW,Low-Value,35.9,Month-to-month,1,No,0.6761073791986849
5168-MSWXT,High-Value,94.75,Month-to-month,8,No,0.6755052474825016
3536-IQCTX,High-Value,85.3,Month-to-month,32,Yes,0.6748803277132892
4671-LXRDQ,Low-Value,45.0,Month-to-month,2,Yes,0.6745680644859131
2181-UAESM,Low-Value,53.45,Month-to-month,2,No,0.674493713977431
5606-AMZBO,High-Value,78.15,Month-to-month,10,No,0.6744895116897168
0541-FITGH,Low-Value,62.15,Month-to-month,2,No,0.6740281517723862
9606-PBKBQ,High-Value,85.0,Month-to-month,32,Yes,0.6732358857048886
5117-IFGPS,High-Value,84.3,Month-to-month,29,No,0.6731906220174875
2504-DSHIH,High-Value,86.8,Month-to-month,23,No,0.6731762820277777
1730-ZMAME,High-Value,79.5,Month-to-month,32,No,0.6728049297619112
8981-FJGLA,High-Value,78.0,Month-to-month,11,No,0.6726851989915916
3672-YITQD,High-Value,84.1,Month-to-month,36,Yes,0.672622681608529
0928-XUTSN,High-Value,80.5,Month-to-month,13,No,0.6719372722638406
6331-EWIEB,High-Value,85.25,Month-to-month,20,Yes,0.6717113629712724
5228-EXCET,High-Value,80.85,Month-to-month,13,Yes,0.6716664435856916
1262-OPMFY,High-Value,75.75,Month-to-month,9,Yes,0.6715785991529206
7881-EVUAD,Low-Value,42.6,Month-to-month,2,Yes,0.6713954136989824
8404-GFGCZ,Low-Value,65.6,Month-to-month,4,No,0.6707025730233198
3446-QDSZF,Low-Value,55.5,Month-to-month,4,No,0.6704199425242791
5019-GQVCR,High-Value,84.85,Month-to-month,43,No,0.6701010466892598
9490-DFPMD,High-Value,84.65,Month-to-month,42,Yes,0.6694581234367125
2057-ZBLPD,High-Value,86.5,Month-to-month,21,Yes,0.66843343529403
3374-LXDEV,High-Value,89.4,Month-to-month,13,Yes,0.6675784512521573
3237-AJGEH,Low-Value,31.0,Month-to-month,3,Yes,0.667546248970621
5174-RNGBH,Low-Value,66.25,Month-to-month,9,Yes,0.6665509265850231
2955-BJZHG,High-Value,80.85,Month-to-month,17,Yes,0.6664952800707566
5404-GGUKR,Low-Value,51.35,Month-to-month,5,No,0.6660839968917633
4718-DHSMV,Low-Value,35.8,Month-to-month,11,No,0.6657059185876221
4154-AQUGT,High-Value,89.05,Month-to-month,13,Yes,0.6653880332207764
4116-TZAQJ,High-Value,74.25,Month-to-month,9,Yes,0.6648687235707808
8871-JLMHM,High-Value,90.2,Two year,68,No,0.6645964546070094
3389-YGYAI,High-Value,105.5,Month-to-month,8,Yes,0.6641602718411314
9355-NPPFS,High-Value,78.8,Month-to-month,26,No,0.6639986246145364
0096-BXERS,Low-Value,50.35,Month-to-month,6,No,0.6637777418920031
9191-MYQKX,High-Value,75.15,Month-to-month,7,Yes,0.6629320288615391
9505-SQFSW,Low-Value,40.3,Month-to-month,3,No,0.6628652916588628
9992-RRAMN,High-Value,85.1,Month-to-month,22,Yes,0.6627593020428061
0480-BIXDE,High-Value,96.8,Month-to-month,19,No,0.6627399455478118
2480-SQIOB,Low-Value,44.8,Month-to-month,4,No,0.6621594367316547
2606-RMDHZ,Low-Value,30.5,Month-to-month,6,Yes,0.662047136710883
6711-VTNRE,High-Value,87.55,Month-to-month,36,Yes,0.6617247985714545
5968-VXZLG,Low-Value,46.6,Month-to-month,2,No,0.6610236672819495
5349-AZPEW,Low-Value,25.05,Month-to-month,5,No,0.6608976124662517
6022-KOUQO,Low-Value,29.05,Month-to-month,2,No,0.6601635342205976
6818-DJXAA,High-Value,91.1,Month-to-month,10,No,0.6600420282232937
7404-JLKQG,Low-Value,57.55,Month-to-month,3,No,0.6598327098023555
3097-NNSPB,Low-Value,49.05,Month-to-month,2,Yes,0.6598213914079181
8087-LGYHQ,High-Value,94.05,Month-to-month,9,No,0.6593014794863075
0168-XZKBB,High-Value,86.85,Month-to-month,19,No,0.6584792528281691
5628-FCGYG,High-Value,84.1,Month-to-month,21,No,0.658116208540833
2694-CIUMO,High-Value,79.55,Month-to-month,12,No,0.6580863536436591
7636-OWBPG,Low-Value,29.35,Month-to-month,12,No,0.658049585847441
2272-QAGFO,High-Value,74.3,Month-to-month,14,Yes,0.6578950209583975
3161-GETRM,High-Value,90.05,Month-to-month,34,No,0.6562944516043219
5650-VDUDS,Low-Value,24.25,Month-to-month,4,Yes,0.6557990923543962
5934-RMPOV,High-Value,84.75,Month-to-month,22,No,0.6557859135541961
8160-HOWOX,Low-Value,66.85,Month-to-month,7,No,0.6556928713545662
0524-IAVZO,High-Value,85.0,Month-to-month,30,Yes,0.6554856447427043
4248-QPAVC,High-Value,85.35,Month-to-month,17,Yes,0.655397971398909
3955-JBZZM,High-Value,78.8,Month-to-month,20,No,0.6553779591864394
1766-GKNMI,High-Value,84.9,Month-to-month,29,No,0.6548510078995371
8118-LSUEL,High-Value,106.4,Month-to-month,23,Yes,0.6543565765455984
8705-DWKTI,High-Value,83.8,Month-to-month,52,No,0.6543422486601604
7841-TZDMQ,Low-Value,46.0,Month-to-month,2,Yes,0.6537878217064272
9360-AHGNL,High-Value,109.55,One year,43,Yes,0.6536391646214008
3317-VLGQT,High-Value,78.1,Month-to-month,14,No,0.6531717373718083
0431-APWVY,High-Value,90.1,One year,28,Yes,0.6530696889438478
7634-WSWDB,Low-Value,38.5,Month-to-month,8,No,0.6528921793904285
3223-WZWJM,High-Value,83.95,Month-to-month,26,Yes,0.6527298441954527
0921-OHLVP,High-Value,83.05,Month-to-month,22,No,0.6526661119222462
0224-HJAPT,Low-Value,47.15,Month-to-month,5,Yes,0.6526358682932125
2754-SDJRD,High-Value,100.15,Month-to-month,8,No,0.6518379765193485
4257-GAESD,Low-Value,45.0,Month-to-month,6,No,0.6517732680798505
7892-QVYKW,High-Value,85.6,Month-to-month,23,No,0.6505899128971371
4592-IWTJI,Low-Value,29.7,Month-to-month,3,Yes,0.6501591546427627
9779-DPNEJ,High-Value,80.15,Month-to-month,22,No,0.649858095335233
0529-ONKER,High-Value,75.65,Month-to-month,15,Yes,0.6498496242920246
8010-EZLOU,High-Value,80.2,Month-to-month,15,Yes,0.6493661403293972
2373-NTKOD,Low-Value,66.25,Month-to-month,8,No,0.649300470318852
7240-FQLHE,High-Value,99.75,Month-to-month,18,Yes,0.649263908727745
2842-JTCCU,Low-Value,46.05,Month-to-month,2,Yes,0.6485405267844938
5940-NFXKV,High-Value,83.65,Month-to-month,19,Yes,0.6484248397984093
6352-TWCAU,High-Value,86.45,Month-to-month,35,Yes,0.6482579322490851
5071-FBJFS,Low-Value,50.3,Month-to-month,4,No,0.6482145902853091
1230-QAJDW,Low-Value,65.25,Month-to-month,3,No,0.6480192194207405
8364-TRMMK,Low-Value,50.65,Month-to-month,3,Yes,0.6479775440585391
4822-YCXMX,High-Value,84.8,Month-to-month,25,Yes,0.6476283904474467
3793-MMFUH,High-Value,95.05,Month-to-month,13,Yes,0.6475291034679278
0027-KWYKW,High-Value,83.75,Month-to-month,23,No,0.6473797466164819
9685-WKZGT,High-Value,74.95,Month-to-month,14,Yes,0.6472974364004481
2391-SOORI,Low-Value,49.35,Month-to-month,4,Yes,0.6472272955914173
3873-WOSBC,Low-Value,25.6,Two year,67,No,0.6469839628338104
0420-BWTPW,Low-Value,25.5,Month-to-month,8,Yes,0.6468736109214648
1965-AKTSX,High-Value,78.95,Month-to-month,14,Yes,0.6464117211536924
9560-ARGQJ,High-Value,81.0,Month-to-month,16,Yes,0.6459329069418158
6180-YBIQI,Low-Value,24.3,Month-to-month,5,No,0.6458229470514896
3370-GQEAL,High-Value,85.45,Month-to-month,30,No,0.6456173960806725
5153-RTHKF,High-Value,85.35,Month-to-month,34,No,0.64519172916432
6502-HCJTI,High-Value,94.7,Month-to-month,7,Yes,0.645158640380828
5793-YOLJN,Low-Value,21.0,Two year,55,No,0.6447675624089356
4445-ZJNMU,High-Value,99.3,Month-to-month,9,No,0.6445350876934427
6101-IMRMM,High-Value,94.5,Month-to-month,6,Yes,0.6445038160277127
4587-VVTOX,High-Value,105.3,Month-to-month,6,Yes,0.6435746183681225
7711-GQBZC,Low-Value,24.7,Two year,71,No,0.6434776867381085
0362-ZBZWJ,High-Value,84.9,Month-to-month,36,Yes,0.6431681895594402
8107-KNCIM,High-Value,75.1,Month-to-month,14,No,0.6429890290350452
8212-DJRCH,High-Value,90.35,Month-to-month,5,No,0.6425613407288807
1750-CSKKM,Low-Value,55.35,Month-to-month,9,Yes,0.6424881197503891
6218-KNUBD,Low-Value,59.45,Month-to-month,6,No,0.6421369565047829
1355-KUSBG,Low-Value,48.8,Month-to-month,7,No,0.6420128868018258
4959-JOSRX,Low-Value,44.6,Month-to-month,2,Yes,0.6419704438551502
1329-VHWNP,Low-Value,25.05,Month-to-month,7,No,0.6415676236100581
0626-QXNGV,Low-Value,24.15,Two year,72,No,0.641092250937516
1501-SGHBW,Low-Value,45.85,Month-to-month,2,Yes,0.6408359769383475
5180-UCIIQ,Low-Value,40.05,Month-to-month,22,Yes,0.6407306315748884
9026-RNUJS,Low-Value,50.35,Month-to-month,5,Yes,0.6400856902913895
6311-UEUME,High-Value,78.9,Month-to-month,29,Yes,0.6399436535860398
2045-BMBTJ,Low-Value,59.45,Month-to-month,33,No,0.6399379367323745
8436-BJUMM,High-Value,83.75,Month-to-month,26,Yes,0.6397656453031951
8008-HAWED,Low-Value,50.75,Month-to-month,14,Yes,0.6397129286246045
7278-CKDNC,High-Value,80.5,Month-to-month,24,No,0.6396259349775729
7421-ZLUPA,Low-Value,29.25,Month-to-month,8,No,0.6396212487016062
7129-ACFOG,Low-Value,53.8,Month-to-month,5,No,0.6394294262317101
6635-MYYYZ,High-Value,85.35,One year,30,Yes,0.6389652834195406
6961-VCPMC,High-Value,80.4,Month-to-month,46,Yes,0.638518567332311
2398-YPMUR,Low-Value,70.15,Month-to-month,13,Yes,0.6380583823213488
2235-ZGKPT,Low-Value,50.85,Month-to-month,4,Yes,0.6378602846643451
7586-ZATGZ,High-Value,84.9,Month-to-month,40,No,0.6373740091993949
3956-MGXOG,High-Value,80.6,Month-to-month,28,No,0.6366091415302351
1636-NTNCO,Low-Value,50.95,Month-to-month,4,No,0.6363727464931486
7684-XSZIY,Low-Value,24.3,Two year,72,No,0.6361564852447847
9061-TIHDA,High-Value,95.25,Month-to-month,13,Yes,0.6361447051769918
5916-QEWPT,Low-Value,69.0,Month-to-month,2,No,0.6351840392722163
0256-LTHVJ,High-Value,81.05,Month-to-month,28,Yes,0.6351145786955249
3278-FSIXX,Low-Value,45.25,Month-to-month,2,No,0.6348224388181644
8313-KTIHG,Low-Value,61.3,Month-to-month,4,No,0.634767862063372
2369-UAPKZ,High-Value,104.1,Month-to-month,5,Yes,0.6346715401817056
5315-CKEQK,Low-Value,51.0,One year,28,No,0.6345809100450648
2826-DXLQO,Low-Value,29.8,Month-to-month,7,No,0.6338743409308664
8519-IMDHU,High-Value,85.6,Month-to-month,15,Yes,0.6337119230783334
0916-QOFDP,High-Value,95.8,Month-to-month,14,No,0.633591548586501
5027-XWQHA,Low-Value,44.75,Month-to-month,6,Yes,0.6332615728914521
9450-TRJUU,High-Value,83.15,Month-to-month,35,No,0.6331379246868054
6172-FECYY,High-Value,84.5,Month-to-month,49,Yes,0.6329551434942948
6581-NQCBA,Low-Value,49.95,Month-to-month,16,Yes,0.632611693118301
5882-CMAZQ,Low-Value,34.25,Month-to-month,5,No,0.6323075921698588
3090-LETTY,Low-Value,60.95,Month-to-month,2,No,0.6322143343138394
1910-FMXJM,High-Value,80.4,Month-to-month,36,No,0.6317605486852661
4323-SADQS,Low-Value,34.5,Month-to-month,7,Yes,0.6316749611642909
7795-CFOCW,Low-Value,42.3,One year,45,No,0.6314060208645395
1767-TGTKO,Low-Value,45.45,Month-to-month,8,No,0.6310309767888526
2362-IBOOY,High-Value,84.75,Month-to-month,36,Yes,0.6298684722504374
9626-WEQRM,Low-Value,29.15,Month-to-month,4,No,0.6294744098990515
2778-OCLGR,Low-Value,39.1,Month-to-month,24,Yes,0.6291681729852202
6701-DHKWQ,Low-Value,51.35,Two year,61,No,0.6285573160296762
1919-RTPQD,Low-Value,44.75,Month-to-month,7,No,0.6285493479496581
6464-KEXXH,Low-Value,25.25,Month-to-month,8,No,0.626515510488065
0722-SVSFK,High-Value,100.4,Month-to-month,7,No,0.6262768335792607
9048-JVYVF,Low-Value,69.35,Month-to-month,3,Yes,0.6262370913778491
3055-MJDSB,Low-Value,24.6,Month-to-month,9,No,0.6259928756526845
2277-VWCNI,Low-Value,48.75,Month-to-month,4,No,0.625641770640376
4598-XLKNJ,High-Value,98.5,Month-to-month,25,Yes,0.6253595255652015
9874-QLCLH,High-Value,104.2,Month-to-month,17,Yes,0.6252722500405633
7156-MHUGY,High-Value,90.5,Month-to-month,13,Yes,0.6244855561313828
7029-RPUAV,High-Value,100.45,Month-to-month,17,Yes,0.6243445054641055
9631-XEYKE,Low-Value,50.4,Month-to-month,3,No,0.6242283510805194
8660-BUETV,Low-Value,44.75,Month-to-month,3,No,0.6239666182823778
0125-LZQXK,High-Value,101.35,Month-to-month,15,Yes,0.6238760191952762
0365-BZUWY,High-Value,102.55,Month-to-month,17,No,0.6237836033328693
5295-PCJOO,Low-Value,49.4,Month-to-month,4,Yes,0.6236355417470781
2712-SYWAY,Low-Value,25.7,Month-to-month,1,No,0.6224103887129291
7410-OIEDU,High-Value,79.85,Month-to-month,10,No,0.6222076036629397
0319-QZTCO,Low-Value,58.7,Month-to-month,3,No,0.6219859154657842
2018-PZKMU,High-Value,103.1,Month-to-month,9,No,0.6214494395847517
5565-FILXA,High-Value,96.15,Month-to-month,16,Yes,0.6214355673154363
6844-DZKRF,Low-Value,50.2,Month-to-month,2,No,0.6212918951643763
2937-FTHUR,Low-Value,64.8,Month-to-month,18,No,0.6212767015145956
9121-PHQSR,High-Value,85.05,Month-to-month,16,No,0.6212066635294586
7541-YLXCL,Low-Value,65.4,One year,36,Yes,0.6210508243075625
3815-SLMEF,Low-Value,34.25,Month-to-month,3,Yes,0.620918242907507
3565-UNOCC,High-Value,99.05,Month-to-month,29,Yes,0.6208567828219903
4061-UKJWL,Low-Value,45.45,Month-to-month,3,No,0.6207227885403337
7997-EASSD,High-Value,81.2,One year,63,No,0.6203324513800847
9190-MFJLN,High-Value,95.9,Month-to-month,19,Yes,0.6199970910710979
3043-TYBNO,Low-Value,60.65,Month-to-month,3,No,0.6198446477307882
9099-FTUHS,Low-Value,54.4,Month-to-month,23,No,0.6194057514021296
8344-WFMFH,Low-Value,50.1,Month-to-month,9,No,0.6193183480204385
3320-VEOYC,High-Value,95.6,Month-to-month,14,No,0.6192092672980384
1268-ASBGA,High-Value,85.35,Month-to-month,16,Yes,0.61872362570162
9947-OTFQU,High-Value,74.4,Month-to-month,15,Yes,0.6184624154602034
8901-HJXTF,Low-Value,29.2,Month-to-month,12,Yes,0.6180626586634302
6137-NICCO,High-Value,94.05,Month-to-month,6,No,0.6180068384146861
7459-IMVYU,Low-Value,69.95,Month-to-month,38,No,0.6179794661716234
6288-LBEAR,High-Value,79.1,Month-to-month,23,No,0.6179682879475127
5707-ORNDZ,Low-Value,54.55,Month-to-month,9,Yes,0.6179477190564386
0650-BWOZN,High-Value,73.55,Month-to-month,18,No,0.6178202630974379
3217-FZDMN,High-Value,94.45,Month-to-month,8,Yes,0.6169430679208752
5173-WXOQV,Low-Value,64.2,Month-to-month,2,No,0.616761213489676
9402-ORRAH,High-Value,91.5,Month-to-month,15,No,0.6162577539914641
3744-ZRRDZ,High-Value,82.35,Month-to-month,21,Yes,0.6161339513381312
0302-JOIVN,High-Value,101.15,Month-to-month,8,Yes,0.6160232737192465
1689-MRZQR,High-Value,78.3,Month-to-month,34,Yes,0.6158247859680609
2528-HFYZX,High-Value,76.45,Month-to-month,17,Yes,0.6151441893442611
9763-PDTKK,High-Value,94.4,Month-to-month,4,Yes,0.6148830590795784
4432-ADRLB,Low-Value,44.65,Month-to-month,2,Yes,0.6146917331820815
3090-HAWSU,High-Value,111.6,Two year,61,Yes,0.614679837709073
9462-MJUAW,Low-Value,50.4,Month-to-month,4,Yes,0.6141359860765865
4846-WHAFZ,High-Value,76.5,Month-to-month,37,Yes,0.613750920236339
3669-LVWZB,Low-Value,51.0,Month-to-month,5,Yes,0.6133210631136211
5935-FCCNB,High-Value,94.2,Month-to-month,17,No,0.6125782659044003
6652-YFFJO,Low-Value,64.9,Month-to-month,11,No,0.6125425964319906
2637-FKFSY,Low-Value,46.1,Month-to-month,3,No,0.6125124629029209
7668-XCFYV,High-Value,92.55,Month-to-month,17,No,0.612297331677479
0818-OCPZO,High-Value,81.45,Month-to-month,27,Yes,0.6121954729373719
7534-BFESC,High-Value,76.1,Month-to-month,24,Yes,0.6118809562141649
9415-TPKRV,Low-Value,55.75,Month-to-month,8,No,0.6117210652245902
8696-JKZNU,High-Value,76.25,Month-to-month,37,Yes,0.6116705321273777
9474-PHLYD,Low-Value,59.45,Month-to-month,15,Yes,0.6111409192075178
3970-XGJDU,Low-Value,19.2,Two year,62,No,0.6107819473112597
7296-PIXQY,Low-Value,70.2,Month-to-month,14,No,0.6103339718904227
3398-ZOUAA,Low-Value,69.1,Month-to-month,21,Yes,0.6101634625943356
7963-GQRMY,Low-Value,44.3,Month-to-month,3,Yes,0.6099118174848196
4320-QMLLA,Low-Value,54.85,Month-to-month,7,No,0.6098138827633393
7924-GJZFI,Low-Value,69.3,Month-to-month,25,No,0.6095301279058319
6135-OZQVA,Low-Value,53.65,Month-to-month,7,No,0.6093408609910257
6410-LEFEN,Low-Value,45.15,Month-to-month,9,Yes,0.60900966348073
0015-UOCOJ,Low-Value,48.2,Month-to-month,7,No,0.6090015307973606
0439-IFYUN,High-Value,74.7,Month-to-month,18,No,0.6087709232223018
6304-IJFSQ,Low-Value,49.9,Month-to-month,3,Yes,0.6087266458082476
9714-EDSUC,High-Value,94.9,Month-to-month,4,No,0.608469758398253
7562-GSUHK,High-Value,93.2,Month-to-month,16,Yes,0.6084093871103502
1845-CSBRZ,High-Value,85.35,Month-to-month,22,No,0.6084049308691519
6386-SZZKH,High-Value,107.95,Two year,49,Yes,0.606966810377086
7878-JGDKK,Low-Value,44.55,Month-to-month,4,No,0.6067265548048303
2860-RANUS,High-Value,85.8,Month-to-month,20,Yes,0.6061947819157069
8245-UMPYT,High-Value,96.4,Month-to-month,16,Yes,0.6060857627468533
9239-ZBZZV,Low-Value,47.95,Month-to-month,6,Yes,0.6060405513785101
7580-UGXNC,Low-Value,54.85,Month-to-month,2,Yes,0.6060204004060755
9365-SRSZE,High-Value,70.55,Month-to-month,27,No,0.6059202332382206
4301-VVZKA,High-Value,75.4,Month-to-month,16,No,0.6055866595799327
6923-EFPNL,Low-Value,51.75,Month-to-month,4,Yes,0.6037523041033602
4570-QHXHL,Low-Value,43.75,Month-to-month,9,No,0.603629158057236
8229-MYEJZ,Low-Value,51.2,Month-to-month,10,No,0.6031622888046659
8066-POXGX,Low-Value,35.1,Month-to-month,13,Yes,0.6025845445173006
0909-SDHNU,Low-Value,29.8,Month-to-month,7,No,0.6023925349057424
0265-EDXBD,High-Value,74.9,Month-to-month,32,Yes,0.6021800850613469
2091-RFFBA,High-Value,73.9,Month-to-month,31,Yes,0.6014892808459611
5816-SCGFC,Low-Value,51.3,Month-to-month,7,No,0.6002956734411248
5236-PERKL,High-Value,112.95,Two year,57,Yes,0.6002885991475414
3452-GWUIN,High-Value,94.95,Month-to-month,19,No,0.599993473679814
0311-QYWSS,Low-Value,49.45,Month-to-month,6,No,0.5998093824615423
8118-TJAFG,High-Value,101.5,Month-to-month,9,No,0.5995613247672971
9734-YWGEX,High-Value,98.3,Month-to-month,9,Yes,0.5991288448547104
0003-MKNFE,Low-Value,59.9,Month-to-month,9,No,0.5989061032985411
7801-KICAO,High-Value,74.15,Month-to-month,18,No,0.5988900331047744
6987-XQSJT,High-Value,79.5,Month-to-month,54,Yes,0.5970735133489583
8844-TONUD,High-Value,96.65,Month-to-month,13,Yes,0.5966634978863594
1320-GVNHT,High-Value,108.4,Two year,72,No,0.5965786893661547
4350-ZTLPI,High-Value,108.95,One year,53,No,0.5959991881922502
6625-UTXEW,Low-Value,51.25,Month-to-month,12,No,0.5958997387054171
3694-DELSO,Low-Value,38.55,Month-to-month,4,No,0.5957261963622689
5122-CYFXA,High-Value,75.3,Month-to-month,3,No,0.5955392779144217
2154-KVJFF,High-Value,79.75,Month-to-month,15,Yes,0.5952724275456875
0637-YLETY,High-Value,95.6,Month-to-month,16,Yes,0.5949590787696694
1456-TWCGB,Low-Value,49.25,Month-to-month,4,No,0.594226651608792
9174-FKWZE,Low-Value,19.45,Month-to-month,1,Yes,0.5941150896131264
4680-KUTAJ,Low-Value,55.6,Month-to-month,11,No,0.5938372432278152
4238-HFHSN,High-Value,82.15,Month-to-month,61,No,0.5938149119446225
6789-HJBWG,Low-Value,49.4,Month-to-month,12,No,0.5936752621726316
0947-MUGVO,High-Value,73.65,Month-to-month,20,Yes,0.5935739976544162
1596-OQSPS,Low-Value,51.1,Month-to-month,11,No,0.5929762292434696
5515-RUGKN,Low-Value,54.75,Month-to-month,8,No,0.592881424237032
5175-AOBHI,Low-Value,46.0,Month-to-month,4,Yes,0.5920771371390072
9903-LYSAB,High-Value,73.15,Month-to-month,18,No,0.5919123133450661
0929-HYQEW,Low-Value,50.15,Month-to-month,3,No,0.591894050575916
6557-BZXLQ,Low-Value,69.65,Month-to-month,16,No,0.5917265344483206
6633-MPWBS,Low-Value,49.2,Month-to-month,5,Yes,0.5913539317344281
6713-OKOMC,Low-Value,29.75,Month-to-month,10,No,0.5909686215305195
5133-VRSAB,Low-Value,29.35,Month-to-month,8,No,0.5904725388116662
4566-QVRRW,Low-Value,44.05,Month-to-month,11,Yes,0.5900680511955837
7395-IGJOS,High-Value,81.5,Month-to-month,17,Yes,0.58987643536532
5650-YLIBA,High-Value,81.15,Month-to-month,31,No,0.5897859406872944
9112-WSNPU,High-Value,70.55,Month-to-month,35,No,0.58954394368019
3859-CVCET,Low-Value,45.65,Month-to-month,4,Yes,0.5892388403606833
0491-KAPQG,High-Value,73.7,Month-to-month,21,No,0.5891404605569566
9432-VOFYX,High-Value,70.8,Month-to-month,17,No,0.5887906053562981
3594-KADLU,Low-Value,35.1,Month-to-month,3,No,0.588629962736252
9506-UXUSK,Low-Value,70.15,Month-to-month,13,No,0.5880168430457152
0620-DLSLK,High-Value,81.9,Month-to-month,13,No,0.5874908441028613
0282-NVSJS,Low-Value,29.3,Month-to-month,12,No,0.5870072788119551
0621-TWIEM,Low-Value,45.55,Month-to-month,10,Yes,0.5866460235143209
3858-VOBET,High-Value,74.95,Month-to-month,23,Yes,0.5861448654578522
1379-FRVEB,High-Value,91.0,Month-to-month,15,No,0.5860917630254561
5533-NHFRF,Low-Value,44.4,Month-to-month,7,No,0.5860344542283156
5392-AKEMH,Low-Value,45.05,Month-to-month,12,No,0.5859190303416725
2782-LFZVW,Low-Value,58.95,Month-to-month,11,No,0.5859097967867529
8388-FYNPZ,Low-Value,56.75,Month-to-month,4,No,0.5858584097914964
2832-KJCRD,High-Value,103.65,Month-to-month,38,No,0.5857524710927252
8601-QACRS,Low-Value,50.6,Month-to-month,5,Yes,0.5850830251326038
1989-PRJHP,High-Value,75.5,Month-to-month,27,Yes,0.5846783374141575
7145-FEJWU,High-Value,105.3,Month-to-month,12,No,0.5845367015112736
4026-SKKHW,Low-Value,50.25,Month-to-month,3,No,0.5842396106847225
5485-WUYWF,Low-Value,66.4,Month-to-month,2,Yes,0.5837857240969733
6507-ZJSUR,High-Value,90.45,Month-to-month,23,No,0.5837271779543322
2311-QYMUQ,High-Value,89.45,Month-to-month,16,Yes,0.5833799434337088
6240-EURKS,Low-Value,35.0,Month-to-month,18,Yes,0.5825780301738351
6022-UGGSO,High-Value,74.4,Month-to-month,32,Yes,0.5816608454721021
5373-SFODM,High-Value,85.25,Month-to-month,36,Yes,0.5814582662251343
1769-GRUIK,High-Value,71.1,Month-to-month,18,No,0.5811772304488091
6017-PPLPX,High-Value,70.45,Month-to-month,20,Yes,0.5810236638307554
5697-GOMBF,Low-Value,35.9,Month-to-month,28,No,0.5810232391546153
1763-WQFUK,Low-Value,50.5,Month-to-month,3,No,0.5808895890838367
3923-CSIHK,High-Value,71.05,Month-to-month,50,Yes,0.5804309894943922
9909-IDLEK,High-Value,96.8,Month-to-month,20,No,0.5801720271795383
8695-ARGXZ,High-Value,75.55,Month-to-month,34,No,0.5799578386251291
4236-XPXAV,High-Value,99.15,Month-to-month,5,Yes,0.5799551991511075
4547-LYTDD,High-Value,72.65,Month-to-month,16,Yes,0.5790566955238006
5989-PGKJB,High-Value,86.25,Month-to-month,16,No,0.57895275593788
6551-GNYDG,High-Value,80.9,Month-to-month,14,No,0.5788998401697535
3144-AUDBS,Low-Value,49.15,Month-to-month,6,Yes,0.5786243287123678
4283-FUTGF,High-Value,79.85,Month-to-month,19,Yes,0.5786162065246657
2359-KMGLI,High-Value,80.25,Month-to-month,24,Yes,0.5783874883981764
9644-UMGQA,Low-Value,49.15,Month-to-month,6,No,0.5777546131703095
9824-BEMCV,Low-Value,69.0,Month-to-month,17,Yes,0.5777532397453884
2985-FMWYF,High-Value,93.5,Month-to-month,23,No,0.5774614004129001
5016-ETTFF,Low-Value,29.5,Month-to-month,10,Yes,0.5774504483018272
7743-EXURX,Low-Value,51.05,Month-to-month,8,Yes,0.577429905981552
7855-DIWPO,Low-Value,68.65,Month-to-month,21,No,0.5768746874520726
3481-JHUZH,High-Value,80.25,Month-to-month,41,No,0.5767185366049857
8630-FJLIB,Low-Value,69.8,Month-to-month,18,No,0.5760349959221597
5233-AOZUF,High-Value,74.95,Month-to-month,29,No,0.5760080296559794
3208-YPIOE,High-Value,75.25,Month-to-month,39,Yes,0.5759841680118265
6986-IXNDM,High-Value,92.9,Month-to-month,14,No,0.5753628170782427
3945-GFWQL,Low-Value,44.55,Month-to-month,12,Yes,0.5753116478678011
3312-ZWLGF,High-Value,79.3,Month-to-month,29,No,0.5747297618336673
6770-XUAGN,Low-Value,21.0,Month-to-month,1,Yes,0.5744234396477675
4958-GZWIY,Low-Value,48.7,Month-to-month,7,Yes,0.5743977992578521
5154-VEKBL,Low-Value,58.5,Month-to-month,9,Yes,0.5741633532014123
6729-GDNGC,High-Value,80.7,Month-to-month,20,No,0.5741313708907918
1373-ORVIZ,Low-Value,66.35,Month-to-month,11,Yes,0.5740434328943776
7018-WBJNK,High-Value,78.3,Month-to-month,13,No,0.5739363780838981
4704-ERYFC,Low-Value,69.25,Month-to-month,22,Yes,0.5738894634107139
3374-TTZTK,High-Value,106.3,Two year,52,No,0.573476732728711
5950-AAAGJ,High-Value,84.3,Month-to-month,18,No,0.573258833279578
0924-BJCRC,High-Value,89.45,Month-to-month,60,No,0.573161091768741
1849-RJYIG,Low-Value,60.0,Month-to-month,8,No,0.5730973843649981
5780-INQIK,Low-Value,49.4,Month-to-month,8,No,0.5722453891740771
5307-DZCVC,High-Value,85.95,Month-to-month,32,Yes,0.5721463235211767
6859-RKMZJ,Low-Value,55.05,Month-to-month,11,No,0.5719040205494741
3096-GKWEB,High-Value,94.75,Month-to-month,18,No,0.5717335846202936
7240-ETPTR,Low-Value,48.75,Month-to-month,9,Yes,0.5716767137307637
5172-MIGPM,Low-Value,65.55,Month-to-month,4,No,0.5716062853449189
8620-RJPZN,Low-Value,20.7,Month-to-month,1,No,0.5713017693310293
8854-CCVSQ,High-Value,80.65,Month-to-month,18,Yes,0.5712134812132582
5382-SOYZL,High-Value,95.1,Month-to-month,22,No,0.5711017255161845
3668-QPYBK,Low-Value,53.85,Month-to-month,2,Yes,0.5710138983833841
2523-EWWZL,High-Value,76.1,Month-to-month,27,No,0.5708714480757828
0734-OXWBT,High-Value,70.7,Month-to-month,3,No,0.5707936595804765
5088-QZLRL,Low-Value,20.65,Month-to-month,1,No,0.5707809318544457
7669-LCRSD,Low-Value,56.3,Month-to-month,12,No,0.5706119771826925
8819-IMISP,High-Value,80.45,Month-to-month,31,No,0.5701358982798321
7893-IXHRQ,Low-Value,20.55,Month-to-month,1,Yes,0.569738787622875
5172-RKOCB,High-Value,108.95,Two year,72,No,0.5694902750212297
1216-JWVUX,High-Value,75.5,Month-to-month,25,No,0.5694376200438344
8158-WPEZG,Low-Value,35.65,Month-to-month,11,No,0.5692605629858166
2360-RDGRO,High-Value,104.25,Month-to-month,65,No,0.5690841649628269
9530-EHPOH,Low-Value,53.75,Month-to-month,11,Yes,0.5690437146254137
5692-ICXLW,High-Value,90.7,Month-to-month,31,No,0.56884832670067
9821-POOTN,High-Value,75.2,Month-to-month,35,Yes,0.5683931396278972
2359-QWQUL,High-Value,104.7,One year,39,Yes,0.5682788906126326
3258-SANFR,Low-Value,44.7,Month-to-month,6,No,0.5681756636816893
8108-UXRQN,Low-Value,50.55,Month-to-month,11,No,0.5680905575948926
8486-AYEQH,High-Value,76.05,Month-to-month,31,No,0.5677863743811442
8543-MSDMF,High-Value,77.4,Month-to-month,3,No,0.5676434330005693
7554-AKDQF,Low-Value,45.65,Month-to-month,6,No,0.5673633753983033
8229-TNIQA,Low-Value,45.3,Month-to-month,4,Yes,0.5671385198449596
4816-LXZYW,High-Value,79.15,Month-to-month,23,Yes,0.5664777436206194
0463-ZSDNT,Low-Value,56.75,Month-to-month,10,No,0.5664167819389552
7901-HXJVA,High-Value,76.45,Month-to-month,14,No,0.5660678263451522
1319-YLZJG,High-Value,84.6,Month-to-month,12,No,0.5659027607745953
3951-NJCVI,High-Value,95.05,Month-to-month,42,No,0.5654867138518974
7426-RHZGU,High-Value,95.9,Month-to-month,9,No,0.5653480073059041
9348-YVOMK,Low-Value,44.8,Month-to-month,4,No,0.5653344612593877
3884-HCSWG,Low-Value,70.0,Month-to-month,17,Yes,0.5650630051688077
4412-YLTKF,High-Value,78.05,Month-to-month,27,Yes,0.5650333542420887
4439-YRNVD,Low-Value,36.25,Month-to-month,10,No,0.5642785409212833
8189-XRIKE,High-Value,90.95,Month-to-month,32,No,0.5641812352712927
1302-UHBDD,High-Value,89.95,Month-to-month,20,No,0.5641146687991885
3807-XHCJH,Low-Value,20.0,Month-to-month,1,No,0.5639961807435449
1580-BMCMR,High-Value,87.3,Month-to-month,19,No,0.5637950579736208
5143-WMWOG,Low-Value,19.95,Month-to-month,1,Yes,0.5634732493976189
7396-VJUZB,Low-Value,45.25,Month-to-month,4,No,0.5626895337243183
7075-BNDVQ,Low-Value,35.0,Month-to-month,4,No,0.5625174071807407
0107-WESLM,Low-Value,19.85,Month-to-month,1,Yes,0.562426964320781
6624-JDRDS,Low-Value,29.45,Month-to-month,6,No,0.5619374834039808
3503-TYDAY,High-Value,80.45,Month-to-month,43,No,0.561688266692838
2101-RANCD,High-Value,73.1,Month-to-month,55,No,0.5615128692816972
9103-CXVOK,Low-Value,19.75,Month-to-month,1,No,0.5613801235749339
7402-EYFXX,High-Value,93.6,Month-to-month,26,No,0.5613419928941566
9360-OMDZZ,High-Value,94.1,Month-to-month,24,No,0.5611480064223752
3196-NVXLZ,High-Value,84.6,Month-to-month,25,No,0.5607158872437135
3137-LUPIX,Low-Value,64.4,Month-to-month,4,No,0.5603382909013841
3002-WQZWT,High-Value,74.2,Month-to-month,29,No,0.5603012546455799
3452-ABWRL,High-Value,86.05,Month-to-month,47,No,0.5601194119100878
0093-EXYQL,High-Value,91.55,Month-to-month,40,No,0.5598856593192629
7009-LGECI,Low-Value,50.55,Month-to-month,4,No,0.5594884906006113
7284-BUYEC,Low-Value,50.95,Month-to-month,5,No,0.5593275908116706
0475-RIJEP,High-Value,77.85,Month-to-month,43,Yes,0.558586379887929
5208-HFSBT,Low-Value,55.05,Month-to-month,2,Yes,0.5584826733640473
7504-UWHNB,Low-Value,69.75,Month-to-month,25,No,0.558379389528042
3679-XASPY,Low-Value,19.45,Month-to-month,1,No,0.558236357722793
6267-DCFFZ,High-Value,90.05,Month-to-month,30,No,0.5578888947179126
1324-NLTJE,Low-Value,55.0,Month-to-month,15,Yes,0.5578788936930984
0587-DMGBH,Low-Value,49.85,Month-to-month,8,Yes,0.5577502084873631
9919-KNPOO,High-Value,94.3,Month-to-month,21,No,0.5576188145552974
9866-QEVEE,High-Value,86.0,Month-to-month,19,Yes,0.5575127132776845
1809-DMJHQ,Low-Value,46.0,Month-to-month,5,Yes,0.5573947862883135
0761-AETCS,Low-Value,19.3,Month-to-month,1,Yes,0.5566627063897046
7159-FVYPK,Low-Value,69.15,Month-to-month,3,No,0.5565629133607078
5389-FFVKB,High-Value,80.3,Month-to-month,32,Yes,0.5565417892711929
3365-SAIGS,High-Value,83.55,Month-to-month,17,No,0.5565084511968141
0719-SYFRB,Low-Value,61.65,Month-to-month,12,Yes,0.5561177292149386
2672-TGEFF,High-Value,88.8,Month-to-month,37,No,0.5560869623382657
6416-YJTTB,High-Value,79.5,Month-to-month,11,No,0.555937049940628
2956-GGUCQ,High-Value,78.85,Month-to-month,24,Yes,0.5555748877977954
4307-KWMXE,Low-Value,35.75,Month-to-month,10,No,0.555366909350292
9167-APMXZ,High-Value,84.15,Month-to-month,22,No,0.5539325406750182
7126-RBHSD,High-Value,78.9,Month-to-month,17,No,0.5538461781511911
7964-VEXDG,High-Value,80.35,Month-to-month,21,No,0.5537470710661907
7521-AFHAB,Low-Value,44.8,Month-to-month,5,No,0.5536253957061433
2884-GBPFB,Low-Value,70.3,Month-to-month,35,Yes,0.5532575260768284
4130-MZLCC,Low-Value,50.55,Month-to-month,5,No,0.5528849022528084
5394-SVGJV,High-Value,98.8,Month-to-month,37,Yes,0.5525782687490923
2675-OTVVJ,High-Value,89.45,Month-to-month,31,No,0.5524816358236646
4818-QIUFN,High-Value,79.15,Month-to-month,20,Yes,0.552117477542934
6198-RTPMF,High-Value,92.6,Month-to-month,17,No,0.5519656773103137
8992-CEUEN,Low-Value,18.85,Month-to-month,1,No,0.5519350479940339
7617-EYGLW,Low-Value,19.45,Month-to-month,1,No,0.5518484604848962
0516-WJVXC,Low-Value,54.2,Month-to-month,5,Yes,0.5517969085569511
4891-NLUBA,Low-Value,61.45,Two year,61,No,0.5515944509611503
4911-BANWH,High-Value,86.55,Month-to-month,31,Yes,0.5514251374660503
9722-UJOJR,High-Value,70.75,Month-to-month,29,Yes,0.550332591054786
7703-ZEKEF,High-Value,81.0,Month-to-month,23,Yes,0.5499474772877073
8012-SOUDQ,High-Value,90.25,Month-to-month,43,No,0.5497387720999057
5144-TVGLP,High-Value,94.75,Month-to-month,38,No,0.5496583611663408
1871-MOWRM,High-Value,80.85,Month-to-month,12,Yes,0.5493712983201047
8058-DMYRU,High-Value,90.05,Month-to-month,54,No,0.5493279991428589
4647-XXZAM,Low-Value,45.5,Month-to-month,6,No,0.5487547858169654
3703-KBKZP,High-Value,74.45,Month-to-month,16,No,0.5487204263159797
1156-ZFYDO,Low-Value,19.75,Month-to-month,1,No,0.5486045977716355
7567-ECMCM,High-Value,79.85,Month-to-month,24,No,0.5484375983726661
3441-CGZJH,Low-Value,60.4,One year,43,No,0.5484056724335772
7426-WEIJX,High-Value,80.95,Month-to-month,60,No,0.5481944446415014
6087-MVHJH,High-Value,88.45,Month-to-month,16,Yes,0.5480631765428469
9281-OFDMF,High-Value,90.7,Month-to-month,39,No,0.5479984341933698
0867-MKZVY,High-Value,82.4,Month-to-month,20,Yes,0.547590251728232
6257-RJOHI,Low-Value,50.8,Month-to-month,4,No,0.5472379595606659
8647-SDTWQ,High-Value,74.3,Month-to-month,57,No,0.5471670975204782
4482-FTFFX,Low-Value,56.15,Month-to-month,5,No,0.5470953796795871
2108-YKQTY,Low-Value,50.7,Month-to-month,4,Yes,0.5470928755706322
6103-BOCOU,High-Value,80.7,Month-to-month,26,No,0.5469014784998519
5226-NOZFC,High-Value,85.75,Month-to-month,26,No,0.546683649920795
7905-TVXTA,Low-Value,64.35,Month-to-month,5,No,0.546357649146657
8456-QDAVC,High-Value,78.7,Month-to-month,19,No,0.5462817807361317
8519-QJGJD,High-Value,75.35,Month-to-month,14,Yes,0.5461694205331367
1092-GANHU,High-Value,76.65,Month-to-month,17,Yes,0.5459407660197201
9415-DPEWS,High-Value,88.35,Month-to-month,18,Yes,0.5459103570508413
0999-QXNSA,Low-Value,45.75,Month-to-month,7,No,0.5458915624089157
4250-FDVOU,Low-Value,56.25,Month-to-month,6,Yes,0.5457472522146999
5651-YLPRD,High-Value,86.1,Month-to-month,32,No,0.545379578447413
5022-KVDQT,High-Value,81.3,Month-to-month,27,No,0.5451092669168841
9812-GHVRI,High-Value,83.85,Month-to-month,40,No,0.5450562324767103
1575-KRZZE,Low-Value,55.2,Month-to-month,4,No,0.5446033139717572
0836-SEYLU,Low-Value,40.65,Month-to-month,9,Yes,0.5443763357548328
3620-MWJNE,Low-Value,54.45,Month-to-month,2,No,0.5441625829449349
5857-TYBCJ,High-Value,89.2,Month-to-month,44,No,0.5436475537516672
4282-ACRXS,Low-Value,24.85,Month-to-month,38,No,0.5435944237043637
0228-MAUWC,Low-Value,59.55,Month-to-month,19,No,0.5434609205133785
5908-QMGOE,High-Value,74.2,Month-to-month,15,Yes,0.5433307339104232
7351-KYHQH,Low-Value,64.95,Month-to-month,7,No,0.542848312333578
5949-EBSQK,Low-Value,61.45,Month-to-month,4,Yes,0.5426949034276202
6680-NENYN,High-Value,104.6,Two year,43,Yes,0.5425526077613357
8648-PFRMP,Low-Value,46.35,Month-to-month,14,No,0.5424540332009629
8919-FYFQZ,Low-Value,30.35,Month-to-month,44,Yes,0.5422917967483025
0396-YCHWO,High-Value,95.4,Month-to-month,36,No,0.5422255744472475
9208-OLGAQ,High-Value,84.95,Month-to-month,18,No,0.5418590171333791
4256-ZWTZI,Low-Value,51.0,Month-to-month,5,No,0.5413668975529443
9137-NOQKA,Low-Value,19.2,Month-to-month,2,No,0.5413202899131389
3440-JPSCL,High-Value,99.95,Month-to-month,6,Yes,0.540809155887568
2720-FVBQP,Low-Value,48.95,Month-to-month,6,No,0.5395753874754255
4521-YEEHE,High-Value,88.85,Month-to-month,18,No,0.539170496026005
3173-NVMPX,Low-Value,55.3,Month-to-month,9,No,0.5389494608930473
9944-AEXBM,High-Value,85.65,Month-to-month,32,No,0.5389284976225809
6715-OFDBP,Low-Value,70.05,Month-to-month,5,Yes,0.5380598638605648
3023-GFLBR,High-Value,86.15,Month-to-month,33,Yes,0.5378191772318978
2656-FMOKZ,High-Value,74.45,Month-to-month,15,Yes,0.5375732687342439
2832-SCUCO,Low-Value,19.9,Month-to-month,2,No,0.5375634245032284
6921-OZMFH,Low-Value,55.7,Month-to-month,5,No,0.537559616893607
3292-PBZEJ,High-Value,111.4,Month-to-month,11,No,0.5375385897439797
7529-ZDFXI,High-Value,89.85,Month-to-month,57,No,0.5372363190003255
4430-UZIPO,Low-Value,36.85,Month-to-month,3,Yes,0.5369761070997511
9374-YOLBJ,Low-Value,19.25,Month-to-month,1,No,0.5369092696498371
9093-FPDLG,High-Value,94.2,Month-to-month,11,No,0.5366435003261166
1450-SKCVI,High-Value,73.85,Month-to-month,56,Yes,0.5363884035567015
4232-JGKIY,Low-Value,19.2,Month-to-month,1,No,0.5363805564012579
8205-MQUGY,Low-Value,49.2,Month-to-month,12,No,0.5363745301489897
4013-UBXWQ,High-Value,74.65,Month-to-month,7,Yes,0.536272534497087
8212-CRQXP,High-Value,80.0,Month-to-month,22,No,0.5360297711934179
5998-VVEJY,High-Value,80.5,Month-to-month,26,Yes,0.5352152578802348
0378-NHQXU,High-Value,88.25,Month-to-month,17,Yes,0.5349105774979076
0178-SZBHO,High-Value,87.2,Month-to-month,47,No,0.5342576161686698
7517-SAWMO,High-Value,73.2,Month-to-month,19,Yes,0.5326518496242282
9776-CLUJA,High-Value,77.5,Month-to-month,51,Yes,0.5324156966783978
0856-NAOES,Low-Value,60.9,Month-to-month,6,No,0.5321808965291125
7470-MCQTK,Low-Value,48.75,Month-to-month,13,Yes,0.5313709137106667
2320-JRSDE,Low-Value,19.9,Month-to-month,1,Yes,0.5309147315179255
1635-FJFCC,Low-Value,44.05,Month-to-month,5,No,0.5301488660902626
5419-JKZNQ,High-Value,77.9,Month-to-month,30,No,0.5297652360434474
9053-EJUNL,High-Value,89.2,Month-to-month,41,No,0.529632460883645
0913-XWSCN,High-Value,85.5,Month-to-month,55,No,0.5295544792214693
3755-JBMNH,High-Value,71.8,Month-to-month,16,Yes,0.5294345581833182
2692-PFYTJ,Low-Value,25.75,Month-to-month,1,No,0.5292375720368511
7089-IVVAZ,High-Value,103.35,Month-to-month,8,Yes,0.5291668272079476
0843-WTBXE,High-Value,85.45,Month-to-month,53,Yes,0.5290575733865058
1976-AZZPJ,Low-Value,34.2,Month-to-month,7,No,0.5286258213363115
8020-BWHYL,High-Value,75.3,Month-to-month,15,Yes,0.5284892463910004
0742-MOABM,Low-Value,50.05,Month-to-month,4,Yes,0.5283508044435316
6719-OXYBR,High-Value,85.3,Month-to-month,15,No,0.5281908854434032
9489-UTFKA,Low-Value,60.9,Month-to-month,8,No,0.5279372611568552
6339-DKLMK,Low-Value,31.65,Month-to-month,13,No,0.5274868066433931
3325-FUYCG,High-Value,106.1,One year,28,Yes,0.5273873213522984
7683-CBDKJ,Low-Value,65.45,Month-to-month,14,Yes,0.5270748708087714
5899-MQZZL,High-Value,75.0,Month-to-month,13,Yes,0.5261357395701811
8887-IPQNC,Low-Value,44.25,Month-to-month,7,No,0.5259126273612248
6212-ATMLK,High-Value,95.7,Month-to-month,50,No,0.5259054284719547
2371-JQHZZ,High-Value,93.0,Month-to-month,24,No,0.5258263118706767
8685-WHQPW,High-Value,74.4,Month-to-month,22,Yes,0.5256524917868218
2080-SRCDE,Low-Value,25.4,Month-to-month,1,No,0.5255277694733882
6080-TCMYC,High-Value,81.2,Month-to-month,40,No,0.5255126923671669
5666-CYCYZ,High-Value,89.55,Month-to-month,24,No,0.5255044520446885
5222-IMUKT,High-Value,91.05,Month-to-month,32,No,0.5254100916580802
8259-NFJTV,Low-Value,34.65,Month-to-month,7,No,0.5253510293757311
9708-HPXWZ,Low-Value,45.4,Month-to-month,5,No,0.5252218577931163
2027-CWDNU,High-Value,85.6,Month-to-month,18,No,0.5247457991212064
7460-ITWWP,High-Value,86.1,Month-to-month,45,No,0.5245514437305444
0811-GSDTP,Low-Value,30.15,Month-to-month,13,No,0.5241074720015595
6896-SRVYQ,High-Value,73.85,Month-to-month,44,No,0.5240422331351761
7593-JNWRU,Low-Value,44.6,Month-to-month,6,Yes,0.5240072806450145
3850-OKINF,Low-Value,66.2,One year,71,No,0.5237949202736284
0749-IRGQE,Low-Value,45.3,Month-to-month,13,No,0.523276432290931
7508-SMHXL,High-Value,89.0,Month-to-month,15,No,0.5228159119991378
3194-ORPIK,High-Value,84.4,Month-to-month,50,Yes,0.5217416383318989
0682-USIXD,High-Value,86.05,Month-to-month,21,No,0.5216552760813348
5018-GWURO,High-Value,85.6,Month-to-month,56,No,0.5216398976880446
2219-MVUSO,Low-Value,45.15,Month-to-month,8,Yes,0.5212439209582126
2824-MYYBN,High-Value,95.25,Month-to-month,37,No,0.521045555662143
7054-ENNGU,Low-Value,50.85,Month-to-month,9,No,0.5209647715741534
8455-HIRAQ,Low-Value,44.45,Month-to-month,8,No,0.5207965508667048
8490-BXHEO,High-Value,80.55,Month-to-month,18,No,0.520437890182331
6078-VESFR,High-Value,70.45,Month-to-month,13,No,0.5196446765437053
8242-JSVBO,Low-Value,44.65,Month-to-month,7,No,0.5193821935020743
3030-YZADT,Low-Value,44.95,Month-to-month,9,Yes,0.518961406512463
3315-TOTBP,High-Value,76.0,Month-to-month,15,Yes,0.5189035699149738
9054-FOWNV,High-Value,88.75,Month-to-month,22,No,0.5181560584295848
8849-AYPTR,High-Value,91.25,Month-to-month,33,No,0.5180431321018149
8706-HRADD,Low-Value,43.55,Month-to-month,21,No,0.5176500390353702
6834-NXDCA,Low-Value,23.9,Month-to-month,13,Yes,0.5176259575023175
1442-BQPVU,Low-Value,29.15,Month-to-month,13,No,0.5174134987940625
8718-PTMEZ,Low-Value,31.05,Month-to-month,13,Yes,0.5172961229719528
8824-RWFXJ,Low-Value,56.15,Month-to-month,3,Yes,0.5167922860770451
7401-RUBNK,High-Value,74.8,Month-to-month,18,No,0.516395525393362
0997-YTLNY,Low-Value,48.8,Month-to-month,19,No,0.5162328544410261
5522-NYKPB,High-Value,85.9,Month-to-month,25,No,0.516196431299636
7503-QQRVF,High-Value,74.3,Month-to-month,16,Yes,0.5150268257314985
4821-SJHJV,High-Value,89.6,Month-to-month,32,No,0.5150091401477332
5424-RLQLC,Low-Value,59.65,Month-to-month,10,No,0.515009119253574
8896-BQTTI,Low-Value,25.0,Month-to-month,1,No,0.5148267352693258
1261-FWTTE,Low-Value,34.65,Month-to-month,23,No,0.5144656245037726
6982-UQZLY,Low-Value,20.85,Month-to-month,1,Yes,0.5139226322543545
9003-CPATH,High-Value,79.9,Month-to-month,42,No,0.5137069734625667
2921-XWDJH,High-Value,83.45,Month-to-month,38,No,0.5135480097718685
5536-SLHPM,High-Value,77.75,Month-to-month,55,Yes,0.5127505486605285
7825-ECJRF,High-Value,106.6,Month-to-month,19,Yes,0.512339261704756
6692-UDPJC,High-Value,91.65,Month-to-month,14,Yes,0.5123096640439495
8988-ECPJR,High-Value,79.6,Month-to-month,34,Yes,0.5120637030990725
9940-HPQPG,High-Value,91.75,Month-to-month,9,Yes,0.5115167907208309
5651-CPDND,Low-Value,46.0,Month-to-month,10,No,0.5115049659018762
2565-JSLRY,Low-Value,24.05,Month-to-month,1,Yes,0.5111957620837234
9436-ZBZCT,High-Value,89.95,Month-to-month,14,Yes,0.5109651250108781
4452-QIIEB,Low-Value,43.9,Month-to-month,7,No,0.510700962877468
3094-JOJAI,High-Value,74.15,Month-to-month,18,No,0.5106630673908742
7359-SSBJK,Low-Value,70.2,Two year,64,Yes,0.5104788407869361
2774-LVQUS,High-Value,83.05,Month-to-month,15,Yes,0.5100658907882751
4608-LCIMN,Low-Value,44.65,Month-to-month,8,No,0.5100208731916831
5183-SNMJQ,High-Value,95.1,Month-to-month,10,No,0.5094824126313543
7978-DKUQH,High-Value,74.6,Month-to-month,25,No,0.509034304675378
3400-ESFUW,Low-Value,57.55,Two year,55,Yes,0.5089453956662294
3345-PBBFH,Low-Value,49.55,Month-to-month,8,No,0.5086550811408965
6908-VVYHM,High-Value,90.65,Month-to-month,65,No,0.5084214847214725
1384-RCUXW,High-Value,80.55,Month-to-month,16,No,0.5078739523063469
2122-YWVYA,High-Value,75.4,Month-to-month,18,No,0.5075771300446459
9524-EGPJC,High-Value,90.1,Month-to-month,18,Yes,0.5073603505812072
1432-FPAXX,Low-Value,30.6,Month-to-month,29,Yes,0.5069901644577929
9327-QSDED,Low-Value,43.55,Month-to-month,8,No,0.5069434931594231
4957-TREIR,Low-Value,64.4,Month-to-month,3,No,0.5067929361395277
5673-TIYIB,Low-Value,40.4,Month-to-month,2,Yes,0.5067354015370978
6927-WTFIV,High-Value,71.3,Month-to-month,20,Yes,0.5064171612310403
7774-OJSXI,High-Value,103.45,One year,31,Yes,0.506301979171813
2075-RMJIK,Low-Value,49.4,Month-to-month,5,No,0.5057973990074933
5923-GXUOC,High-Value,104.4,Month-to-month,10,Yes,0.5057966212643165
8963-JLGJT,Low-Value,55.9,Month-to-month,3,No,0.5055603057831174
2792-VPPET,Low-Value,20.5,Month-to-month,3,No,0.5054659024595844
5028-HTLJB,Low-Value,20.05,Month-to-month,1,Yes,0.5054209228040274
9420-LOJKX,High-Value,99.1,Month-to-month,15,Yes,0.5052626855634442
0601-WZHJF,Low-Value,46.35,Month-to-month,14,Yes,0.5047690359588647
3992-YWPKO,High-Value,109.9,Month-to-month,6,Yes,0.5044038063727122
9369-XFEHK,High-Value,80.6,Month-to-month,33,Yes,0.5040775559357995
2761-XECQW,Low-Value,43.35,Month-to-month,8,No,0.5039390592789776
1754-GKYPY,High-Value,89.75,Month-to-month,22,No,0.5037102378838936
4080-OGPJL,High-Value,71.15,Month-to-month,8,Yes,0.5027217134925176
7055-HNEOJ,Low-Value,55.8,Month-to-month,3,No,0.5022669880658874
7950-XWOVN,Low-Value,34.7,Month-to-month,11,No,0.5020861985700037
4360-PNRQB,High-Value,75.6,Month-to-month,18,No,0.5020687085375015
7562-UXTPG,Low-Value,70.15,Month-to-month,13,No,0.5020587753260136
8728-SKJLR,High-Value,74.25,Month-to-month,41,No,0.5020046501836277
2346-DJQTB,Low-Value,24.15,Month-to-month,35,No,0.5018447050873924
3404-JNXAX,High-Value,80.75,Month-to-month,51,No,0.5013913846653159
9286-DOJGF,High-Value,74.95,Month-to-month,38,Yes,0.5012809375043258
2586-CWXVV,Low-Value,30.4,Month-to-month,54,No,0.501213282253595
0423-UDIJQ,Low-Value,49.2,Month-to-month,9,No,0.5008301955520076
1907-YLNYW,Low-Value,66.7,Month-to-month,8,No,0.500661958785126
4828-FAZPK,High-Value,79.95,Month-to-month,16,No,0.49971579677568484
0807-ZABDG,Low-Value,55.1,Month-to-month,3,Yes,0.49966049992713696
7927-AUXBZ,High-Value,85.15,Month-to-month,30,Yes,0.4995566708471113
5590-YRFJT,Low-Value,24.45,Month-to-month,20,Yes,0.4992262580086819
1089-HDMKP,Low-Value,54.55,Month-to-month,11,No,0.499084235963008
5076-YVXCM,High-Value,83.4,Month-to-month,51,No,0.4987729581496321
9279-CJEOJ,High-Value,95.4,Month-to-month,21,No,0.49873925173543365
5914-DVBWJ,High-Value,85.45,Month-to-month,18,Yes,0.49869392788683053
8095-WANWK,Low-Value,45.25,Month-to-month,10,No,0.4984876084283084
7730-IUTDZ,High-Value,75.2,Month-to-month,43,Yes,0.4983120390084441
3845-FXCYS,Low-Value,19.65,Month-to-month,2,No,0.49826098737058605
7459-RRWQZ,Low-Value,64.65,Month-to-month,15,Yes,0.4981833066369775
4948-WBBKL,High-Value,74.9,Month-to-month,36,No,0.49807135301581423
1465-VINDH,High-Value,102.1,Month-to-month,10,Yes,0.4980181751427901
9283-LZQOH,High-Value,74.4,Month-to-month,13,Yes,0.49792086604700403
6692-YQHXC,Low-Value,69.95,Month-to-month,16,No,0.4978889370748317
5701-SVCWR,Low-Value,24.0,Month-to-month,1,No,0.49773337454021743
1228-ZLNBX,High-Value,75.3,Month-to-month,21,No,0.49667964393350916
7718-RXDGG,Low-Value,68.6,Month-to-month,15,No,0.4963802513199585
0356-ERHVT,Low-Value,45.9,Month-to-month,11,No,0.4962560290774271
6906-ANDWJ,High-Value,74.9,Month-to-month,15,Yes,0.49573496188205385
7742-MYPGI,Low-Value,48.8,Month-to-month,6,No,0.49516630748872165
5453-AXEPF,High-Value,80.5,Month-to-month,17,No,0.4943909011844188
4468-YDOVK,Low-Value,48.65,Month-to-month,5,No,0.49433265655592884
3744-ZBHON,Low-Value,20.2,Month-to-month,3,No,0.49364764824610163
9375-MHRRS,Low-Value,50.05,Month-to-month,6,No,0.4935641048375886
8387-MOJJT,High-Value,77.95,Month-to-month,42,Yes,0.49323704052926415
5600-PDUJF,Low-Value,49.5,Month-to-month,6,No,0.4930742067496566
9873-MNDKV,Low-Value,44.65,Month-to-month,11,No,0.4925998158251815
9547-ITEFG,High-Value,102.6,Month-to-month,9,No,0.492385993667831
3509-GWQGF,Low-Value,70.0,Month-to-month,24,No,0.49223199896525954
3589-PPVKW,Low-Value,44.4,Month-to-month,9,No,0.4913581386504264
7392-YYPYJ,High-Value,100.65,Month-to-month,22,No,0.49117110203899117
0599-XNYDO,Low-Value,69.8,Month-to-month,20,No,0.49053836318748484
6143-JQKEA,Low-Value,45.8,Month-to-month,10,No,0.49036657824847163
5568-DMXZS,Low-Value,65.45,Month-to-month,8,No,0.4895960270554203
5630-AHZIL,Low-Value,64.5,Month-to-month,3,No,0.4894948491018085
3195-TQDZX,Low-Value,20.25,Month-to-month,3,No,0.4894809658427054
1996-DBMUS,High-Value,70.65,Month-to-month,48,No,0.48902128818790863
5480-TBGPH,High-Value,99.3,Month-to-month,24,Yes,0.4890058663306137
2207-OBZNX,Low-Value,51.0,Month-to-month,7,Yes,0.4889204603133646
3580-REOAC,Low-Value,44.85,Month-to-month,10,Yes,0.48880052045657735
4546-FOKWR,High-Value,74.75,Month-to-month,16,No,0.4884157394534655
2739-CACDQ,High-Value,82.65,Month-to-month,17,No,0.4880531418902485
4429-WYGFR,Low-Value,49.15,Month-to-month,26,No,0.48802399299276156
3016-KSVCP,Low-Value,33.75,Month-to-month,29,No,0.48791774283915484
5599-HVLTW,High-Value,80.35,Month-to-month,14,No,0.4875950266116172
1685-VAYJF,Low-Value,45.2,Month-to-month,11,No,0.4874548047072653
7693-QPEFS,High-Value,72.95,Month-to-month,52,No,0.48741214106381164
6946-LMSQS,High-Value,89.05,One year,25,Yes,0.4871576978136684
6497-TILVL,Low-Value,50.7,Month-to-month,7,No,0.48680567592874524
4693-VWVBO,Low-Value,19.55,Month-to-month,3,No,0.48639171647859547
6825-UYPFK,High-Value,75.6,Month-to-month,23,Yes,0.4862373787475832
5649-TJHOV,Low-Value,36.5,Month-to-month,27,Yes,0.48550564894833437
3733-LSYCE,High-Value,75.35,Month-to-month,15,No,0.48544679524074624
5146-CBVOE,High-Value,75.1,Month-to-month,16,No,0.4853006709166332
0268-QKIWO,Low-Value,19.75,Month-to-month,3,Yes,0.48503319021697067
1205-WNWPJ,Low-Value,59.5,Month-to-month,7,Yes,0.48483037706238447
8640-SDGKB,High-Value,74.4,Month-to-month,4,Yes,0.48473042524997645
4177-JPDFU,Low-Value,34.0,Month-to-month,12,No,0.4842467062043259
3683-QKIUE,Low-Value,50.8,Month-to-month,6,Yes,0.48400387644666193
6646-JPPHA,High-Value,78.85,Month-to-month,14,No,0.4839689667393176
5188-HGMLP,High-Value,74.0,Month-to-month,54,No,0.4838196515211153
9819-FBNSV,High-Value,72.25,Month-to-month,37,No,0.48377164866556377
3211-ILJTT,High-Value,70.4,Month-to-month,17,Yes,0.48332693435393087
8791-GFXLZ,Low-Value,49.05,Month-to-month,12,No,0.48259605188163845
8976-OQHGT,Low-Value,56.5,Month-to-month,4,Yes,0.4824391721654311
2604-XVDAM,Low-Value,43.8,Month-to-month,12,No,0.4823429650568103
8444-WRIDW,High-Value,80.45,Month-to-month,66,Yes,0.4821083997122986
4160-AMJTL,Low-Value,19.65,Month-to-month,8,Yes,0.4819161633879082
6583-KQJLK,High-Value,94.65,Month-to-month,15,No,0.48151040964548236
1548-ARAGG,Low-Value,58.5,Month-to-month,4,No,0.4811700580012955
2240-HSJQD,High-Value,81.85,Month-to-month,38,No,0.48054100348987694
4559-UWIHT,High-Value,82.65,Month-to-month,14,No,0.48046044672782445
6469-QJKZW,Low-Value,20.15,Month-to-month,4,No,0.48041996409969373
1641-RQDAY,High-Value,100.4,Month-to-month,32,No,0.48039219161946833
9780-FKVVF,Low-Value,59.15,Month-to-month,6,No,0.47979476419682815
1600-DILPE,Low-Value,45.0,Month-to-month,12,No,0.47975087223077517
9800-ONTFE,High-Value,75.8,Month-to-month,22,No,0.4796359091856606
4226-KKDON,Low-Value,66.65,Month-to-month,8,No,0.4794913411944255
1732-VHUBQ,High-Value,70.55,Month-to-month,47,Yes,0.47944537176640745
8267-KFGYD,Low-Value,21.05,Month-to-month,1,No,0.47931533200538246
2070-XYMFH,High-Value,79.35,Month-to-month,23,No,0.4792649318120616
2957-LOLHO,Low-Value,45.4,Month-to-month,12,Yes,0.4789072304143462
3604-WLABM,Low-Value,54.25,Month-to-month,10,No,0.4788958423535176
5624-BQSSA,Low-Value,20.95,Month-to-month,1,Yes,0.47825410929708934
3677-TNKIO,High-Value,71.0,Month-to-month,14,Yes,0.4782173078118814
2495-KZNFB,High-Value,90.65,Month-to-month,33,No,0.47820336797186186
7434-SHXLS,Low-Value,20.9,Month-to-month,1,Yes,0.4777235709426011
0426-TIRNE,Low-Value,20.9,Month-to-month,1,Yes,0.4777235709426011
2894-QOJRX,Low-Value,34.0,Month-to-month,25,Yes,0.4776953338951141
5542-DHSXL,Low-Value,54.7,Month-to-month,4,No,0.47685085596064647
4013-GUXND,Low-Value,20.8,Month-to-month,1,No,0.47666264619452714
2476-YGEFM,High-Value,76.0,Month-to-month,29,No,0.4765128250907756
3566-VVORZ,Low-Value,45.9,Month-to-month,12,No,0.4763689873396211
3645-DEYGF,Low-Value,20.75,Month-to-month,1,No,0.47613226218421034
9290-SHCMB,High-Value,96.85,Month-to-month,13,No,0.4759453671469397
6704-UTUKK,Low-Value,45.9,Month-to-month,29,No,0.47560745094963175
9576-SYUHJ,High-Value,91.15,Month-to-month,37,No,0.47543444567505516
9094-AZPHK,High-Value,100.15,Month-to-month,15,No,0.47527062359311695
9584-EXCDZ,High-Value,70.5,Month-to-month,17,No,0.4751411971914868
6227-HWPWX,Low-Value,69.0,Month-to-month,15,Yes,0.4747309979425322
5049-GLYVG,Low-Value,20.6,Month-to-month,1,Yes,0.47454143789779124
3976-NLDEZ,Low-Value,20.6,Month-to-month,1,No,0.47454143789779124
8123-QBNAZ,High-Value,104.5,Month-to-month,36,No,0.4743600045571992
3055-OYMSE,High-Value,73.8,Month-to-month,53,No,0.47418422174669
7966-YOTQW,Low-Value,54.5,Month-to-month,10,No,0.4740693994760678
2115-BFTIW,High-Value,70.95,Month-to-month,25,Yes,0.4740601217105061
3803-KMQFW,Low-Value,20.55,Month-to-month,1,Yes,0.4740112763503091
8155-IBNHG,High-Value,75.4,Month-to-month,24,Yes,0.47362375275667173
2002-MZHWP,Low-Value,20.5,Month-to-month,1,Yes,0.4734811733921246
4745-LSPLO,Low-Value,20.5,Month-to-month,1,Yes,0.4734811733921246
4255-DDUOU,Low-Value,20.5,Month-to-month,1,Yes,0.4734811733921246
6243-OZGFH,Low-Value,44.95,Month-to-month,23,No,0.47334148196991344
4462-CYWMH,High-Value,89.8,Month-to-month,62,No,0.47322940883999864
2668-TZSPS,Low-Value,20.45,Month-to-month,1,No,0.4729511302116344
8262-COGGB,Low-Value,20.45,Month-to-month,1,No,0.4729511302116344
0673-IGUQO,Low-Value,20.45,Month-to-month,1,No,0.4729511302116344
5996-DAOQL,Low-Value,20.45,Month-to-month,1,No,0.4729511302116344
3780-YVMFA,Low-Value,68.55,Month-to-month,8,No,0.4726751909382082
4640-UHDOS,Low-Value,55.95,Month-to-month,13,Yes,0.47250834352120813
7854-EKTJL,Low-Value,19.6,Month-to-month,2,Yes,0.47245919109956636
1963-VAUKV,Low-Value,20.4,Month-to-month,1,Yes,0.4724211479966963
3727-JEZTU,Low-Value,20.4,Month-to-month,1,No,0.4724211479966963
6579-JPICP,Low-Value,20.4,Month-to-month,1,No,0.4724211479966963
5175-WLYXL,High-Value,78.85,Month-to-month,22,No,0.47220663364554677
8775-CEBBJ,Low-Value,44.2,Month-to-month,9,Yes,0.47196882738427
4634-JLRJT,Low-Value,20.35,Month-to-month,1,No,0.47189122793461996
3590-TCXTB,Low-Value,20.35,Month-to-month,1,No,0.47189122793461996
2592-YKDIF,Low-Value,20.35,Month-to-month,1,No,0.47189122793461996
8496-EJAUI,High-Value,73.85,Month-to-month,19,Yes,0.47171308018213765
1213-NGCUN,Low-Value,49.65,Month-to-month,6,Yes,0.4714612822764687
1047-NNCBF,High-Value,70.55,Month-to-month,20,No,0.4713843982512837
9122-UMROB,Low-Value,20.3,Month-to-month,1,No,0.4713613712121547
2676-ISHSF,Low-Value,20.3,Month-to-month,1,No,0.4713613712121547
8073-IJDCM,Low-Value,20.3,Month-to-month,1,Yes,0.4713613712121547
7243-LCGGZ,Low-Value,20.9,Month-to-month,1,No,0.471274128947418
0670-KDOMA,Low-Value,20.25,Month-to-month,1,No,0.4708315790154807
4211-MMAZN,Low-Value,20.25,Month-to-month,1,Yes,0.4708315790154807
2081-KJSQF,Low-Value,20.25,Month-to-month,1,No,0.4708315790154807
2876-VBBBL,Low-Value,20.25,Month-to-month,1,Yes,0.4708315790154807
8203-XJZRC,Low-Value,20.25,Month-to-month,1,No,0.4708315790154807
5868-YTYKS,Low-Value,20.25,Month-to-month,1,No,0.4708315790154807
4786-UKSNZ,Low-Value,20.2,Month-to-month,1,Yes,0.47030185253019724
3247-MHJKM,Low-Value,20.2,Month-to-month,1,No,0.47030185253019724
7839-QRKXN,Low-Value,20.2,Month-to-month,1,Yes,0.47030185253019724
8048-DSDFQ,Low-Value,20.2,Month-to-month,1,No,0.47030185253019724
5356-RHIPP,Low-Value,20.2,Month-to-month,1,Yes,0.47030185253019724
8305-VHZBZ,Low-Value,20.2,Month-to-month,1,Yes,0.47030185253019724
6380-ARCEH,Low-Value,20.2,Month-to-month,1,No,0.47030185253019724
5301-GAUUY,High-Value,80.35,Month-to-month,32,Yes,0.4701874711281292
2178-PMGCJ,Low-Value,69.7,Month-to-month,22,No,0.4701588923612931
6483-OATDN,Low-Value,51.3,Month-to-month,8,No,0.46998572996992705
1934-SJVJK,Low-Value,20.15,Month-to-month,1,Yes,0.46977219294131245
4897-QSUYC,Low-Value,20.15,Month-to-month,1,Yes,0.46977219294131245
1240-KNSEZ,Low-Value,20.1,Month-to-month,1,Yes,0.4692426014332326
1000-AJSLD,Low-Value,20.1,Month-to-month,1,Yes,0.4692426014332326
3148-BLQJT,Low-Value,20.1,Month-to-month,1,Yes,0.4692426014332326
8749-CLJXC,Low-Value,20.05,Month-to-month,1,No,0.4687130791897521
3030-ZKIWL,Low-Value,20.05,Month-to-month,1,No,0.4687130791897521
7096-UCLNH,Low-Value,20.05,Month-to-month,1,No,0.4687130791897521
9962-BFPDU,Low-Value,20.05,Month-to-month,1,No,0.4687130791897521
4661-NJEUX,Low-Value,20.05,Month-to-month,1,No,0.4687130791897521
2812-SFXMJ,Low-Value,20.05,Month-to-month,1,No,0.4687130791897521
5141-ZUVBH,High-Value,93.0,Month-to-month,9,No,0.46871267046901377
2709-UQGNP,Low-Value,51.65,Month-to-month,10,No,0.4684556970032026
7698-YFGEZ,Low-Value,20.0,Month-to-month,1,No,0.46818362739404246
4877-EVATK,Low-Value,20.0,Month-to-month,1,Yes,0.46818362739404246
1452-KIOVK,High-Value,89.1,Month-to-month,22,No,0.46795631025004314
5382-TEMLV,Low-Value,50.9,Month-to-month,45,No,0.467787548813977
6286-SUUWT,Low-Value,19.95,Month-to-month,1,No,0.46765424722864185
2916-BQZLN,High-Value,84.75,Month-to-month,19,No,0.46753088253933206
6985-HAYWX,High-Value,79.3,Month-to-month,26,No,0.46749259527680376
4459-BBGHE,Low-Value,44.5,Month-to-month,30,No,0.46733798875868904
6728-WYQBC,Low-Value,20.95,Month-to-month,1,No,0.46721238208261984
5515-IDEJJ,Low-Value,19.9,Month-to-month,1,Yes,0.46712493987544484
4800-VHZKI,Low-Value,19.9,Month-to-month,1,Yes,0.46712493987544484
3900-AQPHZ,Low-Value,19.9,Month-to-month,1,Yes,0.46712493987544484
7878-RTCZG,Low-Value,19.9,Month-to-month,1,No,0.46712493987544484
2369-FEVNO,Low-Value,19.9,Month-to-month,1,No,0.46712493987544484
1346-UFHAX,High-Value,80.0,Month-to-month,13,No,0.46688932552503154
9029-FEGVJ,High-Value,79.3,Month-to-month,32,No,0.4668513609483685
1596-BBVTG,High-Value,75.35,Month-to-month,35,Yes,0.46662648580273836
1135-LMECX,Low-Value,19.85,Month-to-month,1,No,0.4665957065156917
4291-HPAXL,Low-Value,19.85,Month-to-month,1,No,0.4665957065156917
4892-VLANZ,Low-Value,19.8,Month-to-month,1,Yes,0.46606654832995786
7766-CLTIC,Low-Value,60.95,Month-to-month,10,No,0.46585351483173887
3930-ZGWVE,Low-Value,19.75,Month-to-month,1,No,0.4655374664981437
6849-WLEYG,Low-Value,19.75,Month-to-month,1,Yes,0.4655374664981437
2465-BLLEU,Low-Value,19.75,Month-to-month,1,No,0.4655374664981437
7239-HZZCX,Low-Value,19.75,Month-to-month,1,Yes,0.4655374664981437
6124-ACRHJ,Low-Value,19.75,Month-to-month,1,No,0.4655374664981437
1396-QWFBJ,High-Value,74.05,Month-to-month,21,Yes,0.4654816134844496
8910-LEDAG,High-Value,71.55,Month-to-month,34,No,0.465356912605549
7270-BDIOA,High-Value,90.0,Month-to-month,22,Yes,0.46527240123352903
2700-LUEVA,Low-Value,20.75,Month-to-month,1,No,0.4650958540133353
4818-DRBQT,High-Value,80.15,Month-to-month,29,Yes,0.46509411575938037
0247-SLUJI,Low-Value,19.7,Month-to-month,1,No,0.4650084621994641
6141-OOXUQ,Low-Value,19.65,Month-to-month,1,Yes,0.4644795366124376
7721-DVEKZ,Low-Value,19.65,Month-to-month,1,No,0.4644795366124376
3785-NRHYR,Low-Value,19.65,Month-to-month,1,No,0.4644795366124376
7758-XKCBS,Low-Value,29.7,Month-to-month,15,Yes,0.46428853684871435
0668-OGMHD,Low-Value,28.5,Month-to-month,21,No,0.4642791420215905
7989-CHGTL,Low-Value,19.6,Month-to-month,1,Yes,0.4639506909148766
4588-YBNIB,Low-Value,19.6,Month-to-month,1,Yes,0.4639506909148766
4607-CHPCA,High-Value,90.4,One year,25,Yes,0.4638971232613132
1029-QFBEN,Low-Value,19.55,Month-to-month,1,Yes,0.4634219262838762
1622-HSHSF,Low-Value,19.55,Month-to-month,1,No,0.4634219262838762
0927-CNGRH,Low-Value,19.55,Month-to-month,1,No,0.4634219262838762
8605-ITULD,Low-Value,19.55,Month-to-month,1,No,0.4634219262838762
2866-IKBTM,Low-Value,19.55,Month-to-month,1,No,0.4634219262838762
3943-KDREE,High-Value,74.95,Month-to-month,26,Yes,0.4634085481003507
8974-OVACP,Low-Value,20.15,Month-to-month,1,No,0.4633348655466271
5906-BFOZT,Low-Value,19.5,Month-to-month,1,No,0.4628932438958043
1905-OEILC,Low-Value,19.5,Month-to-month,1,No,0.4628932438958043
1725-MIMXW,Low-Value,19.45,Month-to-month,1,Yes,0.4623646449262914
4760-XOHVN,Low-Value,19.45,Month-to-month,1,Yes,0.4623646449262914
4824-GUCBY,High-Value,81.7,Month-to-month,22,No,0.46217784680352775
5766-ZJYBB,Low-Value,19.4,Month-to-month,1,Yes,0.4618361305502197
3644-QXEHN,High-Value,97.0,Month-to-month,13,No,0.46153751558419004
6351-SCJKT,Low-Value,41.35,Month-to-month,3,No,0.46133543954681216
4883-QICIH,Low-Value,69.75,Month-to-month,32,Yes,0.46132077912165265
0774-IFUVM,Low-Value,65.15,Month-to-month,11,No,0.46122935680272287
1307-TVUFB,High-Value,79.35,Month-to-month,42,No,0.4611560725327375
6259-WJQLC,High-Value,81.1,Month-to-month,32,No,0.4611233605850533
4667-OHGKG,Low-Value,19.3,Month-to-month,1,Yes,0.4607793602741268
1724-IQWNM,Low-Value,19.3,Month-to-month,1,No,0.4607793602741268
3982-DQLUS,High-Value,85.75,Month-to-month,65,No,0.46058245318590957
7814-LEEVE,Low-Value,20.3,Month-to-month,1,No,0.4603383737734938
5510-BOIUJ,Low-Value,19.25,Month-to-month,1,Yes,0.4602511067200369
9281-PKKZE,Low-Value,43.95,Month-to-month,46,No,0.45981001783945147
3308-MHOOC,Low-Value,19.2,Month-to-month,1,No,0.45972294245122997
4067-HLYQI,High-Value,70.4,Month-to-month,33,No,0.4593317176086639
7310-EGVHZ,Low-Value,20.2,Month-to-month,1,No,0.4592821058354231
2955-PSXOE,Low-Value,20.2,Month-to-month,1,Yes,0.4592821058354231
1493-AMTIE,Low-Value,20.2,Month-to-month,1,Yes,0.4592821058354231
7302-ZHMHP,Low-Value,19.15,Month-to-month,1,No,0.4591948686386929
3452-SRFEG,High-Value,74.6,Month-to-month,49,No,0.4591557292226898
4396-KLSEH,Low-Value,19.85,Month-to-month,4,No,0.45893373948050764
4781-ZXYGU,Low-Value,20.15,Month-to-month,1,No,0.45875410843099834
7853-GVUDZ,Low-Value,20.15,Month-to-month,1,Yes,0.45875410843099834
9441-QHEVC,Low-Value,19.1,Month-to-month,1,No,0.4586668864526032
6121-VZNQB,Low-Value,19.1,Month-to-month,1,Yes,0.4586668864526032
6569-KTMDU,Low-Value,19.1,Month-to-month,1,No,0.4586668864526032
5294-DMSFH,High-Value,87.8,Month-to-month,29,No,0.4585960199177276
2770-NSVDG,Low-Value,29.1,Month-to-month,24,No,0.4584967283204206
0376-YMCJC,High-Value,90.6,Month-to-month,23,Yes,0.45826202842762964
1015-OWJKI,Low-Value,19.05,Month-to-month,1,No,0.4581389970623174
7594-LZNWR,Low-Value,69.15,Month-to-month,34,No,0.4577902256112404
1349-WXNGG,Low-Value,20.05,Month-to-month,1,Yes,0.4576983925988251
8725-JEDFD,Low-Value,69.05,Month-to-month,27,No,0.4576435877353706
1423-BMPBQ,Low-Value,19.0,Month-to-month,1,No,0.45761120163636215
8096-LOIST,Low-Value,56.2,Month-to-month,19,No,0.45733513667035613
2344-JMOGN,High-Value,94.85,Month-to-month,9,Yes,0.45695361018476194
7658-UYUQS,High-Value,86.55,Month-to-month,21,No,0.45690180566859906
0617-FHSGK,High-Value,75.2,Month-to-month,49,Yes,0.45686243657304626
2675-DHUTR,High-Value,98.9,Month-to-month,58,No,0.4568145411997427
2542-HYGIQ,Low-Value,19.95,Month-to-month,1,No,0.4566430565224435
9975-SKRNR,Low-Value,18.9,Month-to-month,1,No,0.4565558973473346
2974-GGUXS,High-Value,91.95,Month-to-month,36,No,0.4564782605581981
2654-VBVPB,Low-Value,19.9,Month-to-month,1,No,0.45611553380957387
6215-NQCPY,High-Value,99.7,Month-to-month,15,No,0.45603611888500256
9318-NKNFC,Low-Value,18.85,Month-to-month,1,Yes,0.4560283908170709
4583-PARNH,High-Value,91.55,Month-to-month,16,No,0.4558868600704996
5937-EORGB,High-Value,96.5,Month-to-month,15,No,0.45587481925912193
2480-JZOSN,Low-Value,20.65,Month-to-month,1,No,0.4557678428562499
7176-WIONM,Low-Value,49.85,Month-to-month,12,No,0.45561016376782026
2842-BCQGE,High-Value,75.35,Month-to-month,43,No,0.4555971910352052
2237-ZFSMY,High-Value,95.55,One year,39,Yes,0.45522213027541214
9701-CDXHR,Low-Value,69.15,Month-to-month,51,No,0.45506593164757625
8562-GHPPI,Low-Value,19.8,Month-to-month,1,No,0.4550607848607019
3345-JHUEO,Low-Value,20.2,Month-to-month,4,No,0.45474073632670436
3717-OFRTN,Low-Value,19.75,Month-to-month,1,No,0.45453356095254394
1608-GMEWB,High-Value,93.9,Month-to-month,45,No,0.45441534247143095
3097-PYWXL,Low-Value,19.95,Month-to-month,4,No,0.45434243196193075
6654-QGBZZ,Low-Value,19.9,Month-to-month,1,No,0.45427286569723335
9753-OYLBX,Low-Value,20.5,Month-to-month,1,No,0.45418606888126783
2111-DWYHN,Low-Value,21.1,Month-to-month,1,No,0.45409927484977397
4138-NAXED,High-Value,81.0,Month-to-month,51,No,0.45377745093934424
1194-SPVSP,Low-Value,19.65,Month-to-month,1,No,0.45347942008166015
1399-UBQIU,Low-Value,69.35,Month-to-month,11,No,0.4534186289864604
6641-XRPSU,Low-Value,70.0,Month-to-month,34,Yes,0.45291158795068015
2576-HXMPA,Low-Value,19.55,Month-to-month,1,No,0.4524256962111873
5016-IBERQ,High-Value,84.25,Month-to-month,23,No,0.45239959603195645
8807-ARQET,Low-Value,40.35,Month-to-month,41,No,0.45233923205045895
9496-IVVRP,Low-Value,51.0,Month-to-month,11,No,0.4518622077770251
9470-XCCEM,High-Value,89.65,Month-to-month,35,No,0.451696340310924
2740-JFBOK,Low-Value,24.0,Month-to-month,10,No,0.45144564253812297
5243-SAOTC,High-Value,79.85,Month-to-month,54,No,0.45120494119295673
8044-BGWPI,Low-Value,21.15,Month-to-month,12,No,0.4511597796856462
2220-IAHLS,Low-Value,19.4,Month-to-month,1,No,0.45084591256561046
5371-VYLSX,High-Value,83.4,Month-to-month,50,No,0.45061716501936194
3845-JHAMY,Low-Value,35.5,Month-to-month,16,No,0.4503438480168798
3506-LCJDC,Low-Value,19.95,Month-to-month,1,Yes,0.4502328719150186
8566-YPRGL,Low-Value,19.5,Month-to-month,1,No,0.4500592640437214
9274-UARKJ,High-Value,83.2,Month-to-month,15,No,0.44996882452291037
7926-IJOOU,Low-Value,19.3,Month-to-month,1,No,0.44979327173983286
8393-JMVMB,Low-Value,19.45,Month-to-month,1,No,0.44953305464507226
5778-BVOFB,Low-Value,59.5,Month-to-month,9,No,0.449413132093225
1098-TDVUQ,Low-Value,19.25,Month-to-month,1,No,0.4492671192733549
7916-VCCPB,High-Value,73.25,Month-to-month,16,No,0.4483611277163667
6242-MBHPK,High-Value,95.1,Month-to-month,23,No,0.4481655870710322
4098-NAUKP,High-Value,84.65,Month-to-month,68,No,0.4481364042027463
7315-WYOAW,High-Value,100.75,Month-to-month,13,No,0.44811284107812915
1215-VFYVK,Low-Value,48.25,Month-to-month,4,No,0.4476789731600106
9350-VLHMB,High-Value,89.55,Month-to-month,67,No,0.4475373298665035
2100-BDNSN,Low-Value,67.95,Month-to-month,5,Yes,0.44730630915348574
8149-AIQCG,High-Value,73.15,Month-to-month,39,No,0.4472990822881651
3597-MVHJT,High-Value,95.6,Month-to-month,27,No,0.4470354874646477
1965-DDBWU,High-Value,89.05,Month-to-month,16,Yes,0.44649452551680846
8003-EWNDZ,Low-Value,21.2,Month-to-month,10,No,0.4464324225473836
6615-ZGEDR,Low-Value,19.7,Month-to-month,1,Yes,0.44576631293196844
8049-WJCLQ,Low-Value,60.2,Month-to-month,10,No,0.44575838964212783
6599-CEBNN,High-Value,73.95,Month-to-month,34,Yes,0.44539082964355825
0680-DFNNY,High-Value,101.1,Month-to-month,15,Yes,0.44534067340179234
8329-IBCTI,Low-Value,19.65,Month-to-month,1,Yes,0.44524105912924283
0970-QXPXW,Low-Value,19.65,Month-to-month,1,No,0.44524105912924283
1025-FALIX,Low-Value,69.05,Month-to-month,26,No,0.44509873192037425
3665-JATSN,Low-Value,39.7,Month-to-month,19,No,0.4449811456903194
1848-LBZHY,Low-Value,50.3,Month-to-month,7,No,0.44482180157716894
7128-GGCNO,High-Value,72.8,Month-to-month,46,No,0.4448007276899253
1041-RXHRA,Low-Value,70.25,Month-to-month,41,Yes,0.44471600011876056
4636-JGAAI,High-Value,88.85,Month-to-month,34,No,0.44458942718057637
7266-GSSJX,Low-Value,20.45,Month-to-month,11,No,0.44456375507753676
4324-AHJKS,Low-Value,55.8,Month-to-month,5,No,0.4444845551618555
2308-STERM,Low-Value,19.4,Month-to-month,2,No,0.444388028930252
1066-JKSGK,Low-Value,20.15,Month-to-month,1,Yes,0.4441044814610463
4860-IJUDE,High-Value,73.75,Month-to-month,13,No,0.4439225698724175
9767-FFLEM,Low-Value,69.5,Month-to-month,38,No,0.44389641444977834
2126-GSEGL,High-Value,84.8,Two year,70,No,0.44388580623396634
3537-HPKQT,High-Value,77.75,Month-to-month,55,No,0.44387728632468476
0365-GXEZS,High-Value,78.2,Month-to-month,18,No,0.44382969577505926
9708-KFDBY,Low-Value,20.55,Month-to-month,1,No,0.44375274385586416
1357-MVDOZ,Low-Value,59.65,Month-to-month,11,No,0.4437120714851395
8329-GWVPJ,Low-Value,69.75,Month-to-month,50,No,0.4435133161089247
0953-LGOVU,Low-Value,35.5,Month-to-month,12,No,0.44301068665755317
7298-IZWLY,Low-Value,19.4,Month-to-month,1,No,0.44261664746256507
2203-GHNWN,High-Value,79.65,Month-to-month,24,No,0.44254927733614036
8709-KRDVL,High-Value,100.0,Month-to-month,33,No,0.44253540018508924
0621-HJWXJ,High-Value,81.55,Month-to-month,63,No,0.44222571596194016
7356-IWLFW,High-Value,80.0,Month-to-month,46,No,0.44207997350063094
0410-IPFTY,High-Value,83.85,Month-to-month,31,No,0.4419879003694027
9626-VFRGG,High-Value,88.5,Month-to-month,41,No,0.4417413368797177
3956-CJUST,High-Value,75.4,Month-to-month,23,No,0.4416640184290835
8713-IGZSO,Low-Value,24.85,Month-to-month,2,No,0.4415388369631746
7905-NJMXS,Low-Value,64.2,Month-to-month,7,No,0.4415140264291022
6821-BUXUX,High-Value,96.65,Month-to-month,13,Yes,0.4412315862242325
4472-VESGY,High-Value,98.15,Month-to-month,52,No,0.44117731834503626
5626-MGTUK,High-Value,89.1,Month-to-month,20,No,0.4411439140263839
4826-TZEVA,High-Value,74.8,Month-to-month,40,No,0.44111818443009043
3113-IWHLC,Low-Value,55.8,Month-to-month,5,No,0.44046641059027203
5624-RYAMH,Low-Value,19.5,Month-to-month,9,No,0.43991234752639025
2898-LSJGD,Low-Value,55.95,One year,21,Yes,0.43914095381567375
9885-AIBVB,High-Value,85.8,Month-to-month,29,No,0.43838490684201903
3865-QBWSJ,High-Value,80.45,Month-to-month,38,No,0.4380111199471148
7601-WFVZV,Low-Value,19.55,Month-to-month,1,No,0.43781468800128415
6173-GOLSU,High-Value,94.65,Month-to-month,67,No,0.4370119617107113
2321-OMBXY,High-Value,80.3,One year,38,Yes,0.4367185489196902
3569-EDBPQ,High-Value,84.35,Month-to-month,24,No,0.4364865821945115
9629-NHXFW,Low-Value,19.4,Month-to-month,1,No,0.43624527715291395
8217-QYOHV,Low-Value,55.75,Month-to-month,5,No,0.4361023753670993
4541-RMRLG,Low-Value,19.25,Month-to-month,7,Yes,0.43589034550758304
4580-TMHJU,Low-Value,56.15,Month-to-month,43,Yes,0.4355703791201845
7880-XSOJX,Low-Value,42.4,Month-to-month,4,No,0.43539763885778027
9761-XUJWD,Low-Value,65.6,Month-to-month,5,No,0.43537567818491646
9089-UOWJG,Low-Value,58.35,Month-to-month,12,No,0.4352206512605953
9142-KZXOP,Low-Value,68.85,Month-to-month,44,No,0.43479906066344043
3090-QFUVD,Low-Value,20.3,Month-to-month,1,No,0.4347634661592618
0130-SXOUN,High-Value,89.4,Month-to-month,66,No,0.43472458648993295
9277-JOOMO,Low-Value,24.6,Month-to-month,3,No,0.4345787139155671
8904-OPDCK,Low-Value,24.95,Month-to-month,54,No,0.434322255799307
0118-JPNOY,High-Value,85.8,Month-to-month,26,No,0.4336733489018939
6439-GTPCA,High-Value,87.25,Month-to-month,45,Yes,0.4336049730475108
1013-QCWAM,High-Value,100.8,Month-to-month,66,No,0.4335478537795876
7343-EOBEU,Low-Value,23.6,Month-to-month,3,No,0.43335501203189236
8150-QUDFX,Low-Value,19.85,Month-to-month,2,No,0.43313991349402453
8496-DMZUK,High-Value,90.4,One year,30,No,0.4329797297192581
9837-FWLCH,Low-Value,19.2,Month-to-month,12,No,0.43284978024231735
1194-HVAIF,High-Value,95.0,Month-to-month,27,No,0.4326282527494238
9817-APLHW,Low-Value,25.0,Month-to-month,12,No,0.4325852862586663
0420-HLGXF,High-Value,99.75,Month-to-month,39,No,0.43254853310790037
5119-KEPFY,High-Value,95.0,Month-to-month,36,No,0.43254767417948253
4465-VDKIQ,High-Value,77.8,Month-to-month,18,No,0.4323587168146899
0419-YAAPX,High-Value,85.3,Month-to-month,49,No,0.43223727132184536
7748-UMTRK,High-Value,101.3,Month-to-month,30,No,0.4319076120746654
6088-BXMRG,High-Value,98.85,Month-to-month,32,No,0.4317032667758248
2436-QBZFP,Low-Value,39.2,Month-to-month,22,No,0.4315864716439104
3001-UNBTL,High-Value,103.95,Month-to-month,29,No,0.4310070208589216
7551-JOHTI,Low-Value,19.5,Month-to-month,1,Yes,0.43093743065184975
9479-HYNYL,High-Value,80.7,Two year,71,No,0.4307963916518436
7147-AYBAA,High-Value,70.35,Month-to-month,37,No,0.43014231178861606
3428-MMGUB,High-Value,89.55,Two year,60,No,0.4297653449288623
7993-NQLJE,High-Value,75.1,Month-to-month,15,No,0.4297442041826984
2506-CLAKW,High-Value,98.15,Month-to-month,6,Yes,0.42952103984879386
5839-SUYVZ,High-Value,74.55,Month-to-month,16,No,0.4292726467399064
8069-YQQAJ,Low-Value,31.1,Month-to-month,14,No,0.4288464519416359
0880-FVFWF,High-Value,86.4,Month-to-month,56,No,0.4287063198061577
4471-KXAUH,High-Value,84.3,Month-to-month,42,Yes,0.42842402090571735
8023-QHAIO,High-Value,76.85,Month-to-month,56,No,0.4284158350810992
0257-ZESQC,High-Value,75.2,Month-to-month,27,Yes,0.42837940773742106
9529-OFXHY,High-Value,87.75,Month-to-month,15,No,0.4281356469920055
2208-NQBCT,High-Value,81.95,Month-to-month,26,No,0.4281100389280757
1472-TNCWL,High-Value,94.7,Month-to-month,36,No,0.428006084568287
7291-CDTMJ,Low-Value,19.65,Month-to-month,1,No,0.4279833697582256
1663-MHLHE,Low-Value,19.2,Month-to-month,1,No,0.4278116650456104
3373-YZZYM,Low-Value,19.2,Month-to-month,1,No,0.4278116650456104
9820-RMCQV,Low-Value,48.55,Month-to-month,11,Yes,0.4277389342603566
1465-LNTLJ,Low-Value,64.4,Month-to-month,8,No,0.42767160281195066
3932-CMDTD,High-Value,105.65,One year,4,Yes,0.42760967854692367
3256-EZDBI,Low-Value,29.45,Month-to-month,51,No,0.4273075651054435
6988-CJEYV,High-Value,98.7,Month-to-month,49,No,0.42726346981550256
0816-TSPHQ,Low-Value,20.75,Month-to-month,2,No,0.42713683047582396
8201-AAXCB,Low-Value,60.35,Month-to-month,25,No,0.42685106641175324
5876-HZVZM,Low-Value,55.9,Month-to-month,6,Yes,0.4268402236964708
0147-ESWWR,High-Value,101.25,Month-to-month,39,No,0.42677017959680935
9818-XQCUV,Low-Value,20.35,Month-to-month,2,No,0.4266859615164728
6537-QLGEX,Low-Value,38.9,Month-to-month,16,No,0.42667779270283956
1028-FFNJK,High-Value,101.5,Month-to-month,30,No,0.42660623655621965
4819-HJPIW,Low-Value,25.15,Month-to-month,18,No,0.4257939590545685
6029-CSMJE,Low-Value,25.65,Month-to-month,17,No,0.4256335194689968
3545-CNWRG,High-Value,98.35,Month-to-month,49,No,0.42533800094447816
8138-EALND,Low-Value,19.75,Month-to-month,15,No,0.42478372403524517
1564-HJUVY,Low-Value,63.75,Month-to-month,4,No,0.4239732498156796
0691-NIKRI,High-Value,105.95,One year,40,No,0.4235778508863577
8182-PNAGI,Low-Value,50.25,Month-to-month,12,Yes,0.4235499988669186
2410-CIYFZ,Low-Value,20.4,Month-to-month,2,No,0.42352714456726964
9862-KJTYK,Low-Value,25.35,Month-to-month,19,No,0.42351504623770775
5899-OUVKV,High-Value,94.5,Month-to-month,31,No,0.42346090332756225
0366-NQSHS,Low-Value,19.35,Month-to-month,2,No,0.4231446666071447
3594-IVHJZ,Low-Value,20.45,Month-to-month,2,No,0.4231397899402343
0666-UXTJO,High-Value,85.2,Month-to-month,34,No,0.42291284210509195
7853-WNZSY,Low-Value,19.75,Month-to-month,1,No,0.42270067472298567
2911-WDXMV,High-Value,80.55,Month-to-month,18,No,0.4222888190808721
2873-ZLIWT,High-Value,84.85,Month-to-month,40,Yes,0.42193695123554725
8739-QOTTN,Low-Value,20.35,Month-to-month,2,No,0.42178601377386177
7032-LMBHI,Low-Value,64.65,One year,37,No,0.4215938030062716
5919-VCZYM,Low-Value,20.05,Month-to-month,2,No,0.4214844154164936
2208-UGTGR,High-Value,98.6,Month-to-month,56,No,0.42142518562820286
1855-CFULU,Low-Value,20.05,Month-to-month,4,No,0.421336604017571
9904-EHEVJ,High-Value,91.35,Month-to-month,32,No,0.4207563066551882
2342-CKIAO,Low-Value,20.3,Month-to-month,2,No,0.4206135281448934
8785-CJSHH,High-Value,99.8,Month-to-month,60,No,0.4202990540667565
4830-FAXFM,Low-Value,24.1,Month-to-month,19,No,0.4201785654737568
0396-HUJBP,Low-Value,19.3,Month-to-month,2,No,0.42012851529724876
1183-CANVH,Low-Value,60.0,One year,23,No,0.41978032874545906
6890-PFRQX,Low-Value,69.5,Month-to-month,18,No,0.4197131250354334
3583-KRKMD,High-Value,75.9,Month-to-month,18,No,0.4196159675971111
1755-RMCXH,Low-Value,20.3,Month-to-month,2,No,0.41926795316258864
9500-LTVBP,High-Value,80.05,Month-to-month,35,No,0.419000375476512
1583-IHQZE,High-Value,112.95,Month-to-month,12,Yes,0.41899277868064005
9426-SXNHE,Low-Value,18.75,Month-to-month,2,No,0.41897156201506247
2839-RFSQE,Low-Value,20.65,Month-to-month,2,Yes,0.41882886882457415
0295-QVKPB,Low-Value,63.95,Month-to-month,5,No,0.41881300542792793
4986-MXSFP,Low-Value,20.0,Month-to-month,2,No,0.41868378071372414
3701-SFMUH,Low-Value,69.7,Month-to-month,7,No,0.4181805841692446
8384-FZBJK,High-Value,100.6,Month-to-month,57,No,0.41806600140231254
8450-UYIBU,Low-Value,39.85,Month-to-month,35,No,0.4179687546834759
6360-SVNWV,High-Value,73.55,Month-to-month,31,No,0.41781563064692434
8006-PYCSW,Low-Value,20.1,Month-to-month,2,No,0.4176287329734298
7551-DACSP,Low-Value,55.3,Month-to-month,6,Yes,0.41692448483384303
9101-NTIXF,Low-Value,19.4,Month-to-month,2,No,0.41681401250484945
0871-OPBXW,Low-Value,20.05,Month-to-month,2,No,0.4166007955113088
0870-VEMYL,Low-Value,53.85,Month-to-month,5,Yes,0.4164184228614207
4183-WCSEP,High-Value,78.45,Month-to-month,31,Yes,0.416294340384234
7446-YPODE,Low-Value,60.25,Month-to-month,11,No,0.41624279101562495
0314-TKOSI,Low-Value,55.15,Month-to-month,6,No,0.4159668171519779
9700-ISPUP,Low-Value,65.5,Month-to-month,10,No,0.4155804112323642
7346-MEDWM,High-Value,83.25,Month-to-month,59,No,0.4153788657125528
3936-QQFLL,Low-Value,19.75,Month-to-month,2,No,0.41517033400886577
3014-WJKSM,High-Value,75.3,Month-to-month,29,No,0.4148849523319096
1591-NFNLQ,High-Value,80.0,Month-to-month,51,Yes,0.4148081420397103
1751-NCDLI,High-Value,98.85,Month-to-month,46,No,0.41459023614615087
4237-CLSMM,Low-Value,20.0,Month-to-month,2,No,0.41458537048749794
1796-JANOW,Low-Value,19.95,Month-to-month,2,No,0.4145471029662313
7909-FIOIY,Low-Value,24.85,Month-to-month,19,No,0.414360211531844
5067-DGXLL,Low-Value,20.25,Month-to-month,2,No,0.41414172077383976
2640-LYMOV,Low-Value,19.65,Month-to-month,2,No,0.41396481939810426
6791-YBNAK,Low-Value,25.55,Month-to-month,18,No,0.4139124597381795
4079-ULGFR,Low-Value,20.0,Month-to-month,16,No,0.4138830233123951
0187-WZNAB,High-Value,74.4,Month-to-month,27,No,0.4137362716812475
2931-FSOHN,Low-Value,59.9,Month-to-month,13,No,0.413673600670285
3814-MLAXC,High-Value,79.85,Month-to-month,31,Yes,0.41326799096038325
4690-LLKUA,Low-Value,45.05,Month-to-month,17,Yes,0.41303112396114394
1307-ATKGB,High-Value,89.55,Month-to-month,24,No,0.4129829946979304
1518-VOWAV,High-Value,74.65,Month-to-month,9,Yes,0.4128496515791395
2676-OXPPQ,Low-Value,55.7,Month-to-month,6,No,0.41239208001603156
1057-FOGLZ,Low-Value,19.65,Month-to-month,18,No,0.4119819222820586
7550-WIQVA,High-Value,108.25,One year,50,No,0.4119122634849852
0112-QAWRZ,High-Value,90.8,Month-to-month,16,No,0.4118337172374419
7017-VFULY,Low-Value,20.1,Month-to-month,2,No,0.41160443055887885
7901-TBKJX,High-Value,101.05,Month-to-month,56,No,0.4114900593600031
7824-PANSQ,High-Value,80.65,Month-to-month,58,No,0.4113984633000778
5127-BZENZ,Low-Value,65.2,One year,56,No,0.4111367329688372
6942-LBFDP,Low-Value,20.55,Month-to-month,2,No,0.4111296673525766
6968-GMKPR,High-Value,81.55,Month-to-month,55,No,0.4110735710003491
0585-EGDDA,High-Value,80.0,Month-to-month,40,No,0.41067345287321455
3007-FDPEA,Low-Value,20.7,Month-to-month,2,No,0.409951325822461
6344-SFJVH,Low-Value,24.9,Month-to-month,20,No,0.4095771418923707
4195-SMMNX,Low-Value,20.35,Month-to-month,2,Yes,0.40957013290607464
0581-MDMPW,High-Value,88.95,Month-to-month,24,No,0.40921817468751376
9508-ILZDG,High-Value,96.35,Month-to-month,34,No,0.4090857803366053
0285-INHLN,Low-Value,54.75,Month-to-month,27,No,0.4090058318906869
4860-YZGZM,Low-Value,20.0,Month-to-month,10,No,0.40887509198219907
0188-GWFLE,Low-Value,20.05,Month-to-month,2,No,0.4087791477695127
9699-UBQFS,High-Value,94.5,Month-to-month,43,No,0.4080278665331472
7611-YKYTC,High-Value,75.0,Month-to-month,22,No,0.4078020545886881
5201-FRKKS,High-Value,74.3,Month-to-month,25,No,0.4076791217010099
2322-VCZHZ,High-Value,90.0,Month-to-month,23,No,0.4076016787877375
2809-ZMYOQ,High-Value,101.35,Month-to-month,32,No,0.4075017773594037
0674-DGMAQ,High-Value,93.5,Month-to-month,32,No,0.407496232772817
4998-IKFSE,High-Value,100.45,Month-to-month,30,No,0.40725735854957107
3407-QGWLG,Low-Value,20.05,Month-to-month,3,No,0.40715573889965045
5590-ZSKRV,Low-Value,54.65,Month-to-month,8,No,0.40714217709816586
9700-ZCLOT,Low-Value,20.0,Month-to-month,2,No,0.40712600867251897
2621-UDNLU,Low-Value,20.85,Month-to-month,3,No,0.40691070160580445
5934-TSSAU,High-Value,75.3,Month-to-month,23,No,0.40672480121264754
3156-QLHBO,Low-Value,19.25,Month-to-month,2,No,0.4066325127123868
2190-BCXEC,High-Value,78.85,Month-to-month,40,No,0.406455273252572
0428-IKYCP,High-Value,87.0,Month-to-month,22,No,0.4062675344715978
3588-WSTTJ,High-Value,99.05,Month-to-month,35,No,0.4057858999530293
2669-QVCRG,High-Value,81.3,Month-to-month,41,No,0.4056591090797103
5482-NUPNA,Low-Value,60.4,Month-to-month,4,Yes,0.4049558867322563
2507-QZPQS,High-Value,95.7,Month-to-month,15,No,0.4049498140648027
4987-GQWPO,Low-Value,25.1,Month-to-month,17,No,0.4048869270932673
2305-MRGLV,High-Value,76.55,Month-to-month,28,No,0.40477324398486747
7627-JKIAZ,High-Value,78.95,Month-to-month,37,Yes,0.40476400121606404
5886-VLQVU,High-Value,89.85,Month-to-month,35,No,0.4044798502915824
3426-NIYYL,Low-Value,51.55,Month-to-month,15,Yes,0.4042765485608778
7000-WCEVQ,Low-Value,61.6,Month-to-month,20,Yes,0.40427476296331016
0618-XWMSS,High-Value,74.9,Month-to-month,28,Yes,0.404241505474299
6233-HXJMX,High-Value,89.3,Month-to-month,45,No,0.40417847787449124
3714-JTVOV,High-Value,74.15,Month-to-month,42,Yes,0.404163770988814
1222-LRYKO,Low-Value,26.35,Month-to-month,6,No,0.4040509792693513
6447-GORXK,Low-Value,25.0,Month-to-month,31,No,0.40399675643516336
6851-WEFYX,High-Value,100.8,Month-to-month,35,No,0.40336752666689696
0899-LIIBW,High-Value,100.85,Month-to-month,34,No,0.40335311629589105
9959-WOFKT,High-Value,106.7,Two year,71,No,0.4032428296356219
7351-MHQVU,Low-Value,50.95,Month-to-month,6,No,0.40306734129386307
2250-IVBWA,High-Value,81.05,Month-to-month,64,No,0.4030368093632793
0883-EIBTI,Low-Value,19.5,Month-to-month,2,Yes,0.4030326798166026
7030-NJVDP,High-Value,89.25,Month-to-month,24,No,0.4030071784346656
6743-HHQPF,Low-Value,25.1,Month-to-month,42,No,0.4029191217872263
1215-FIGMP,High-Value,89.9,Month-to-month,60,No,0.4027754964956429
5397-NSKQG,Low-Value,50.9,Two year,67,No,0.40256959212200055
7016-BPGEU,Low-Value,25.1,Month-to-month,29,Yes,0.4023665312173362
7277-OZCGZ,High-Value,89.05,Month-to-month,22,No,0.4021640899177236
6038-GCYEC,Low-Value,54.15,Month-to-month,24,Yes,0.4016368526887645
4109-CYRBD,Low-Value,51.6,Month-to-month,29,No,0.4012062278350633
5575-TPIZQ,High-Value,89.15,Month-to-month,46,No,0.4010995832736439
1814-DKOLC,Low-Value,25.45,Month-to-month,5,No,0.4007274953075939
3192-LNKRK,High-Value,84.05,Month-to-month,34,No,0.4004931799940566
9693-XMUOB,Low-Value,50.25,Month-to-month,59,No,0.39952825435210326
7940-UQQUG,High-Value,104.4,One year,64,No,0.3994993068282939
1818-ESQMW,High-Value,89.2,Month-to-month,27,No,0.3990858183479483
3043-SUDUA,Low-Value,19.9,Month-to-month,32,No,0.39904511670743764
7251-XFOIL,High-Value,89.2,Month-to-month,61,No,0.3990187046539078
0430-IHCDJ,Low-Value,49.0,Month-to-month,15,No,0.3988823976717017
7872-RDDLZ,Low-Value,54.9,Month-to-month,67,No,0.3986357505125676
7074-STDCN,Low-Value,40.6,Month-to-month,39,No,0.3985858449941741
4672-FOTSD,Low-Value,67.25,Month-to-month,12,No,0.39856262723751856
5201-USSQZ,High-Value,85.9,Month-to-month,26,No,0.3983381919539689
9777-WJJPR,High-Value,88.65,Month-to-month,31,No,0.3980351229911976
2573-GYRUU,High-Value,91.05,Month-to-month,48,No,0.39797229842542525
9851-KIELU,High-Value,110.1,Month-to-month,10,Yes,0.397773330546592
1867-TJHTS,High-Value,79.8,Month-to-month,58,No,0.39763736104355046
1666-JXLKU,High-Value,100.05,Month-to-month,37,No,0.39755440725166297
1051-GEJLJ,Low-Value,19.5,Month-to-month,2,No,0.39744955771108
7636-XUHWW,Low-Value,19.9,Month-to-month,2,No,0.3973773922266451
7682-AZNDK,High-Value,89.85,Month-to-month,34,No,0.3973177667563691
5402-HTOTQ,Low-Value,55.3,Month-to-month,16,No,0.3971296177287882
7850-VWJUU,High-Value,75.0,Month-to-month,23,No,0.39707559191606806
9770-LXDBK,Low-Value,20.4,Month-to-month,3,No,0.39699319465973437
4430-YHXGG,Low-Value,25.45,Month-to-month,4,No,0.3968452796543763
7148-XZPHA,High-Value,79.4,Month-to-month,55,No,0.3967051263510373
2233-FAGXV,Low-Value,24.3,Month-to-month,5,No,0.39649450019170485
6776-TLWOI,Low-Value,19.85,Month-to-month,3,Yes,0.39625863751135826
8746-OQQRW,Low-Value,25.25,Month-to-month,4,No,0.396188954156436
1930-WNXSB,High-Value,92.85,Month-to-month,58,No,0.3960679217851663
2207-QPJED,High-Value,90.0,Month-to-month,37,No,0.39581596503735655
7740-KKCXF,Low-Value,30.05,Month-to-month,51,No,0.3957648765230199
1310-QRITU,Low-Value,50.3,Month-to-month,18,No,0.39493811190867856
5921-NGYRH,High-Value,73.55,Month-to-month,64,No,0.39492035733369674
5461-QKNTN,High-Value,94.3,Month-to-month,43,No,0.3947277784106163
4280-DLSHD,Low-Value,54.75,Month-to-month,8,No,0.394599482503528
3058-WQDRE,Low-Value,25.15,Month-to-month,13,No,0.3944201120644627
4128-ETESU,High-Value,99.7,Month-to-month,47,No,0.39423525922743224
2393-DIVAI,Low-Value,20.0,Month-to-month,3,No,0.3941718426360492
9210-IAHGH,High-Value,70.75,Month-to-month,7,Yes,0.3939581165704298
6116-RFVHN,High-Value,100.45,Month-to-month,34,No,0.3939472720887871
4989-LIXVT,High-Value,95.9,Month-to-month,68,No,0.39389114680801246
1101-SSWAG,Low-Value,51.1,Month-to-month,15,No,0.3937557453214603
0701-RFGFI,High-Value,95.4,Month-to-month,49,No,0.39365695009350454
3771-PZOBW,High-Value,90.7,Month-to-month,20,No,0.3936504906868725
2452-SNHFZ,High-Value,75.45,Month-to-month,47,No,0.3935886684453288
1728-CXQBE,High-Value,94.25,Month-to-month,64,No,0.3930756298075276
7989-AWGEH,Low-Value,39.2,Month-to-month,49,No,0.39292760222644996
6394-HHHZM,Low-Value,20.7,Month-to-month,3,No,0.3928669870707792
0567-GGCAC,Low-Value,61.4,Month-to-month,7,No,0.3922768441811281
3688-FTHLT,Low-Value,63.05,Month-to-month,16,No,0.3921366164591496
9057-MSWCO,Low-Value,30.75,Month-to-month,27,Yes,0.3919305514093085
1465-WCZVT,Low-Value,19.65,Month-to-month,3,No,0.3919109940617351
4007-NHVHI,High-Value,96.85,Month-to-month,56,No,0.3917166688013938
2303-PJYHN,Low-Value,19.85,Month-to-month,2,No,0.3916567678897643
0568-ONFPC,Low-Value,25.9,Month-to-month,5,Yes,0.3913789912758771
0463-WZZKO,Low-Value,20.75,Month-to-month,3,No,0.39136191778470697
5527-ACHSO,High-Value,70.5,Month-to-month,11,No,0.39125659310415845
5136-GFPMB,High-Value,89.4,Month-to-month,54,No,0.39119508035102796
1087-UDSIH,Low-Value,19.6,Month-to-month,3,Yes,0.390895947859341
0058-EVZWM,High-Value,89.8,Month-to-month,55,No,0.390869261388959
7521-YXVZY,Low-Value,19.95,Month-to-month,3,No,0.3908449947107433
0178-CIIKR,Low-Value,19.95,Month-to-month,3,No,0.39056815306970544
1449-XQEMT,Low-Value,19.8,Month-to-month,3,Yes,0.39015508108828995
0030-FNXPP,Low-Value,19.85,Month-to-month,3,No,0.3894628639841338
4785-NKHCX,Low-Value,20.05,Month-to-month,5,No,0.38941248425883884
0137-UDEUO,Low-Value,19.85,Month-to-month,3,Yes,0.38934998636076035
9643-YBLUR,Low-Value,69.05,Month-to-month,9,No,0.3883072259861911
3523-QRQLL,Low-Value,69.5,One year,22,Yes,0.3874832256707711
3351-NGXYI,Low-Value,54.1,Month-to-month,16,No,0.3874345948633284
0141-YEAYS,High-Value,86.45,Month-to-month,27,No,0.38693886435359515
6184-DYUOB,Low-Value,19.6,Month-to-month,3,No,0.38675059623240543
9842-EFSYY,Low-Value,57.2,Month-to-month,4,No,0.38638578291793096
2800-QQUSO,High-Value,100.3,Month-to-month,42,No,0.38636542367865984
5702-SKUOB,Low-Value,19.6,Month-to-month,4,No,0.3860298758307491
0867-LDTTC,High-Value,75.15,Month-to-month,5,No,0.3859183380304004
3541-ZNUHK,High-Value,85.1,Month-to-month,55,No,0.3856575876695839
2277-DJJDL,High-Value,99.0,Month-to-month,60,No,0.38560721663858766
7622-FWGEW,High-Value,85.65,Two year,56,No,0.3855208449042348
5433-KYGHE,High-Value,86.0,Month-to-month,14,No,0.38541315704964735
8410-BGQXN,Low-Value,19.4,Month-to-month,4,No,0.3854097896450939
7785-RDVIG,Low-Value,19.3,Month-to-month,3,No,0.3851469973391934
4905-JEFDW,Low-Value,41.6,One year,11,Yes,0.3849457001974133
3806-YAZOV,Low-Value,18.8,Month-to-month,3,No,0.3845114399573828
3522-CDKHF,High-Value,75.5,Month-to-month,32,No,0.3841245152302949
1559-DTODC,Low-Value,25.15,Month-to-month,19,No,0.38407921290398744
6345-HOVES,Low-Value,25.05,Month-to-month,34,No,0.3834598380800437
1303-SRDOK,Low-Value,69.05,Two year,55,No,0.38334378667451324
4692-NNQRU,High-Value,79.2,One year,21,No,0.38313689178351973
5302-BDJNT,High-Value,95.5,Month-to-month,35,No,0.3831113568232299
5562-YJQGT,Low-Value,20.35,Month-to-month,2,No,0.38305729909568836
4716-HHKQH,High-Value,107.05,Month-to-month,20,No,0.3830395256493037
6522-YRBXD,High-Value,94.55,Month-to-month,35,No,0.38275563729696427
0212-ISBBF,Low-Value,50.35,Month-to-month,22,No,0.38204735212196766
0434-CSFON,High-Value,100.5,Month-to-month,47,No,0.3817869713656238
4397-FRLTA,Low-Value,20.15,Month-to-month,4,No,0.38148381260017716
4903-UYAVB,Low-Value,19.35,Month-to-month,5,Yes,0.3809561074056468
3003-CMDUU,High-Value,95.15,Month-to-month,25,No,0.38054940344358174
9881-VCZEP,Low-Value,54.1,Month-to-month,25,No,0.38050122751264026
7319-VENRZ,Low-Value,64.3,Month-to-month,7,No,0.3802276633661288
8967-SZQAS,Low-Value,50.45,Month-to-month,14,No,0.3802201036321988
6572-ADKRS,High-Value,74.8,Month-to-month,46,No,0.380186098377317
7797-EJMDP,Low-Value,66.05,Month-to-month,8,No,0.3800768871681202
6133-OZILE,Low-Value,35.2,Month-to-month,18,No,0.3797875082085879
4183-MYFRB,High-Value,90.05,Month-to-month,21,No,0.37954543779024413
1173-NOEYG,High-Value,90.15,Month-to-month,27,No,0.37943988479250407
8782-LKFPK,High-Value,90.4,Month-to-month,44,No,0.37933417991167634
5066-GFJMM,Low-Value,19.9,Month-to-month,3,No,0.3791439211404151
9163-GHAYE,Low-Value,48.85,Month-to-month,15,No,0.3787664707435784
6806-YDEUL,Low-Value,19.5,Month-to-month,6,No,0.378454262258505
4324-BZCKL,Low-Value,55.55,Month-to-month,10,No,0.37780786363337926
6231-WFGFH,Low-Value,20.5,Month-to-month,4,No,0.3777780393491413
4811-JBUVU,High-Value,89.9,Month-to-month,30,No,0.3775733103652333
6734-CKRSM,Low-Value,20.0,Month-to-month,3,No,0.3775311707147005
5687-DKDTV,Low-Value,20.35,Month-to-month,4,Yes,0.37727408091068904
4895-TMWIR,Low-Value,19.95,Month-to-month,11,Yes,0.3772620674588194
6745-JEFZB,High-Value,91.5,Month-to-month,35,No,0.37700357094084336
8111-BKVDS,Low-Value,40.7,Month-to-month,10,No,0.3769163260816342
5956-YHHRX,High-Value,104.35,Month-to-month,21,No,0.37673191550436763
0031-PVLZI,Low-Value,20.35,Month-to-month,4,Yes,0.37648890420038306
0799-DDIHE,Low-Value,46.3,Month-to-month,15,No,0.37620724346589884
3629-ZNKXA,High-Value,101.8,Month-to-month,17,No,0.3760491106196972
4390-KYULV,Low-Value,20.55,Month-to-month,3,Yes,0.37601204770547714
6258-NGCNG,Low-Value,23.5,Month-to-month,7,No,0.37542278916141825
2386-OWURY,High-Value,95.3,Month-to-month,58,No,0.3752531854776162
9367-OIUXP,Low-Value,20.7,Month-to-month,4,No,0.37525290490473345
3808-HFKDE,Low-Value,44.35,Month-to-month,20,No,0.3750430882088448
5982-FPVQN,High-Value,95.15,Month-to-month,37,No,0.3749787573541328
6549-NNDYT,Low-Value,30.85,Month-to-month,13,No,0.37469677945405544
6549-YMFAW,Low-Value,21.25,Month-to-month,9,No,0.3745068174497342
1336-EZFZY,Low-Value,20.05,Month-to-month,4,No,0.3742926014835497
2439-QKJUL,Low-Value,20.25,Month-to-month,5,No,0.37425198173184004
3039-MJSLN,Low-Value,20.2,Month-to-month,3,No,0.3742448853238429
8903-WMRNW,High-Value,101.75,Month-to-month,15,No,0.37416185282555486
9986-BONCE,Low-Value,20.95,Month-to-month,4,Yes,0.37407802650997224
0822-QGCXA,High-Value,83.85,Month-to-month,27,No,0.3738154442803398
7852-LECYP,High-Value,93.8,Month-to-month,13,No,0.37375930406900093
7422-WNBTY,High-Value,93.35,Month-to-month,33,No,0.3736128758773148
8930-XOTDP,Low-Value,55.95,Month-to-month,18,No,0.37349491772661375
1304-BCCFO,Low-Value,70.05,Month-to-month,9,No,0.37293050008860096
2533-TIBIX,Low-Value,30.2,Month-to-month,15,No,0.3728326694510922
7808-DVWEP,Low-Value,20.0,Month-to-month,3,No,0.37266028088519165
5423-BHIXO,Low-Value,54.2,Month-to-month,32,No,0.37262052894174585
1958-RNRKS,Low-Value,49.9,Month-to-month,30,No,0.3724270997864443
3977-QCRSL,Low-Value,20.15,Month-to-month,5,No,0.37239451537168483
1353-LJWEM,Low-Value,60.9,Month-to-month,11,No,0.3723650292307373
7976-CICYS,Low-Value,20.7,Month-to-month,4,No,0.3721653103024063
6377-KSLXC,Low-Value,19.95,Month-to-month,5,No,0.37203320352749614
8626-XHBIE,Low-Value,24.8,Two year,56,No,0.37202525506302697
6907-CQGPN,Low-Value,34.3,Month-to-month,29,No,0.3719818657556871
3982-XWFZQ,Low-Value,50.25,Month-to-month,42,Yes,0.37197889983674504
2732-ISEZX,Low-Value,20.5,Month-to-month,5,No,0.3718622468262997
7109-MFBYV,Low-Value,45.45,Month-to-month,26,No,0.3717620048074175
3717-LNXKW,High-Value,91.7,Month-to-month,38,No,0.3717608166439328
8679-JOEVF,Low-Value,59.4,Month-to-month,16,Yes,0.37153044445848826
3272-VUHPV,Low-Value,56.3,Month-to-month,8,No,0.37141587930787523
9921-QFQUL,High-Value,90.15,Month-to-month,23,No,0.37104125984556346
0980-PVMRC,Low-Value,50.85,Month-to-month,40,No,0.37092117237672195
3948-FVVRP,Low-Value,54.8,Month-to-month,9,No,0.3709058058432849
9618-LFJRU,Low-Value,20.45,Month-to-month,4,No,0.37083298176078994
2347-WKKAE,High-Value,94.4,Month-to-month,42,No,0.37080050177474744
2739-CCZMB,Low-Value,20.35,Month-to-month,5,No,0.3707703291282627
9039-ZVJDC,Low-Value,19.1,Month-to-month,3,No,0.3707560517967586
7234-KMNRQ,Low-Value,19.0,Month-to-month,4,No,0.37061177948314505
1932-UEDCX,High-Value,100.6,Month-to-month,33,No,0.37059379009460586
4558-CGYCZ,Low-Value,19.75,Month-to-month,4,No,0.37002975061681637
0376-OIWME,High-Value,93.6,Month-to-month,36,No,0.3699663228488839
4760-THGOT,High-Value,94.1,Month-to-month,43,No,0.36980137221640824
7219-TLZHO,Low-Value,20.85,Month-to-month,4,No,0.3687920729943365
0603-OLQDC,Low-Value,69.85,Month-to-month,12,No,0.3686148751596247
0690-SRQID,Low-Value,19.65,Month-to-month,4,No,0.368486926603729
7526-IVLYU,Low-Value,19.65,Month-to-month,3,No,0.3684749248695967
4360-QRAVE,Low-Value,36.65,Month-to-month,37,No,0.3680604025081466
4012-ZTHBR,Low-Value,44.95,Month-to-month,21,No,0.367941393416287
8614-VGMMV,Low-Value,49.1,Month-to-month,15,Yes,0.3678685806079463
4553-DVPZG,High-Value,101.35,Month-to-month,62,No,0.3667501521472833
5995-OIGLP,Low-Value,56.65,Month-to-month,12,Yes,0.3662948407252571
7764-BDPEE,Low-Value,20.85,Month-to-month,3,No,0.36584680778518025
8495-PRWFH,Low-Value,55.65,Month-to-month,42,No,0.3657757594173987
6917-YACBP,High-Value,89.75,Month-to-month,59,No,0.36572350807170695
6621-YOBKI,Low-Value,20.35,Month-to-month,5,No,0.3652510724082112
1104-FEJAM,Low-Value,64.4,Month-to-month,28,No,0.3649767565128604
3012-VFFMN,Low-Value,20.65,Month-to-month,7,No,0.3648494278443826
9469-WEJBT,High-Value,90.35,Month-to-month,37,No,0.3648416209322153
2625-TRCZQ,Low-Value,49.65,Month-to-month,51,No,0.3645274179062553
1345-GKDZZ,Low-Value,19.55,Month-to-month,6,No,0.36444680640540195
7449-HVPIV,High-Value,90.4,Month-to-month,55,No,0.364300762823003
3209-ZPKFI,Low-Value,54.25,Month-to-month,47,No,0.36428630642370596
0013-MHZWF,Low-Value,69.4,Month-to-month,9,No,0.3638083467866023
5144-PQCDZ,Low-Value,19.95,Month-to-month,4,No,0.3637472334721928
8250-ZNGGW,Low-Value,59.9,Month-to-month,5,No,0.36370593461444356
3530-CRZSB,Low-Value,20.65,Month-to-month,7,No,0.3636760222839319
2025-JKFWI,High-Value,99.0,Month-to-month,13,Yes,0.3636728541046393
0708-LGSMF,Low-Value,65.85,Month-to-month,13,No,0.3633467754424325
3346-BRMIS,Low-Value,48.35,Month-to-month,18,Yes,0.363036589646442
8799-OXZMD,Low-Value,29.75,Month-to-month,28,No,0.36245232194881866
1395-OFUWC,Low-Value,29.3,Month-to-month,43,No,0.36245104540840645
4140-WJAWW,Low-Value,19.85,Month-to-month,5,Yes,0.3620428204444388
4710-NKCAW,Low-Value,64.4,Month-to-month,5,No,0.36203671540135474
8053-WWDRO,Low-Value,19.5,Month-to-month,6,Yes,0.36203314787562285
3724-UCSHY,Low-Value,19.55,Month-to-month,6,No,0.3618916966134199
6898-MDLZW,Low-Value,53.75,Month-to-month,12,No,0.3617127248020692
9169-BSVIN,High-Value,74.75,Month-to-month,12,No,0.36139828517793426
3363-EWLGO,Low-Value,19.95,Month-to-month,5,No,0.3613974250959196
1202-KKGFU,Low-Value,54.2,Month-to-month,12,No,0.3613424193325167
5774-XZTQC,Low-Value,20.45,Month-to-month,7,No,0.3613418034714255
7929-DMBCV,High-Value,81.0,Month-to-month,20,No,0.361123614481744
4879-GZLFH,High-Value,92.15,Month-to-month,42,No,0.36110752860253387
6671-NGWON,Low-Value,20.35,Month-to-month,7,No,0.36110607737272044
8164-OCKUJ,Low-Value,20.6,Two year,59,No,0.3608938498294879
6164-HXUGH,Low-Value,19.85,Month-to-month,6,No,0.3608925363018722
4190-MFLUW,Low-Value,55.2,Month-to-month,10,Yes,0.3608171932599901
4283-IVYCI,Low-Value,64.95,Month-to-month,9,No,0.36063041259028145
9929-PLVPA,Low-Value,20.4,Month-to-month,4,No,0.360547473275933
3847-BAERP,Low-Value,20.9,Month-to-month,10,No,0.3604762208624817
8148-BPLZQ,Low-Value,49.8,Month-to-month,34,No,0.360407998407481
8295-FHIVV,Low-Value,19.4,Month-to-month,7,No,0.3603643984722745
6128-DAFVY,Low-Value,44.85,Month-to-month,56,No,0.3602321011091513
4993-JCRGJ,High-Value,84.3,Month-to-month,26,No,0.3602221960593009
9027-YFHQJ,Low-Value,25.05,Month-to-month,7,No,0.3601622445761863
0060-FUALY,High-Value,94.75,Month-to-month,59,No,0.36005631817101885
9294-TDIPC,Low-Value,20.2,Month-to-month,5,No,0.36005576355112406
7078-NVFAM,Low-Value,35.15,Month-to-month,32,No,0.35999921108269844
4797-MIWUM,Low-Value,20.25,Month-to-month,7,No,0.35994531995052537
2928-HLDBA,Low-Value,20.7,Month-to-month,6,No,0.3596958770169772
5828-AVIPD,High-Value,100.95,One year,19,Yes,0.3596700344760614
1257-SXUXQ,Low-Value,19.45,Month-to-month,5,No,0.3595088107752567
5018-HEKFO,Low-Value,24.5,Month-to-month,10,No,0.35941967182351975
4020-KIUDI,Low-Value,19.85,Month-to-month,6,No,0.35941579273683893
5712-AHQNN,High-Value,91.65,Month-to-month,43,No,0.35940614897425444
3842-QTGDL,High-Value,80.75,Month-to-month,16,No,0.35933078013324826
8544-GOQSH,High-Value,80.05,Month-to-month,14,No,0.35929330341841204
1850-AKQEP,Low-Value,20.35,Month-to-month,8,No,0.3592874448881228
4724-WXVWF,High-Value,95.4,Month-to-month,48,No,0.3592237900345173
9788-YTFGE,Low-Value,19.95,Month-to-month,7,No,0.35920728262085583
1360-RCYRT,Low-Value,30.35,Month-to-month,23,No,0.35904815740281143
0303-WMMRN,Low-Value,19.25,Month-to-month,5,No,0.3590346667876448
5955-EPOAZ,Low-Value,20.95,Month-to-month,6,No,0.35875389191286483
4732-RRJZC,Low-Value,20.25,Month-to-month,7,No,0.3585363657781579
0750-EKNGL,Low-Value,20.75,Month-to-month,7,No,0.35818288098944606
6490-FGZAT,Low-Value,20.65,Month-to-month,6,No,0.35805578742992
1104-TNLZA,High-Value,105.8,Month-to-month,28,No,0.35800572843067124
3077-RSNTJ,Low-Value,19.7,Month-to-month,6,No,0.3579993422262678
1436-ZMJAN,Low-Value,67.8,Month-to-month,10,No,0.35762801842419706
7623-HKYRK,Low-Value,19.7,Month-to-month,6,No,0.35717563882735104
2320-YKQBO,Low-Value,19.3,Month-to-month,7,No,0.35707931401673193
4310-KEDTB,Low-Value,29.8,Month-to-month,26,No,0.35703104626048
6972-SNKKW,Low-Value,20.0,Month-to-month,6,No,0.3566935304377489
2791-SFVEW,Low-Value,20.15,Month-to-month,9,No,0.3566321815035659
7787-BNTZM,Low-Value,20.15,Month-to-month,6,No,0.3563053089640472
0274-JKUJR,Low-Value,58.85,Month-to-month,7,No,0.3562431396389906
3675-EQOZA,Low-Value,20.65,Month-to-month,5,No,0.35617730553610216
4694-PHWFW,Low-Value,19.95,Month-to-month,8,No,0.3560515656117808
2272-UOINI,High-Value,78.5,Month-to-month,7,No,0.35591945577594836
2159-TURXX,Low-Value,20.05,Month-to-month,5,No,0.3558271022897529
5213-TWWJU,High-Value,91.0,Month-to-month,28,No,0.35551778485952995
8623-ULFNQ,Low-Value,66.05,Month-to-month,26,No,0.35536934071424725
7968-QUXNS,Low-Value,18.95,Month-to-month,6,No,0.35499100252669247
9970-QBCDA,Low-Value,19.7,Month-to-month,6,No,0.35497304909775845
3682-YEUWS,Low-Value,24.4,Month-to-month,10,No,0.3549517605758911
5609-IMCGG,High-Value,84.35,Month-to-month,15,No,0.3543623207957487
7622-NXQZR,Low-Value,30.1,Month-to-month,28,No,0.3543615677916611
5712-VBOXD,Low-Value,20.15,Month-to-month,4,No,0.3543245977235138
0447-RXSGD,High-Value,99.65,Month-to-month,24,No,0.3542612191016372
2717-HVIZY,Low-Value,20.05,Month-to-month,8,No,0.3537791991706174
7874-ECPQJ,Low-Value,20.05,Month-to-month,4,No,0.35354788873356835
0111-KLBQG,High-Value,93.95,Month-to-month,32,No,0.35323897343405747
3694-GLTJM,Low-Value,19.65,Month-to-month,5,No,0.3530219273993834
0848-ZGQIJ,High-Value,94.65,Month-to-month,16,No,0.35299557705555373
3570-YUEKJ,Low-Value,49.55,Month-to-month,42,No,0.352489619702611
4298-OYIFC,High-Value,103.45,Month-to-month,15,No,0.352443622333174
5345-BMKWB,Low-Value,20.25,Month-to-month,8,No,0.3523496795693133
4719-UMSIY,Low-Value,19.65,Month-to-month,6,No,0.3523053444671518
5311-IHLEI,Low-Value,50.95,Month-to-month,12,No,0.35218689415890786
2811-POVEX,High-Value,88.45,Month-to-month,23,No,0.35207381457120346
6278-FEPBZ,Low-Value,20.25,Month-to-month,9,No,0.3515381667688497
1925-GMVBW,Low-Value,20.55,Month-to-month,5,No,0.3513844954328023
9793-WECQC,High-Value,95.3,Month-to-month,23,No,0.3512613337004508
0082-OQIQY,High-Value,94.2,Month-to-month,29,No,0.35116353200932965
8735-NBLWT,Low-Value,20.4,Month-to-month,9,No,0.3511457182350884
1386-ZIKUV,Low-Value,18.95,Month-to-month,7,No,0.3509900840141977
4568-TTZRT,Low-Value,20.4,Month-to-month,9,No,0.3504688849721248
5202-IVJNU,Low-Value,30.1,Month-to-month,39,Yes,0.3504658290347956
4893-GYUJU,Low-Value,19.35,One year,50,No,0.3502506534732489
6300-BWMJX,High-Value,93.35,Month-to-month,59,No,0.35019533667815883
5533-RJFTJ,Low-Value,30.2,Month-to-month,49,No,0.3500909470821336
6661-EIPZC,Low-Value,29.5,Month-to-month,48,No,0.35004163501351615
9512-PHSMG,Low-Value,20.55,Month-to-month,10,No,0.3497114279895318
2458-EOMRE,Low-Value,64.05,Month-to-month,11,No,0.3497013660800132
9133-AYJZG,High-Value,98.7,Month-to-month,23,No,0.3496381687395826
9025-ZRPVR,Low-Value,18.95,Month-to-month,9,Yes,0.3495475612245999
4501-VCPFK,Low-Value,35.75,Month-to-month,26,No,0.34948832048991546
3162-ZJZFU,High-Value,92.55,Month-to-month,53,No,0.34945873722184273
5555-RNPGT,Low-Value,24.8,Month-to-month,10,No,0.3492008483681306
1539-LNKHM,Low-Value,20.4,Month-to-month,12,No,0.3491866521512762
7869-ZYDST,Low-Value,59.05,Month-to-month,31,No,0.34915744871958093
1735-XMJVH,Low-Value,19.35,Month-to-month,8,No,0.3490393253715757
0310-VQXAM,Low-Value,19.85,Month-to-month,9,No,0.34881460362409034
0278-YXOOG,Low-Value,21.05,Month-to-month,5,Yes,0.348489189161788
7268-IGMFD,High-Value,93.9,Month-to-month,18,No,0.34839447861187806
1383-EZRWL,Low-Value,20.05,Month-to-month,7,Yes,0.3482350837129488
8229-BUJHX,Low-Value,20.5,Two year,71,No,0.3481812912730884
0952-KMEEH,High-Value,98.15,Month-to-month,13,Yes,0.34816242699707184
5482-VXSXJ,High-Value,93.2,Month-to-month,22,No,0.3478227529947203
8024-XNAFQ,High-Value,107.4,Two year,72,No,0.3477764049799014
3062-ICYZQ,High-Value,93.8,Month-to-month,51,No,0.3476276382933122
0620-XEFWH,Low-Value,18.85,Month-to-month,4,No,0.34761933610495693
8735-DCXNF,Low-Value,54.95,Month-to-month,10,No,0.34760433949350933
3737-XBQDD,High-Value,84.85,Month-to-month,24,No,0.3475858573708036
9681-KYGYB,High-Value,88.2,Month-to-month,49,No,0.3474334903792192
4063-EIKNQ,Low-Value,20.95,Month-to-month,11,No,0.3471198484868604
6476-EPYZR,Low-Value,20.5,Month-to-month,12,No,0.3468536980012149
4936-YPJNK,Low-Value,19.9,Month-to-month,10,No,0.3465559355465027
3865-ZYKAD,High-Value,84.9,Month-to-month,69,No,0.34635783544225657
1614-JBEBI,Low-Value,20.7,Month-to-month,8,No,0.34619640006957847
9863-JZAIC,Low-Value,55.0,Month-to-month,35,Yes,0.3460743741424913
3154-CFSZG,High-Value,90.05,Month-to-month,47,No,0.3460529284741618
2107-FBPTK,High-Value,104.1,Month-to-month,30,No,0.3458672143107479
3629-WEAAM,Low-Value,64.1,Month-to-month,8,No,0.3456271581177142
0780-XNZFN,Low-Value,20.65,Two year,57,No,0.3455102500458375
1394-SUIUH,High-Value,85.15,Month-to-month,44,No,0.3453666958630278
3981-QSVQI,Low-Value,19.7,Month-to-month,8,No,0.34491491971084526
3675-YDUPJ,Low-Value,19.85,Month-to-month,10,No,0.344808958996561
5898-IGSLP,High-Value,89.3,Month-to-month,31,No,0.3447821918665258
8734-FNWVH,Low-Value,59.7,Month-to-month,31,No,0.3445720618286048
5222-JCXZT,Low-Value,19.0,Month-to-month,4,No,0.3445516976044419
8785-EPNCG,Low-Value,23.15,Month-to-month,11,Yes,0.3443853195860736
6979-TNDEU,Low-Value,19.2,Month-to-month,8,No,0.3443469930249193
1784-BXEFA,Low-Value,20.55,Month-to-month,10,No,0.3442000388768725
9932-WBWIK,Low-Value,20.35,Month-to-month,11,No,0.3439832657089298
8404-FYDIB,High-Value,86.65,Month-to-month,26,No,0.3439125700886422
7140-ADSMJ,Low-Value,20.45,Month-to-month,8,No,0.3439113110241224
3750-RNQKR,Low-Value,19.45,Month-to-month,12,No,0.34369899714347196
3422-WJOYD,Low-Value,54.35,One year,28,No,0.3435583994875545
5309-TAIKL,Low-Value,62.8,Month-to-month,7,No,0.3430874486331123
5449-FIBXJ,High-Value,103.3,Month-to-month,19,Yes,0.34286333442741895
7077-XJMET,High-Value,74.15,Month-to-month,12,No,0.3426257316863793
4365-MSDYN,Low-Value,19.55,Month-to-month,8,No,0.3421420292528922
3999-WRNGR,Low-Value,49.75,Month-to-month,60,No,0.34183322894620843
7094-MSZAO,Low-Value,20.05,Month-to-month,10,No,0.34174743975083577
7845-URHJN,Low-Value,20.15,Month-to-month,8,Yes,0.3414663270205487
4801-KFYKL,Low-Value,19.45,Month-to-month,8,No,0.34134990943639565
9256-JTBNZ,Low-Value,20.3,Month-to-month,11,No,0.3413408045861821
3733-ZEECP,Low-Value,51.1,Month-to-month,22,No,0.34098683978394034
4277-BWBML,Low-Value,19.95,Two year,72,No,0.34075518606521843
8946-BFWSG,Low-Value,25.25,Two year,63,No,0.34056962048785117
1218-VKFPE,Low-Value,19.0,Month-to-month,12,Yes,0.34044766234781265
7241-AJHFS,High-Value,87.65,Month-to-month,32,No,0.34014044427405726
7143-BQIBA,Low-Value,62.25,Month-to-month,10,No,0.33993114958389037
7619-ODSGN,Low-Value,54.75,Month-to-month,24,Yes,0.3398032222663096
2439-LYPMQ,High-Value,102.6,Month-to-month,38,No,0.33959087625095646
9367-TCUYN,Low-Value,20.1,Month-to-month,12,No,0.33945721501520326
7706-DZNKK,Low-Value,20.45,Month-to-month,11,No,0.33937798920603146
5396-IZEPB,Low-Value,19.7,Month-to-month,9,No,0.3391630634629837
8591-TKMZH,High-Value,111.1,Two year,59,No,0.33905599106395723
1722-LDZJS,Low-Value,20.2,One year,53,No,0.33884288090556786
6207-WIOLX,Low-Value,58.6,Month-to-month,25,Yes,0.3387071653058584
2428-ZMCTB,Low-Value,19.75,Month-to-month,10,No,0.3386934676538437
5060-TQUQN,High-Value,83.55,Month-to-month,30,No,0.3386570952999543
9591-YVTEB,Low-Value,44.85,Month-to-month,55,No,0.3385952165507527
7531-GQHME,Low-Value,20.05,Month-to-month,12,No,0.3385651660721598
4581-LNWUM,Low-Value,49.15,Month-to-month,13,No,0.33850732686180107
4767-HZZHQ,High-Value,82.05,Month-to-month,30,No,0.33798776378023315
7895-VONWT,Low-Value,48.25,Month-to-month,25,No,0.3376669318609
4083-EUGRJ,Low-Value,20.25,Month-to-month,9,Yes,0.3376239811537747
9531-NSBMR,Low-Value,19.25,One year,36,No,0.3375580273520607
1045-LTCYT,Low-Value,21.05,Month-to-month,8,No,0.3374736677723256
6833-JMZYP,High-Value,94.0,Month-to-month,15,No,0.3373817103963986
7621-VPNET,High-Value,85.9,Month-to-month,42,No,0.3371588451674974
8468-EHYJA,High-Value,99.65,Month-to-month,57,No,0.3367809257926356
0380-ZCSBI,Low-Value,20.0,Month-to-month,10,No,0.33652390758074563
8439-LTUGF,Low-Value,20.0,Month-to-month,10,No,0.336497942650366
8740-XLHDR,Low-Value,43.25,Month-to-month,5,Yes,0.3361936648824182
4182-BGSIQ,Low-Value,19.8,Month-to-month,10,No,0.3357671526347829
4673-KKSLS,High-Value,87.6,Month-to-month,31,No,0.33572975141739964
1991-VOPLL,Low-Value,19.05,Month-to-month,9,No,0.3357277483731617
0129-KPTWJ,High-Value,94.65,Month-to-month,72,No,0.33543736948364294
6854-EXGSF,Low-Value,65.5,Month-to-month,8,No,0.3353780046135709
6861-OKBCE,Low-Value,20.1,Month-to-month,11,Yes,0.3352059622007086
8942-DBMHZ,Low-Value,20.45,Month-to-month,12,No,0.335143610718887
4526-ZJJTM,High-Value,88.4,Month-to-month,25,No,0.3350207556827744
1641-BYBTK,Low-Value,20.2,Month-to-month,6,No,0.3347887988716341
2582-FFFZR,Low-Value,50.6,Month-to-month,22,No,0.3347172360643813
8818-DOPVL,High-Value,104.45,Month-to-month,46,No,0.33455072216880416
2455-USLMV,High-Value,84.75,Month-to-month,31,No,0.3344547619414913
4946-EDSEW,Low-Value,19.25,Month-to-month,11,Yes,0.3344320317909106
1094-BKOSX,Low-Value,51.0,One year,45,No,0.33433754847919334
1670-SVOWZ,High-Value,89.65,Month-to-month,14,Yes,0.33428460644049973
5850-BDWCY,Low-Value,20.2,Month-to-month,6,No,0.3341891270284559
3211-AAPKX,High-Value,98.55,Month-to-month,20,No,0.3341713414985178
1009-IRMNA,Low-Value,20.0,Month-to-month,7,Yes,0.33383318367810877
2960-NKRSO,High-Value,85.95,Month-to-month,24,No,0.3336391869450526
0114-RSRRW,Low-Value,19.95,Month-to-month,10,No,0.333624191766541
6319-QSUSR,Low-Value,19.7,Month-to-month,11,No,0.33353573770501804
2466-NEJOJ,Low-Value,19.65,Month-to-month,8,No,0.33352032317742814
0547-HURJB,Low-Value,21.05,Month-to-month,12,No,0.33321588911388456
4431-EDMIQ,High-Value,75.7,Month-to-month,7,No,0.3329838874844616
7599-NTMDP,Low-Value,48.7,Two year,62,No,0.3329634288374939
4947-DSMXK,High-Value,97.7,Month-to-month,34,No,0.33204041311593446
7777-UNYHB,Low-Value,20.1,Month-to-month,12,No,0.3314827799279429
6211-WHMYA,Low-Value,43.85,Month-to-month,64,No,0.33144420892195475
7982-VCELR,High-Value,94.8,Month-to-month,36,No,0.3314156643159452
4918-FYJNT,High-Value,90.45,Month-to-month,55,No,0.33108494261161114
9828-QHFBK,Low-Value,51.15,Month-to-month,24,No,0.331074383179011
0239-OXEXL,High-Value,84.25,Month-to-month,46,No,0.33084538176730044
1385-TQOZW,Low-Value,20.45,Month-to-month,9,No,0.33065450146184944
5647-FXOTP,High-Value,105.9,Month-to-month,60,No,0.33033834808153667
7727-SHVZV,Low-Value,19.5,Month-to-month,9,No,0.3301562163374702
6862-CQUMB,High-Value,96.1,Month-to-month,37,No,0.3297167659781053
2665-NPTGL,High-Value,98.1,Month-to-month,26,No,0.32945002631542364
0829-XXPLX,High-Value,89.4,Month-to-month,20,No,0.3294115521205299
2810-FTLEM,Low-Value,50.15,Month-to-month,16,Yes,0.32924799025415435
2786-GCDPI,High-Value,104.95,Month-to-month,50,No,0.3289744204968572
8868-GAGIO,High-Value,84.55,Month-to-month,45,No,0.32861051732211555
3842-IYKUE,High-Value,85.3,Month-to-month,35,Yes,0.32819792417078936
4833-QTJNO,High-Value,83.85,Month-to-month,67,No,0.32816564089297406
4338-EYCER,Low-Value,54.6,Month-to-month,21,No,0.3277571411657912
2364-UFROM,High-Value,70.4,One year,30,No,0.32757675330650377
3572-UOLYZ,High-Value,84.8,Month-to-month,46,No,0.32743347286100966
6838-HVLXG,Low-Value,20.3,Month-to-month,12,No,0.32739889924498694
4759-PXTAN,High-Value,80.1,One year,59,No,0.32691543947578444
1563-IWQEX,Low-Value,19.7,Month-to-month,12,No,0.32684364593818505
9168-INPSZ,High-Value,104.15,Month-to-month,44,No,0.3266433363688646
4840-ORQXB,High-Value,104.75,Month-to-month,56,No,0.32562838282915973
5628-RKIFK,High-Value,101.55,Month-to-month,49,No,0.32534798357025074
3301-LSLWQ,Low-Value,66.1,Month-to-month,29,No,0.32523338271875557
5995-SNNEW,High-Value,104.45,Month-to-month,23,No,0.32459601580654274
8313-NDOIA,High-Value,104.15,Month-to-month,24,No,0.32400916349006137
0208-BPQEJ,Low-Value,19.4,Month-to-month,12,No,0.32342981858061404
5206-XZZQI,High-Value,80.6,Month-to-month,53,No,0.3226650710791452
0699-NDKJM,Low-Value,58.75,Month-to-month,57,No,0.3222583985141483
1410-RSCMR,High-Value,71.35,Month-to-month,7,No,0.32218258232891267
9501-UKKNL,Low-Value,51.7,Month-to-month,59,No,0.32201818183422964
0114-PEGZZ,High-Value,107.55,Month-to-month,33,No,0.3214003048821312
8070-AAWZP,Low-Value,34.25,Month-to-month,24,No,0.32100364746351967
2589-AYCRP,Low-Value,19.75,One year,50,No,0.3209145988263769
5973-EJGDP,High-Value,87.35,Month-to-month,51,No,0.32087502822207203
2080-CAZNM,High-Value,104.4,Month-to-month,41,No,0.3198764934583021
3853-LYGAM,High-Value,95.65,Month-to-month,17,No,0.31974879762300323
6429-SHBCB,Low-Value,69.6,Month-to-month,19,No,0.31956382456932453
5619-PTMIK,Low-Value,53.1,Month-to-month,46,No,0.319466139477456
7398-LXGYX,High-Value,84.8,Month-to-month,44,No,0.3192438603323036
4686-UXDML,High-Value,99.85,Month-to-month,21,No,0.31921269127399204
8784-CGILN,High-Value,99.85,Month-to-month,18,Yes,0.3190237593117403
3663-MITLP,High-Value,101.25,Month-to-month,15,Yes,0.3189920326265872
1035-IPQPU,High-Value,103.5,Month-to-month,63,No,0.31893811059361366
5445-GLVOT,Low-Value,49.8,Month-to-month,22,No,0.31873825861511357
5046-NUHWD,Low-Value,45.0,Month-to-month,29,No,0.31836486947079506
4660-IRIBM,High-Value,87.9,Month-to-month,18,No,0.3181444673217252
6620-HVDUJ,Low-Value,60.45,Month-to-month,24,No,0.3181306742114213
9115-YQHGA,Low-Value,51.1,Month-to-month,40,No,0.3181223295195106
7519-JTWQH,High-Value,110.5,Two year,69,No,0.3177333425730871
4647-MUZON,High-Value,95.95,Month-to-month,18,No,0.31747520933749535
6234-PFPXL,High-Value,95.9,Month-to-month,22,No,0.3173195683619152
1170-SASML,High-Value,85.4,Month-to-month,69,No,0.31701433352158565
3723-BFBGR,Low-Value,54.8,Month-to-month,24,No,0.3152553233421906
3285-UCQVC,Low-Value,28.6,Month-to-month,37,Yes,0.3148247861301778
2452-KDRRH,High-Value,101.4,Month-to-month,67,No,0.3146178403075051
5056-FIMPT,High-Value,106.0,One year,43,No,0.31450498643518227
7776-QGYJC,High-Value,81.5,Month-to-month,39,No,0.3143873921578636
6538-POCHL,High-Value,79.0,Month-to-month,33,No,0.3142127176410663
6897-UUBNU,High-Value,89.65,Month-to-month,29,No,0.31413727097488564
8082-GHXOP,Low-Value,44.0,Month-to-month,13,No,0.3140942699046461
0795-GMVQO,High-Value,109.9,One year,67,No,0.3140622171153927
0744-GKNGE,High-Value,86.8,Month-to-month,64,No,0.3139695161060669
2371-JUNGC,Low-Value,20.25,Month-to-month,11,No,0.31365213632433514
5863-OOKCL,Low-Value,18.85,Month-to-month,10,No,0.3130864743467149
4238-JSSWH,High-Value,102.05,Month-to-month,35,No,0.3126893376617613
8563-OYMQY,High-Value,90.95,Month-to-month,17,No,0.3121518174724999
3898-GUYTS,High-Value,97.05,Month-to-month,45,No,0.3119454442623593
0577-WHMEV,High-Value,90.7,Month-to-month,16,No,0.31190535941898434
7813-ZGGAW,High-Value,96.6,Month-to-month,31,No,0.3117377750036619
1550-EENBN,High-Value,104.35,Month-to-month,31,No,0.3105429766393053
3707-LRWZD,High-Value,84.05,One year,32,Yes,0.31024925042478974
0991-BRRFB,Low-Value,49.4,Month-to-month,18,Yes,0.31009933807733187
5419-KLXBN,High-Value,89.15,Month-to-month,25,Yes,0.3100690905405473
6847-KJLTS,High-Value,100.4,Month-to-month,58,No,0.30999190447969743
2446-ZKVAF,Low-Value,56.8,Month-to-month,18,No,0.3090029911016797
2055-SIFSS,Low-Value,51.65,Month-to-month,55,No,0.3089133033760437
5331-RGMTT,High-Value,99.05,Month-to-month,54,No,0.308653275633862
1530-ZTDOZ,Low-Value,40.65,Month-to-month,49,No,0.30849565466175743
2957-JIRMN,High-Value,84.45,One year,62,No,0.30846748992130496
8671-KKKOS,Low-Value,45.55,Month-to-month,46,No,0.3081035005247462
0564-MUUQK,High-Value,95.5,Month-to-month,20,No,0.30789939056219906
2823-LKABH,High-Value,95.05,Month-to-month,18,No,0.30767072054598077
2604-IJPDU,High-Value,96.55,Month-to-month,20,No,0.3075097720593259
7714-YXSMB,High-Value,100.5,Month-to-month,26,No,0.30740975523441133
2882-DDZPG,Low-Value,19.45,Month-to-month,12,No,0.30728677755317374
3873-NFTGI,Low-Value,55.5,Month-to-month,14,No,0.30627235571479344
5337-IIWKZ,Low-Value,44.85,Month-to-month,34,No,0.3062704313764808
7876-BEUTG,Low-Value,48.8,Month-to-month,15,No,0.30611823477985184
7041-TXQJH,Low-Value,40.2,Month-to-month,37,No,0.30604496296629985
4976-LNFVV,Low-Value,34.3,Month-to-month,19,No,0.3057216458499081
8756-RDDLT,Low-Value,44.95,Month-to-month,68,No,0.3052730847323831
2603-HVKCG,High-Value,101.4,Month-to-month,31,No,0.30438173465582674
5730-RIITO,Low-Value,33.45,Month-to-month,43,No,0.3043411907542576
8980-WQFWL,Low-Value,62.1,Month-to-month,35,No,0.3037061686736509
4785-QRJHC,Low-Value,59.9,One year,46,Yes,0.3036202446874945
4522-AKYLR,Low-Value,54.8,Month-to-month,13,No,0.3035533368675403
2697-NQBPF,High-Value,105.35,Month-to-month,34,No,0.3035477200283534
9074-KGVOX,Low-Value,39.45,Month-to-month,50,No,0.3034506672980056
6507-DTJZV,Low-Value,66.4,Month-to-month,13,No,0.30331717456046325
7048-GXDAY,High-Value,106.4,Month-to-month,39,No,0.3031399520549712
8189-HBVRW,High-Value,90.8,Month-to-month,53,No,0.3030006984869443
1208-NBVFH,Low-Value,49.6,Month-to-month,20,No,0.3029919781996659
5186-EJEGL,Low-Value,69.5,Month-to-month,9,No,0.3028317078401122
8378-LKJAF,High-Value,101.15,Month-to-month,38,No,0.3027957712250151
0530-IJVDB,High-Value,114.6,Two year,70,No,0.3026305558503152
9544-PYPSJ,High-Value,96.1,Month-to-month,62,No,0.30261629937130546
3893-JRNFS,Low-Value,39.9,Month-to-month,68,No,0.3026112429575492
2433-KMEAS,Low-Value,54.45,Month-to-month,22,Yes,0.3025844989740716
1100-DDVRV,Low-Value,49.8,Month-to-month,17,No,0.30179940349239537
8644-XYTSV,Low-Value,40.15,Month-to-month,42,No,0.3013400432299438
6559-PDZLR,High-Value,98.65,Month-to-month,26,No,0.30130199186343787
6481-ESCNL,High-Value,100.55,Month-to-month,29,No,0.3007658534008769
7776-QWNFX,Low-Value,50.4,Month-to-month,30,Yes,0.30064480367482044
0595-ITUDF,High-Value,91.8,Month-to-month,64,No,0.3001830864687812
2267-WTPYD,High-Value,94.0,Month-to-month,57,No,0.29977752074961234
0771-WLCLA,High-Value,112.95,Month-to-month,16,No,0.29977518997425145
2796-UUZZO,High-Value,80.3,Month-to-month,63,No,0.29926751605969076
6377-WHAOX,High-Value,106.15,Month-to-month,60,No,0.29912675410523365
2139-FQHLM,High-Value,89.95,Month-to-month,19,No,0.29875904019046967
2521-NPUZR,High-Value,101.0,Two year,70,No,0.29874911983208763
8773-HHUOZ,Low-Value,64.7,Month-to-month,17,Yes,0.2984894388460419
9776-OJUZI,High-Value,95.45,Month-to-month,65,No,0.29830471177345597
1020-JPQOW,High-Value,90.55,Month-to-month,56,No,0.29816357870170007
3307-TLCUD,Low-Value,34.4,Month-to-month,17,No,0.2976436096279378
9408-HRXRK,High-Value,105.15,Month-to-month,45,No,0.2965788669270798
1125-SNVCK,Low-Value,43.8,Month-to-month,49,No,0.29647920875661804
5055-MGMGF,High-Value,105.05,Month-to-month,65,No,0.29606538694470047
1482-OXZSY,High-Value,100.4,Month-to-month,30,No,0.2959155313333174
4685-ERGHK,High-Value,86.9,One year,57,No,0.2958781633531928
4950-BDEUX,Low-Value,49.2,Month-to-month,35,No,0.29531713763862955
9058-HRZSV,High-Value,94.4,Month-to-month,65,No,0.2952113422145519
3313-QKNKB,High-Value,85.55,One year,59,Yes,0.293803840675615
9921-EZKBY,High-Value,95.3,Month-to-month,33,No,0.2936346333840448
1548-FEHVL,High-Value,106.2,Month-to-month,61,No,0.29309737309675093
5339-TJFEK,High-Value,105.5,Month-to-month,62,No,0.2928980885658031
4062-HBMOS,High-Value,103.05,Month-to-month,52,No,0.29282635882365643
1469-LBJQJ,High-Value,105.2,Month-to-month,66,No,0.29269705080407793
8878-RYUKI,Low-Value,59.45,Month-to-month,52,No,0.29260648855499577
2378-VTKDH,High-Value,104.35,Month-to-month,65,No,0.2924711439023974
6635-CPNUN,High-Value,96.6,Month-to-month,28,No,0.2922584946290694
3920-HIHMQ,Low-Value,49.5,Month-to-month,26,No,0.29199926423007044
4220-TINQT,High-Value,106.35,Month-to-month,61,No,0.2919103784037757
9732-EQMWY,High-Value,99.4,Month-to-month,49,No,0.2918971318963785
5649-VUKMC,High-Value,95.5,One year,12,Yes,0.29175918657170546
7011-CVEUC,High-Value,95.7,Month-to-month,25,No,0.29111163105643173
9688-YGXVR,High-Value,88.15,Month-to-month,44,No,0.29095617089613424
5630-IXDXV,High-Value,106.35,Month-to-month,47,No,0.2909525345091721
3470-BTGQO,Low-Value,45.65,Month-to-month,21,No,0.29082834298019744
4827-USJHP,Low-Value,51.8,Month-to-month,20,No,0.2907471198291904
8535-SFUTN,High-Value,106.45,Month-to-month,61,No,0.2901930265134198
3097-IDVPU,Low-Value,50.1,Month-to-month,19,No,0.2895987311062976
8755-IWJHN,High-Value,95.35,Month-to-month,69,No,0.289384007406727
3128-YOVTD,High-Value,79.15,Month-to-month,51,No,0.2891830509941186
8548-AWOFC,Low-Value,63.85,Month-to-month,66,No,0.28904124941449905
3472-OAOOR,Low-Value,34.95,Month-to-month,19,No,0.2889156541153757
1666-JZPZT,Low-Value,49.0,Month-to-month,27,No,0.28889833668991954
3323-CPBWR,High-Value,96.9,Month-to-month,23,No,0.2887969406630569
6137-MFAJN,Low-Value,44.8,Month-to-month,48,No,0.2887553467123935
8017-UVSZU,Low-Value,56.6,Month-to-month,40,No,0.2876494957519406
3640-JQGJG,Low-Value,44.8,Month-to-month,13,No,0.2867120095742754
4402-FTBXC,High-Value,89.8,Month-to-month,54,No,0.28666203865419154
4191-XOVOM,High-Value,105.4,Month-to-month,63,No,0.28651086873129905
7883-ROJOC,Low-Value,44.9,Month-to-month,19,No,0.286502077330932
6030-REHUX,High-Value,110.85,Month-to-month,28,No,0.2863580845295561
7233-DRTRF,High-Value,102.4,Month-to-month,63,No,0.2863374030907886
6773-LQTVT,Low-Value,35.65,Month-to-month,29,No,0.2862302331966804
6439-LAJXL,Low-Value,68.95,Month-to-month,9,No,0.28618166933005024
1427-VERSM,High-Value,98.7,Month-to-month,56,No,0.28551517203452637
0260-ZDLGK,High-Value,72.9,Month-to-month,9,Yes,0.28522441635336643
9103-TCIHJ,Low-Value,55.7,Month-to-month,15,Yes,0.2849539837718111
1625-JAIIY,High-Value,83.0,One year,68,Yes,0.28483669437823955
4657-FWVFY,High-Value,96.35,Month-to-month,40,No,0.2846272226714692
7217-JYHOQ,Low-Value,70.3,Month-to-month,24,No,0.2842507931313085
6075-SLNIL,High-Value,95.1,Month-to-month,38,No,0.283969126919027
8582-KRHPJ,Low-Value,35.0,Month-to-month,50,No,0.2839087606642199
2843-CQMEG,Low-Value,49.7,Month-to-month,24,No,0.2836635685256383
3524-WQDSG,High-Value,99.3,Month-to-month,43,No,0.28350544663794547
0089-IIQKO,High-Value,99.95,Month-to-month,39,No,0.28345747128074295
0440-QEXBZ,Low-Value,50.15,Month-to-month,44,No,0.2827527886589264
3126-WQMGH,Low-Value,52.15,Month-to-month,49,No,0.2825751921111498
4869-EPIUS,High-Value,80.9,One year,56,No,0.2822829494532949
2519-ERQOJ,Low-Value,54.6,Month-to-month,33,No,0.28212266343039066
2946-KIQSP,Low-Value,33.45,Month-to-month,35,No,0.28211137989947177
5649-RXQTV,High-Value,99.0,Month-to-month,51,No,0.28187943864162746
2828-SLQPF,Low-Value,45.0,Month-to-month,19,No,0.28082176569707495
8992-VONJD,Low-Value,56.0,Month-to-month,13,No,0.2804180035305121
3466-RITXD,High-Value,92.4,Month-to-month,26,No,0.28035888277670146
9206-GVPEQ,Low-Value,54.45,Month-to-month,13,Yes,0.28026159046254556
5651-WYIPH,Low-Value,49.85,Month-to-month,18,No,0.2799553038835244
5438-QMDDL,Low-Value,59.8,Month-to-month,19,No,0.2793963388648628
2267-FPIMA,High-Value,94.4,Month-to-month,50,No,0.27935643948173805
8645-KWHJO,Low-Value,55.0,Month-to-month,14,No,0.2792851883771832
4139-SUGLD,Low-Value,35.4,Month-to-month,31,Yes,0.2781105692640145
4353-HYOJD,Low-Value,49.85,Month-to-month,27,No,0.27808104382463555
5312-UXESG,High-Value,98.05,Month-to-month,41,No,0.2779045588809292
0723-VSOBE,Low-Value,34.2,One year,45,No,0.2776721856044406
5804-HYIEZ,High-Value,106.05,Month-to-month,70,No,0.27731558977725684
2908-ZTPNF,Low-Value,34.85,Month-to-month,36,No,0.2771045203988599
4931-TRZWN,High-Value,71.95,Month-to-month,13,No,0.27702729621729005
9831-BPFRI,High-Value,89.55,One year,39,Yes,0.2769262218353572
8631-WUXGY,High-Value,99.8,Month-to-month,46,No,0.27682575068115894
3500-RMZLT,High-Value,96.3,Month-to-month,15,Yes,0.27659535102362914
5274-XHAKY,High-Value,94.3,Month-to-month,41,No,0.2764690183091691
2040-VZIKE,High-Value,100.85,Month-to-month,49,No,0.2761988493577343
9396-ZSFLL,Low-Value,48.85,Month-to-month,15,No,0.2759778596459002
3391-JSQEW,Low-Value,50.15,Month-to-month,40,No,0.27578697346207826
9522-BNTHX,Low-Value,56.25,Month-to-month,34,No,0.27578118332722834
6954-OOYZZ,Low-Value,44.35,Month-to-month,18,No,0.2750939880816208
8741-LQOBK,Low-Value,35.05,Month-to-month,46,No,0.2747360529011986
4070-OKWVH,High-Value,94.6,Month-to-month,52,No,0.27470032334541594
7233-IOQNP,Low-Value,34.0,Month-to-month,43,No,0.2745708325514884
1685-BQULA,High-Value,93.4,Month-to-month,40,No,0.27442309529589654
2105-PHWON,High-Value,95.0,Month-to-month,33,No,0.27439575086624934
2257-BOVXD,Low-Value,66.6,Month-to-month,14,No,0.2741026739611027
2359-KLTEK,High-Value,94.9,Month-to-month,41,No,0.274064850865829
3255-GRXMG,Low-Value,45.65,Month-to-month,18,No,0.2732546647047493
0730-KOAVE,High-Value,94.3,Month-to-month,30,No,0.2732027283950803
7733-UDMTP,Low-Value,55.0,Month-to-month,57,No,0.2730973199566821
9129-UXERG,High-Value,103.6,Month-to-month,18,No,0.2729308758709859
4422-QVIJA,Low-Value,50.15,Month-to-month,35,No,0.27274986627788994
1247-QBVSH,Low-Value,50.2,Month-to-month,43,No,0.27243542341673876
0112-QWPNC,High-Value,84.35,One year,49,Yes,0.27206020250581814
0701-TJSEF,Low-Value,68.25,Month-to-month,9,No,0.27200675126183615
4646-QZXTF,High-Value,81.25,Month-to-month,7,No,0.27170726886756624
9373-WSLOY,Low-Value,50.0,Month-to-month,33,No,0.27154324758209253
0943-ZQPXH,High-Value,92.95,Month-to-month,44,No,0.2713384962853127
2294-DMMUS,High-Value,70.45,Month-to-month,62,No,0.27033122262687725
0207-MDKNV,High-Value,105.1,Month-to-month,15,Yes,0.27007597126550736
8404-VLQFB,Low-Value,25.25,Month-to-month,15,No,0.2697745457599206
9342-VNIMQ,Low-Value,54.65,Month-to-month,33,No,0.26939994011900265
0842-IWYCP,Low-Value,44.95,Month-to-month,46,No,0.26855573083201234
5155-AZQPB,Low-Value,49.9,Month-to-month,28,No,0.26847764079817044
1697-BCSHV,Low-Value,66.8,Month-to-month,58,No,0.26842510039647
8751-EDEKA,High-Value,89.9,Month-to-month,28,No,0.26837111094351734
7610-TVOPG,Low-Value,26.35,Month-to-month,15,No,0.26813275275595694
1169-WCVAK,High-Value,88.8,Month-to-month,19,No,0.2680193839149842
4194-WHFCB,High-Value,96.65,Month-to-month,59,No,0.26783812435367116
2782-JEEBU,Low-Value,36.0,Month-to-month,21,No,0.2665608098050138
5740-YHGTW,High-Value,97.55,Month-to-month,70,No,0.26652568028264184
1518-OMDIK,Low-Value,44.55,Month-to-month,33,No,0.26639502282791916
6839-ITVZJ,Low-Value,60.05,Month-to-month,26,Yes,0.26635565828208435
3069-SSVSN,Low-Value,25.85,One year,1,No,0.26630865527856445
8257-RZAHR,Low-Value,64.7,Month-to-month,14,Yes,0.2662537471413791
5947-SGKCL,High-Value,105.35,Month-to-month,15,No,0.26599611231229203
5002-GCQFH,High-Value,93.85,Month-to-month,49,No,0.26549575708912226
3096-JRDSO,High-Value,104.3,Month-to-month,27,Yes,0.26533772960484875
2887-JPYLU,Low-Value,45.2,Month-to-month,41,No,0.2649413694703638
4712-AUQZO,Low-Value,33.6,Month-to-month,18,No,0.2648826049888439
4929-ROART,Low-Value,56.25,Month-to-month,18,No,0.26440341461379446
1356-MKYSK,High-Value,78.65,Month-to-month,6,No,0.264274636844998
1049-FYSYG,Low-Value,35.65,Month-to-month,17,No,0.2640050115520023
5939-XAIXZ,Low-Value,56.1,Month-to-month,19,No,0.26374539636880856
5131-PONJI,High-Value,90.4,Month-to-month,49,No,0.26372014231899815
7657-DYEPJ,Low-Value,70.15,One year,38,Yes,0.26250687601319506
1585-MQSSU,Low-Value,51.5,Month-to-month,17,Yes,0.2611632643765346
7576-ASEJU,High-Value,74.7,One year,41,No,0.26089056758339846
0222-CNVPT,Low-Value,48.8,Month-to-month,52,No,0.2603690719870846
2129-ALKBS,Low-Value,26.2,Month-to-month,40,No,0.2598682161885964
1320-REHCS,High-Value,110.75,Month-to-month,52,No,0.25983408184674445
5639-NTUPK,Low-Value,52.1,Month-to-month,13,No,0.2597739341834733
9971-ZWPBF,High-Value,108.9,Month-to-month,34,No,0.259608355211496
4939-KYYPY,Low-Value,59.45,Month-to-month,27,No,0.25958328235736483
0201-MIBOL,High-Value,102.4,Two year,66,No,0.25950476818555607
5827-MWCZK,High-Value,96.95,Month-to-month,56,No,0.2593055867901393
7798-JVXYM,Low-Value,69.65,Month-to-month,14,No,0.25903922800969786
9578-FOMUK,Low-Value,24.8,Month-to-month,15,No,0.2587803272274817
4163-KIUHY,Low-Value,25.6,Month-to-month,35,No,0.25807287415153884
9839-ETQOE,Low-Value,40.45,Month-to-month,43,No,0.25791836796830514
1485-YDHMM,High-Value,93.25,Month-to-month,52,No,0.2571919624505906
0733-VUNUW,Low-Value,55.65,Month-to-month,24,Yes,0.2571479822333143
6633-SYEUS,High-Value,83.2,Month-to-month,23,No,0.2571457483882411
7299-GNVPL,High-Value,84.4,Month-to-month,23,No,0.25697929405565834
7107-UBYKY,Low-Value,25.75,Month-to-month,35,No,0.2569341326990324
2074-GUHPQ,High-Value,92.7,Month-to-month,17,No,0.2568004885452701
5701-ZIKJE,Low-Value,50.55,Month-to-month,13,No,0.25668524055158753
6563-VNPMN,High-Value,85.7,Month-to-month,45,No,0.25651576213399035
3466-WAESX,Low-Value,69.1,Month-to-month,16,No,0.2564637996832951
6128-AQBMT,Low-Value,53.95,Month-to-month,41,No,0.2564454875692541
1984-GPTEH,Low-Value,25.15,Month-to-month,29,No,0.2561468157135098
7181-OQCUT,High-Value,103.85,Month-to-month,21,No,0.2557532345745017
7641-TQFHN,High-Value,100.55,Two year,39,No,0.25556357663038254
2195-VVRJF,Low-Value,59.1,Month-to-month,18,No,0.2555008935321071
7746-AWNQW,Low-Value,35.75,Month-to-month,28,No,0.2554391783333127
0696-UKTOX,Low-Value,54.15,Month-to-month,23,No,0.25531308371876527
1768-HNVGJ,Low-Value,70.05,Month-to-month,45,No,0.2552615943501302
8059-UDZFY,High-Value,105.35,Month-to-month,33,No,0.2551736474321473
8992-OBVDG,Low-Value,61.65,Month-to-month,21,No,0.25489041938212037
6131-FOYAS,Low-Value,59.6,Month-to-month,35,No,0.25442846230331995
0872-JCPIB,Low-Value,65.75,Month-to-month,17,No,0.2542561230957988
6648-INWPS,Low-Value,20.15,Month-to-month,16,No,0.2538735369268557
7576-JMYWV,High-Value,110.2,Month-to-month,46,No,0.25382022412475264
4316-XCSLJ,Low-Value,50.3,Month-to-month,17,No,0.2533573638176431
4495-LHSSK,Low-Value,57.65,Month-to-month,18,No,0.2532248751265005
5366-OBVMR,Low-Value,50.3,Month-to-month,18,No,0.25312173692270457
4486-EFAEB,Low-Value,20.4,Month-to-month,13,No,0.252702935501231
2801-NISEI,Low-Value,54.95,Month-to-month,24,No,0.2527017010978579
1171-TYKUR,Low-Value,25.4,Month-to-month,47,No,0.2525927219111238
6214-EDAKZ,Low-Value,55.15,Month-to-month,22,Yes,0.2520318792825935
1744-JHKYS,Low-Value,24.7,Month-to-month,34,No,0.2518181625404685
2108-GLPQB,Low-Value,55.55,Month-to-month,25,No,0.25137180288245914
1159-WFSGR,Low-Value,20.4,Month-to-month,16,No,0.25130761634123755
2692-BUCFV,High-Value,101.45,Month-to-month,29,No,0.2511692103771454
2683-JXWQQ,Low-Value,33.6,Month-to-month,61,No,0.2510979481438672
5843-TTHGI,Low-Value,50.0,Month-to-month,18,No,0.25098293833058666
4712-UYOOI,Low-Value,20.0,Month-to-month,20,No,0.250169949470568
5688-KZTSN,Low-Value,20.0,Month-to-month,15,Yes,0.24995672866584148
3181-MIZBN,Low-Value,19.75,Month-to-month,16,No,0.24977217000692187
6705-LNMDD,Low-Value,50.0,Month-to-month,20,No,0.2492953807384928
7410-KTVFV,Low-Value,49.55,Month-to-month,18,Yes,0.24897032481292072
1725-IQNIY,High-Value,109.75,Two year,54,Yes,0.24885846452714488
5151-HQRDG,Low-Value,55.05,Month-to-month,37,No,0.24881477610543754
2958-NHPPS,Low-Value,20.85,Month-to-month,23,No,0.24859708325449711
3011-WQKSZ,Low-Value,20.0,Month-to-month,19,No,0.24851910791586546
1629-DQQVB,Low-Value,50.1,Month-to-month,14,No,0.24840072380953998
2023-VQFDL,Low-Value,19.0,Month-to-month,18,No,0.24744932990068563
9763-GRSKD,Low-Value,49.95,Month-to-month,13,No,0.24738165097955567
0523-VNGTF,Low-Value,50.5,Month-to-month,52,No,0.24719890720712667
2985-JUUBZ,High-Value,74.55,Month-to-month,40,No,0.24710146915999212
8735-IJJEG,Low-Value,50.2,Month-to-month,14,No,0.24700514428499976
3761-FLYZI,High-Value,108.8,Month-to-month,65,No,0.24698360493718963
6475-VHUIZ,Low-Value,54.25,Month-to-month,23,No,0.2467211124936886
5709-LVOEQ,High-Value,80.85,Two year,0,No,0.24638938728404391
1352-HNSAW,High-Value,115.6,Two year,72,No,0.24632760784953597
0156-FVPTA,Low-Value,54.2,Month-to-month,22,Yes,0.24627882808008275
9633-DENPU,Low-Value,58.6,Month-to-month,47,No,0.24612614253692133
8552-OBVRU,High-Value,104.5,Month-to-month,48,No,0.24590545692634183
5353-WILCI,Low-Value,56.05,Month-to-month,28,No,0.2457034243408432
4701-MLJPN,Low-Value,55.25,Month-to-month,31,Yes,0.2454181074666397
5846-QFDFI,High-Value,88.6,Month-to-month,33,No,0.24533762521186323
7595-EHCDL,Low-Value,50.6,Month-to-month,32,No,0.24532242805543447
9097-ZUBYC,Low-Value,48.8,Month-to-month,14,No,0.2452491654316104
0142-GVYSN,Low-Value,20.3,Month-to-month,26,No,0.2452193903077898
2615-YVMYX,High-Value,107.5,Month-to-month,71,No,0.24517013479568303
5616-PRTNT,Low-Value,19.4,Month-to-month,20,Yes,0.24516608908003745
5129-JLPIS,High-Value,105.5,Month-to-month,25,No,0.24471313704875838
0098-BOWSO,Low-Value,19.4,Month-to-month,27,No,0.24445670862132596
9481-SFCQY,Low-Value,59.8,Month-to-month,14,No,0.24409083802089626
1853-ARAAQ,Low-Value,50.35,Month-to-month,26,No,0.24365899851964587
4456-RHSNB,Low-Value,49.6,Month-to-month,19,No,0.24334418032887983
2155-AMQRX,Low-Value,54.9,Month-to-month,28,No,0.24325412300204088
3221-CJMSG,Low-Value,51.1,Month-to-month,24,No,0.24313946421785335
1376-HHBDV,Low-Value,48.8,Month-to-month,30,No,0.24236573788375518
3099-OONVS,Low-Value,54.3,Month-to-month,25,No,0.24209833803692377
4765-OXPPD,Low-Value,65.0,Month-to-month,9,Yes,0.2420534288350318
9170-CCKOU,High-Value,90.2,Month-to-month,17,Yes,0.24204468359976916
6693-FRIRW,High-Value,101.3,Month-to-month,18,No,0.24198303960249667
8216-AZUUZ,High-Value,100.4,Two year,42,No,0.24184105641331216
3521-MNKLV,Low-Value,49.7,Month-to-month,24,No,0.2415809638380449
9308-ANMVE,Low-Value,55.3,Month-to-month,47,No,0.2412920421872757
2959-EEXWB,Low-Value,50.9,Month-to-month,45,No,0.24088270185564695
5546-BYZSM,Low-Value,20.45,Month-to-month,41,No,0.2406122993003895
9143-CANJF,Low-Value,55.15,Month-to-month,24,No,0.24060350300591776
8400-WZICQ,Low-Value,55.7,Month-to-month,55,No,0.2405181751908138
3890-RTCMS,Low-Value,49.45,Month-to-month,16,No,0.24051612688789817
9555-SAHUZ,Low-Value,54.5,Month-to-month,38,No,0.24016001907351062
7929-SKFGK,High-Value,114.3,Two year,70,No,0.24005819382771662
6035-RIIOM,High-Value,97.2,Two year,54,No,0.24002102512016948
9554-DFKIC,Low-Value,54.45,Month-to-month,30,No,0.2400048190165794
5136-RGMZO,High-Value,71.05,Month-to-month,31,No,0.23999456618745696
5917-HBSDW,Low-Value,19.35,Month-to-month,37,No,0.23993549096927524
9577-WJVCQ,Low-Value,54.45,Month-to-month,68,No,0.23988705241488176
6710-HSJRD,High-Value,114.1,Month-to-month,61,No,0.23979585718899965
1134-YWTYF,Low-Value,53.8,Month-to-month,27,No,0.23936990759070323
0128-MKWSG,Low-Value,45.8,Month-to-month,26,No,0.23917542429286662
2229-VWQJH,Low-Value,49.3,Month-to-month,24,No,0.2391024837882516
0265-PSUAE,High-Value,100.7,Month-to-month,16,No,0.23903311071188668
5832-EXGTT,Low-Value,60.2,Month-to-month,29,No,0.23901463234906503
3164-YAXFY,Low-Value,53.75,Month-to-month,57,No,0.23899037337100915
5468-BPMMO,Low-Value,19.6,Month-to-month,46,No,0.238950222925752
3413-CSSTH,Low-Value,55.7,Month-to-month,41,No,0.2385897220151024
3794-NFNCH,Low-Value,50.0,Month-to-month,30,No,0.23842448812548428
2883-ILGWO,High-Value,104.9,Month-to-month,57,No,0.23768261362500134
7672-VFMXZ,Low-Value,55.7,Month-to-month,57,No,0.23738412376482837
1730-VFMWO,Low-Value,50.2,Month-to-month,34,No,0.2373058250872977
9278-VZKCD,High-Value,109.1,Month-to-month,52,No,0.23730497305445686
3948-XHGNA,Low-Value,49.55,Month-to-month,24,Yes,0.23720572385860808
5325-UWTWJ,High-Value,90.55,Month-to-month,31,No,0.23649649032644954
4450-YOOHP,Low-Value,50.65,Month-to-month,39,No,0.23632313062578225
1552-AAGRX,High-Value,106.4,Month-to-month,30,No,0.23620427775723532
4926-UMJZD,Low-Value,49.2,Month-to-month,31,No,0.23585018378759806
2252-ISRNH,High-Value,90.35,One year,9,No,0.2352597372792238
9931-KGHOA,Low-Value,55.0,Month-to-month,46,No,0.23518066139003116
9822-BIIGN,High-Value,71.85,Month-to-month,53,No,0.23484985132305858
3174-RKMOW,High-Value,109.95,Month-to-month,35,No,0.23474045956640405
1452-XRSJV,Low-Value,51.05,Month-to-month,39,No,0.2346712071612039
0096-FCPUF,Low-Value,64.5,Month-to-month,30,No,0.23453986894742282
2320-SLKMB,Low-Value,44.45,Month-to-month,26,No,0.23359253482571643
7639-SUPCW,Low-Value,48.8,Month-to-month,22,Yes,0.23353379334078558
0215-BQKGS,High-Value,84.3,Month-to-month,30,No,0.23338359567857747
4011-ARPHK,Low-Value,50.35,Month-to-month,27,No,0.23302153327699515
9927-DSWDF,High-Value,104.6,Month-to-month,22,No,0.23262440569634826
7426-GSWPO,High-Value,103.5,Month-to-month,64,No,0.23228864187641704
9069-LGEUL,Low-Value,59.95,Month-to-month,23,No,0.23207288528880868
8317-BVKSO,Low-Value,20.05,Month-to-month,14,No,0.23191699583858527
2874-YXVVA,High-Value,105.1,Month-to-month,34,No,0.231755272348425
5176-LDKUH,High-Value,75.15,One year,48,No,0.2316104500770163
1488-SYSFC,Low-Value,20.65,Month-to-month,31,No,0.23154194806198397
7811-JIVPF,Low-Value,49.7,Month-to-month,23,No,0.23105347172902405
4003-FUSHP,Low-Value,61.55,Month-to-month,19,No,0.23100936080886567
3160-TYXLT,Low-Value,46.3,Month-to-month,53,No,0.23013622930465097
6873-UDNLD,Low-Value,67.45,Month-to-month,40,No,0.2301227484505247
5240-CAOYT,High-Value,87.55,Month-to-month,57,No,0.22921481628415857
2716-GFZOR,High-Value,86.1,Month-to-month,43,No,0.22772719948434736
2338-BQEZT,Low-Value,50.55,Month-to-month,55,No,0.22753249162453387
7839-NUIAA,Low-Value,59.8,Month-to-month,61,No,0.2273867408239962
8963-MQVYN,Low-Value,20.55,Month-to-month,22,No,0.2270302059869455
8033-ATFAS,Low-Value,59.85,Month-to-month,39,No,0.22671795559552987
6168-YBYNP,High-Value,111.35,Month-to-month,59,No,0.22662677568277573
8985-OOPOS,High-Value,74.1,One year,1,No,0.22605942824583047
0365-TRTPY,High-Value,91.2,Month-to-month,37,No,0.2253907295061524
7605-SNLQG,Low-Value,50.25,Month-to-month,45,No,0.22523363899575294
7803-XOCCZ,High-Value,84.05,Month-to-month,52,No,0.22495776138790843
3352-ALMCK,High-Value,102.65,Month-to-month,40,No,0.22489198119277717
4391-LNRXK,High-Value,94.95,Month-to-month,22,No,0.22391879621537358
4075-WKNIU,High-Value,73.35,Two year,0,No,0.22390864199008575
0655-YDGFJ,Low-Value,48.95,Month-to-month,29,No,0.2234982105279574
8421-WZOOW,High-Value,95.3,Month-to-month,57,No,0.2233328772689305
9013-AQORL,Low-Value,45.55,Month-to-month,48,No,0.2225082886110717
4945-RVMTE,Low-Value,59.55,Month-to-month,28,No,0.22249444014314326
6075-QMNRR,Low-Value,49.75,Month-to-month,52,No,0.2223570929909552
6217-TOWGS,High-Value,75.4,Month-to-month,17,No,0.22214597147154475
9822-WMWVG,High-Value,106.5,Month-to-month,41,No,0.22168624607144446
8800-ZKRFW,High-Value,107.5,Month-to-month,30,No,0.22106535492941837
0689-DSXGL,High-Value,85.8,Month-to-month,52,No,0.22047891902895125
4176-FXYBO,High-Value,109.55,Month-to-month,54,No,0.2202901470761906
3932-IJWDZ,High-Value,103.65,Month-to-month,45,No,0.22019224773819948
2227-JRSJX,High-Value,99.15,Month-to-month,21,No,0.21945111003626033
0899-WZRSD,High-Value,105.35,Month-to-month,56,No,0.21943812171094668
4139-JPIAM,Low-Value,44.45,Month-to-month,51,No,0.2194138194571101
7716-YTYHG,High-Value,82.05,One year,48,Yes,0.21886304984849345
8100-HZZLJ,Low-Value,63.95,Month-to-month,43,No,0.21870599853389108
1833-TCXKK,High-Value,107.75,Month-to-month,45,No,0.2182498609836927
5539-HIVAK,Low-Value,25.7,Month-to-month,28,No,0.21799668402570427
4524-QCSSM,Low-Value,44.65,Month-to-month,26,No,0.2179824532164372
9313-CDOGY,Low-Value,19.6,Month-to-month,38,No,0.21786377480518018
7821-DPRQE,High-Value,107.7,Month-to-month,68,No,0.21776190592096978
8677-HDZEE,High-Value,105.45,Month-to-month,56,No,0.21624292897636577
4010-YLMVT,High-Value,106.6,Month-to-month,56,No,0.21564531808794424
6353-BRMMA,High-Value,104.1,Month-to-month,54,No,0.21451168340785762
9137-UIYPG,High-Value,106.9,Month-to-month,35,No,0.21432431910481506
3594-UVONA,High-Value,85.95,One year,35,Yes,0.21415143902036038
3863-QSTYI,Low-Value,64.65,Month-to-month,59,No,0.2140975467378421
9079-LWTFD,High-Value,100.75,Month-to-month,47,No,0.21392053944077713
0468-YRPXN,High-Value,98.8,Month-to-month,29,No,0.21389863647547208
2587-EKXTS,High-Value,111.5,Month-to-month,44,No,0.21343307303552203
5968-XQIVE,High-Value,89.7,One year,72,No,0.2134143321526535
9138-EFSMO,High-Value,78.95,One year,26,No,0.21317813151643236
4188-FRABG,High-Value,103.05,Month-to-month,57,No,0.21274725426714325
3197-ARFOY,High-Value,105.0,Month-to-month,19,No,0.21213988743023332
6620-JDYNW,Low-Value,60.6,Month-to-month,18,No,0.21179173996225467
3005-TYFRD,High-Value,103.65,Month-to-month,55,No,0.2114661991940497
5118-MUEYH,High-Value,105.1,Month-to-month,48,No,0.21109674708632586
2669-OIDSD,High-Value,100.05,Month-to-month,48,No,0.2085933856480408
1840-BIUOG,Low-Value,68.7,One year,20,No,0.2077950076789214
3780-DDGSE,High-Value,76.05,Month-to-month,35,No,0.207752769302566
6891-JPYFF,High-Value,105.25,Month-to-month,48,No,0.20767686623468434
8069-RHUXK,Low-Value,35.7,Two year,67,No,0.20743690709997398
2971-SGAFL,High-Value,78.75,Month-to-month,13,No,0.20708207463117115
6486-LHTMA,High-Value,90.7,One year,31,No,0.2069296518131424
2186-QZEYA,Low-Value,58.55,Month-to-month,29,No,0.20657107947075048
4925-LMHOK,Low-Value,58.6,Month-to-month,15,Yes,0.20623375671294275
7130-CTCUS,Low-Value,54.55,Month-to-month,16,No,0.20462329587136624
8065-BVEPF,High-Value,99.1,Month-to-month,65,No,0.2045541329711568
3639-XJHKQ,Low-Value,60.6,Month-to-month,19,No,0.2038469597374914
0516-QREYC,Low-Value,20.3,Month-to-month,24,No,0.20355903107291085
1986-PHGZF,Low-Value,58.4,Month-to-month,18,No,0.20291494918093378
3413-DHLPB,High-Value,103.75,Month-to-month,60,No,0.2028527490374231
9146-JRIOX,Low-Value,25.55,Month-to-month,14,No,0.20268367256371111
6578-KRMAW,High-Value,93.4,Month-to-month,32,No,0.20211183527000792
1140-UKVZG,Low-Value,24.8,Month-to-month,17,No,0.2019750991449425
1898-JSNDC,Low-Value,58.6,One year,39,No,0.20173986381959144
5924-IFQTT,High-Value,72.8,Month-to-month,13,No,0.2017245790337378
0851-DFJKB,Low-Value,58.95,Month-to-month,15,No,0.20168213583263317
0939-EREMR,Low-Value,53.45,Month-to-month,13,No,0.20100405993750559
2027-WKXMW,High-Value,108.75,Month-to-month,63,No,0.20051358104744826
4184-VODJZ,High-Value,91.35,One year,63,No,0.20039361095344635
6614-VBEGU,Low-Value,69.45,Month-to-month,24,No,0.20013978460878865
2226-ICFDO,High-Value,85.9,Two year,72,No,0.2000760703210412
6794-HKIAJ,High-Value,90.7,Month-to-month,62,No,0.1999370039944806
6035-BXTTY,Low-Value,54.65,Month-to-month,32,No,0.19969280819320528
4404-HIBDJ,High-Value,74.3,One year,25,Yes,0.19891042157397074
0487-RPVUM,High-Value,99.4,Month-to-month,61,No,0.1980427232011587
6599-GZWCM,High-Value,74.65,One year,13,No,0.19797254980877738
4163-HFTUK,Low-Value,19.1,One year,51,No,0.19662433811381586
0177-PXBAT,High-Value,109.9,Month-to-month,33,No,0.19661271693901297
3316-UWXUY,High-Value,93.5,Month-to-month,50,No,0.19571810325673325
0191-ZHSKZ,High-Value,74.75,Month-to-month,30,No,0.19553612324424907
9974-JFBHQ,High-Value,99.15,Month-to-month,64,No,0.1954230244483392
5893-PYOLZ,High-Value,81.8,Two year,56,No,0.195415414483955
6202-DYYFX,High-Value,76.0,One year,22,No,0.19533085201631667
6383-ZTSIW,High-Value,99.1,One year,39,No,0.19520938817437714
4080-IIARD,High-Value,76.2,Month-to-month,13,No,0.1949714212729627
6627-CFOSN,High-Value,99.45,Month-to-month,59,No,0.19468161395454012
7083-YNSKY,Low-Value,25.4,Month-to-month,15,Yes,0.194561358171391
7812-FZHPE,Low-Value,24.1,Month-to-month,17,Yes,0.194488744753665
8224-IVVPA,Low-Value,56.7,Month-to-month,27,No,0.19446568630638342
1794-SWWKL,Low-Value,59.65,Month-to-month,15,No,0.1937422312681796
8812-ZRHFP,High-Value,86.45,One year,30,No,0.19310744986362535
5478-JJVZK,Low-Value,60.9,Month-to-month,33,No,0.1929563562359141
3528-HFRIQ,Low-Value,52.3,Month-to-month,71,No,0.19210685528242125
7382-DFJTU,Low-Value,55.2,Month-to-month,18,No,0.19162308120347996
0257-KXZGU,Low-Value,62.45,Month-to-month,32,No,0.19118821294318059
0106-GHRQR,High-Value,71.4,Month-to-month,16,No,0.19098694513802414
1346-PJWTK,High-Value,94.15,Month-to-month,61,No,0.19089834784656512
3059-NGMXB,Low-Value,69.2,Month-to-month,14,No,0.1908944777636463
7502-BNYGS,Low-Value,69.1,Month-to-month,46,No,0.19039864684879554
8467-WYNSR,Low-Value,55.1,Month-to-month,22,No,0.19032867459900463
6131-JLWZM,Low-Value,20.3,Month-to-month,13,No,0.19026675352088634
6112-KTHFQ,Low-Value,19.3,Month-to-month,13,No,0.19012429269038778
6509-TSGWN,Low-Value,26.45,Month-to-month,37,No,0.18927815505340534
1120-BMWUB,Low-Value,53.9,Month-to-month,16,Yes,0.18906064711258158
3486-KHMLI,Low-Value,24.7,Month-to-month,21,No,0.18905435811663812
6286-ZHAOK,Low-Value,25.55,Month-to-month,20,No,0.18872390039685547
4054-CUMIA,Low-Value,20.25,Month-to-month,18,No,0.18866737332306463
0347-UBKUZ,Low-Value,19.9,Month-to-month,15,No,0.18862887300363768
3179-GBRWV,Low-Value,64.95,Month-to-month,21,No,0.18831041865300127
2332-EFBJY,Low-Value,19.7,Month-to-month,16,Yes,0.18789207531738367
9254-RBFON,High-Value,98.6,One year,17,Yes,0.18782865129622656
1421-HCERK,High-Value,105.7,Month-to-month,30,No,0.18766357145891346
4983-CLMLV,High-Value,102.7,Month-to-month,52,No,0.18764277815780459
3061-BCKYI,Low-Value,19.9,Month-to-month,14,No,0.18746601857882203
1038-RQOST,Low-Value,20.6,Month-to-month,19,No,0.18745765636556566
0519-DRGTI,Low-Value,20.35,Month-to-month,20,No,0.18739859985974677
9546-KDTRB,Low-Value,24.7,Month-to-month,19,No,0.1873847501887368
1237-WIYYZ,Low-Value,19.55,Month-to-month,18,No,0.18706815361230542
4619-EVPHY,High-Value,91.0,One year,20,No,0.1870504658856278
5372-FBKBN,Low-Value,20.75,Month-to-month,21,No,0.18610203000569317
6040-CGACY,Low-Value,19.6,Month-to-month,15,No,0.18596838304382837
3387-PLKUI,Low-Value,18.8,Month-to-month,13,No,0.18595633555912452
3657-COGMW,High-Value,108.1,Month-to-month,52,No,0.1858170107664566
6366-XIVKZ,Low-Value,63.15,Month-to-month,13,No,0.18562484974404472
3190-FZATL,Low-Value,19.95,Month-to-month,14,No,0.18556265948167514
7129-AZJDE,High-Value,78.95,One year,34,No,0.18528583679387112
9867-NNXLC,Low-Value,20.05,Month-to-month,22,No,0.18515233064865652
5084-OOVCJ,Low-Value,55.35,Month-to-month,17,No,0.18498581362403166
7407-SUJIZ,Low-Value,20.6,Month-to-month,25,No,0.18491596190367973
6036-TTFYU,Low-Value,19.6,Month-to-month,16,No,0.18475712340504827
5949-HGVJL,High-Value,73.05,Month-to-month,26,No,0.18463903576093013
2243-FNMMI,Low-Value,19.4,Month-to-month,20,No,0.1845809477410325
8387-UGUSU,Low-Value,20.05,Month-to-month,15,No,0.18446396624685796
2120-SMPEX,Low-Value,20.15,Month-to-month,25,No,0.18439426171900944
7010-ZMVBF,Low-Value,20.45,Month-to-month,18,No,0.18435993844587903
7542-CYDDM,Low-Value,20.05,Month-to-month,18,No,0.18431005323563449
6131-IUNXN,Low-Value,20.2,Month-to-month,19,No,0.18423771257416005
2087-QAREY,Low-Value,54.7,Month-to-month,22,No,0.18418020526091944
4104-PVRPS,Low-Value,53.6,Month-to-month,24,No,0.18414868474520638
5442-BXVND,Low-Value,24.25,Month-to-month,33,No,0.18407533322875091
2164-SOQXL,Low-Value,20.05,Month-to-month,20,No,0.18405112416063613
0549-CYCQN,High-Value,79.6,One year,51,No,0.18403404795801923
4504-YOULA,Low-Value,59.45,Month-to-month,35,No,0.18383644341045519
8292-TYSPY,Low-Value,55.0,Month-to-month,19,Yes,0.18359599650313918
3752-CQSJI,Low-Value,20.45,Month-to-month,13,No,0.18359511698856665
8246-SHFGA,Low-Value,21.1,Month-to-month,17,No,0.18356786336634467
1703-MGIAB,Low-Value,69.0,Month-to-month,17,No,0.18343120406704136
5092-STPKP,Low-Value,56.35,Month-to-month,24,No,0.18330953158001953
4726-DLWQN,High-Value,70.35,Month-to-month,50,No,0.18292201627098148
7047-YXDMZ,Low-Value,20.0,Month-to-month,21,No,0.18291048020961645
3623-FQBOX,Low-Value,19.95,Month-to-month,21,No,0.1827819327460339
9967-ATRFS,Low-Value,19.9,Month-to-month,19,No,0.1827553899139942
4881-GQJTW,Low-Value,19.6,Month-to-month,14,No,0.182684303525868
2484-DGXPZ,Low-Value,19.55,Month-to-month,31,Yes,0.18253143564408014
9092-GDZKO,Low-Value,24.85,Month-to-month,22,No,0.18228189014537485
6016-LVTJQ,Low-Value,20.65,Month-to-month,34,No,0.18201643171667248
9313-QOLTZ,Low-Value,20.9,Month-to-month,26,No,0.18174320281049614
7537-CBQUZ,High-Value,109.4,Month-to-month,63,No,0.1815645956374346
7789-CRUVC,High-Value,94.2,Month-to-month,61,No,0.18143152713909236
6082-GLJIX,Low-Value,19.25,Month-to-month,18,No,0.1813010427335338
1492-KGETH,High-Value,78.35,One year,70,No,0.18122806837081737
6575-SUVOI,Low-Value,69.5,Month-to-month,25,No,0.18117521081524937
2202-OUTMO,Low-Value,60.85,Month-to-month,34,No,0.1809548104812739
9046-JBFWA,Low-Value,19.15,Month-to-month,27,No,0.18085984240001649
0396-UKGAI,Low-Value,55.3,Month-to-month,23,No,0.18080087513336995
6147-CBCRA,Low-Value,20.05,Month-to-month,33,No,0.18065983332216198
2474-LCNUE,High-Value,73.65,Month-to-month,23,No,0.1806183313863459
9754-CLVZW,Low-Value,38.85,Month-to-month,26,No,0.18054735225577598
9184-GALIL,Low-Value,20.45,Month-to-month,38,No,0.1805318423477881
2096-XOTMO,Low-Value,19.35,Month-to-month,16,No,0.18043959191140865
9504-DSHWM,Low-Value,59.2,Month-to-month,20,No,0.18043698253107907
8495-LJDFO,High-Value,108.95,Month-to-month,64,No,0.1804048652062242
0787-LHDYT,Low-Value,20.6,Month-to-month,16,No,0.18040209451189843
8815-LMFLX,Low-Value,25.4,Month-to-month,25,No,0.18037724050793194
9052-VKDUW,High-Value,109.4,Month-to-month,65,No,0.18036834826538775
2144-BFDSO,High-Value,108.75,Month-to-month,50,No,0.18031538223543753
2978-XXSOG,Low-Value,59.05,Month-to-month,22,No,0.18024698958468363
0487-VVUVK,Low-Value,19.15,Month-to-month,25,No,0.17996857561977658
4488-PSYCG,Low-Value,20.25,Month-to-month,16,Yes,0.17991359946032384
1684-FLBGS,Low-Value,69.5,Month-to-month,23,No,0.1797383475439118
4203-QGNZA,Low-Value,20.25,Month-to-month,28,No,0.1796467192986165
7998-ZLXWN,Low-Value,20.45,Month-to-month,15,No,0.17961447051164758
3530-VWVGU,Low-Value,19.9,Month-to-month,22,No,0.17958306676473787
9364-YKUVW,Low-Value,19.8,Month-to-month,15,No,0.1795162940123124
1760-CAZHT,Low-Value,20.8,Month-to-month,25,No,0.1793536105786091
5577-OTWWW,Low-Value,19.75,Month-to-month,15,Yes,0.17920075976815192
1702-CCFNJ,Low-Value,61.35,Month-to-month,52,No,0.17912849886603974
1697-NVVGY,Low-Value,66.4,Month-to-month,19,No,0.17910408165465702
4623-ZKHLY,Low-Value,20.45,Month-to-month,22,No,0.1788241286158631
9467-ROOLM,Low-Value,19.05,Month-to-month,25,No,0.1788173910607266
5206-HPJKM,Low-Value,55.5,Month-to-month,17,No,0.17875510521450738
2223-KAGMX,Low-Value,19.4,Month-to-month,15,Yes,0.17809234802303633
4803-LBYPN,Low-Value,20.8,Month-to-month,34,No,0.1779915531486473
3318-ISQFQ,Low-Value,19.5,Month-to-month,20,No,0.1778451118747088
2157-MXBJS,High-Value,75.3,One year,13,Yes,0.17781178493675312
1352-VHKAJ,High-Value,71.6,Month-to-month,27,No,0.1777837689353084
0536-BGFMZ,Low-Value,20.5,Month-to-month,28,No,0.1776178542660187
6726-WEXXK,High-Value,85.9,One year,27,No,0.1774008245563169
5397-TUPSH,High-Value,70.95,One year,65,No,0.17736031236240402
4770-QAZXN,Low-Value,19.45,Month-to-month,13,No,0.17725389114067228
8780-RSYYU,Low-Value,19.2,Month-to-month,25,No,0.17720641242841323
5012-YSPJJ,Low-Value,54.35,Month-to-month,31,No,0.17718662302347313
5447-VYTKW,Low-Value,53.45,Month-to-month,27,No,0.17700533864649912
1431-CYWMH,Low-Value,19.05,Month-to-month,22,No,0.17692136605757702
5343-SGUBI,High-Value,80.2,One year,52,No,0.17679004856973884
9063-ZGTUY,Low-Value,19.4,Month-to-month,61,Yes,0.17661413950353466
8573-CGOCC,Low-Value,19.75,Month-to-month,16,No,0.17618538148449842
6752-APNJL,Low-Value,54.5,Month-to-month,42,No,0.17612128024537388
2061-VVFST,Low-Value,19.5,Month-to-month,37,No,0.17599058184525682
3374-PZLXD,Low-Value,19.7,Month-to-month,34,No,0.17591929995409236
1097-FSPVW,Low-Value,54.55,Month-to-month,42,No,0.17588699206166328
6341-AEVKX,High-Value,104.3,One year,62,No,0.1758059283907097
4018-KJYUY,Low-Value,20.15,Month-to-month,22,No,0.1756962373048582
1174-FGIFN,High-Value,90.45,One year,28,No,0.1756346311623647
6591-QGOYB,High-Value,106.65,Month-to-month,17,No,0.17560806726800007
2171-UDMFD,Low-Value,19.45,Month-to-month,32,No,0.175523255873258
9046-DQMTP,Low-Value,20.75,Month-to-month,35,No,0.17550846372049325
9142-XMYJH,Low-Value,19.35,Month-to-month,29,No,0.17545696262975785
1866-ZSLJM,Low-Value,20.5,Month-to-month,21,No,0.17539390237180696
5384-ZTTWP,Low-Value,19.8,Month-to-month,15,No,0.17539161509676165
6261-LHRTG,Low-Value,54.75,Month-to-month,26,No,0.17536812109437236
1972-XMUWV,Low-Value,59.8,Two year,65,No,0.1751239081608549
1051-EQPZR,Low-Value,19.6,Month-to-month,44,No,0.17492699388570168
9762-YAQAA,High-Value,81.4,One year,39,No,0.17463552549413588
5537-UXXVS,Low-Value,19.25,Month-to-month,20,No,0.1745522631234182
0384-RVBPI,Low-Value,64.4,Month-to-month,20,No,0.17428882769194212
9972-NKTFD,Low-Value,54.65,Month-to-month,28,No,0.17423329952725303
1552-TKMXS,Low-Value,20.35,Month-to-month,42,No,0.17387191831421753
6878-GGDWG,Low-Value,19.4,Month-to-month,32,No,0.173760163308919
4851-BQDNX,High-Value,85.05,One year,40,No,0.17365509788121428
3703-TTEPD,Low-Value,65.35,Month-to-month,21,No,0.17363959749664937
5260-UMPWX,Low-Value,20.25,Month-to-month,26,No,0.17346579404522003
8457-XIGKN,Low-Value,19.6,Month-to-month,20,No,0.17310521442105237
5686-CMAWK,High-Value,86.75,One year,17,No,0.1730262385182032
4291-HYEBC,Low-Value,39.1,One year,28,No,0.17249628167903983
8663-UPDGF,Low-Value,69.5,Month-to-month,26,No,0.1724712296166079
1371-WEPDS,Low-Value,55.8,One year,40,No,0.17239724233330306
7168-HDQHG,Low-Value,19.2,Month-to-month,36,No,0.17230020917247799
7799-DSEWS,Low-Value,68.35,Month-to-month,18,No,0.1721786668491769
2085-JVGAD,Low-Value,20.35,Month-to-month,37,No,0.171338178942445
1552-CZCLL,Low-Value,20.0,Month-to-month,55,No,0.17128029177341825
6959-GQEGV,High-Value,75.95,Month-to-month,45,No,0.17068384739659034
1222-KJNZD,Low-Value,20.4,Month-to-month,40,No,0.1706381831996875
9419-IPPBE,High-Value,90.15,One year,51,No,0.17028213210138796
8263-OKETD,Low-Value,68.9,Month-to-month,20,No,0.17014756613912968
0369-ZGOVK,High-Value,70.4,One year,28,No,0.1700450400506578
7064-FRRSW,High-Value,99.0,One year,48,No,0.17003721381974965
6103-QCKFX,Low-Value,56.25,Month-to-month,44,No,0.1699619144520208
7956-XQWGU,Low-Value,19.4,Month-to-month,27,No,0.16973736578885604
5186-PEIZU,Low-Value,19.25,Month-to-month,35,No,0.16934537402919908
2931-SVLTV,High-Value,110.1,Month-to-month,40,No,0.16922814716135876
2988-PLAHS,Low-Value,69.95,One year,3,No,0.16910921688865277
4923-ADWXJ,Low-Value,65.8,Month-to-month,25,No,0.16872493236163533
6865-JZNKO,Low-Value,55.3,Month-to-month,30,No,0.16811110127192425
0594-UFTUL,Low-Value,19.85,Month-to-month,13,No,0.16790841516952096
2858-EIMXH,High-Value,95.85,One year,53,No,0.16687470921089959
8681-ICONS,Low-Value,20.65,Month-to-month,29,No,0.1668066128147606
0484-JPBRU,Low-Value,25.25,Month-to-month,41,No,0.16628096749884957
9979-RGMZT,High-Value,94.05,One year,7,No,0.16621796085180615
2851-MMUTZ,Low-Value,56.15,Month-to-month,27,No,0.16549105434190525
1153-GNOLC,Low-Value,39.1,One year,33,No,0.16548339292221453
8944-AILEF,Low-Value,19.45,Month-to-month,15,No,0.16541271322624646
3055-VTCGS,Low-Value,58.55,One year,63,No,0.1653049377997251
5951-AOFIH,Low-Value,66.4,Month-to-month,33,No,0.1651446534972727
9860-LISIZ,Low-Value,20.35,Month-to-month,34,No,0.1649963624526955
5025-GOOKI,Low-Value,18.9,Month-to-month,20,No,0.16485887656040676
8652-YHIYU,High-Value,79.5,One year,16,No,0.16485143472523103
9659-QEQSY,High-Value,115.65,Month-to-month,45,No,0.16456967917391482
1216-BGTSP,High-Value,108.45,Month-to-month,45,No,0.16415239936797185
6473-ULUHT,High-Value,84.9,Month-to-month,16,No,0.1638906257833957
1074-AMIOH,High-Value,108.25,Month-to-month,53,No,0.1638029382702963
1096-ADRUX,High-Value,74.25,One year,66,No,0.16273017444491888
4795-WRNVT,Low-Value,65.1,Month-to-month,40,No,0.16271689226045513
5307-UVGNB,Low-Value,48.7,Month-to-month,53,No,0.16223090773733595
7036-ZZKBD,Low-Value,66.4,Month-to-month,31,No,0.1615859269005599
8272-ONJLV,High-Value,95.7,One year,12,No,0.1612039863947884
8350-NYMVI,Low-Value,41.1,Month-to-month,39,No,0.161149324699037
5018-LXQQG,Low-Value,66.3,Month-to-month,30,No,0.16048666510685797
9565-JSNFM,High-Value,70.45,One year,38,Yes,0.16027783787888514
4385-ZKVNW,Low-Value,54.9,Month-to-month,44,No,0.16016885975209824
3824-RHKVR,Low-Value,19.7,Month-to-month,17,No,0.16010960328919357
1656-DRSMG,High-Value,109.85,Month-to-month,63,No,0.16008371404461813
8547-NSBBO,High-Value,96.75,Month-to-month,35,No,0.15981309237883184
8231-BSWXX,High-Value,79.05,One year,71,No,0.15977981432706537
1577-HKTFG,Low-Value,19.65,Month-to-month,30,Yes,0.1591639049768125
9040-KZVWO,High-Value,75.5,One year,26,No,0.159067177121751
1024-KPRBB,High-Value,89.1,One year,38,No,0.15902171281625094
0237-YFUTL,High-Value,109.65,Month-to-month,50,No,0.15893305133319266
2270-CHBFN,High-Value,95.1,Month-to-month,44,No,0.15873206379084942
2432-TFSMK,High-Value,89.6,One year,18,No,0.15858133584824227
2522-AHJXR,High-Value,109.45,Month-to-month,60,No,0.15822126815112653
6158-DWPZT,Low-Value,24.1,One year,9,Yes,0.15810478482843296
9978-HYCIN,High-Value,84.95,One year,47,No,0.15776597210816415
2475-MROZF,High-Value,95.0,Month-to-month,30,No,0.15711174381471976
3402-XRIUO,Low-Value,63.55,Month-to-month,22,No,0.15700640996436316
6067-NGCEU,High-Value,111.05,Month-to-month,65,No,0.1569822789826309
4274-DRSQT,High-Value,88.9,One year,66,No,0.15672295682251686
0289-IVARM,Low-Value,60.55,Month-to-month,35,No,0.15646412811548008
2133-TSRRM,High-Value,105.35,Month-to-month,34,No,0.15626117444223697
7661-CPURM,High-Value,87.7,One year,19,No,0.1560524168125315
8401-EMUWF,Low-Value,69.4,Month-to-month,42,No,0.15586476069537583
6506-EYCNH,Low-Value,19.55,Month-to-month,28,No,0.15572950946438385
9229-RQABD,Low-Value,23.75,One year,18,No,0.15533390962252722
4355-CVPVS,High-Value,88.9,One year,56,No,0.15525401692022756
1142-IHLOO,High-Value,87.55,One year,51,No,0.1548082065813621
3621-CHYVB,Low-Value,49.9,Month-to-month,57,No,0.15424226057732623
8417-GSODA,High-Value,92.2,One year,28,No,0.15417876996644692
6617-WLBQC,High-Value,81.85,One year,23,No,0.15393674787429573
7130-YXBRO,High-Value,111.45,Month-to-month,48,No,0.1537250929016194
6668-CNMFP,High-Value,89.35,One year,19,No,0.15358800930768374
1061-PNTHC,High-Value,109.6,Month-to-month,56,No,0.15332790942536406
9919-YLNNG,High-Value,103.8,Month-to-month,42,No,0.15329889581545125
9758-MFWGD,Low-Value,29.9,One year,48,No,0.15312692907218103
7361-YPXFS,Low-Value,64.45,Month-to-month,28,No,0.15275800585803959
6368-NWMCE,Low-Value,68.15,Month-to-month,38,No,0.15252096313930252
1113-IUJYX,High-Value,105.95,One year,14,Yes,0.15242128169149316
2040-OBMLJ,High-Value,81.7,One year,31,No,0.15231812178063067
9795-VOWON,Low-Value,24.35,One year,7,No,0.15208710512408238
6199-IWKGC,High-Value,100.25,One year,46,No,0.1519672304713974
7691-KGKGP,Low-Value,65.0,Month-to-month,53,No,0.15187990510791738
7989-VCQOH,High-Value,83.25,Month-to-month,18,No,0.151822342490422
5356-KZCKT,Low-Value,24.45,Two year,58,No,0.15127847876085573
1110-KYLGQ,High-Value,108.25,Month-to-month,63,No,0.15108044842022214
8597-CWYHH,High-Value,94.35,One year,43,No,0.15084696387491478
3537-RYBHH,Low-Value,67.45,Month-to-month,47,No,0.1499932411154939
7964-ZRKKG,High-Value,88.4,One year,67,No,0.1499131579895396
7601-DHFWZ,Low-Value,24.0,Two year,48,No,0.1497187000296308
8328-SKJNO,Low-Value,40.65,One year,23,No,0.14969154170162446
1480-IVEVR,High-Value,81.6,One year,35,No,0.14966225736682973
5847-MXBEO,Low-Value,20.3,One year,22,No,0.14941661459981126
7596-LDUXP,High-Value,85.15,One year,12,No,0.14940080214094112
9738-QLWTP,High-Value,81.9,One year,39,No,0.14928177734025608
6518-PPLMZ,Low-Value,19.4,Two year,53,No,0.1488604439247436
8450-LUGUK,Low-Value,24.1,Two year,37,No,0.14885280705984613
7558-IMLMT,Low-Value,20.8,Two year,67,No,0.14862413478443576
3417-TSCIC,Low-Value,24.85,One year,29,No,0.14861379286672982
2402-TAIRZ,High-Value,80.05,One year,37,No,0.14832951704979552
7272-QDCKA,High-Value,100.2,One year,28,No,0.14752503842185782
0550-DCXLH,High-Value,73.35,Month-to-month,13,No,0.14721477706048694
1357-BIJKI,High-Value,98.25,One year,50,No,0.14709797428475566
3120-FAZKD,Low-Value,24.05,Two year,54,No,0.14659043102360095
2923-ARZLG,Low-Value,19.7,One year,0,No,0.14658067962147908
0820-FNRNX,Low-Value,66.7,Month-to-month,17,No,0.1464062814319798
0831-JNISG,Low-Value,19.8,Two year,71,No,0.146326125608086
3756-VNWDH,High-Value,100.75,One year,65,No,0.1462429860881907
2242-MFOTG,High-Value,80.1,One year,33,No,0.14586486768849988
9314-QDMDW,Low-Value,61.25,One year,11,No,0.14476377571369586
4806-DXQCE,High-Value,113.65,Two year,70,No,0.144763587166386
4451-RWASJ,Low-Value,19.5,One year,15,No,0.14384955028310856
9402-CXWPL,High-Value,98.9,One year,70,No,0.14375300908502353
8198-RKSZG,High-Value,80.45,Month-to-month,14,No,0.14362115612612408
6728-VOIFY,High-Value,96.0,One year,63,No,0.1435450640091382
5760-WRAHC,Low-Value,69.75,Month-to-month,22,No,0.14328573199271763
0946-FKYTX,Low-Value,30.1,One year,52,No,0.1431958450035935
8679-LZBMD,High-Value,90.65,One year,44,No,0.14301959228974082
6253-WRFHY,Low-Value,64.75,One year,13,No,0.14273596309673103
2896-TBNBE,High-Value,80.8,One year,40,No,0.142548171275461
7647-GYYKX,Low-Value,20.35,Two year,54,No,0.14238851729396665
0048-LUMLS,High-Value,91.2,One year,37,No,0.142306521610973
3178-CIFOT,Low-Value,19.65,One year,23,No,0.14223705472528275
1852-XEMDW,Low-Value,65.05,Month-to-month,22,No,0.14191741546366535
8961-QDZZJ,High-Value,95.0,One year,57,No,0.1416227427766642
7820-ZYGNY,High-Value,90.45,One year,63,No,0.1415328609600929
4940-KHCWD,Low-Value,37.7,Two year,60,No,0.14143069340331227
8957-THMOA,Low-Value,20.15,Two year,50,No,0.14142791210415373
1710-RCXUS,High-Value,90.35,One year,51,No,0.14116003915516956
7632-YUTXB,Low-Value,20.05,One year,25,No,0.14100037557881592
8917-SZTTJ,Low-Value,19.65,Two year,60,No,0.1408046180941016
7964-YESJC,Low-Value,66.3,Month-to-month,24,No,0.14072056780610748
0508-SQWPL,Low-Value,20.1,Two year,57,No,0.14059331461994085
3466-BYAVD,Low-Value,69.5,Month-to-month,15,No,0.14007838861587815
2758-RNWXS,High-Value,89.2,One year,35,No,0.13904804088332726
9362-MWODR,Low-Value,64.1,Month-to-month,40,No,0.13896054675937206
7088-FBAWU,High-Value,74.55,Month-to-month,17,No,0.13870732751840975
0233-FTHAV,High-Value,79.2,One year,60,No,0.13864308217279966
4418-LZMSV,Low-Value,61.8,Month-to-month,13,No,0.13831569284250114
7395-XWZOY,Low-Value,55.0,Month-to-month,20,No,0.1381219057340196
3587-PMCOY,High-Value,98.9,One year,10,No,0.1380670202224089
7216-KAOID,Low-Value,19.5,One year,41,No,0.13775400975182742
1696-MZVAU,Low-Value,25.25,One year,39,No,0.13759588236334389
5448-VWNAM,High-Value,75.9,Month-to-month,19,No,0.137379415483361
1492-QGCLU,High-Value,85.7,Month-to-month,53,No,0.13663607796747754
9732-OUYRN,Low-Value,19.0,One year,49,No,0.13614971152249514
0076-LVEPS,Low-Value,45.0,Month-to-month,29,No,0.13581956582033122
5198-HQAEN,High-Value,89.7,One year,35,No,0.1357747472063874
8659-HDIYE,High-Value,74.65,Month-to-month,64,No,0.13525988250374704
4134-BSXLX,Low-Value,60.9,Month-to-month,28,No,0.135003170572251
7707-PYBBH,Low-Value,61.9,Month-to-month,40,No,0.13401220629213206
7025-IWFHT,High-Value,89.55,One year,41,No,0.13389379761245407
2038-YSEZE,Low-Value,67.45,Month-to-month,29,No,0.13381504758825646
3170-GWYKC,High-Value,104.95,Month-to-month,60,No,0.13347789015210165
9391-YZEJW,High-Value,94.0,One year,62,No,0.13344787081911066
2408-PSJVE,Low-Value,61.9,Month-to-month,44,No,0.13342635418180424
6421-SZVEM,High-Value,82.85,One year,28,No,0.13298495771300747
3162-KKZXO,High-Value,100.15,One year,55,No,0.13283505514706528
3086-RUCRN,High-Value,103.1,Month-to-month,66,No,0.13275501089582412
4277-UDIEF,High-Value,81.0,Month-to-month,24,No,0.13269860776759246
6502-KUGLL,Low-Value,59.45,Month-to-month,14,No,0.1324345832054216
3638-DIMPH,Low-Value,43.8,One year,13,No,0.13231936959119767
4329-YPDDQ,High-Value,108.2,Month-to-month,20,No,0.13213684648817303
6728-CZFEI,Low-Value,56.15,One year,15,No,0.13201237657809975
0292-WEGCH,High-Value,86.2,Month-to-month,54,No,0.13200833162175582
2599-CZABP,Low-Value,44.6,One year,14,No,0.13150737205947813
8851-RAGOV,High-Value,71.05,Month-to-month,25,No,0.1312461131908242
6171-ZTVYB,Low-Value,66.25,Month-to-month,43,No,0.13081172190724868
9036-CSKBW,High-Value,107.45,One year,51,No,0.13079995372989467
4081-DYXAV,Low-Value,44.85,One year,19,Yes,0.13079020042141642
9134-WYRVP,High-Value,86.35,One year,51,No,0.130638273019096
5198-EFNBM,High-Value,90.65,One year,57,No,0.13062700126450008
3038-PQIUY,Low-Value,66.15,Month-to-month,38,No,0.13051876367505455
0377-JBKKT,Low-Value,57.95,Month-to-month,22,No,0.13001113121528318
7103-IPXPJ,High-Value,99.4,One year,50,No,0.12981273134790944
8474-UMLNT,Low-Value,67.8,Month-to-month,13,No,0.1295102084684415
3347-YJZZE,High-Value,80.1,Month-to-month,29,No,0.129425059726382
4937-QPZPO,High-Value,99.9,One year,61,No,0.1289320950378546
1810-MVMAI,Low-Value,67.6,Month-to-month,30,No,0.12884525526081064
6559-RAKOZ,High-Value,97.95,One year,49,No,0.1287958640173684
5140-FOMCQ,High-Value,109.15,One year,59,No,0.1287573342065454
6303-KFWSL,Low-Value,55.25,One year,29,No,0.12841989245611196
1855-AGAWH,High-Value,93.8,One year,31,No,0.12831772378196243
8221-EQDGL,Low-Value,61.0,Month-to-month,35,No,0.1282803012367475
7520-HQWJU,Low-Value,67.45,Month-to-month,66,No,0.12825333172489076
9351-LZYGF,Low-Value,66.4,Month-to-month,42,No,0.1275924408605375
4776-XSKYQ,Low-Value,30.25,One year,12,No,0.1274794815821127
4377-VDHYI,High-Value,90.8,One year,32,No,0.12664654264224381
3410-MHHUM,High-Value,94.4,One year,44,No,0.12620042094587283
2623-DRYAM,High-Value,101.75,One year,70,No,0.1259910733824104
3863-IUBJR,Low-Value,53.65,One year,12,Yes,0.12596970005656824
8563-IIOXK,Low-Value,49.75,One year,7,Yes,0.1259694629693599
9481-IEBZY,High-Value,112.9,Month-to-month,72,No,0.12594392839219318
6967-QIQRV,High-Value,101.9,One year,15,No,0.12572113406601118
2775-SEFEE,Low-Value,61.9,Two year,0,No,0.1253024148365321
2924-KHUVI,High-Value,100.55,One year,56,No,0.12503335309912256
9833-TGFHX,High-Value,97.1,One year,42,No,0.12475509464731527
4981-FLTMF,Low-Value,65.2,Month-to-month,57,No,0.12441590589762265
0422-UXFAP,High-Value,98.85,One year,51,No,0.12409124877998325
0326-VDYXE,High-Value,97.65,One year,70,No,0.12402350285217081
5089-IFSDP,High-Value,109.45,Two year,58,Yes,0.12338723248849444
1370-GGAWX,High-Value,94.15,One year,46,No,0.12329494888007243
2014-MKGMH,High-Value,101.1,One year,46,No,0.12316273506399338
2616-UUTFK,High-Value,72.75,Month-to-month,33,No,0.12311188267194083
6469-MRVET,Low-Value,20.2,One year,1,No,0.12300970955088306
8591-NXRCV,High-Value,74.65,Month-to-month,41,No,0.12222496189653956
5443-SCMKX,High-Value,94.3,One year,58,No,0.1217191555849114
9782-LGXMC,Low-Value,61.75,Month-to-month,49,No,0.12141622368619043
7175-NTIXE,High-Value,76.15,Month-to-month,25,No,0.12139622376778496
3807-BPOMJ,High-Value,94.75,One year,55,No,0.12134671326640965
5061-PBXFW,Low-Value,61.4,Month-to-month,32,No,0.12126386883562505
2972-YDYUW,High-Value,94.7,One year,57,No,0.12097869975286892
5236-XMZJY,Low-Value,59.65,Month-to-month,42,No,0.12077936121826188
7629-WIXZF,Low-Value,59.1,One year,7,No,0.12060950616238089
9750-BOOHV,Low-Value,30.15,One year,32,No,0.1205964873695739
1163-ONYEY,High-Value,74.55,Month-to-month,41,No,0.12018213419867206
8847-GEOOQ,Low-Value,60.2,Month-to-month,60,No,0.11996007475716347
6968-MHOMU,Low-Value,45.0,One year,58,No,0.11992772806977949
9309-BZGNT,Low-Value,29.8,One year,69,No,0.11971666209218297
0327-WFZSY,High-Value,100.0,One year,39,No,0.11866367598108415
9644-KVCNC,High-Value,92.15,One year,66,No,0.11854413411669185
9494-BDNNC,High-Value,95.3,One year,66,No,0.11851150727683103
6174-NRBTZ,Low-Value,30.75,One year,46,No,0.11839337899206438
1470-PSXNM,High-Value,93.65,One year,49,No,0.11801524490218024
3733-UOCWF,High-Value,85.55,One year,61,No,0.11685944695608752
6284-KMNUF,High-Value,98.0,One year,56,No,0.11660520160075129
0623-EJQEG,High-Value,93.55,One year,65,No,0.11645598691362184
7136-IHZJA,High-Value,71.35,Month-to-month,40,No,0.1160771053226413
8319-QBEHW,Low-Value,39.95,One year,26,No,0.11607458471477732
0750-EBAIU,High-Value,91.25,One year,52,No,0.11569810746199884
7188-CBBBA,High-Value,95.5,One year,65,No,0.11554297097059707
2927-QRRQV,High-Value,94.65,One year,46,No,0.11538053792122915
6296-DDOOR,Low-Value,58.2,One year,19,No,0.11468009610287125
4423-JWZJN,High-Value,90.25,One year,64,No,0.11406700023611827
3551-GAEGL,Low-Value,30.4,One year,34,No,0.11405771895736996
9774-NRNAU,High-Value,84.8,Month-to-month,27,No,0.1135794456208503
4114-QMKVN,Low-Value,68.75,One year,56,No,0.11349877512904658
5593-SUAOO,High-Value,83.15,One year,24,No,0.11251113958443572
1699-HPSBG,Low-Value,59.8,One year,12,Yes,0.11234132900895799
6874-SGLHU,High-Value,97.0,One year,30,No,0.11192272344900278
6537-OTKMY,Low-Value,50.75,One year,15,No,0.11061122049063468
5446-DKWYW,Low-Value,65.2,One year,61,No,0.1101984537218114
6968-URWQU,Low-Value,56.35,One year,43,No,0.10940784828879549
5317-FLPJF,Low-Value,61.35,Two year,66,No,0.10907379180180624
4472-LVYGI,Low-Value,52.55,Two year,0,No,0.10895514497594647
8152-UOBNY,High-Value,106.8,One year,50,No,0.10859096364541523
3339-EAQNV,High-Value,97.25,One year,72,No,0.10850744132994422
5336-UFNZP,High-Value,107.45,One year,65,No,0.10745645447108146
8080-POTJR,High-Value,79.3,One year,30,No,0.10719701364502753
7013-PSXHK,High-Value,80.75,One year,40,No,0.10719147654385108
8348-JLBUG,High-Value,80.3,One year,64,No,0.10708203756534757
0481-SUMCB,High-Value,102.15,One year,45,No,0.10706810968124406
3709-OIJEA,High-Value,85.2,One year,26,No,0.10666826400400015
5566-SOEZD,High-Value,80.65,One year,27,No,0.1065732428224941
6416-JNVRK,Low-Value,55.65,One year,46,No,0.1052830861952991
6252-DFGTK,Low-Value,68.1,One year,37,No,0.10491452906634921
2519-LBNQL,High-Value,104.35,One year,60,No,0.10488893614503947
5897-ZYEKH,High-Value,105.6,One year,67,No,0.10451390956978304
6281-FKEWS,Low-Value,49.05,One year,44,No,0.10451223745255947
8029-XYPWT,High-Value,115.05,Two year,71,No,0.10448910280466352
8190-ZTQFB,Low-Value,51.35,One year,41,No,0.1043377825056776
4999-IEZLT,Low-Value,29.45,One year,66,No,0.10418749356519334
2172-EJXVF,High-Value,105.9,One year,71,No,0.10381417411691847
0380-NEAVX,High-Value,99.85,One year,34,No,0.10352064186958954
3230-WYKIR,High-Value,82.0,One year,18,Yes,0.10337114141848551
9391-DXGGG,High-Value,89.15,One year,44,No,0.1032541230843201
8979-CAMGB,High-Value,102.1,One year,64,No,0.10283330120774115
5553-AOINX,High-Value,104.9,One year,66,No,0.10271240551513243
6266-QHOJZ,High-Value,89.85,One year,65,No,0.10270247570528909
9742-XOKTS,High-Value,89.55,One year,67,No,0.10267432006498484
2480-EJWYP,High-Value,97.8,One year,58,No,0.10252843792387623
1397-XKKWR,Low-Value,35.3,One year,7,No,0.10238670804634716
0100-DUVFC,High-Value,104.8,One year,70,No,0.10220067887362254
3224-DFQNQ,High-Value,89.0,One year,66,No,0.10193305629008582
5724-BIDBU,Low-Value,55.35,One year,49,No,0.10172360122327012
0218-QNVAS,High-Value,100.55,One year,71,No,0.1011683078270034
2898-MRKPI,High-Value,101.05,One year,68,No,0.1008869885388686
0471-ARVMX,High-Value,104.85,One year,62,No,0.10051392225195636
6476-YHMGA,High-Value,76.5,Month-to-month,15,No,0.10045139854766064
8034-RYTVV,High-Value,84.25,One year,55,No,0.10042264458751714
1334-PDUKM,High-Value,86.45,One year,68,No,0.10038142031784045
9233-PSYHO,High-Value,100.15,One year,45,No,0.10020562452142556
2790-XUYMV,High-Value,85.45,One year,71,No,0.10018661014753631
0197-PNKNK,High-Value,84.45,One year,69,No,0.1001360866180653
2877-VDUER,Low-Value,40.9,One year,35,No,0.09988783467143082
3692-JHONH,High-Value,106.5,One year,52,No,0.09970602557155436
2868-LLSKM,High-Value,83.65,One year,68,No,0.0997006720377572
0489-WMEMG,Low-Value,49.45,One year,23,No,0.09936279448564973
5913-INRQV,High-Value,90.15,One year,34,No,0.09899987766521237
4908-XAXAY,High-Value,89.85,One year,49,No,0.09883578089863591
2085-BOJKI,High-Value,96.65,One year,17,No,0.09879045215043661
0512-FLFDW,High-Value,100.5,One year,60,No,0.0987083366909173
5297-MDOIR,High-Value,81.15,One year,63,No,0.09856817842715637
8905-IAZPF,High-Value,95.65,One year,69,No,0.09843985768391147
2636-SJDOU,High-Value,84.3,One year,64,No,0.09843050905645497
4198-VFOEA,Low-Value,33.6,One year,12,No,0.09759324600725784
9495-REDIY,Low-Value,40.65,One year,25,No,0.0975617157171608
6784-XYJAE,Low-Value,55.8,One year,36,No,0.09717835397277674
9388-ZEYVT,Low-Value,44.15,One year,43,No,0.09711126351779116
7089-XXAYG,Low-Value,38.1,One year,25,No,0.0970233237365403
7016-NVRIC,High-Value,90.1,One year,29,No,0.09699499386310652
5872-OEQNH,Low-Value,44.45,One year,60,No,0.09696655337911358
8166-ORCHU,High-Value,93.55,One year,33,No,0.09694086239659991
5640-CAXOA,Low-Value,40.35,One year,30,No,0.09690330210296379
4083-BFNYK,High-Value,95.0,One year,38,No,0.09687401920086239
2483-XSSMZ,Low-Value,47.85,One year,39,No,0.09662278273873748
8707-RMEZH,High-Value,87.3,One year,69,No,0.09612067695724413
1599-MMYRQ,High-Value,81.45,One year,62,No,0.09609110437880933
0575-CUQOV,High-Value,97.95,One year,60,No,0.09603307773574056
7356-AYNJP,Low-Value,23.9,One year,4,No,0.09583226581991355
6953-PBDIN,High-Value,72.95,Two year,70,No,0.09579176620216477
4002-BQWPQ,High-Value,81.75,Month-to-month,25,No,0.09573360984445681
8268-YDIXR,High-Value,93.15,One year,56,No,0.09547385238169394
6994-ORCWG,Low-Value,54.25,One year,14,No,0.09540697942406326
7470-DYNOE,Low-Value,61.1,One year,53,No,0.09535831703283597
6869-FGJJC,High-Value,79.6,One year,68,No,0.09528991727560542
7921-LMDFQ,High-Value,94.0,One year,51,No,0.09520480186248922
6362-QHAFM,High-Value,108.3,One year,42,No,0.0952012172445016
4097-YODCF,High-Value,103.8,One year,34,No,0.09491344305633238
6815-ABQFQ,High-Value,107.25,One year,56,No,0.09480819690776085
8224-UAXBZ,Low-Value,45.35,One year,58,No,0.09472478527684669
3115-JPJDD,High-Value,81.25,One year,59,No,0.0946750166921448
4747-LCAQL,High-Value,79.0,Month-to-month,25,No,0.09391238714595757
1591-MQJTP,High-Value,93.65,One year,51,No,0.0938692574180304
6950-TWMYB,High-Value,79.95,Two year,54,No,0.09373173560412364
6807-SIWJI,High-Value,104.85,One year,38,No,0.09366264537383626
1371-DWPAZ,Low-Value,56.05,Two year,0,No,0.09363179437784393
5268-DSMNQ,High-Value,97.95,One year,62,No,0.0934322999871376
1360-JYXKQ,High-Value,99.1,One year,54,No,0.09331519223827194
3606-SBKRY,Low-Value,50.05,One year,31,No,0.0931930532212488
9253-VIFJQ,Low-Value,67.05,One year,65,No,0.093000032903322
2330-PQGDQ,High-Value,84.2,One year,51,No,0.09288214954484074
5035-PGZXH,High-Value,106.8,One year,56,No,0.09266924922114826
0080-OROZO,High-Value,99.25,One year,35,No,0.09266260043948206
8033-VCZGH,High-Value,103.95,One year,50,No,0.09255789338724317
7975-TZMLR,High-Value,103.1,One year,47,No,0.09254270706500997
9912-OMZDS,High-Value,106.15,One year,59,No,0.09253991572238945
5150-LJNSR,High-Value,98.05,One year,31,No,0.09250199877718394
1004-NOZNR,High-Value,94.8,One year,56,No,0.09228666659395413
0080-EMYVY,Low-Value,51.45,One year,14,No,0.0918620492481695
0959-WHOKV,High-Value,99.0,One year,42,No,0.09170317363368855
7722-CVFXN,High-Value,105.2,One year,54,No,0.09169392614379636
7674-YTAFD,High-Value,79.95,One year,33,No,0.09163251204340721
9972-VAFJJ,High-Value,94.0,One year,53,No,0.09095642303240466
4328-VUFWD,Low-Value,59.3,One year,39,No,0.09060583694976264
2252-JHJGE,High-Value,104.0,One year,61,No,0.09040803007789151
2065-MMKGR,High-Value,71.0,One year,29,No,0.09012303017051776
7925-PNRGI,High-Value,81.3,Month-to-month,45,No,0.08989229911526177
5174-ITUMV,High-Value,105.4,One year,67,No,0.08976387100381186
4544-RXFMG,Low-Value,43.45,One year,8,No,0.08966843526867382
7203-OYKCT,High-Value,104.95,One year,72,No,0.08963561803399663
1707-HABPF,High-Value,91.3,One year,46,No,0.08957829172048783
3714-XPXBW,High-Value,78.9,Month-to-month,37,No,0.0895115937456587
9821-BESNZ,High-Value,104.25,One year,66,No,0.08944138534310586
3739-YBWAB,Low-Value,35.35,One year,36,No,0.0893837604831759
2259-OUUSZ,Low-Value,35.5,One year,7,No,0.08910272116750045
5811-IWXYM,High-Value,101.25,One year,52,No,0.08903905423167086
5245-VDBUR,Low-Value,35.45,One year,52,No,0.08894918250858981
6092-QZVPP,High-Value,79.2,Month-to-month,36,No,0.08874433024920295
4531-AUZNK,High-Value,95.15,One year,51,No,0.08854718026500624
8982-NHAVY,High-Value,100.5,One year,27,No,0.08840050338969664
3301-VKTGC,High-Value,85.5,One year,68,No,0.0883042007632072
4189-NAKJS,Low-Value,51.55,One year,26,No,0.08819801904969186
6906-MPARY,High-Value,89.6,One year,40,No,0.08813680939675794
5756-OZRIO,Low-Value,64.05,One year,61,No,0.08805022292263308
2316-ESMLS,Low-Value,33.15,One year,12,No,0.08792163290105409
2239-CFOUJ,Low-Value,20.4,One year,1,No,0.08781890931503578
0023-UYUPN,Low-Value,25.2,One year,50,No,0.0877124601680637
0584-BJQGZ,High-Value,78.35,Month-to-month,25,No,0.08766883535364992
8731-WBBMB,High-Value,81.9,Month-to-month,26,No,0.08753995825376741
3468-DRVQJ,Low-Value,70.3,One year,10,No,0.08739360362848736
8124-NZVGJ,Low-Value,49.25,One year,6,No,0.08735778040600069
0516-UXRMT,High-Value,92.05,One year,62,No,0.08720045633380809
0824-VWDPO,High-Value,96.75,One year,45,No,0.08699335906766421
2293-IJWPS,High-Value,100.75,One year,57,No,0.08688087769910016
2746-DIJLO,Low-Value,56.3,One year,41,No,0.08672496028009627
0121-SNYRK,Low-Value,35.4,One year,50,No,0.08656600454640466
5701-GUXDC,Low-Value,35.4,One year,26,No,0.0864789800175528
6728-DKUCO,High-Value,104.15,One year,72,No,0.08645286343916957
3567-PQTSO,High-Value,105.25,One year,53,No,0.08634735082828959
2073-QBVBI,Low-Value,35.45,One year,41,No,0.08634679038607182
8865-TNMNX,Low-Value,49.55,One year,10,No,0.08618519687626647
0895-LMRSF,Low-Value,64.9,One year,23,No,0.08611408465495968
2274-XUATA,Low-Value,63.1,Two year,72,No,0.08595266417824568
6821-JPCDC,High-Value,97.05,One year,48,No,0.08579539015353148
6250-CGGUN,High-Value,84.4,One year,54,No,0.0857879823764674
5393-HJZSM,High-Value,76.3,Month-to-month,32,No,0.08572335157774232
8769-KKTPH,High-Value,99.65,One year,63,No,0.0856611635640002
1208-DNHLN,Low-Value,48.35,One year,23,Yes,0.0855545645836796
2363-BJLSL,High-Value,80.4,Month-to-month,62,No,0.08545669931965616
7607-QKKTJ,High-Value,95.0,One year,45,No,0.08530480627372138
2634-HCZGT,Low-Value,60.05,One year,53,Yes,0.08525690268170802
7123-WQUHX,High-Value,95.0,One year,38,No,0.08509475956864625
1091-SOZGA,High-Value,99.8,One year,56,No,0.08506408599112836
6419-ZTTLE,Low-Value,20.75,One year,23,No,0.08490469475388616
1696-HXOWK,High-Value,95.65,One year,71,No,0.08474920483454425
2690-DVRVK,Low-Value,20.55,One year,5,No,0.08468718723852732
8375-KVTHK,High-Value,100.3,One year,68,No,0.08466992701349395
1335-HQMKX,High-Value,101.35,One year,72,No,0.08449954959321504
3164-AALRN,Low-Value,70.0,One year,5,Yes,0.08447618800300176
2558-BUOZZ,High-Value,94.8,One year,47,No,0.08435011921145487
8091-TTVAX,High-Value,100.35,One year,58,No,0.0843374058330719
2379-GYFLQ,High-Value,94.9,One year,46,No,0.08424080652514578
6227-FBDXH,High-Value,99.5,One year,69,No,0.08408338287896523
7311-MQJCH,Low-Value,19.55,One year,5,No,0.08391910277403897
6732-FZUGP,High-Value,94.9,One year,47,No,0.0838809033967255
6008-NAIXK,Low-Value,55.45,One year,54,No,0.08383030493624918
2639-UGMAZ,Low-Value,56.45,One year,71,No,0.08382774152076752
1810-BOHSY,High-Value,96.4,One year,51,No,0.08358435253023623
6941-KXRRV,Low-Value,58.95,One year,48,No,0.08353171525439955
5199-FPUSP,Low-Value,34.05,One year,33,No,0.08349179332659762
4032-RMHCI,Low-Value,35.4,One year,41,No,0.08335834330828851
2696-ECXKC,High-Value,100.9,One year,55,No,0.08325592579655394
1036-GUDCL,High-Value,79.05,Month-to-month,60,No,0.08320013817854678
8329-UTMVM,High-Value,104.65,One year,27,No,0.08317109981789399
9571-EDEBV,High-Value,98.65,One year,71,No,0.08287716439076566
5473-KHBPS,High-Value,95.7,One year,52,No,0.08282504909701358
2144-ESWKO,Low-Value,35.2,One year,43,No,0.08279408304222152
7047-FWEYA,High-Value,103.15,One year,46,No,0.08272584650364341
4742-DRORA,High-Value,95.4,One year,60,No,0.08272533395148073
0230-UBYPQ,Low-Value,36.1,One year,63,No,0.08262387307046717
2967-MXRAV,Low-Value,18.8,One year,1,No,0.08251906327664678
1623-NLDOT,Low-Value,33.55,One year,42,Yes,0.08246650904996503
9391-LMANN,High-Value,95.95,One year,53,No,0.08237749220454148
5294-IMHHT,High-Value,97.75,One year,53,No,0.0823699626969981
6576-FBXOJ,Low-Value,54.6,One year,17,No,0.08220604271597047
5014-WUQMG,High-Value,96.1,One year,47,No,0.08202306229685698
0756-MPZRL,Low-Value,33.7,One year,46,No,0.0818724608925843
8294-UIMBA,High-Value,94.4,One year,30,No,0.08179516236810103
1732-FEKLD,High-Value,94.75,One year,54,No,0.08169373487947161
5160-UXJED,Low-Value,44.6,One year,17,No,0.08155408733308403
2858-MOFSQ,Low-Value,55.85,One year,17,Yes,0.0813959634332804
2150-WLKUW,Low-Value,63.9,One year,40,No,0.08090368998351329
5716-LIBJC,High-Value,104.15,One year,13,No,0.08070630990486183
0956-ACVZC,High-Value,94.1,One year,54,No,0.08066183892332666
6674-KVJHG,Low-Value,25.2,One year,11,No,0.08059364960303363
9518-IMLHK,High-Value,72.45,Month-to-month,31,No,0.08055792731297026
7102-JJVTX,Low-Value,48.6,One year,9,No,0.08043426503173089
7432-FFVAR,High-Value,90.95,One year,46,No,0.08029256703803436
8259-DZLIZ,Low-Value,53.85,One year,64,No,0.0802700793669023
0484-FFVBJ,Low-Value,64.85,One year,32,No,0.08015261001330887
9938-EKRGF,High-Value,84.45,Month-to-month,15,No,0.08015251392569377
4455-BFSPD,High-Value,101.15,One year,61,No,0.08013799581938941
3571-DPYUH,High-Value,94.7,One year,58,No,0.08009797413967104
7105-MXJLL,Low-Value,60.7,One year,26,No,0.08009618925268677
2519-TWKFS,Low-Value,55.1,One year,25,No,0.07990502822810433
6265-SXWBU,High-Value,95.75,One year,69,No,0.0796524293247463
8409-WQJUX,Low-Value,54.2,One year,25,No,0.07952395172798041
9052-DHNKM,Low-Value,61.55,One year,26,No,0.0795191533675552
6778-JFCMK,Low-Value,50.6,One year,24,No,0.07948536895503455
7080-TNUWP,High-Value,95.0,One year,70,No,0.07948439304736964
0670-ANMUU,High-Value,97.65,One year,71,No,0.07945440409127201
5837-LXSDN,Low-Value,58.85,One year,21,No,0.07913664605475995
1226-JZNKR,Low-Value,19.8,One year,8,No,0.0790995129457264
3736-BLEPA,High-Value,91.25,One year,28,No,0.07909040845496558
2205-LPVGL,High-Value,89.85,One year,58,No,0.07888092646763668
7636-PEPNS,Low-Value,44.1,One year,58,No,0.07878963680406706
3915-ODIYG,High-Value,71.75,One year,60,No,0.07874324170827066
9702-AIUJO,Low-Value,44.8,One year,50,No,0.07870462893051265
0853-NWIFK,High-Value,100.3,One year,45,No,0.07861751864474327
7269-JISCY,Low-Value,45.05,One year,55,No,0.07850629207111118
9480-BQJEI,High-Value,92.3,One year,62,No,0.07846148008164314
1430-SFQSA,Low-Value,35.6,One year,29,No,0.07829963860947589
0254-WWRKD,Low-Value,50.55,One year,67,No,0.07827163989107544
8996-ZROXE,Low-Value,53.5,One year,57,No,0.07770314742947683
5777-ZPQNC,Low-Value,20.15,One year,12,No,0.07764218067469465
5789-LDFXO,Low-Value,24.6,One year,24,No,0.07760996580761002
6242-SGYTS,High-Value,94.95,One year,62,No,0.07760270311468748
2294-SALNE,High-Value,86.8,One year,23,No,0.07745820147310675
3547-LQRIK,Low-Value,26.9,One year,47,No,0.07733516269733512
5981-ZVXOT,High-Value,108.35,One year,35,No,0.07727097609130959
3648-GZPHF,Low-Value,36.25,One year,32,No,0.07706281458012587
7789-HKSBS,High-Value,105.2,One year,42,No,0.07705978158539868
1064-FBXNK,Low-Value,19.85,One year,1,No,0.07685630330385136
0305-SQECB,Low-Value,36.05,One year,11,No,0.07676124318292037
6202-JVYEU,Low-Value,19.9,One year,9,No,0.07673251904533093
7472-EQOAV,High-Value,86.7,One year,71,No,0.0763539350308041
9357-UJRUN,Low-Value,58.35,One year,24,No,0.07582534348673083
8383-SGHJU,Low-Value,59.4,One year,33,No,0.07577337873940147
5562-BETPV,Low-Value,19.65,One year,1,No,0.07573328903636202
9066-QRSDU,Low-Value,26.3,One year,69,No,0.07566205346331453
8760-ZRHKE,Low-Value,69.2,One year,71,No,0.07553471135554186
8461-EFQYM,Low-Value,24.25,One year,38,No,0.07550929907728116
9522-ZSINC,Low-Value,19.95,One year,13,No,0.07528857647970691
9581-GVBXT,Low-Value,34.8,One year,59,No,0.07522118250615742
2673-CXQEU,High-Value,110.5,One year,56,No,0.0752080480943225
6967-PEJLL,Low-Value,40.2,One year,37,No,0.07516026305192196
0956-SYCWG,Low-Value,19.65,One year,13,No,0.07463846733712912
5173-ZXXXL,Low-Value,19.95,One year,2,No,0.07448150075157503
9356-AXGMP,High-Value,110.7,One year,38,No,0.07444283696362636
6738-ISCBM,Low-Value,54.0,One year,44,No,0.07443065902645728
5386-THSLQ,Low-Value,45.55,One year,66,No,0.07441379979848399
3378-AJRAO,Low-Value,24.85,One year,44,No,0.07438341112806554
8898-KASCD,Low-Value,35.55,One year,39,No,0.07420384060806702
4825-FUREZ,Low-Value,20.25,Two year,42,No,0.07396329549183951
8406-LNMHF,High-Value,82.95,One year,59,No,0.07394447487081933
0786-IVLAW,High-Value,108.1,One year,66,No,0.07361381814349834
8958-JPTRR,Low-Value,24.3,One year,56,No,0.07344805336264665
1150-FTQGN,High-Value,94.15,One year,60,No,0.073337786875078
1069-QJOEE,Low-Value,19.9,One year,25,No,0.07304488751966023
0983-TATYJ,Low-Value,51.45,One year,33,No,0.07288254697505468
2233-TXSIU,Low-Value,44.45,One year,17,No,0.07251296243373428
1297-VQDRP,High-Value,107.15,One year,68,No,0.0724557538679416
6981-TDRFT,Low-Value,54.3,One year,44,No,0.07224677843554131
5324-KTGCG,Low-Value,20.85,One year,71,No,0.07221496140243483
8570-KLJYJ,Low-Value,54.45,One year,36,No,0.07215987524248216
1099-BTKWT,Low-Value,54.4,One year,68,No,0.07215000149377941
3705-PSNGL,Low-Value,20.4,One year,45,Yes,0.07206532365254731
0731-EBJQB,Low-Value,20.4,One year,52,No,0.07205455087059416
7629-WFGLW,High-Value,95.65,One year,56,No,0.07197017420708282
2361-FJWNO,Low-Value,36.0,One year,40,No,0.07194976778151603
1282-IHQAC,Low-Value,44.05,One year,70,No,0.07192223008769548
9619-GSATL,Low-Value,55.45,One year,43,No,0.07186279861229988
1929-ZCBHE,Low-Value,40.3,One year,47,No,0.07183599560994373
7995-ZHHNZ,Low-Value,56.1,One year,42,No,0.07179940252573631
7251-LJBQN,High-Value,103.75,One year,40,No,0.07179716770970881
8752-GHJFU,High-Value,92.0,One year,71,No,0.07164848907910501
0743-HRVFF,Low-Value,56.15,One year,51,No,0.07151626200759219
7901-IIDQV,Low-Value,54.6,One year,24,No,0.07149237973315009
6937-GCDGQ,Low-Value,48.95,One year,19,No,0.07144177560620173
6481-LXPWL,Low-Value,36.1,One year,56,No,0.07143320512279101
7073-QETQY,Low-Value,20.35,One year,66,No,0.0714296664876716
8050-WYBND,Low-Value,49.45,One year,22,No,0.07141585205830438
4709-LKHYG,Low-Value,20.0,One year,29,No,0.07139294731324869
0980-FEXWF,Low-Value,50.35,One year,26,No,0.07134339367211663
1337-BOZWO,Low-Value,46.4,One year,18,No,0.07126454736991303
2878-DHMIN,Low-Value,19.9,One year,35,No,0.07123968221265227
9844-FELAJ,High-Value,107.9,One year,70,No,0.07121488270738378
5481-NTDOH,High-Value,107.05,One year,67,No,0.07105497974720137
5512-IDZEI,Low-Value,24.9,One year,46,No,0.07102141549695151
0052-YNYOT,Low-Value,20.55,One year,67,No,0.07100210588940752
5995-WWKKG,Low-Value,19.8,One year,37,No,0.07092331379865477
4332-MUOEZ,High-Value,94.3,One year,20,No,0.07090605624200473
3786-WOVKF,High-Value,106.85,One year,72,No,0.0706252392419984
7801-CEDNV,Low-Value,48.7,One year,27,No,0.07036891118103648
2806-MLNTI,High-Value,105.1,One year,52,No,0.07026060401260664
7134-MJPDY,High-Value,102.85,One year,66,No,0.07021190589768211
6870-ECSHE,Low-Value,20.45,One year,2,No,0.07014176626897653
4530-NDRKU,Low-Value,19.05,One year,42,No,0.070114979770746
7319-ZNRTR,Low-Value,19.6,One year,25,No,0.07008334641658458
4115-UMJFQ,Low-Value,35.75,One year,69,No,0.06993487155184633
6849-OYAMU,High-Value,100.0,One year,19,Yes,0.0698068618324729
4697-LUPSU,Low-Value,20.2,One year,2,No,0.06978778164579863
1925-LFCZZ,Low-Value,50.05,One year,55,No,0.06977040562853493
4075-JFPGR,High-Value,93.5,One year,51,No,0.06976435785219884
4464-JCOLN,Low-Value,19.85,One year,2,Yes,0.06975388622535808
5777-KJIRB,Low-Value,50.25,One year,40,No,0.06962046132895908
9711-FJTBX,High-Value,85.85,One year,56,No,0.06955082854958741
5985-BEHZK,High-Value,105.0,One year,72,No,0.06947788800582348
9609-BENEA,Low-Value,69.0,One year,35,No,0.0693073352210308
8405-IGQFX,High-Value,90.05,One year,63,No,0.06929154965360083
1353-GHZOS,Low-Value,59.75,One year,22,No,0.0692202990054292
8433-WPJTV,High-Value,103.9,One year,65,No,0.06916320179601873
7228-PAQPD,Low-Value,59.1,One year,14,No,0.06911903216364888
1217-VASWC,High-Value,100.55,One year,43,No,0.06898493277029752
8610-ZIKJJ,Low-Value,20.3,One year,2,No,0.06885155904615141
7856-GANIL,High-Value,98.7,One year,45,No,0.06879000583607994
8226-BXGES,High-Value,89.45,One year,64,No,0.06868588852586734
0308-GIQJT,High-Value,105.75,One year,71,No,0.06865139001488793
5857-XRECV,Low-Value,20.5,One year,2,No,0.06864298459685021
6718-BDGHG,Low-Value,64.85,One year,43,No,0.06861580303096763
1543-LLLFT,High-Value,98.3,One year,61,No,0.06857519981990877
6797-UCJHZ,High-Value,104.6,One year,66,No,0.06852687280899047
1921-KYSAY,Low-Value,68.6,One year,41,No,0.0684893920338663
5195-KPUNQ,High-Value,96.75,One year,53,No,0.0684866408347572
8668-KNZTI,Low-Value,53.75,One year,52,No,0.0684613034451521
3941-XTSKM,Low-Value,45.1,One year,42,No,0.06843193174006564
6974-DAFLI,Low-Value,19.7,One year,55,No,0.06835825643842076
9823-EALYC,High-Value,80.85,Two year,72,No,0.06816513512889043
2550-AEVRU,Low-Value,53.45,One year,57,No,0.06801988483502729
2325-WINES,High-Value,104.05,One year,32,No,0.06798671703993055
7245-JMTTQ,High-Value,111.5,One year,51,No,0.06798389201233375
4393-OBCRR,Low-Value,20.25,One year,3,No,0.06790940832576141
9825-YCXWZ,High-Value,101.1,One year,41,No,0.06788096410989881
4323-OHFOW,High-Value,105.55,One year,70,No,0.06783934326356
6260-XLACS,Low-Value,19.7,One year,4,No,0.06772727653291384
2969-WGHQO,Low-Value,69.45,One year,7,No,0.06762683173210261
5170-PTRKA,Low-Value,35.8,One year,49,No,0.06761888023815027
4480-MBMLB,High-Value,104.8,One year,36,No,0.06760225340454856
4611-ANLQC,Low-Value,50.05,One year,60,No,0.06756913159902606
4942-VZZOM,Low-Value,66.15,One year,64,No,0.06756529858211992
2511-MORQY,Low-Value,54.9,One year,50,No,0.06746115274941189
0303-UNCIP,Low-Value,65.0,One year,41,No,0.06737765257689003
1839-UMACK,Low-Value,25.05,One year,42,No,0.06737627280634989
8845-LWKGE,Low-Value,64.5,One year,30,No,0.06729463507208973
5067-XJQFU,High-Value,108.45,One year,66,No,0.06693337374226337
4906-ZHGPK,High-Value,70.7,One year,54,No,0.066870991484395
1956-YIFGE,High-Value,100.05,One year,22,No,0.06682023401881138
3511-APPBJ,High-Value,99.95,One year,23,No,0.06673242072184891
1179-INLAT,Low-Value,19.45,One year,3,No,0.0666594729767546
6156-UZDLF,High-Value,87.15,One year,26,No,0.06665769403912292
7338-ERIVA,Low-Value,45.05,One year,39,No,0.06662856579954587
2391-IPLOP,Low-Value,69.65,One year,50,No,0.06647622676769394
4808-YNLEU,Low-Value,62.15,One year,35,No,0.06642510166590257
8065-QBYTO,High-Value,99.65,One year,71,No,0.06624536702436042
3199-NPKCN,High-Value,111.25,One year,67,No,0.06622613004791263
4654-DLAMQ,High-Value,97.0,One year,64,No,0.06618337939692619
4832-VRBMR,High-Value,103.15,One year,65,No,0.06614248551853473
8205-OTCHB,Low-Value,43.75,One year,22,Yes,0.0661117275422708
2137-DQMEV,Low-Value,44.8,One year,68,No,0.06608056254572346
4597-ELFTS,Low-Value,24.9,One year,56,Yes,0.06607818582921095
1135-HIORI,High-Value,111.45,One year,64,No,0.06595718780497854
7654-YWJUF,High-Value,84.25,One year,43,No,0.06592842598306434
3926-YZVVX,Low-Value,50.05,One year,41,No,0.06588301226520339
5110-CHOPY,Low-Value,53.6,Two year,60,No,0.06587731207118391
5651-CRHKQ,High-Value,86.2,One year,41,No,0.06583058451703218
0234-TEVTT,Low-Value,45.0,One year,48,No,0.065722253175431
9575-IWCAZ,Low-Value,25.1,One year,6,No,0.06567681772673882
5681-LLOEI,High-Value,91.25,One year,43,No,0.06561612620128122
7750-EYXWZ,Low-Value,60.65,One year,12,No,0.06558184668667347
1834-ABKHQ,Low-Value,50.95,One year,52,No,0.06552025637434233
0788-DXBFY,Low-Value,19.55,One year,58,No,0.06549470784404623
2272-JKMSI,High-Value,110.8,One year,62,No,0.06542214590842606
3858-XHYJO,High-Value,105.75,One year,40,No,0.06501888306304923
5802-ADBRC,High-Value,104.4,One year,50,No,0.06496640075588898
6837-BJYDQ,Low-Value,19.6,One year,3,No,0.06491980210466658
2000-MPKCA,High-Value,107.75,One year,58,No,0.0648600660915281
0104-PPXDV,Low-Value,50.3,One year,58,No,0.0647043116053747
1784-EZDKJ,High-Value,106.8,One year,51,No,0.06453560673574255
3957-HHLMR,Low-Value,65.2,One year,70,No,0.06451116980881874
9323-HGFWY,High-Value,101.9,One year,27,No,0.06446997421092952
3205-MXZRA,Low-Value,59.45,One year,26,No,0.06442664570483961
4525-VZCZG,High-Value,105.85,One year,54,No,0.0643244858432612
6598-KELSS,Low-Value,43.05,One year,50,No,0.06431560628167711
6736-DHUQI,High-Value,84.8,One year,67,No,0.06430074651120475
0516-OOHAR,High-Value,100.35,One year,28,No,0.06426800642099141
8909-BOLNL,Low-Value,21.2,One year,3,No,0.06423515566135533
8564-LDKFL,High-Value,106.0,One year,40,No,0.06416511412357248
5498-IBWPI,Low-Value,49.4,One year,66,No,0.0640236044453093
9746-YKGXB,Low-Value,44.25,One year,52,No,0.06400920170071196
2212-LYASK,Low-Value,45.85,One year,27,No,0.06399800200505291
7029-IJEJK,Low-Value,44.1,One year,54,No,0.06396488219711595
4003-OCTMP,Low-Value,64.0,One year,31,No,0.06376118039762839
1534-OULXE,Low-Value,49.7,One year,61,No,0.06375842526120248
2931-XIQBR,High-Value,103.05,One year,50,No,0.06375585404846168
8849-PRIQJ,High-Value,109.4,One year,67,No,0.06369885750571745
6598-RFFVI,Low-Value,19.3,One year,2,Yes,0.06354836952674009
1752-OZXFY,Low-Value,59.8,One year,60,No,0.06352813113069541
9640-ZSLDC,Low-Value,60.6,One year,53,No,0.06338964050069738
1017-FBQMM,High-Value,106.05,One year,62,No,0.06337484059544567
9114-AAFQH,Low-Value,65.65,One year,48,No,0.06329541491509542
8947-YRTDV,High-Value,94.8,One year,32,No,0.06328460204303879
1448-CYWKC,High-Value,105.2,One year,58,No,0.06319791561461915
1169-SAOCL,High-Value,106.65,One year,49,No,0.06319543664033753
3865-YIOTT,High-Value,106.1,One year,72,No,0.06314354176193836
6465-GSRCL,High-Value,106.6,One year,67,No,0.06295793119113967
5074-FBGHB,High-Value,104.65,One year,64,No,0.06278548123887044
9209-NWPGU,Low-Value,65.4,One year,44,No,0.06273878113267085
8788-DOXSU,Low-Value,61.35,One year,59,No,0.06273735827088607
9154-QDGTH,High-Value,104.3,One year,43,No,0.06273003595693694
8646-JCOMS,High-Value,90.55,One year,66,No,0.06262330500814925
8672-OAUPW,Low-Value,47.85,One year,51,No,0.06258386586610433
5149-CUZUJ,High-Value,92.9,One year,28,No,0.06256910889192122
8715-KKTFG,High-Value,103.3,One year,61,No,0.06244645092227787
8314-DPQHL,Low-Value,50.8,One year,9,No,0.062295450132178555
4393-RYCRE,High-Value,106.05,One year,44,No,0.06219751915033608
6994-FGRHH,High-Value,106.15,One year,70,No,0.06198815952767757
1536-YHDOE,Low-Value,62.1,One year,17,No,0.06187332701395579
7879-CGSFV,High-Value,100.9,One year,55,No,0.06151233239138331
9909-DFRJA,High-Value,95.85,One year,26,No,0.06133744986829607
7285-KLOTR,High-Value,78.85,One year,12,No,0.06132741762927262
3354-OADJP,Low-Value,54.25,One year,8,No,0.06128424053463047
5504-WSIUR,High-Value,90.25,One year,70,No,0.061210053358569785
9770-KXGQU,High-Value,98.6,One year,53,No,0.06111441981511661
2495-TTHBQ,Low-Value,20.4,One year,4,No,0.06091433850740147
9798-DRYDS,Low-Value,61.95,One year,17,No,0.060821480686399934
5203-XEHAX,Low-Value,64.35,One year,34,No,0.06081698712367938
0002-ORFBO,Low-Value,65.6,One year,9,No,0.0606565204041578
7544-ZVIKX,High-Value,105.05,One year,58,No,0.06062090620951872
7753-USQYQ,Low-Value,64.2,One year,55,No,0.060594997936301354
7089-RKVSZ,Low-Value,24.4,One year,8,No,0.06042181650890774
8075-GXIUB,Low-Value,19.85,One year,9,No,0.060308888162137905
8595-SIZNC,Low-Value,25.6,One year,22,No,0.06028405760368527
6500-JVEGC,High-Value,101.35,One year,68,No,0.060212870804411255
1877-HKBQX,Low-Value,54.6,One year,11,No,0.06020987508508979
2560-PPCHE,High-Value,105.05,One year,65,No,0.06010797779468077
8910-ICHIU,High-Value,95.65,One year,46,No,0.060104151045118716
5081-NWSUP,Low-Value,64.9,One year,10,No,0.060079895928512914
1698-XFZCI,High-Value,107.75,One year,61,No,0.05997144596600754
4547-FZJWE,Low-Value,59.45,One year,55,No,0.05993879948878201
0330-BGYZE,High-Value,102.5,One year,60,No,0.05967586925757663
7244-QWYHG,Low-Value,44.45,One year,50,No,0.059640095361768716
5223-UZAVK,High-Value,100.3,One year,64,No,0.05956400259019533
8883-GRDWQ,Low-Value,54.0,One year,20,No,0.05939503520689837
1474-JUWSM,Low-Value,68.4,One year,58,No,0.05938598292988231
4933-IKULF,Low-Value,20.65,One year,17,No,0.059298599224126364
2284-VFLKH,High-Value,99.25,One year,49,No,0.05929635549588461
5808-TOTXO,Low-Value,20.55,One year,3,No,0.059292626584556474
5569-IDSEY,High-Value,105.7,One year,71,No,0.05919661511055708
9033-EOXWV,High-Value,74.05,One year,12,Yes,0.05918932282969776
2673-ZALNP,Low-Value,19.9,One year,7,No,0.0591496353439256
8189-DUKMV,Low-Value,20.5,One year,4,No,0.05901091546594444
3327-YBAKM,High-Value,96.9,One year,64,No,0.0589215653885017
4837-QUSFT,High-Value,100.15,One year,65,No,0.058843089207566965
9987-LUTYD,Low-Value,55.15,One year,13,No,0.058735243056900505
1545-ACTAS,High-Value,99.7,One year,48,No,0.05870424236185151
5370-IIVVL,High-Value,104.5,One year,37,No,0.05869978425058454
4753-PADAS,High-Value,105.7,One year,67,No,0.058672241861141526
8332-OSJDW,Low-Value,26.4,One year,12,No,0.058559132056247805
5578-NKCXI,High-Value,99.25,One year,58,No,0.05850406651017364
7108-DGVUU,High-Value,71.7,One year,21,No,0.05847904938028526
2805-EDJPQ,High-Value,99.75,One year,56,No,0.05831597956250021
1131-SUEKT,High-Value,98.45,One year,61,No,0.05814358742536511
2682-KEVRP,Low-Value,20.05,One year,22,No,0.05804218474068042
6551-ZCOTS,Low-Value,24.9,One year,33,No,0.058018156291905564
6814-ZPWFQ,Low-Value,25.0,One year,51,No,0.05796483326184443
3082-WQRVY,Low-Value,19.65,One year,14,No,0.05785572491581695
0580-PIQHM,High-Value,101.6,One year,41,No,0.05785282926315768
3800-LYTRK,Low-Value,55.7,One year,14,No,0.057746385515994016
8402-EIVQS,High-Value,100.9,One year,67,No,0.05763667613611417
2862-JVEOY,Low-Value,19.15,One year,6,No,0.057436629928008076
1309-XGFSN,High-Value,80.85,One year,52,No,0.05737341889725669
3750-YHRYO,Low-Value,20.65,One year,7,No,0.057357663528729085
7919-ZODZZ,Low-Value,65.9,One year,10,No,0.05732297156482575
7435-ZNUYY,Low-Value,20.6,One year,6,No,0.05731125282332525
1763-KUAAW,Low-Value,20.35,One year,18,No,0.05730177438454485
4750-UKWJK,Low-Value,19.6,One year,37,No,0.0572992158246288
0931-MHTEM,High-Value,100.05,One year,54,No,0.057276646681344016
5678-VFNEQ,High-Value,104.1,One year,71,No,0.057166609972184874
8752-IMQOS,Low-Value,20.1,One year,5,No,0.05715439328432493
2809-ILCYT,Low-Value,26.8,One year,25,No,0.05715362592578611
2371-KFUOG,High-Value,99.15,One year,58,No,0.057125529708733656
6402-SSEJG,Low-Value,61.05,One year,25,No,0.057124708524642076
3096-WPXBT,High-Value,100.7,One year,61,No,0.056956701462906746
1573-LGXBA,High-Value,97.55,One year,57,No,0.05686353766268969
1389-WNUIB,High-Value,76.0,One year,20,No,0.05684998437434895
8746-BFOAJ,Low-Value,20.5,One year,21,No,0.05678982415492512
3724-BSCVH,Low-Value,20.45,One year,10,No,0.05671608973922129
3605-JISKB,Low-Value,60.0,One year,55,No,0.05667337117421405
5376-PCKNB,High-Value,104.45,One year,72,No,0.05661724987756002
0895-LNKRC,Low-Value,19.45,One year,6,No,0.05644439778295304
0373-AIVNJ,Low-Value,39.55,One year,9,No,0.05642675520207895
7673-LPRNY,High-Value,78.55,One year,23,No,0.05632877616259057
4116-IQRFR,Low-Value,24.1,One year,4,No,0.05627345743433636
5440-VHLUL,High-Value,105.2,One year,69,No,0.056234252136631926
4584-LBNMK,Low-Value,24.7,One year,45,No,0.05622900980715865
2351-RRBUE,Low-Value,20.65,One year,7,No,0.05594165509123807
0308-IVGOK,Low-Value,40.4,One year,11,No,0.05577086576212265
1015-JPFYW,Low-Value,19.45,One year,7,No,0.05568957675804713
4023-RTIQM,Low-Value,50.4,One year,31,No,0.05563424078799925
3523-BRGUW,Low-Value,19.3,One year,26,No,0.05542539751726436
8076-FEZKJ,Low-Value,19.5,One year,10,No,0.05541514986048
3372-CDXFJ,Low-Value,24.5,One year,13,No,0.05536381322626588
4868-AADLV,High-Value,116.25,One year,66,No,0.0553517227189231
7353-YOWFP,Low-Value,20.25,One year,7,No,0.055351516034171586
9483-GCPWE,Low-Value,20.1,One year,9,No,0.05530242198893566
1729-VLAZJ,Low-Value,40.25,One year,10,No,0.05527893441306401
9498-FIMXL,Low-Value,19.2,One year,8,No,0.05515690433900922
5619-XZZKR,Low-Value,19.95,One year,4,No,0.05515640412350592
7663-ZTEGJ,High-Value,100.55,One year,29,No,0.055107534382996266
8109-YUOHE,Low-Value,56.1,One year,17,No,0.055106755039679815
6765-MBQNU,Low-Value,26.0,One year,26,No,0.05506431538745428
6586-PSJOX,Low-Value,55.2,One year,15,No,0.05504351774812118
4135-FRWKJ,High-Value,76.25,One year,55,No,0.05503797955111788
2550-QHZGP,Low-Value,19.5,One year,7,No,0.055001878602678696
3214-IYUUQ,High-Value,93.7,One year,61,No,0.054996987644219945
6778-EICRF,High-Value,74.8,One year,24,No,0.054961735109533554
3340-QBBFM,Low-Value,54.1,One year,36,No,0.05492147500136796
2453-SAFNS,High-Value,72.1,One year,54,No,0.05483394209869824
4654-GGUII,Low-Value,40.2,One year,18,No,0.054737335132120556
9867-JCZSP,Low-Value,20.75,One year,17,No,0.05464342186170719
4123-FCVCB,High-Value,75.85,One year,12,No,0.05454300495072423
5917-RYRMG,Low-Value,19.8,One year,32,No,0.05443727851469585
7746-QYVCO,Low-Value,55.85,One year,16,No,0.05438792943643271
6933-VLYFX,Low-Value,59.95,One year,31,No,0.054375706182970274
5447-WZAFP,High-Value,100.3,One year,53,No,0.054278043399029224
1345-ZUKID,Low-Value,19.35,One year,14,No,0.054240045054968385
6933-FHBZC,Low-Value,56.05,One year,26,No,0.0542087726084705
6064-PUPMC,Low-Value,57.2,One year,23,No,0.054191097076713525
8970-ANWXO,High-Value,73.75,One year,23,No,0.054179588161040924
4537-CIBHB,Low-Value,20.25,One year,9,No,0.054153858758669626
9705-ZJBCG,Low-Value,54.15,One year,13,No,0.05414947926204549
1429-UYJSV,Low-Value,19.7,One year,12,No,0.054084699984113464
2667-WYLWJ,Low-Value,19.75,One year,8,Yes,0.054079652249605835
2450-ZKEED,Low-Value,53.8,One year,11,No,0.053958366606611075
4318-RAJVY,Low-Value,19.8,One year,10,No,0.05384462734254348
7649-PHJVR,Low-Value,19.5,One year,11,No,0.053763707271216106
0810-BDHAW,High-Value,78.4,One year,24,No,0.053604788235811204
8631-XVRZL,Low-Value,20.15,One year,9,No,0.05355287243717345
0269-XFESX,Low-Value,24.35,One year,23,No,0.05349893219032783
9891-NQDBD,Low-Value,25.55,One year,28,No,0.05343095128524722
5039-LZRQT,Low-Value,20.2,One year,13,No,0.05342938127641556
7666-WKRON,High-Value,80.45,Two year,39,Yes,0.05336953233240202
6510-UPNKS,Low-Value,24.8,One year,23,No,0.053282379210852056
0203-HHYIJ,Low-Value,25.3,One year,25,Yes,0.05327034298344832
9086-YJYXS,High-Value,77.2,One year,34,No,0.053249853109009565
8969-PRHFK,Low-Value,19.65,One year,18,No,0.05322779949293139
1133-KXCGE,Low-Value,20.1,One year,18,No,0.05316484117537202
0661-KQHNK,Low-Value,19.0,One year,6,No,0.053142186700701276
2788-CJQAQ,Low-Value,19.45,One year,13,No,0.053124797208821115
8084-OIVBS,Low-Value,20.0,One year,11,No,0.05309989943283736
7508-KBIMB,Low-Value,56.25,One year,24,No,0.053011568451253384
3131-NWVFJ,Low-Value,19.55,One year,14,No,0.0530046477349456
6584-VQMYT,Low-Value,56.2,One year,27,No,0.05300142032798186
8499-BRXTD,Low-Value,20.1,One year,18,No,0.052995979116215584
8395-ETZKQ,Low-Value,19.5,One year,68,No,0.0529600764092085
5451-MHQOF,Low-Value,24.45,One year,56,No,0.05293663566257061
4815-TUMEQ,Low-Value,19.3,One year,10,No,0.05293569243184093
2908-WGAXL,Low-Value,24.95,Two year,56,No,0.05290853900457835
4700-UBQMV,High-Value,75.9,One year,21,No,0.05290792288735827
5756-JYOJT,Low-Value,64.9,One year,11,No,0.052904625802445496
0221-NAUXK,Low-Value,19.95,One year,10,No,0.05289757622317027
3137-NYQQI,Low-Value,64.8,One year,17,No,0.05288562365729592
5989-OMNJE,Low-Value,57.6,One year,24,No,0.05285022134035538
4378-BZYFP,Low-Value,20.5,One year,17,No,0.0527763809282347
5546-QUERU,Low-Value,19.95,One year,13,No,0.05264389132761187
3506-OVLKD,Low-Value,26.2,One year,35,No,0.05264363591910443
7677-SJJJK,Low-Value,19.9,One year,8,No,0.05255240969194039
4291-YZODP,Low-Value,20.05,One year,7,No,0.052530653837121535
4644-PIZRT,High-Value,70.35,One year,17,No,0.05251481669035111
4707-YNOQA,Low-Value,25.6,One year,34,No,0.0524765863349152
5124-EOGYE,Low-Value,20.45,Two year,31,No,0.052471594593701945
6096-EGVTU,Low-Value,24.9,One year,64,No,0.052426360494672336
9473-CBZOP,Low-Value,59.0,One year,28,No,0.05239256512313708
4501-UYKBC,Low-Value,69.1,One year,46,No,0.05238094054186995
3721-CNZHX,Low-Value,19.8,One year,15,No,0.05237840346669394
0442-TDYUO,Low-Value,20.05,Two year,48,No,0.05233501267216712
5505-OVWQW,Low-Value,20.15,One year,17,No,0.052302831533346604
0967-BMLBD,Low-Value,20.0,One year,11,No,0.05227673803793794
9442-JTWDL,Low-Value,20.05,One year,11,No,0.052260522357867406
1897-RCFUM,Low-Value,24.2,One year,39,No,0.05225376547082587
1131-ALZWV,Low-Value,24.6,One year,24,No,0.05223758682647951
5993-BQHEA,Low-Value,20.05,One year,12,No,0.05223632936542422
1022-RKXDR,Low-Value,24.85,One year,41,No,0.0522234707712356
0422-OHQHQ,Low-Value,20.55,One year,15,No,0.05218963032590726
5474-LAMUQ,Low-Value,20.1,One year,24,No,0.05216855844840651
8194-PEEBY,Low-Value,19.9,One year,24,No,0.05213454145384838
0307-BCOPK,Low-Value,19.05,One year,16,No,0.05208350860183362
8220-OCUFY,Low-Value,60.25,One year,21,No,0.052066307748102565
3423-HHXAO,Low-Value,19.5,One year,14,No,0.052064134601360876
5149-TGWDZ,High-Value,104.55,One year,21,No,0.052049035050054794
6546-OPBBH,Low-Value,23.95,One year,51,No,0.052041845297739274
3887-PBQAO,Low-Value,25.9,One year,45,No,0.05199632969418589
4092-OFQZS,Low-Value,20.65,One year,20,No,0.051928747218538136
2907-ILJBN,Low-Value,20.6,One year,11,No,0.05183543958914128
6924-TDGMT,Low-Value,20.55,One year,11,No,0.051821821974325756
5214-CHIWJ,Low-Value,20.3,One year,27,No,0.051809351977048265
3556-BVQGL,Low-Value,20.0,One year,20,No,0.05180466701141025
5304-EFJLP,High-Value,111.65,Two year,72,No,0.05178918286133148
1964-SVLEA,Low-Value,19.7,One year,20,No,0.05174562825789748
0440-MOGPM,High-Value,80.55,One year,41,No,0.05173922353113568
4476-OSWTN,High-Value,110.55,One year,69,No,0.05172503902174779
2926-JEJJC,Low-Value,20.2,One year,8,No,0.0517203284623098
8016-ZMGMO,High-Value,70.85,One year,66,No,0.051714869392420426
6447-EGDIV,Low-Value,20.95,One year,31,No,0.05159714538023301
9894-QMIMJ,Low-Value,55.8,One year,23,No,0.051592134959265214
8763-KIAFH,Low-Value,20.55,One year,27,No,0.05158828455484042
1682-VCOIO,Low-Value,20.45,One year,23,No,0.051555010405102464
6223-DHJGV,Low-Value,20.65,One year,42,No,0.05150879144957777
8292-FRFZQ,Low-Value,41.15,One year,39,No,0.05150622850045558
5003-OKNNK,Low-Value,20.35,One year,15,No,0.0514984362190728
7665-VIGUD,Low-Value,20.35,One year,10,No,0.0514362258657114
2320-TZRRH,Low-Value,19.5,One year,20,No,0.051354382236003124
1930-BZLHI,Low-Value,20.35,One year,21,No,0.051327248402660626
7945-HLKEA,Low-Value,64.75,One year,60,No,0.051207519712639336
1915-OAKWD,Low-Value,19.3,One year,16,No,0.051158381091643265
5602-BVFMK,Low-Value,19.3,One year,12,No,0.051148201578578016
9067-YGSCA,Low-Value,26.05,One year,70,No,0.051110573791362336
6754-WKSHP,Low-Value,25.35,One year,30,No,0.051102418683577
9801-NOSHQ,Low-Value,19.8,One year,23,No,0.05108826687853786
3146-JTQHR,Low-Value,19.6,One year,10,No,0.05107852276876278
3482-ABPKK,Low-Value,54.3,One year,28,No,0.05096807079003892
2606-PKWJB,Low-Value,40.25,One year,40,No,0.0509679596818006
4323-ELYYB,Low-Value,20.0,One year,13,No,0.05096531184884398
7105-BENQF,Low-Value,64.85,One year,15,No,0.05096119276130641
0679-TDGAK,High-Value,75.5,One year,50,No,0.05093511916615206
7781-EWARA,Low-Value,60.35,One year,70,No,0.050924178821983385
4632-PAOYU,Low-Value,19.95,One year,22,No,0.05091537418519371
1293-HHSHJ,Low-Value,21.1,One year,35,No,0.0508998110621372
4121-AGSIN,Low-Value,24.5,One year,58,No,0.05086454555849224
8277-RVRSV,Low-Value,24.15,One year,33,No,0.05086081016537496
7026-YMSBE,Low-Value,19.7,One year,30,No,0.05085820525079209
4716-MRVEN,Low-Value,20.0,One year,29,No,0.050856075983460126
3727-OVPRY,Low-Value,25.7,One year,66,No,0.05085549512355599
0657-DOGUM,Low-Value,60.6,One year,48,No,0.05084482503157621
9847-HNVGP,Low-Value,19.95,One year,17,No,0.050829062628459355
7452-FOLON,Low-Value,25.45,One year,39,No,0.050821915587599784
6563-VRERX,Low-Value,20.6,One year,33,No,0.05081577099168929
8748-HFWBO,Low-Value,19.9,One year,19,No,0.05080299713388955
6922-NCEDI,Low-Value,21.2,One year,56,No,0.050792765402434464
8041-TMEID,High-Value,108.5,Two year,63,No,0.05077711104942744
3985-HOYPM,Low-Value,19.4,One year,26,No,0.05075706703286705
7762-ONLJY,Low-Value,19.7,One year,6,No,0.050752354800906646
8042-RNLKO,Low-Value,25.45,One year,66,No,0.05071357466686224
2724-FJDYW,Low-Value,54.85,One year,39,No,0.05066528035194522
3935-TBRZZ,Low-Value,25.7,One year,44,No,0.05064155194410002
5519-TEEUH,Low-Value,20.15,One year,33,No,0.05063893449255222
0557-ASKVU,Low-Value,54.4,One year,18,No,0.050632824643932144
9766-HGEDE,Low-Value,19.35,One year,17,No,0.050611318869527716
9402-ROUMJ,High-Value,100.25,One year,67,No,0.050603166667708886
2749-CTKAJ,Low-Value,20.15,One year,22,No,0.050594902205066794
8022-BECSI,Low-Value,19.6,One year,22,No,0.050589941904648376
9060-HJJRW,Low-Value,56.4,One year,51,No,0.05049835177768181
0516-VRYBW,Low-Value,20.15,One year,18,Yes,0.05048227257425627
5313-FPXWG,Low-Value,24.6,One year,51,No,0.05048008377865728
4403-BWPAY,Low-Value,24.8,One year,14,No,0.050463461880857825
2592-HODOV,Low-Value,19.3,One year,13,No,0.05045391748258544
5575-GNVDE,Low-Value,56.95,One year,34,No,0.05043369890734844
7325-ENZFI,Low-Value,40.3,One year,39,No,0.05042594028380901
1038-ZAGBI,Low-Value,19.8,One year,12,Yes,0.05041386621465623
6323-AYBRX,Low-Value,19.35,Two year,59,Yes,0.050404658969969575
8318-LCNBW,Low-Value,53.15,One year,35,No,0.05040291381691562
7471-WNSUF,Low-Value,24.15,One year,60,No,0.05040037192773292
1561-BWHIN,Low-Value,19.8,One year,19,No,0.05040001799170638
1599-EAHXY,Low-Value,23.95,One year,60,No,0.05039531397718452
9107-UKCKY,High-Value,79.8,One year,61,No,0.050393357491249464
9411-TPQQV,Low-Value,54.55,One year,40,No,0.050381312735888424
6082-OQFBA,Low-Value,19.65,One year,23,No,0.05037449777637324
3778-FOAQW,Low-Value,20.15,One year,24,No,0.05035893304469479
2332-TODQS,Low-Value,25.05,One year,48,No,0.05035624456525265
2829-HYVZP,Low-Value,19.8,One year,29,No,0.050314374993030674
9617-UDPEU,Low-Value,19.25,One year,22,No,0.05029298338316578
9534-NSXEM,Low-Value,20.65,One year,26,No,0.05027014218961462
8008-OTEZX,Low-Value,19.65,One year,35,No,0.0502664801036059
3251-YMVWZ,Low-Value,24.05,One year,53,No,0.05024956857041969
7817-OMJNA,Low-Value,20.4,One year,14,No,0.050243234968038876
9509-MPYOD,Low-Value,20.75,One year,35,No,0.05022418408570295
6072-NUQCB,Low-Value,20.25,One year,22,No,0.050216691499223254
4415-WNGVR,High-Value,79.2,One year,12,No,0.05020432092583943
2819-GWENI,Low-Value,19.9,One year,28,No,0.050203949757190905
3315-IKYZQ,Low-Value,50.8,One year,28,No,0.05019868199618227
2188-SXWVT,Low-Value,55.0,One year,34,No,0.05019809524801243
1755-FZQEC,Low-Value,19.9,One year,39,No,0.05014317903089013
4518-FZBSX,Low-Value,20.25,One year,42,No,0.05010314017139579
5985-TBABQ,High-Value,74.75,One year,32,No,0.050101114361735824
0835-DUUIQ,Low-Value,21.05,One year,24,No,0.0500784908036237
9639-BUJXT,Low-Value,20.5,One year,63,No,0.05006257369909606
4425-OWHWB,Low-Value,19.35,One year,20,No,0.05005726645511032
0440-UEDAI,High-Value,94.45,One year,53,No,0.05004447913244341
8573-JGCZW,Low-Value,19.65,One year,17,No,0.050000046915947165
7190-XHTWJ,Low-Value,19.3,One year,38,No,0.04991200196861743
7244-KXYZN,Low-Value,20.45,One year,24,No,0.049911395001291686
8902-ZEOVF,Low-Value,20.05,One year,47,No,0.04988672745348937
1371-OJCEK,Low-Value,24.35,One year,48,No,0.04987824895401338
9845-QOMAD,Low-Value,19.75,One year,14,No,0.049861834600160033
8717-VCTXJ,Low-Value,19.55,One year,42,No,0.04985160811151587
4576-CSAJH,Low-Value,55.15,One year,22,Yes,0.04984752861214032
4616-EWBNJ,Low-Value,20.1,One year,16,No,0.04984282164248013
5961-VUSRV,Low-Value,19.35,One year,12,No,0.04983906216515606
2387-KDZQY,Low-Value,20.1,One year,17,No,0.049836781183119176
7609-NRNCA,Low-Value,19.55,One year,17,No,0.049791124492363406
6762-NSODU,Low-Value,19.4,Two year,46,No,0.04977514417090686
0804-YGEQV,Low-Value,24.45,One year,43,No,0.049762582221159944
1998-VHJHK,Low-Value,19.15,One year,27,No,0.04974214312886552
8510-BBWMU,Low-Value,19.75,One year,41,No,0.04972991125207442
5871-DGTXZ,Low-Value,19.8,One year,32,No,0.04972903586034442
7850-THJMU,Low-Value,19.65,Two year,26,No,0.0497086765648006
4163-NCJAK,Low-Value,24.45,One year,46,No,0.04970333437692869
3125-RAHBV,Low-Value,20.3,One year,22,No,0.04969372630633881
1272-ILHFG,Low-Value,19.65,One year,15,No,0.04964727874487097
4359-INNWN,Low-Value,20.05,One year,17,No,0.04962308611261996
4962-CHQPW,Low-Value,19.85,One year,29,No,0.04961213323785339
0902-RFHOF,Low-Value,20.1,One year,38,No,0.04960439616060243
5753-QQWPW,Low-Value,59.9,One year,28,No,0.049597069185775874
6248-BSHKG,Low-Value,20.4,One year,61,No,0.04955091276306571
5734-EJKXG,High-Value,118.6,One year,61,No,0.049537239795547014
6746-WAUWT,Low-Value,19.7,One year,19,No,0.049502995934779255
8191-XWSZG,Low-Value,20.65,One year,52,No,0.049489784970227026
7560-QRBXH,Low-Value,19.95,One year,48,No,0.04945454585241297
8873-TMKGR,Low-Value,19.1,One year,29,No,0.049434656667631104
7696-CFTAT,Low-Value,19.8,Two year,37,No,0.0494299559633848
9347-AERRL,Low-Value,19.3,One year,23,No,0.04941342590149107
4957-SREEC,Low-Value,20.35,Two year,70,No,0.0494081130495985
8512-WIWYV,Low-Value,20.35,One year,32,No,0.04939920568398866
8249-THVEC,Low-Value,19.4,One year,51,No,0.04938250653073744
8966-OIQHG,Low-Value,20.75,One year,22,No,0.049382295912306175
0784-GTUUK,Low-Value,23.75,One year,62,No,0.04937330324204482
4538-WNTMJ,Low-Value,24.95,One year,46,No,0.04935401260349889
9746-UGFAC,Low-Value,20.85,One year,22,No,0.049352731346368924
8884-MRNSU,Low-Value,19.9,One year,17,No,0.04933665646191725
8779-YIQQA,Low-Value,19.8,One year,21,No,0.04933203673111499
4955-VCWBI,Low-Value,20.0,One year,43,No,0.04932317114334871
9824-QCJPK,Low-Value,20.0,One year,36,No,0.049299006132381425
0298-XACET,Low-Value,50.2,Two year,52,No,0.04929776660592731
6061-PQHMK,Low-Value,19.9,One year,25,No,0.04927965824027577
4827-LTQRJ,High-Value,110.6,One year,66,No,0.04923625904678824
6693-DJWTY,Low-Value,55.6,One year,35,No,0.049217298263931175
3401-URHDA,Low-Value,59.9,One year,51,No,0.04920636838242329
1258-YMZNM,High-Value,110.5,One year,27,No,0.04917271891847793
5120-ZBLAI,High-Value,75.7,One year,50,No,0.04912697325506264
7279-NMVJC,Low-Value,19.9,One year,17,No,0.04912532595492824
6016-NXBNJ,Low-Value,19.15,One year,35,No,0.049115139360458915
2731-GJRDG,High-Value,109.55,One year,32,No,0.04908543269879692
7670-ZBPOQ,Low-Value,61.05,One year,58,No,0.049031142754755286
5774-QPLTF,Low-Value,20.35,One year,50,No,0.04903055364861577
2150-OEGBV,Low-Value,20.1,One year,27,No,0.04899954722535515
0533-UCAAU,High-Value,71.1,One year,57,No,0.04896626066130896
8884-FEEWR,Low-Value,20.6,One year,35,No,0.04896270479598293
8680-CGLTP,Low-Value,58.75,One year,29,No,0.04895621413799227
5125-CNDSP,Low-Value,40.6,One year,63,No,0.048947134273098186
1403-LKLIK,Low-Value,20.1,One year,33,No,0.04892200418816095
6479-OAUSD,Low-Value,19.9,One year,25,No,0.0489169720593456
2039-JONDJ,Low-Value,55.45,One year,27,No,0.04890865062804878
3594-BDSOA,Low-Value,20.4,One year,24,No,0.04889187987787149
6723-WSNTY,High-Value,108.1,One year,66,No,0.048891100036921535
9621-OUPYD,Low-Value,20.2,One year,25,No,0.0488873906456977
6114-TCFID,Low-Value,39.5,One year,29,No,0.04887524675483254
6574-MCOEH,High-Value,79.15,One year,33,No,0.04886900059489427
6229-UOLQL,Low-Value,52.0,One year,56,No,0.04884514221729819
4445-KWOKW,Low-Value,60.15,One year,42,No,0.048821879139292645
4644-OBGFZ,Low-Value,19.5,One year,55,No,0.048820569848108834
1757-TCATG,Low-Value,20.05,One year,35,No,0.048806808012119604
5849-ASHZJ,Low-Value,20.05,One year,27,No,0.048800105290519695
6647-ZEDXT,High-Value,110.45,One year,30,No,0.04878447723794023
1872-EBWSC,Low-Value,20.35,One year,29,No,0.04878429082376702
2560-QTSBS,Low-Value,23.3,One year,72,No,0.04877694199806289
6188-UXBBR,Low-Value,20.25,One year,38,No,0.04875537365673655
9950-MTGYX,Low-Value,20.3,Two year,28,No,0.04875316274019188
3653-NCRDJ,Low-Value,19.2,One year,43,No,0.04874491181853303
9730-DRTMJ,High-Value,72.8,One year,32,No,0.0487043298568657
4598-ZADCK,Low-Value,53.6,One year,53,No,0.04869966705568304
8327-WKMIE,Low-Value,20.15,One year,37,No,0.04867686019872737
6772-WFQRD,Low-Value,20.4,One year,40,No,0.04865653526993591
6527-PZFPV,Low-Value,20.8,One year,24,No,0.0486421593246796
7841-FCRQD,Low-Value,53.75,One year,33,No,0.048601996261465004
7868-BGSZA,High-Value,80.2,One year,43,No,0.04857318792338844
3486-NPGST,Low-Value,19.55,One year,36,No,0.048572457028791635
2522-WLNSF,Low-Value,64.2,One year,34,No,0.04854663672549181
1401-FTHFQ,Low-Value,20.0,One year,23,No,0.048534213004922847
7994-XIRTR,Low-Value,65.25,One year,54,No,0.04853412936874877
5918-VUKWP,Low-Value,20.55,One year,32,No,0.04852066207507761
6047-SUHPR,Low-Value,59.8,One year,39,No,0.04849649046608119
7061-OVMIM,Low-Value,19.55,One year,30,No,0.048451299494124106
8241-JUIQO,Low-Value,19.45,One year,61,No,0.048419144668080547
1985-MBRYP,Low-Value,19.65,Two year,43,No,0.048403162493764106
7369-TRPFD,Low-Value,18.8,One year,19,No,0.048378722608182594
9067-SQTNS,Low-Value,20.6,One year,44,No,0.04836750880046167
8745-PVESG,Low-Value,41.1,One year,57,No,0.04836495348114895
8133-ANHHJ,High-Value,103.0,One year,49,No,0.04834676811954914
6100-FJZDG,Low-Value,20.05,One year,26,No,0.048327700023393656
9931-DCEZH,Low-Value,54.4,One year,28,No,0.048307008029153
1178-PZGAB,Low-Value,20.25,One year,19,No,0.048297975622433806
8430-TWCBX,Low-Value,20.7,One year,49,No,0.04825211509706647
5177-RVZNU,Low-Value,20.3,One year,37,No,0.048248221673164025
5815-HGGHV,Low-Value,64.15,One year,20,No,0.048239640269637174
5914-GXMDA,Low-Value,19.3,One year,32,No,0.04823517805254974
4186-ZBUEW,High-Value,70.7,One year,36,No,0.04822656531575266
6729-FZWSY,Low-Value,19.45,One year,67,No,0.04820789404377802
7305-ZWMAJ,Low-Value,20.7,One year,30,No,0.04817527456582824
1776-SPBWV,Low-Value,20.1,One year,34,No,0.04817270722113753
8859-YSTWS,Low-Value,19.95,One year,48,No,0.04816055407607274
1952-DVVSW,Low-Value,20.1,One year,10,No,0.04814537779240788
6195-MELTI,Low-Value,54.65,One year,57,No,0.04813569898910325
4980-URKXC,Low-Value,20.85,One year,36,No,0.048110030887979965
3280-NMUVX,Low-Value,19.6,One year,34,No,0.04808056062757384
1661-CZBAU,High-Value,70.95,One year,48,No,0.047993940878566704
4487-ZYJZK,Low-Value,19.6,One year,38,No,0.0479804285977495
6810-VCAEX,Low-Value,39.65,One year,47,No,0.04797818349289688
1708-PBBOA,Low-Value,54.75,One year,42,No,0.04796893837848769
5996-NRVXR,High-Value,98.15,One year,40,No,0.04795317672252262
6872-HXFNF,Low-Value,58.35,One year,64,No,0.04795151423916691
2277-AXSDC,Low-Value,19.75,One year,32,No,0.047944735086823766
1686-STUHN,Low-Value,19.8,One year,42,No,0.04794349265022921
2851-STERV,High-Value,73.0,One year,35,No,0.04794272535135784
0219-QAERP,Low-Value,19.8,One year,30,No,0.047907969053156
4223-BKEOR,Low-Value,64.85,One year,21,No,0.04790220750193957
0859-YGKFW,Low-Value,20.05,One year,18,No,0.04789958856711247
5986-WWXDV,Low-Value,19.35,One year,39,No,0.047873206511283906
2466-FCCPT,Low-Value,19.7,One year,20,No,0.04786818103284429
1813-JLKWR,Low-Value,19.8,One year,64,No,0.04784874285102188
1085-LDWAM,Low-Value,20.35,One year,69,No,0.047821703354548814
3823-KYNQY,Low-Value,24.95,One year,12,No,0.047816955564024634
6823-SIDFQ,Low-Value,18.25,One year,28,No,0.04781513036815982
0667-NSRGI,Low-Value,69.55,One year,48,No,0.047794670322063054
2703-AMTUL,Low-Value,53.65,One year,36,No,0.04779048853337506
4636-OLWOE,Low-Value,61.0,One year,54,No,0.047776083802849416
5269-NRGDP,High-Value,73.15,One year,42,No,0.04776670367902914
7328-OWMOM,Low-Value,20.1,One year,31,No,0.047765034479695774
3712-PKXZA,Low-Value,20.55,One year,61,No,0.04773338863859235
3079-BCHLN,Low-Value,19.9,One year,47,No,0.047722762540042714
3982-JGSFD,Low-Value,20.35,One year,36,No,0.04771533066055774
6152-ONASV,Low-Value,58.25,One year,68,No,0.04768012081577532
7446-SFAOA,Low-Value,19.85,One year,37,No,0.04767091282365225
7137-NAXML,Low-Value,20.15,One year,23,No,0.04763313148879761
6461-PPAXN,Low-Value,54.95,One year,35,No,0.04762812093938661
0129-QMPDR,Low-Value,20.5,One year,44,No,0.04762517365155924
0661-WCQNQ,Low-Value,56.25,One year,22,No,0.04761830290433033
0042-JVWOJ,Low-Value,19.6,One year,26,No,0.047585345186540715
1834-WULEG,Low-Value,20.25,One year,24,No,0.047576193526766695
0621-TSSMU,Low-Value,19.95,One year,56,No,0.04757215887463592
7100-FQPRV,High-Value,71.9,One year,43,No,0.04755985153910113
1934-MKPXS,Low-Value,20.1,One year,33,No,0.04755398369899621
3243-ZHOHY,Low-Value,20.1,One year,16,No,0.04754500675461934
1269-FOYWN,Low-Value,20.0,One year,44,No,0.04754374904589776
2577-GVSIL,High-Value,73.45,One year,35,No,0.04752959823645477
4302-ZYFEL,Low-Value,20.55,One year,69,No,0.047527082711268
9602-WCXPI,Low-Value,20.15,One year,50,No,0.04751954397776536
9150-HEPMB,Low-Value,52.7,One year,56,No,0.04751848250567446
8590-OHDIW,Low-Value,20.3,One year,38,No,0.04750175374048362
4636-TVXVG,Low-Value,19.95,One year,62,No,0.047456249598215004
0635-WKOLD,High-Value,70.75,One year,40,No,0.047418451030399926
6689-VRRTK,High-Value,109.8,One year,44,No,0.04736770979987523
7297-DVYGA,Low-Value,19.85,One year,51,No,0.04735979282074854
5642-MHDQT,Low-Value,19.85,One year,53,No,0.047354075093562834
4795-UXVCJ,Low-Value,19.8,One year,26,No,0.04731189244426066
3572-UUHRS,Low-Value,18.85,One year,45,No,0.04729390927998896
6980-CDGFC,Low-Value,20.85,One year,67,No,0.04728890040147588
9170-ARBTB,Low-Value,19.6,One year,52,No,0.04728526959966462
5627-TVBPP,Low-Value,20.1,One year,35,No,0.04725738846685557
6532-YLWSI,Low-Value,20.8,One year,53,Yes,0.04722856610386294
8920-NAVAY,High-Value,110.75,One year,62,No,0.04719853516864903
2650-GYRYL,Low-Value,19.45,One year,33,No,0.04717788511258225
1042-HFUCW,Low-Value,54.75,One year,25,No,0.047097997796682105
2324-AALNO,Low-Value,24.55,One year,48,No,0.047095862622184355
0969-RGKCU,Low-Value,19.8,One year,37,No,0.047093391631310155
2812-REYAT,Low-Value,20.05,One year,49,No,0.04704239317378117
7872-BAAZR,Low-Value,19.55,One year,53,No,0.04702736851304679
2821-WARNZ,Low-Value,19.45,One year,49,No,0.046990028439441264
6508-NJYRO,Low-Value,18.8,One year,15,No,0.04696423389666948
9805-FILKB,Low-Value,20.2,One year,46,No,0.046884573410375836
9451-WLYRI,Low-Value,19.05,One year,53,No,0.04683052473456418
0048-PIHNL,Low-Value,20.45,One year,49,No,0.04682881951954749
5306-BVTKJ,Low-Value,55.8,One year,48,No,0.0468072132317112
1680-VDCWW,Low-Value,19.8,One year,12,No,0.046797572614920895
1697-LYYYX,Low-Value,19.1,One year,61,No,0.04674002458776535
8592-PLTMQ,Low-Value,24.7,One year,64,No,0.046733796001993295
9361-YNQWJ,Low-Value,24.4,One year,64,No,0.04671576478888339
6388-TABGU,Low-Value,56.15,One year,62,No,0.04665635591010223
3067-SVMTC,Low-Value,55.9,One year,68,No,0.04661069476321368
7184-LRUUR,Low-Value,65.25,One year,22,No,0.04658385882729851
7009-PCARS,Low-Value,19.1,One year,55,No,0.04655056863897428
6051-PTVNS,Low-Value,19.15,One year,55,No,0.04652111870055725
3181-VTHOE,Low-Value,51.05,One year,70,No,0.04651083284741878
9503-XJUME,Low-Value,19.65,One year,52,No,0.04644872319956255
4903-CNOZC,High-Value,70.9,One year,29,No,0.04642496671995065
1229-RCALF,High-Value,115.0,One year,64,No,0.046380199463067553
2925-MXLSX,Low-Value,68.95,One year,30,No,0.04615416065360401
8690-UPCZI,Low-Value,69.05,One year,29,No,0.04614788693328025
5201-CBWYG,Low-Value,24.8,One year,62,No,0.04614363669899408
2405-LBMUW,Low-Value,50.7,One year,61,No,0.04611487860264484
8050-XGRVL,Low-Value,54.75,One year,62,No,0.04607646189445181
2122-SZZZD,Low-Value,19.5,One year,44,No,0.04606043763295709
0872-CASZJ,Low-Value,69.1,One year,59,No,0.04594614857112417
9447-YPTBX,Low-Value,19.85,One year,50,No,0.04587629715196971
2812-ENYMO,Low-Value,54.55,One year,26,No,0.0457457231457762
1122-YJBCS,Low-Value,53.65,One year,69,No,0.045741995350733394
7706-YLMQA,Low-Value,19.7,One year,70,No,0.045728140641683665
1333-PBMXB,Low-Value,24.75,One year,54,No,0.045694984913408475
5266-PFRQK,Low-Value,20.85,One year,52,No,0.045644608880727064
6682-VCIXC,Low-Value,51.25,One year,43,No,0.04561702941971311
4311-QTTAI,Low-Value,19.35,One year,16,No,0.045441255177598304
4702-HDRKD,Low-Value,49.35,One year,67,No,0.04532755274540665
7813-TKCVO,Low-Value,20.35,One year,20,No,0.04526387974394647
6094-ZIVKX,Low-Value,54.45,One year,68,No,0.04525100639534849
1338-CECEE,Low-Value,68.5,One year,41,No,0.04522034123396643
5876-QMYLD,Low-Value,20.05,One year,23,No,0.04521587630485209
5312-TSZVC,Low-Value,19.65,One year,15,No,0.0451429701397828
5027-YOCXN,High-Value,110.05,One year,51,No,0.04509763788070255
5062-CJJKH,Low-Value,53.65,One year,25,No,0.04506766027902727
5906-CVLHP,Low-Value,54.15,One year,45,Yes,0.045035252197815505
0409-WTMPL,High-Value,110.65,One year,58,No,0.044972736731088744
4567-AKPIA,High-Value,109.1,One year,41,No,0.04494735886413003
0864-FVJNJ,High-Value,113.35,One year,64,No,0.04493900062007758
1439-LCGVL,Low-Value,19.2,One year,26,No,0.04470087328919856
4826-DXMUP,High-Value,72.1,One year,35,No,0.044676878045104965
9938-ZREHM,High-Value,72.1,One year,37,No,0.044676161523016136
1679-JRFBR,High-Value,108.15,One year,70,No,0.04442343004478932
1264-FUHCX,Low-Value,56.3,One year,49,No,0.04442071331457568
9659-ZTWSM,High-Value,107.35,One year,66,No,0.04439459415594827
0428-AXXLJ,Low-Value,19.5,One year,25,No,0.044390206103838876
0829-DDVLK,Low-Value,20.1,One year,15,No,0.04437892798617656
8008-ESFLK,High-Value,110.5,One year,53,No,0.04437113740984221
4685-TFLLS,Low-Value,19.8,One year,18,No,0.0443491643166704
2662-NNTDK,Low-Value,24.8,One year,65,No,0.04427457374842342
4682-BLBUC,High-Value,70.95,One year,44,No,0.04420233116818432
8777-PVYGU,Low-Value,64.3,One year,52,No,0.04418300424631754
7409-JURKQ,High-Value,111.8,One year,53,No,0.04404560523824829
0297-RBCSG,Low-Value,65.35,One year,19,No,0.04402580924944273
6440-DKQGE,Low-Value,64.5,One year,30,No,0.04395908405926209
5924-SNGKP,Low-Value,20.25,One year,41,No,0.043910386871960375
5966-EMAZU,High-Value,108.5,One year,64,No,0.04383713085221652
9289-LBQVU,Low-Value,70.15,One year,64,No,0.043822111252302835
4560-WQAQW,Low-Value,68.7,One year,59,No,0.043810716013250435
0103-CSITQ,High-Value,109.4,One year,57,No,0.04360701611789306
0961-ZWLVI,High-Value,109.2,One year,49,No,0.043536356342688896
5791-KAJFD,Low-Value,68.75,One year,56,No,0.04348339945357402
6198-PNNSZ,High-Value,109.8,One year,56,No,0.04342188724882777
4578-PHJYZ,Low-Value,68.75,One year,52,No,0.04337041329932671
8561-NMTBD,High-Value,112.35,One year,67,No,0.04328587282712329
5380-XPJNZ,Low-Value,20.05,One year,38,No,0.04318617783747618
2541-YGPKE,Low-Value,63.7,One year,42,No,0.04312524427426887
6333-YDVLT,High-Value,110.0,One year,65,No,0.04310652056528137
3452-FLHYD,Low-Value,20.95,One year,25,No,0.043041778153778715
5149-QYTTU,High-Value,95.15,One year,71,No,0.04291555269013314
2692-AQCPF,High-Value,108.05,One year,65,No,0.04288600265486853
5285-MVEHD,High-Value,105.6,One year,56,No,0.04288233922526337
1360-XFJMR,High-Value,109.7,One year,67,No,0.042871780237127226
9055-MOJJJ,Low-Value,65.8,One year,64,No,0.042688433758162045
3633-CDBUW,High-Value,80.85,One year,17,No,0.04263123291788894
2680-XKKNJ,Low-Value,58.2,One year,8,No,0.04248254787004849
9386-LDCZR,High-Value,90.65,One year,43,No,0.04236819180538483
1060-ENTOF,High-Value,105.4,One year,67,No,0.04230174576664697
8213-TAZPM,High-Value,108.75,One year,69,No,0.04223652041239576
5499-ECUTN,Low-Value,66.05,One year,47,No,0.042143819218704914
9200-NLNPD,Low-Value,54.05,One year,56,No,0.042092851393156945
6893-ODYYE,High-Value,90.1,One year,50,No,0.041965722264864266
2266-SJNAT,High-Value,109.15,One year,72,No,0.04190089164985086
2056-EVGZL,High-Value,105.75,One year,68,No,0.04175811419662274
6992-TKNYO,Low-Value,69.0,One year,38,No,0.04174896132052165
4816-OKWNX,High-Value,103.4,One year,50,No,0.041606453716091216
5975-BAICR,Low-Value,63.7,One year,36,No,0.04137218513912296
8952-WCVCD,High-Value,104.45,One year,41,No,0.0412493406731227
2830-LEWOA,High-Value,103.9,One year,61,No,0.04120364384689139
2834-JKOOW,Low-Value,45.9,One year,15,No,0.041078237101903566
8565-HBFNN,High-Value,107.2,One year,69,No,0.040999229041716455
9139-TWBAS,Low-Value,47.85,One year,26,No,0.040850813566812576
3758-CKOQL,High-Value,107.0,One year,59,No,0.04080299098910265
1621-YNCJH,High-Value,106.05,Two year,36,No,0.04076538652944103
3898-BSJYF,High-Value,73.55,One year,10,No,0.040605102539012415
0565-JUPYD,High-Value,104.5,One year,63,No,0.040594049687461456
7718-UPSKJ,High-Value,106.4,One year,69,No,0.040541859637232176
8550-XSXUQ,High-Value,70.55,One year,48,No,0.04039206599945824
1090-PYKCI,High-Value,105.1,One year,69,No,0.040385404476860794
5168-MQQCA,High-Value,108.5,One year,72,No,0.04018706058429027
1347-KTTTA,High-Value,102.45,One year,64,No,0.040167472464612754
4815-YOSUK,High-Value,104.9,One year,72,No,0.04015748481246715
9475-NNDGC,High-Value,113.15,One year,71,No,0.03977747437405053
6408-OTUBZ,High-Value,104.55,One year,66,No,0.03957056782033067
0036-IHMOT,High-Value,103.7,One year,55,No,0.03933302779307443
3324-OIRTO,High-Value,104.65,One year,71,No,0.039294042781575174
7336-RLLRH,High-Value,80.85,One year,27,No,0.0388037328602057
9513-DXHDA,High-Value,81.7,One year,27,No,0.03750649385686555
7163-OCEQI,High-Value,78.65,One year,22,No,0.03744330265337514
2292-XQWSV,Low-Value,60.3,One year,40,No,0.03742244278740912
1442-OKRJE,High-Value,103.15,One year,66,No,0.037341233279584926
1402-PTHGN,Low-Value,61.5,One year,18,No,0.037323711564350215
2486-WYVVE,High-Value,79.3,One year,31,No,0.037235003310287305
5387-ASZNZ,Low-Value,63.85,One year,66,No,0.037127532240435614
0020-JDNXP,Low-Value,61.25,One year,34,No,0.036962254518295365
9470-RTWDV,High-Value,82.0,One year,26,No,0.03688250615690938
0707-HOVVN,High-Value,75.5,Two year,70,No,0.03669693239252426
3275-RHRNE,Low-Value,60.0,One year,28,No,0.03668800888489825
0134-XWXCE,High-Value,74.85,One year,44,No,0.0366746966349508
4730-AWNAU,Low-Value,60.7,One year,36,No,0.036573586760235206
6161-ERDGD,High-Value,85.45,One year,71,No,0.036511895090757814
3740-RLMVT,Low-Value,60.95,One year,67,No,0.03627842491552176
4890-VMUAV,High-Value,71.5,One year,63,No,0.03627602288983596
0455-ENTCR,High-Value,85.25,Two year,66,No,0.035973345565292414
0083-PIVIK,High-Value,81.25,One year,64,No,0.03593715846551934
9592-ERDKV,High-Value,79.25,One year,37,No,0.03579589520776384
4118-CEVPF,High-Value,110.8,One year,35,No,0.035779658058733996
0074-HDKDG,Low-Value,61.6,One year,25,No,0.035530741931831006
9677-AVKED,High-Value,84.6,One year,53,No,0.0353960635652985
0993-OSGPT,Low-Value,60.65,One year,68,No,0.035036268768188154
7876-AEHIG,Low-Value,60.15,One year,51,No,0.034848618076989246
0442-ZXKVS,High-Value,115.6,One year,54,No,0.03483959041312394
9955-QOPOY,Low-Value,60.8,One year,69,No,0.03481887954258752
0384-LPITE,Low-Value,62.05,One year,40,No,0.03481044070094826
1301-LOPVR,Low-Value,55.35,One year,29,No,0.03475889761973643
5832-TRLPB,High-Value,75.35,One year,29,No,0.034662966483833504
7471-MQPOS,High-Value,72.9,One year,71,No,0.03454171350348311
4522-XRWWI,High-Value,80.45,One year,42,No,0.03450693600668721
0607-MVMGC,High-Value,78.75,One year,45,No,0.03404163246550692
4086-ATNFV,Low-Value,60.8,One year,34,No,0.03399779758826228
2348-KCJLT,Low-Value,61.5,One year,44,No,0.03393649926625842
5829-NVSQN,Low-Value,68.75,One year,23,No,0.03387544277741743
4825-XJGDM,Low-Value,43.7,One year,61,No,0.03383347797784864
6543-JXSOO,Low-Value,57.75,One year,23,No,0.03372050291958526
9917-KWRBE,High-Value,78.35,One year,41,No,0.033707941068319494
5049-MUBWG,High-Value,75.0,One year,26,No,0.03367902773123748
5844-QVTAT,Low-Value,58.45,One year,33,No,0.03365515561165109
1177-XZBJL,Low-Value,64.15,One year,53,No,0.03365216367232961
8821-KVZKQ,Low-Value,58.4,One year,70,No,0.03356184986080852
2054-PJOCK,High-Value,80.55,One year,60,No,0.0335441008699594
9803-FTJCG,Low-Value,66.85,One year,71,No,0.033511007763188
4872-VXRIL,Low-Value,64.65,One year,56,No,0.03338556219813186
4374-YMUSQ,High-Value,116.25,One year,34,No,0.03334521332879318
0496-AHOOK,High-Value,74.4,One year,24,No,0.03331233914357972
3950-VPYJB,Low-Value,59.6,One year,57,No,0.03314434675212818
4632-XJMEX,Low-Value,62.85,One year,53,No,0.033094189069987644
3727-OWVYD,Low-Value,61.2,One year,35,No,0.03305242735753774
7696-AMHOD,High-Value,78.0,One year,49,No,0.03299554005763209
5825-XJOCM,Low-Value,64.4,One year,48,No,0.03291482038896128
4000-VGMQP,High-Value,78.95,One year,38,No,0.03290391431106821
4565-EVZMJ,Low-Value,58.9,One year,47,No,0.032900645051536406
7247-XOZPB,High-Value,77.4,One year,53,No,0.03288300317491055
5524-KHNJP,High-Value,74.75,One year,33,No,0.03288083601131255
2282-YGNOR,Low-Value,58.0,One year,29,No,0.03286421539022121
0661-KBKPA,High-Value,78.75,One year,53,No,0.03285118085464146
8597-CTXVJ,Low-Value,64.95,One year,70,No,0.032790019884384486
0628-CNQRM,Low-Value,67.5,One year,22,Yes,0.03278989066303813
2314-TNDJQ,Low-Value,55.65,Two year,72,No,0.03276385906979254
2546-KZAAT,High-Value,75.4,One year,52,No,0.03276264892698703
7833-PKIHD,High-Value,76.4,One year,51,No,0.03271594641311859
4626-OZDTJ,High-Value,78.65,One year,51,No,0.0326890807042265
1137-DGOWI,Low-Value,70.25,One year,30,No,0.03262788228042957
9251-WNSOD,High-Value,75.1,One year,67,No,0.03260173487210009
4091-TVOCN,High-Value,78.75,One year,48,No,0.0325983545867637
2027-DNKIV,Low-Value,58.75,One year,37,No,0.032591900037588
7596-ZYWBB,Low-Value,59.6,Two year,65,No,0.032536574111439
1032-MAELW,High-Value,78.45,One year,68,No,0.03242282451824772
9720-JJJOR,Low-Value,60.3,One year,41,No,0.03242236597969059
4877-TSOFF,High-Value,75.75,One year,55,No,0.03240163050388142
1154-HYWWO,High-Value,70.6,One year,38,No,0.03239336241652112
1544-JJMYL,Low-Value,69.35,One year,27,No,0.03233701384617648
5196-WPYOW,Low-Value,60.05,One year,67,No,0.03214424076604667
6478-HRRCZ,High-Value,70.5,One year,32,No,0.032127975460796085
9500-IWPXQ,High-Value,79.4,One year,61,No,0.03210804904522858
2239-CGBUZ,Low-Value,60.5,One year,51,No,0.03204933351784863
5906-DVAPM,High-Value,75.0,One year,55,No,0.03204383369186206
1950-KSVVJ,High-Value,113.3,One year,45,No,0.032021144222890464
3585-YNADK,High-Value,74.6,One year,57,No,0.03195372483802278
6061-GWWAV,Low-Value,70.2,One year,41,No,0.03188429443858761
0334-ZFJSR,Low-Value,66.05,One year,55,No,0.03174000008213878
8932-CZHRQ,High-Value,76.75,One year,68,No,0.03173407555193492
6655-LHBYW,High-Value,114.35,One year,50,No,0.031666619955820895
7445-WMRBW,High-Value,73.85,One year,48,No,0.03164516183642336
3680-CTHUH,High-Value,116.6,One year,60,No,0.03163546511073132
7153-CHRBV,Low-Value,59.3,One year,57,No,0.03163171272838462
3569-VLDHH,High-Value,75.1,One year,66,No,0.03150089320444124
9127-QRZMH,Low-Value,59.85,One year,44,No,0.0314756789667429
3658-QQJYD,High-Value,74.3,One year,62,No,0.03143942372264724
2361-UPSND,High-Value,70.6,One year,46,No,0.03143573896989484
0810-DHDBD,High-Value,74.0,One year,52,No,0.03142083194598285
8608-OZTLB,High-Value,74.05,One year,38,No,0.03139427246483694
0206-TBWLC,High-Value,114.65,One year,54,No,0.031374693868722325
2725-IWWBA,Low-Value,56.9,One year,46,No,0.03135141575441773
3298-QEICA,Low-Value,34.6,Two year,23,No,0.031269621659674916
4227-OJHAL,High-Value,73.0,One year,68,No,0.03126511275774927
2581-VKIRT,Low-Value,65.5,One year,59,No,0.031086111398227614
6848-YLDFR,High-Value,75.2,One year,58,No,0.031046135553696758
8738-JOKAR,Low-Value,67.7,One year,42,No,0.0310027383525737
9746-MDMBK,High-Value,113.45,One year,47,No,0.03094985504458923
0186-CAERR,High-Value,116.3,One year,71,No,0.030920339445113732
9207-ZPANB,Low-Value,67.45,One year,37,No,0.030914317845682323
2580-ATZSQ,Low-Value,61.35,One year,65,No,0.03087612561227123
5795-BKOYE,Low-Value,59.1,One year,69,No,0.03083044144946237
9359-UGBTK,High-Value,72.35,One year,67,No,0.030777620397398335
3442-ZHHCC,High-Value,76.9,One year,68,No,0.03065163017177669
8894-JVDCV,High-Value,115.05,One year,62,No,0.030622204956872016
7619-PLRLP,High-Value,74.1,One year,53,No,0.03059655784707082
7690-KPNCU,High-Value,73.05,One year,64,No,0.030459481284375953
8184-WMOFI,High-Value,71.4,One year,62,No,0.03017437893181954
2969-VAPYH,Low-Value,60.5,One year,67,No,0.030169994910810686
0052-DCKON,High-Value,115.8,One year,66,No,0.029968892882779704
9470-YFUYI,High-Value,71.0,One year,71,No,0.029820508612419562
6663-JOCQO,High-Value,75.25,One year,31,No,0.02970340406734613
0743-HNPFG,Low-Value,69.75,One year,51,No,0.029695664796557514
3021-VLNRJ,High-Value,70.8,One year,50,No,0.029681997745657378
3642-GKTCT,High-Value,115.1,One year,61,No,0.02956732247757074
7581-EBBOU,Low-Value,70.15,One year,60,No,0.02954258240216801
6685-GBWJZ,High-Value,70.8,One year,63,No,0.02953316197352526
7103-ZGVNT,High-Value,73.7,One year,69,No,0.02950312730758253
9670-BPNXF,Low-Value,62.55,One year,45,No,0.029491269117983363
9199-PWQVC,High-Value,79.7,One year,63,No,0.02934085435888567
9896-UYMIE,High-Value,114.3,One year,66,No,0.02933058124088016
3026-ATZYV,High-Value,75.1,One year,37,No,0.02926576733234513
3489-VSFRD,Low-Value,60.25,One year,56,No,0.029264705841456542
0654-PQKDW,High-Value,70.75,One year,62,No,0.028951677069918993
4369-NYSCF,High-Value,75.75,One year,56,No,0.02893333414923183
4282-MSACW,High-Value,117.2,One year,68,No,0.028470772759191916
1265-HVPZB,Low-Value,66.4,One year,59,No,0.02838047466159159
4334-HOWRP,Low-Value,64.95,Two year,72,No,0.02796934348552903
6480-YAGIY,High-Value,112.2,One year,45,No,0.027702021190475122
4342-HFXWS,Low-Value,69.7,One year,48,No,0.02761542214962131
0725-CXOTM,High-Value,89.65,One year,36,No,0.027221519185281325
4549-ZDQYY,Low-Value,57.95,One year,52,No,0.027162868727988447
4957-TIALW,Low-Value,65.6,One year,15,No,0.026957221523575926
8200-KLNYW,High-Value,80.9,One year,21,No,0.026956589610505944
6840-RESVB,High-Value,84.8,One year,24,No,0.026882692183663615
6121-TNHBO,High-Value,83.0,One year,63,No,0.026276079485408128
6827-IEAUQ,Low-Value,66.15,One year,27,No,0.025959211921529057
7971-HLVXI,High-Value,84.5,Two year,72,No,0.025941043058905155
9330-DHBFL,Low-Value,66.25,One year,23,No,0.025776707568795375
4057-FKCZK,High-Value,82.5,Two year,58,No,0.025756815982765118
4367-NUYAO,Low-Value,25.75,Two year,0,No,0.025722886090352292
3213-VVOLG,Low-Value,25.35,Two year,0,No,0.0256352361212363
6341-JVQGF,High-Value,81.15,One year,31,No,0.025297769597232764
8331-ZXFOE,High-Value,71.1,One year,58,No,0.024456756284140502
0459-SPZHJ,High-Value,83.5,Two year,63,No,0.0244091026994794
3282-ZISZV,High-Value,83.7,One year,32,No,0.024275398827273222
1866-DIOQZ,Low-Value,66.8,One year,71,No,0.024254573308711547
0068-FIGTF,High-Value,78.2,One year,27,No,0.02424230569815584
3649-JPUGY,High-Value,88.6,Two year,72,No,0.024239335471823466
5820-PTRYM,Low-Value,68.45,One year,56,No,0.02419493891145793
7156-MXBJE,High-Value,85.1,One year,43,No,0.02418680737302734
5032-USPKF,High-Value,84.1,One year,38,No,0.02415888580555282
0723-FDLAY,High-Value,85.25,One year,44,No,0.023861232445748698
6418-PIQSP,High-Value,81.0,Two year,62,No,0.02382247367140663
7049-GKVZY,High-Value,79.85,One year,17,No,0.023809268644208053
4667-QONEA,High-Value,74.85,One year,60,No,0.023640444893215883
3229-USWAR,High-Value,79.95,One year,34,No,0.023352199086009426
3696-XRIEN,High-Value,82.5,One year,50,No,0.023305858760011636
6556-DBKZF,High-Value,76.05,Two year,71,No,0.023282047869254714
1136-XGEQU,High-Value,84.15,One year,50,No,0.023273560888144466
0254-KCJGT,High-Value,81.4,One year,52,No,0.023232589798287094
2211-RMNHO,High-Value,85.3,Two year,68,No,0.02309645243043636
6332-FBZRI,Low-Value,69.35,One year,67,No,0.022935347116236553
4508-OEBEY,High-Value,75.5,One year,31,No,0.022929581854020765
8822-KNBHV,High-Value,83.45,One year,48,No,0.022748294731161627
4973-RLZVI,High-Value,74.65,One year,30,No,0.022671506811177015
6194-HBGQN,High-Value,81.15,One year,51,No,0.022530069641324615
5073-RZGBK,High-Value,80.05,One year,50,No,0.022526510912247406
1866-NXPSP,High-Value,75.55,One year,36,No,0.02250692236682819
7838-LAZFO,High-Value,78.8,One year,45,No,0.022491351409908773
5671-RQRLP,High-Value,75.65,Two year,70,No,0.02201870168278377
0930-EHUZA,High-Value,76.35,One year,36,No,0.022017109123906396
3161-ONRWK,Low-Value,65.85,One year,60,No,0.021999940500115497
9968-FFVVH,Low-Value,68.8,One year,63,No,0.02194094274807233
1088-CNNKB,High-Value,80.0,One year,63,No,0.021885426987828093
9691-HKOVS,High-Value,90.15,One year,55,No,0.021710351767866773
8469-SNFFH,High-Value,79.4,One year,70,No,0.021461652124373492
7954-MLBUN,High-Value,99.45,Two year,31,No,0.021380194387303597
8879-ZKJOF,High-Value,79.85,One year,41,No,0.02133914463829134
8782-NUUOL,High-Value,79.0,One year,60,No,0.021245419922497833
8097-OMULG,High-Value,76.75,One year,59,No,0.02118301000231344
2890-WFBHU,High-Value,79.85,One year,59,No,0.020128578438361355
3487-EARAT,High-Value,74.1,One year,70,No,0.019816852151651267
6614-YWYSC,Low-Value,25.0,Two year,61,No,0.01941837934774352
9845-PEEKO,High-Value,79.2,Two year,59,No,0.01937660867852094
9174-IHETN,High-Value,70.35,Two year,50,No,0.01895387106271359
2808-CHTDM,Low-Value,25.1,Two year,23,No,0.018668903169115982
8727-XDPUD,Low-Value,35.8,Two year,37,No,0.01847422242728289
3460-TJBWI,Low-Value,24.2,Two year,24,No,0.018326603310204297
7173-TETGO,High-Value,78.5,Two year,72,No,0.017932207701719383
7826-VVKWT,High-Value,96.55,Two year,24,No,0.017837560692640017
2055-BFOCC,High-Value,84.0,One year,63,No,0.017616790802722358
4513-CXYIX,High-Value,80.7,Two year,71,No,0.017512762870919785
0665-XHDJU,High-Value,99.4,Two year,72,No,0.01734904587596906
1298-PHBTI,High-Value,84.8,Two year,71,No,0.017338571749952406
7644-OMVMY,Low-Value,19.85,Two year,0,No,0.017265358999837194
1093-YSWCA,Low-Value,19.55,Two year,11,No,0.01723289751269911
5204-HMGYF,High-Value,87.2,One year,49,No,0.017128355034560935
4703-MQYKT,Low-Value,19.6,Two year,21,No,0.01688015828258614
6322-PJJDJ,High-Value,94.8,Two year,49,No,0.016836519130275358
9565-AXSMR,Low-Value,19.2,Two year,52,No,0.016666168079832074
8711-LOBKY,Low-Value,19.85,Two year,59,No,0.016607031455587083
6064-ZATLR,Low-Value,52.85,Two year,27,No,0.016429591836147527
0716-BQNDX,High-Value,93.75,Two year,57,No,0.016362971232992348
0840-DCNZE,High-Value,86.95,One year,47,No,0.016350844109441657
1089-XZWHH,Low-Value,19.7,Two year,24,No,0.01631080554051127
2525-GVKQU,Low-Value,20.6,Two year,60,No,0.01625249083417739
4622-YNKIJ,High-Value,88.95,Two year,33,No,0.016000821790946113
7951-VRDVK,High-Value,85.85,One year,36,No,0.01599444600994362
3910-MRQOY,Low-Value,19.4,Two year,72,No,0.015953216673227168
9924-JPRMC,High-Value,118.2,Two year,72,No,0.01592455763955692
1813-JYWTO,High-Value,80.45,Two year,72,No,0.015882213436250788
6352-GIGGQ,High-Value,88.8,One year,67,No,0.015864073552462728
7564-GHCVB,High-Value,79.05,Two year,72,No,0.01584631176344185
5567-GZKQY,Low-Value,20.3,Two year,58,No,0.01579709769425886
0975-UYDTX,High-Value,90.1,One year,26,No,0.015739575284605015
3115-CZMZD,Low-Value,20.25,Two year,0,No,0.01564869364063422
7711-YIJWC,High-Value,84.9,One year,61,No,0.0156000579169372
8966-SNIZF,Low-Value,19.45,Two year,70,No,0.01557092566747691
0621-JFHOL,Low-Value,29.6,Two year,10,No,0.01540868442591464
2520-SGTTA,Low-Value,20.0,Two year,0,No,0.015368449672559242
0310-SUCIN,High-Value,84.8,One year,71,No,0.015218113828095499
2911-IJORQ,High-Value,90.6,One year,37,No,0.015167644831723729
6900-RBKER,High-Value,89.45,Two year,52,No,0.015095117937442382
1832-PEUTS,High-Value,89.1,Two year,62,No,0.01471909865166274
3635-JBPSG,Low-Value,38.8,Two year,15,No,0.014646433550934434
7758-UJWYS,Low-Value,40.55,Two year,34,No,0.014587177179137205
5996-EBTKM,Low-Value,69.9,Two year,67,No,0.01449586681905831
2019-HDCZY,High-Value,102.6,Two year,63,No,0.014351272854187105
2346-CZYIL,Low-Value,20.35,Two year,27,No,0.014264874785602772
8071-SBTRN,High-Value,111.15,Two year,70,No,0.013938652426884031
6670-MFRPK,High-Value,79.2,Two year,69,No,0.013827331676883513
4419-UJMUS,High-Value,99.35,Two year,69,No,0.013742466995757473
9715-WZCLW,High-Value,97.2,Two year,71,No,0.013713390571675435
9128-CPXKI,High-Value,95.8,Two year,59,No,0.013687866633632775
5414-OFQCB,High-Value,90.45,Two year,57,No,0.013571420720370769
7663-YJHSN,High-Value,103.95,Two year,72,No,0.013395009385895272
9560-BBZXK,Low-Value,31.05,Two year,36,No,0.013387704815171517
7159-NOKYQ,High-Value,93.15,Two year,67,No,0.013375470938404846
1304-SEGFY,High-Value,97.85,Two year,72,No,0.013346933805040052
7765-LWVVH,High-Value,95.1,Two year,72,No,0.013320240892091936
3397-AVTKU,Low-Value,60.0,Two year,43,No,0.012360116104047615
5214-NLTIT,High-Value,90.8,Two year,72,No,0.012147010546667239
4119-ZYPZY,High-Value,106.8,Two year,71,No,0.011783936772143951
7691-XVTZH,High-Value,89.95,Two year,68,No,0.011536046104361486
4854-SSLTN,Low-Value,59.5,Two year,2,No,0.011438262630016937
6339-TBELP,High-Value,86.4,Two year,71,No,0.011408955143039691
8181-YHCMF,Low-Value,60.3,Two year,68,No,0.011369112503828521
0454-OKRCT,High-Value,80.6,Two year,33,No,0.011360095439332975
8089-UZWLX,High-Value,104.05,Two year,71,No,0.011324416282437607
0014-BMAQU,High-Value,84.65,Two year,63,No,0.011289439447671627
4159-NAAIX,High-Value,97.45,Two year,63,No,0.011223930654231938
9076-AXYIK,High-Value,102.1,Two year,64,No,0.011158855505062631
1095-WGNGG,High-Value,101.05,Two year,61,No,0.01112177483746852
8883-ANODQ,High-Value,84.4,Two year,68,No,0.01111178155812163
7570-WELNY,High-Value,84.7,Two year,68,No,0.011047828441123108
2904-GGUAZ,High-Value,84.05,Two year,72,No,0.01100576082899562
6726-NNFWD,High-Value,89.45,Two year,71,No,0.01099869145037292
5663-QBGIS,High-Value,98.35,Two year,72,No,0.01091524086166722
9220-ZNKJI,High-Value,88.8,Two year,55,No,0.010817538299474107
2996-XAUVF,Low-Value,40.05,Two year,70,No,0.010778275156262174
1206-EHBDD,High-Value,80.3,Two year,56,No,0.01074427373068671
9610-WCESF,Low-Value,43.9,Two year,67,No,0.010691475284921101
2277-BKJKN,High-Value,99.2,Two year,71,No,0.010680294735274997
7110-BDTWG,Low-Value,47.05,Two year,71,No,0.010664598048171322
2580-ASVVY,Low-Value,45.4,Two year,37,No,0.010660496647943994
8152-VETUR,High-Value,97.7,Two year,72,No,0.010618505583104077
0458-HEUZG,Low-Value,35.4,Two year,13,No,0.010583877537176309
0678-RLHVP,High-Value,105.55,Two year,53,No,0.010468504769378146
8398-TBIYD,High-Value,84.7,Two year,72,No,0.010416944809200674
4648-YPBTM,High-Value,73.9,Two year,53,No,0.01038961411172248
9236-NDUCW,Low-Value,35.1,Two year,21,No,0.010234295037998976
8099-MZPUJ,High-Value,111.8,Two year,48,No,0.010214422362660224
7182-OVLBJ,High-Value,101.15,Two year,62,No,0.010194856592931711
8984-EYLLL,High-Value,105.25,Two year,64,No,0.010185786691436615
4039-PIMHX,Low-Value,49.8,Two year,49,No,0.01018532177724464
7572-KPVKK,High-Value,104.05,Two year,62,No,0.010168763409819878
9000-PLFUZ,Low-Value,49.45,Two year,60,No,0.010147650497925194
9541-ZPSEA,High-Value,80.35,Two year,68,No,0.01013455141425497
1400-WIVLL,High-Value,107.95,Two year,57,No,0.010116181898278839
2530-FMFXO,High-Value,103.2,Two year,56,No,0.010102785789632845
8232-CTLKO,Low-Value,59.75,Two year,66,No,0.010068396070909221
4713-ZBURT,High-Value,99.7,Two year,45,No,0.010066658407235791
6837-HAEVO,High-Value,105.0,Two year,69,No,0.010013177965374152
6749-UTDVX,High-Value,103.65,Two year,72,No,0.009995738239277845
4129-LYCOI,High-Value,104.0,Two year,67,No,0.009950228002433045
4389-UEFCZ,High-Value,105.5,Two year,72,No,0.009866932675594367
3363-DTIVD,High-Value,105.55,Two year,71,No,0.009825593253917504
6435-VWCCY,High-Value,92.7,Two year,65,No,0.009772322191259753
0323-XWWTN,Low-Value,26.4,Two year,3,No,0.009744990155823283
1116-DXXDF,High-Value,100.45,Two year,39,No,0.009683021623453091
8559-WNQZS,Low-Value,20.45,Two year,1,No,0.009666163031202732
1099-GODLO,Low-Value,20.35,Two year,1,No,0.009625539308000601
0742-LAFQK,High-Value,99.15,Two year,72,No,0.009625050515068385
5161-XEUVX,High-Value,94.3,Two year,37,No,0.009617101442837098
7036-TYDEC,High-Value,104.0,Two year,69,No,0.009564826273329309
3716-LRGXK,High-Value,101.15,Two year,60,No,0.00955083942093137
3908-MKIMJ,Low-Value,41.95,Two year,68,No,0.009433547983380265
6103-LIANB,High-Value,99.5,Two year,59,No,0.009357978048110364
8465-SBRXP,High-Value,94.9,Two year,38,No,0.009350514023292312
3070-BDOQC,High-Value,99.65,Two year,60,No,0.009340633535894238
0191-EQUUH,Low-Value,35.05,Two year,25,No,0.009330196910020324
4137-JOPHL,High-Value,89.7,Two year,50,No,0.009313952382821055
4079-VTGLK,High-Value,74.85,Two year,30,No,0.00922887246590387
6568-POCUI,High-Value,95.2,Two year,45,No,0.009152539470925206
9938-TKDGL,High-Value,99.55,Two year,68,No,0.009130714542539413
6196-HBOBZ,High-Value,99.35,Two year,65,No,0.009123157764938241
7340-KEFQE,Low-Value,34.2,Two year,51,No,0.009064725167601964
9589-ABEPT,High-Value,92.45,Two year,69,No,0.008966866280858724
1936-CZAKF,Low-Value,49.65,Two year,49,No,0.008945310661617866
2001-EWBQU,High-Value,104.7,Two year,60,No,0.008905996597040793
8639-NHQEI,High-Value,95.9,Two year,72,No,0.008875111028503095
0020-INWCK,High-Value,95.75,Two year,71,No,0.008872133206906913
0979-MOZQI,Low-Value,39.0,Two year,62,No,0.008868744726645974
6838-YAUVY,High-Value,95.1,Two year,54,No,0.008815496879169236
9933-QRGTX,High-Value,97.2,Two year,60,No,0.008746609440965487
3812-LRZIR,Low-Value,24.5,Two year,27,No,0.00873217099073572
0895-UADGO,Low-Value,44.55,Two year,8,No,0.008693306520209814
5998-DZLYR,High-Value,94.35,Two year,61,No,0.008674039167986614
7740-BTPUX,High-Value,113.6,Two year,55,No,0.008670230555193677
3392-EHMNK,High-Value,94.1,Two year,67,No,0.008658736657824313
2434-EEVDB,High-Value,94.6,Two year,64,No,0.008584885444604303
7710-JSYOA,High-Value,93.3,Two year,69,No,0.008498796038099905
8659-IOOPU,High-Value,100.45,Two year,71,No,0.008484534306131063
3239-TPHPZ,Low-Value,20.05,Two year,12,No,0.008471485013292744
2197-OMWGI,Low-Value,53.0,Two year,68,No,0.008470884719608034
8098-TDCBU,Low-Value,25.25,Two year,42,No,0.008399985828070021
9777-IQHWP,High-Value,93.4,Two year,64,No,0.00838210422396971
2190-PHBHR,High-Value,94.45,Two year,72,No,0.008377531322255336
3705-RHRFR,High-Value,99.15,Two year,69,No,0.008349668750307397
1409-PHXTF,High-Value,110.45,Two year,54,No,0.008260882427930757
1545-JFUML,High-Value,99.0,Two year,71,No,0.008249849775554098
0057-QBUQH,Low-Value,25.1,Two year,43,No,0.00824759614968601
5075-JSDKI,Low-Value,24.45,Two year,59,No,0.008205252123654307
6122-EFVKN,Low-Value,35.75,Two year,24,No,0.008202842654382852
3729-OWRVL,High-Value,110.35,Two year,65,No,0.00820069654914377
4829-ZLJTK,High-Value,112.4,Two year,72,No,0.008161055978909674
4016-BJKTZ,High-Value,108.9,Two year,25,No,0.008143187048748508
2710-WYVXG,High-Value,71.1,Two year,3,No,0.00810951218323794
0136-IFMYD,High-Value,109.95,Two year,69,No,0.008071569598015556
5406-KGRMX,Low-Value,24.55,Two year,71,No,0.00806944717464449
3057-VJJQE,Low-Value,55.25,Two year,35,No,0.008054735308828888
6733-LRIZX,High-Value,108.95,Two year,35,No,0.008022147540673886
2307-FYNNL,High-Value,109.05,Two year,65,No,0.007992716283873985
6048-NJXHX,Low-Value,19.75,Two year,41,No,0.007922897297530287
1063-DHQJF,High-Value,92.15,Two year,69,No,0.00791245080061353
7301-ABVAD,High-Value,86.6,Two year,72,No,0.007874977860121798
8311-UEUAB,High-Value,75.5,Two year,67,No,0.007831102283722507
9796-MVYXX,Low-Value,39.7,Two year,14,No,0.007806569139094971
3884-UEBXB,Low-Value,36.15,Two year,67,No,0.007775264557950928
9798-OPFEM,Low-Value,21.1,Two year,46,No,0.007770866072792836
8148-NLEGT,Low-Value,22.95,Two year,42,No,0.007751098056167282
1271-UODNO,Low-Value,53.85,Two year,39,No,0.007748738567395724
6734-FQAJX,High-Value,105.05,Two year,67,No,0.007730829322334385
5256-SKJGO,Low-Value,54.6,Two year,64,No,0.007716495464078574
5310-NOOVA,Low-Value,19.95,Two year,46,No,0.007700945927754481
7516-GMHUV,High-Value,105.05,Two year,50,No,0.0076119678309216525
6585-WCEWR,Low-Value,20.35,Two year,72,No,0.007552941183156588
0479-HMSWA,High-Value,105.45,Two year,26,No,0.0074934582126145784
3597-YASZG,High-Value,104.45,Two year,70,No,0.007489682833607105
7643-RCHXS,Low-Value,19.35,Two year,63,No,0.007479300974461075
4199-QHJNM,High-Value,102.9,Two year,67,No,0.007451475824705012
0277-ORXQS,Low-Value,50.55,Two year,66,No,0.007430434088092916
4992-LTJNE,Low-Value,55.3,Two year,72,No,0.007379653031765967
9885-MFVSU,Low-Value,46.35,Two year,35,No,0.007374152958420444
0356-OBMAC,High-Value,99.9,Two year,56,No,0.007352904674087312
0608-JDVEC,Low-Value,19.8,Two year,50,No,0.007345410609127094
8565-WUXZU,High-Value,84.8,Two year,72,No,0.007317366348822448
6023-GSSXW,Low-Value,61.45,Two year,69,No,0.007314398984594759
2192-CKRLV,Low-Value,49.2,Two year,72,No,0.007314200599531049
4884-TVUQF,High-Value,101.3,Two year,57,No,0.007307714476607454
5296-PSYVW,Low-Value,24.55,Two year,72,No,0.00728856460591929
2878-RMWXY,High-Value,102.65,Two year,72,No,0.007260286001358798
9140-CZQZZ,High-Value,79.6,Two year,68,No,0.007241987163692219
9102-OXKFY,Low-Value,54.15,Two year,59,No,0.007232778565187275
6723-CEGQI,Low-Value,45.25,Two year,65,No,0.007227651520937118
6048-UWKAL,High-Value,105.4,Two year,69,No,0.007203668011426778
1163-VIPRI,High-Value,109.3,Two year,65,No,0.00719657065323354
4835-YSJMR,Low-Value,49.8,Two year,39,No,0.007194972776601127
0536-ACXIP,High-Value,109.55,Two year,72,No,0.007171123243254249
8792-AOROI,Low-Value,65.5,Two year,8,No,0.0071545184981552795
7005-CYUIL,High-Value,99.4,Two year,71,No,0.007134694577509161
2676-SSLTO,Low-Value,66.15,Two year,49,No,0.007133893642035213
0835-JKADZ,High-Value,111.25,Two year,71,No,0.0071121533547788916
8929-KSWIH,High-Value,99.3,Two year,25,No,0.0071011585555574045
9350-ZXYJC,Low-Value,25.3,Two year,4,No,0.007086818314227029
4683-WYDOU,High-Value,107.6,Two year,62,No,0.0070796104930535494
4178-EGMON,High-Value,88.0,Two year,70,No,0.007059271220116444
2469-DTSGX,High-Value,111.65,Two year,72,No,0.007055620786366826
5135-RDDQL,Low-Value,50.65,Two year,63,No,0.007045226499362676
7816-VGHTO,Low-Value,40.55,Two year,6,No,0.007026002898729192
6374-AFWOX,Low-Value,65.65,Two year,46,No,0.007013933943345272
6993-YCOBK,High-Value,110.6,Two year,60,No,0.0070103880764528755
7566-DSRLQ,High-Value,110.15,Two year,72,No,0.006985916667115552
6297-NOOPG,High-Value,110.5,Two year,70,No,0.006977947935786439
4475-NVTLU,Low-Value,19.2,Two year,45,No,0.006975507770663174
1428-IEDPR,High-Value,109.3,Two year,52,No,0.006973093734280126
2001-MCUUW,High-Value,108.65,Two year,46,No,0.006966784641481329
5126-RCXYW,Low-Value,46.0,Two year,54,No,0.006960945490832827
5153-LXKDT,High-Value,110.2,Two year,68,No,0.006920902794344283
7492-TAFJD,Low-Value,38.55,Two year,7,No,0.006911254047113046
8707-HOEDG,High-Value,110.2,Two year,70,No,0.006904860608901579
6855-VLGOS,Low-Value,20.55,Two year,72,No,0.006902766379955143
0757-WCUUZ,Low-Value,63.35,Two year,54,No,0.006885907514341913
3249-VHRIP,Low-Value,43.6,Two year,62,No,0.0068554206835437885
3283-WCWXT,Low-Value,25.4,Two year,6,No,0.006842678260527331
0017-DINOC,Low-Value,45.2,Two year,54,No,0.0068314846264905865
8587-XYZSF,Low-Value,50.55,Two year,67,No,0.006826734762591484
1525-LNLOJ,Low-Value,63.3,Two year,66,No,0.006826415916914512
6583-SZVGP,High-Value,108.1,Two year,48,No,0.006816757242736668
9031-ZVQPT,High-Value,108.2,Two year,72,No,0.006799716355976866
4676-WLUHT,Low-Value,46.2,Two year,54,No,0.006797402813943687
6308-CQRBU,High-Value,109.25,Two year,71,No,0.006787852025589663
5954-BDFSG,High-Value,107.5,Two year,72,No,0.006786099035890736
1414-YADCW,High-Value,84.6,Two year,70,No,0.006720516773091077
2272-WUSPA,High-Value,110.75,Two year,72,No,0.006717814517969769
0567-XRHCU,Low-Value,43.95,Two year,69,No,0.0067162996186931135
0572-ZJKLT,High-Value,99.65,Two year,46,No,0.006694835085162901
1407-DIGZV,Low-Value,19.1,Two year,3,No,0.006676757992290385
3566-CAAYU,Low-Value,49.85,Two year,64,No,0.006670571160146175
2419-FSORS,High-Value,108.4,Two year,72,No,0.0066700070460652796
4366-CTOUZ,High-Value,100.2,Two year,50,No,0.006639858174459219
5090-EMGTC,High-Value,100.05,Two year,59,No,0.006635057505002149
9586-JGQKH,High-Value,105.4,Two year,64,No,0.006621946519311328
5360-LJCNJ,High-Value,105.15,Two year,71,No,0.006575016930430033
7375-WMVMT,High-Value,95.5,Two year,71,No,0.006573984938536319
1455-HFBXA,High-Value,91.6,Two year,52,No,0.00656798320997949
7321-ZNSLA,Low-Value,40.55,Two year,13,No,0.006538281528595965
9548-ZMVTX,High-Value,90.45,Two year,72,No,0.0065374382643262315
3552-CTCYF,High-Value,104.8,Two year,63,No,0.00651834660509292
5965-GGPRW,High-Value,105.25,Two year,72,No,0.006513285110651369
5693-PIPCS,High-Value,99.65,Two year,41,No,0.006510745371524092
2324-EFHVG,High-Value,104.4,Two year,64,No,0.006494880306942511
0754-EEBDC,Low-Value,19.9,Two year,4,No,0.006494547701560557
0392-BZIUW,High-Value,105.0,Two year,72,No,0.006491102380213848
6999-CHVCF,High-Value,102.1,Two year,68,No,0.006486854826619772
7973-DZRKH,High-Value,90.95,Two year,66,No,0.006483739518507582
5055-BRMNE,High-Value,106.7,Two year,67,No,0.006483630553318444
8107-RZLNV,High-Value,106.3,Two year,72,No,0.006472756938796251
5193-QLVZB,High-Value,104.75,Two year,63,No,0.006445817674900471
0401-WDBXM,High-Value,105.55,Two year,72,No,0.006444740693528275
6766-HFKLA,High-Value,103.2,Two year,56,No,0.006427019800861924
5699-BNCAS,Low-Value,24.65,Two year,71,No,0.006422376610437364
6616-AALSR,High-Value,104.3,Two year,65,No,0.0064022036400105415
0248-PGHBZ,High-Value,92.45,Two year,67,No,0.0063767704062297256
0862-PRCBS,High-Value,103.75,Two year,68,No,0.006376196650204208
0960-HUWBM,High-Value,104.1,Two year,65,No,0.0063723448401636264
6257-DTAYD,High-Value,104.15,Two year,71,No,0.006369710365542631
2578-JQPHZ,High-Value,100.1,Two year,44,No,0.006362706568986117
1734-ZMNTZ,Low-Value,25.0,Two year,11,No,0.006353222963720207
5278-PNYOX,High-Value,100.65,Two year,49,No,0.0063429433084846365
8466-PZBLH,High-Value,104.6,Two year,67,No,0.006334701531699164
9848-JQJTX,High-Value,100.9,Two year,72,No,0.006334437422231943
1080-BWSYE,Low-Value,25.65,Two year,64,No,0.00633280089499036
4043-MKDTV,High-Value,105.25,Two year,71,No,0.006322032480691446
6050-FFXES,High-Value,105.35,Two year,69,No,0.006317435992541905
7208-PSIHR,High-Value,104.3,Two year,70,No,0.006302039666121248
3197-NNYNB,High-Value,105.1,Two year,65,No,0.006301409298686385
9570-KYEUA,High-Value,99.25,Two year,64,No,0.006298399262347638
2452-MRMZF,Low-Value,25.7,Two year,72,No,0.006295019947525016
3836-FZSDJ,Low-Value,24.85,Two year,71,No,0.006282633755827748
3717-FDJFU,Low-Value,20.45,Two year,5,No,0.006270066201336075
4822-LPTYJ,High-Value,103.75,Two year,72,No,0.006235666696523566
2005-DWQZJ,Low-Value,19.05,Two year,8,No,0.006211889549712193
5229-DTFYB,High-Value,98.8,Two year,41,No,0.006198428876902871
1635-NZATJ,Low-Value,25.45,Two year,71,No,0.006172946142512026
0795-XCCTE,Low-Value,25.4,Two year,72,No,0.006165399345314657
0266-CLZKZ,High-Value,105.65,Two year,67,No,0.006159766287975675
5605-XNWEN,Low-Value,25.0,Two year,72,No,0.006156601070505216
7196-LIWRH,Low-Value,19.55,Two year,6,No,0.0061491808244026796
5334-AFQJB,Low-Value,25.1,Two year,72,No,0.006144628821994219
0019-EFAEP,High-Value,101.3,Two year,72,No,0.0061385489832413535
6925-BAYGL,Low-Value,25.1,Two year,53,No,0.00613405783920954
1131-QQZEB,Low-Value,23.95,Two year,71,No,0.006131574835314249
8735-SDUFN,Low-Value,24.3,Two year,72,No,0.00612946465739213
6234-RAAPL,High-Value,99.9,Two year,72,No,0.006121930908225804
1468-DEFNC,Low-Value,24.4,Two year,64,No,0.00610961450811139
4049-ZPALD,High-Value,99.0,Two year,64,No,0.006102517241976227
2384-OVPSA,Low-Value,20.2,Two year,38,No,0.0060909314071183294
3398-GCPMU,High-Value,89.55,Two year,72,No,0.006081684444888726
8169-SAEJD,Low-Value,56.55,Two year,69,No,0.006079902684101797
6368-TZZDT,Low-Value,19.5,Two year,4,No,0.006069514883454772
3546-GHEAE,Low-Value,19.45,Two year,7,No,0.006059870527930912
2706-QZIHY,Low-Value,25.2,Two year,15,No,0.0060537828524965635
3134-DSHVC,High-Value,98.0,Two year,63,No,0.006041255464470657
8809-XKHMD,High-Value,100.55,Two year,72,No,0.006040577632549574
3230-JCNZS,High-Value,99.0,Two year,71,No,0.006035955474594103
4500-HKANN,Low-Value,59.7,Two year,23,No,0.0060334269125503605
5716-EZXZN,High-Value,99.05,Two year,65,No,0.0060308514646820795
3352-RICWQ,Low-Value,19.75,Two year,9,No,0.006030801279752827
1325-USMEC,High-Value,99.35,Two year,70,No,0.006027336530885854
8388-DMKAE,Low-Value,20.25,Two year,8,No,0.006022922486318798
7554-NEWDD,Low-Value,25.7,Two year,10,No,0.006021409397571595
5792-JALQC,Low-Value,59.85,Two year,52,No,0.006019813768114706
6463-HHXJR,High-Value,100.5,Two year,71,No,0.006013258312176809
4950-HKQTE,Low-Value,26.25,Two year,22,No,0.006010307059915132
3719-TDVQB,Low-Value,18.95,Two year,54,No,0.006007534101830728
0815-MFZGM,High-Value,99.0,Two year,42,No,0.005999197142615508
7025-WCBNE,Low-Value,59.6,Two year,47,No,0.00598617352829861
6176-YJWAS,High-Value,97.95,Two year,72,No,0.005978505059652296
1930-QPBVZ,High-Value,95.1,Two year,68,No,0.005955748942406554
7771-ZONAT,Low-Value,56.75,Two year,22,No,0.005955008555711312
4686-GEFRM,High-Value,98.7,Two year,70,No,0.005939393267525521
3129-AAQOU,Low-Value,25.6,Two year,19,No,0.005925434790482512
0727-BNRLG,High-Value,97.65,Two year,69,No,0.005923905778249459
9424-CMPOG,Low-Value,19.6,Two year,9,No,0.005923573699191051
5057-RKGLH,Low-Value,20.35,Two year,9,No,0.0059029638236693695
2587-YNLES,Low-Value,20.1,Two year,6,No,0.0058985997636249125
2229-DPMBI,Low-Value,19.5,Two year,8,No,0.005884908984886839
7527-QNRUS,Low-Value,25.15,Two year,17,No,0.005879019965866903
6518-KZXCB,Low-Value,25.25,Two year,22,No,0.005871451344345614
9906-NHHVC,Low-Value,53.5,Two year,65,No,0.005862586007306766
3133-PZNSR,High-Value,97.75,Two year,72,No,0.005860935913266583
9108-EQPNQ,Low-Value,26.1,Two year,10,No,0.00585584627788985
7996-BPXHY,Low-Value,25.0,Two year,13,No,0.0058492715828217185
5327-CNLUQ,High-Value,96.9,Two year,48,No,0.005826078305518767
3454-JFUBC,Low-Value,20.0,Two year,68,No,0.005825270760590732
1092-WPIVQ,Low-Value,25.1,Two year,18,No,0.005820012543633731
6609-MXJHJ,Low-Value,25.1,Two year,30,No,0.005806460476687178
9150-KPBJQ,Low-Value,19.65,Two year,6,No,0.0058038303432329345
8612-GXIDD,Low-Value,25.4,Two year,12,No,0.005793786221065827
2428-HYUNX,Low-Value,19.35,Two year,44,No,0.005789746368972129
7021-XSNYE,Low-Value,49.65,Two year,7,No,0.005787536409791033
6698-OXETB,Low-Value,20.4,Two year,11,No,0.005769874003419808
5726-CVNYA,Low-Value,19.85,Two year,8,No,0.005767896884996308
7515-LODFU,Low-Value,20.3,Two year,69,No,0.005766827515014721
3280-MRDOF,Low-Value,69.1,Two year,30,No,0.005761396620313022
3996-ZNWYK,Low-Value,19.8,Two year,71,No,0.005754798686243634
4698-KVLLG,Low-Value,19.6,Two year,51,No,0.005752428077737515
5684-FJVYR,High-Value,90.35,Two year,72,No,0.0057461732542958815
2030-BTZRO,Low-Value,20.4,Two year,6,No,0.00573894526670553
5442-PPTJY,Low-Value,19.7,Two year,12,No,0.005737097932928995
9648-BCHKM,Low-Value,24.65,Two year,18,No,0.005716513417908168
0486-LGCCH,Low-Value,19.65,Two year,11,No,0.0057134262969368325
6139-ZZRBQ,Low-Value,20.05,Two year,64,No,0.005711160911960056
8007-YYPWD,Low-Value,25.05,Two year,15,No,0.005706338932347143
8219-VYBVI,Low-Value,25.0,Two year,39,No,0.005703520125588302
3896-ZVNET,Low-Value,24.7,Two year,24,No,0.005703464186031898
3521-HTQTV,Low-Value,26.1,Two year,34,No,0.005697804830203218
3913-RDSJZ,Low-Value,25.55,Two year,64,No,0.0056910827916156845
1843-TLSGD,Low-Value,20.85,Two year,13,No,0.0056896752126651615
5249-QYHEX,Low-Value,24.8,Two year,40,No,0.005687583651983971
8874-EJNSR,Low-Value,25.2,Two year,39,No,0.0056775982784213926
5322-ZSMZY,Low-Value,25.75,Two year,31,No,0.0056756516219283425
4452-ROHMO,Low-Value,19.6,Two year,15,No,0.005673407677649568
8606-OEGQZ,Low-Value,25.3,Two year,18,No,0.005667414309364791
6199-IPCAO,Low-Value,26.1,Two year,29,No,0.005666069826970521
3549-ZTMNH,Low-Value,24.0,Two year,12,No,0.005663921853516201
8532-UEFWH,Low-Value,25.75,Two year,52,No,0.005663417678328155
0603-TPMIB,Low-Value,25.45,Two year,59,No,0.005649770987723251
1245-HARPS,Low-Value,20.4,Two year,14,No,0.005640463219394123
2207-RYYRL,Low-Value,24.55,Two year,52,No,0.005636961573010051
2208-NKVVH,Low-Value,24.25,Two year,43,No,0.005632967088468258
5647-URDKA,Low-Value,19.7,Two year,8,No,0.00562742244775211
3284-SVCRO,Low-Value,25.5,Two year,45,No,0.005623899357757461
1790-NESIO,Low-Value,20.4,Two year,13,No,0.00562290936126336
0854-UYHZD,Low-Value,19.55,Two year,13,No,0.005621939768459086
4458-KVRBJ,Low-Value,25.0,Two year,59,No,0.0056211623585961604
5044-XDPYX,Low-Value,25.5,Two year,51,No,0.005615480989187701
1767-CJKBA,Low-Value,25.1,Two year,66,No,0.005614513494249082
1705-GUHPV,Low-Value,24.2,Two year,63,No,0.00561331730957642
7337-CINUD,Low-Value,19.5,Two year,8,No,0.0056085849967137105
0056-EPFBG,Low-Value,39.4,Two year,20,No,0.0056019223159355005
4018-PPNDW,Low-Value,24.1,Two year,61,No,0.00560077670109827
1354-YZFNB,Low-Value,19.55,Two year,4,No,0.005600287852957983
5286-YHCVC,High-Value,104.8,Two year,72,No,0.0055985089349060635
2995-YWTCD,Low-Value,24.9,Two year,19,No,0.005595613177579605
6770-UAYGJ,Low-Value,25.25,Two year,49,No,0.005594911328661868
5968-HYJRZ,Low-Value,24.55,Two year,47,No,0.005594729576416131
3373-DIUUN,Low-Value,21.25,Two year,30,No,0.005592417619731571
1494-EJZDW,Low-Value,20.15,Two year,10,No,0.005591947593804368
5854-KSRBJ,Low-Value,25.4,Two year,70,No,0.005591539805138343
6651-RLGGM,Low-Value,26.3,Two year,67,No,0.00558532234019825
9087-EYCPR,Low-Value,25.0,Two year,60,No,0.005585276711463797
9866-OCCKE,High-Value,109.75,Two year,72,No,0.0055817186059294805
8314-HTWVE,Low-Value,19.85,Two year,7,No,0.005575124181732205
5622-UEJFI,Low-Value,25.4,Two year,35,No,0.00557333389622605
9593-CVZKR,Low-Value,24.45,Two year,56,No,0.005570099354238884
3967-VQOGC,Low-Value,24.9,Two year,67,No,0.005569938564583359
6963-KQYQB,Low-Value,24.05,Two year,70,No,0.005569071111623346
4652-ODEVH,Low-Value,24.45,Two year,45,No,0.005568878196502975
4779-ZGICK,Low-Value,23.55,Two year,48,No,0.005568295451333342
7799-LGRDP,Low-Value,25.7,Two year,43,No,0.005563675160786462
9953-ZMKSM,Low-Value,25.25,Two year,63,No,0.005558555248393508
8774-GSBUN,Low-Value,25.4,Two year,72,No,0.005556074080564392
3525-DVKFN,Low-Value,19.4,Two year,17,No,0.005554789480278382
6080-LNESI,Low-Value,24.75,Two year,51,No,0.005551471205381907
7730-CLDSV,High-Value,98.65,Two year,72,No,0.005551407454592943
9769-TSBZE,Low-Value,66.0,Two year,70,No,0.005548117995728052
6828-HMKWP,Low-Value,21.05,Two year,12,No,0.0055447363657641175
0071-NDAFP,Low-Value,25.5,Two year,25,No,0.005544353999481956
4111-BNXIF,Low-Value,59.55,Two year,67,No,0.005542293257711958
6917-FIJHC,Low-Value,26.0,Two year,72,No,0.005540073094820736
3785-KTYSH,Low-Value,24.6,Two year,53,No,0.005539658155289548
2263-SFSQZ,Low-Value,24.95,Two year,51,No,0.005537254578181721
1635-HDGFT,Low-Value,20.5,Two year,19,No,0.005531334662383763
8859-AXJZP,Low-Value,23.8,Two year,39,No,0.00552578738829433
3978-YNKDD,Low-Value,20.85,Two year,19,No,0.005525743607585259
7503-EPSZW,Low-Value,24.05,Two year,64,No,0.005525264857703182
5014-GSOUQ,Low-Value,19.95,Two year,13,No,0.0055243912668122425
3118-UHVVQ,Low-Value,25.8,Two year,68,No,0.0055227087018777715
3957-SQXML,Low-Value,24.95,Two year,34,No,0.005522301562763943
6484-LATFU,Low-Value,24.55,Two year,68,No,0.005521198701002382
7951-QKZPL,Low-Value,24.5,Two year,33,Yes,0.005521078678701098
2335-GSODA,Low-Value,40.1,Two year,23,No,0.00552099410772363
1328-EUZHC,Low-Value,20.1,Two year,18,No,0.005517394173223294
1248-DYXUB,Low-Value,24.8,Two year,52,No,0.005512189792132034
1904-WAJAA,Low-Value,64.35,Two year,24,No,0.0055068542562097126
5480-XTFFL,Low-Value,21.0,Two year,31,No,0.00550394544130154
3266-FTKHB,Low-Value,19.15,Two year,17,No,0.005495198379572891
2138-VFAPZ,Low-Value,19.7,Two year,14,No,0.005492315285876186
6010-DDPPW,Low-Value,25.15,Two year,70,No,0.005491596903732169
9178-JHUVJ,Low-Value,24.1,Two year,24,No,0.005490873341099004
3580-GICBM,Low-Value,24.2,Two year,61,No,0.0054894731985083165
4804-NCPET,Low-Value,20.2,Two year,19,No,0.005488858930689649
4625-XMOYM,Low-Value,26.25,Two year,72,No,0.005486129693583765
1852-QSWCD,Low-Value,24.8,Two year,64,No,0.0054850976372203455
4312-KFRXN,Low-Value,25.4,Two year,72,No,0.0054796745180125134
9392-XBGTD,Low-Value,20.6,Two year,27,No,0.0054700441134260345
5327-XOKKY,High-Value,73.45,Two year,72,No,0.005468958214934452
4785-FCIFB,Low-Value,24.4,Two year,61,No,0.005462215279960198
5148-HKFIR,Low-Value,19.7,Two year,20,No,0.0054620058891426725
7161-DFHUF,Low-Value,23.85,Two year,71,No,0.005460662640486072
5781-BKHOP,High-Value,100.65,Two year,72,No,0.005458389500834571
4213-HKBJO,Low-Value,25.7,Two year,33,No,0.005456213938774974
0253-ZTEOB,High-Value,79.65,Two year,48,No,0.005456122875307425
8234-GSZYK,Low-Value,26.45,Two year,43,No,0.0054536613135343715
9365-CSLBQ,Low-Value,24.35,Two year,71,No,0.005447442162543178
7665-NKLAV,Low-Value,40.65,Two year,36,No,0.005447342457556255
7321-KKSDU,Low-Value,20.5,Two year,32,No,0.005445841319646974
1223-UNPKS,Low-Value,20.05,Two year,20,No,0.005445672240969989
6813-GZQCG,Low-Value,24.65,Two year,45,No,0.005445277152318636
2266-FUBDZ,Low-Value,19.35,Two year,15,No,0.005442076107382843
1699-TLDLZ,Low-Value,19.7,Two year,16,No,0.005441337829504009
5939-SXWHM,Low-Value,26.3,Two year,48,No,0.005439879254039572
9650-VBUOG,Low-Value,25.05,Two year,38,No,0.005439220250332968
5469-NUJUR,Low-Value,19.95,Two year,19,No,0.005438432762313408
5197-YPYBZ,Low-Value,25.25,Two year,12,No,0.00543820090717031
4335-UPJSI,Low-Value,19.75,Two year,24,No,0.005438037845280178
3696-DFHHB,Low-Value,25.5,Two year,68,No,0.0054376385999558765
7473-ZBDSN,Low-Value,18.8,Two year,14,No,0.005435605840851037
7608-RGIRO,Low-Value,24.4,Two year,62,No,0.005431526835619568
6485-QXWWE,Low-Value,26.0,Two year,62,No,0.005429384376274393
5743-KHMNA,Low-Value,25.55,Two year,71,No,0.005429123105772963
4526-RMTLL,High-Value,76.15,Two year,8,No,0.005425513676428788
5666-MBJPT,Low-Value,25.1,Two year,65,No,0.00542534698044165
9624-EGDEQ,Low-Value,19.8,Two year,37,No,0.005425338884665651
7096-ZNBZI,Low-Value,26.45,Two year,72,No,0.005422606091177485
1395-WSWXR,Low-Value,20.75,Two year,24,No,0.005422469402470052
2169-RRLFW,Low-Value,25.6,Two year,71,No,0.005420649802873485
4176-RELJR,Low-Value,25.1,Two year,67,No,0.005417753621799726
4837-PZTIC,Low-Value,41.9,Two year,47,No,0.005417619115311104
9661-JALZV,Low-Value,24.7,Two year,58,No,0.00541625060218511
1535-VTJOQ,Low-Value,25.15,Two year,24,No,0.0054145547322657596
0485-ZBSLN,Low-Value,24.75,Two year,65,No,0.005414033134390806
6696-YDAYZ,Low-Value,20.5,Two year,16,No,0.005413875992232627
7225-IILWY,Low-Value,25.75,Two year,68,No,0.005413141928278303
4774-HHGGS,Low-Value,19.05,Two year,30,No,0.005410750289839453
3721-WKIIL,Low-Value,19.6,Two year,27,No,0.005409866998901162
5529-GIBVH,Low-Value,20.15,Two year,47,No,0.005409075833690013
9995-HOTOH,Low-Value,59.0,Two year,63,No,0.005405784227881989
7277-KAMWT,Low-Value,20.0,Two year,13,No,0.005405397980924973
1987-AUELQ,Low-Value,25.05,Two year,71,No,0.005405278290701999
0463-TXOAK,Low-Value,25.6,Two year,52,No,0.005404727253180043
4521-WFJAI,Low-Value,25.95,Two year,56,No,0.005403206244127754
6923-AQONU,Low-Value,20.9,Two year,23,No,0.005401333739436043
8292-ITGYJ,Low-Value,24.65,Two year,45,No,0.005399979991107726
9548-LERKT,Low-Value,19.75,Two year,24,No,0.005398998439280569
9880-TDQAC,Low-Value,60.0,Two year,72,No,0.005395808432076272
4231-LZUYM,Low-Value,25.65,Two year,72,No,0.005395068451164922
1982-FEBTD,Low-Value,25.6,Two year,23,No,0.005393373146586786
3458-IDMFK,Low-Value,20.75,Two year,25,No,0.005391988016007375
7480-SPLEF,Low-Value,26.0,Two year,69,No,0.005391026593678439
4609-KNNWG,Low-Value,19.9,Two year,27,No,0.005387865440002418
4707-MAXGU,Low-Value,25.85,Two year,72,No,0.005383162786635909
9385-EHGDO,Low-Value,19.85,Two year,35,No,0.0053818634448145435
2143-LJULT,Low-Value,25.25,Two year,67,No,0.005380461068447747
8749-TZYEC,Low-Value,24.8,Two year,72,No,0.005380220897521124
8237-ULIXL,Low-Value,24.85,Two year,72,No,0.005378330107543895
6407-GSJNL,Low-Value,24.95,Two year,51,No,0.005378185119600715
6285-FTQBF,Low-Value,25.55,Two year,72,No,0.005377914091466005
9585-KKMFD,Low-Value,20.0,Two year,41,No,0.005377799037494125
8917-FAEMR,Low-Value,19.85,Two year,37,No,0.005376727727136692
5598-IKHQQ,Low-Value,25.45,Two year,72,No,0.005376381582241984
2509-TFPJU,Low-Value,25.75,Two year,72,No,0.005375796198690741
9227-UAQFT,Low-Value,19.75,Two year,16,No,0.0053750711349341545
3088-FVYWK,Low-Value,25.55,Two year,53,No,0.005373157706134395
1821-BUCWY,Low-Value,55.65,Two year,30,No,0.005372280143932709
4443-EMBNA,Low-Value,24.75,Two year,71,No,0.005371594254314929
5995-LFTLE,Low-Value,25.3,Two year,58,No,0.005371593106235564
8807-OPMBM,Low-Value,25.65,Two year,55,No,0.005369841745173484
9710-NJERN,Low-Value,20.15,Two year,39,No,0.005369556357590205
6370-ZVHDV,Low-Value,25.3,Two year,61,No,0.0053691137462361
5158-RIVOP,Low-Value,20.9,Two year,11,No,0.005368296239643825
6181-AXXYF,Low-Value,24.75,Two year,72,No,0.005366873111938856
2050-ONYDQ,Low-Value,26.0,Two year,65,No,0.005362535556126035
7996-MHXLW,Low-Value,25.15,Two year,66,No,0.005359509949071905
4836-WNFNO,Low-Value,25.0,Two year,72,No,0.005359472081910754
9173-IVZVP,Low-Value,20.9,Two year,53,No,0.005358632754155423
0394-YONDK,Low-Value,25.15,Two year,70,No,0.0053565420178426715
5696-EXCYS,Low-Value,19.45,Two year,17,No,0.005356207762346517
7977-HXJKU,Low-Value,19.6,Two year,21,No,0.005356061022317935
3261-CQXOL,Low-Value,25.45,Two year,71,No,0.005354223237607477
1926-QUZNN,Low-Value,25.25,Two year,72,No,0.00535371513267001
1241-EZFMJ,Low-Value,25.45,Two year,61,No,0.005353340223899635
4335-BSMJS,Low-Value,25.8,Two year,62,No,0.005353151233641335
3389-KTRXV,Low-Value,23.85,Two year,23,No,0.005352792962660029
9337-SRRNI,Low-Value,25.3,Two year,66,No,0.005351048985006821
6371-NZYEG,Low-Value,64.25,Two year,16,No,0.005351021127033567
7267-FRMJW,Low-Value,20.1,Two year,25,No,0.005350558460155921
7008-LZVOZ,Low-Value,25.3,Two year,66,No,0.005349689319263672
1215-EXRMO,Low-Value,20.55,Two year,50,No,0.005347111341920021
2961-VNFKL,Low-Value,25.95,Two year,71,No,0.005346526294898627
4979-HPRFL,Low-Value,24.15,Two year,56,No,0.005346370277226598
3769-MHZNV,Low-Value,20.1,Two year,33,No,0.0053446888186763535
4641-FROLU,Low-Value,19.3,Two year,30,No,0.005341592154513232
7115-IRDHS,Low-Value,24.65,Two year,72,No,0.005341434621301842
8148-WOCMK,Low-Value,19.6,Two year,8,No,0.005340510298610698
2333-KWEWW,Low-Value,20.05,Two year,18,No,0.005340473939574273
5549-ZGHFB,Low-Value,24.95,Two year,50,No,0.005340071641701423
2400-FEQME,Low-Value,20.5,Two year,55,No,0.0053389758079844815
1270-XKUCC,Low-Value,19.7,Two year,30,No,0.005338311918451857
3891-NLXJB,Low-Value,40.55,Two year,37,No,0.0053382110138041495
8882-TLVRW,Low-Value,39.1,Two year,69,No,0.005337592048343537
1891-QRQSA,High-Value,111.6,Two year,64,No,0.005334877475870061
0386-CWRGM,Low-Value,19.4,Two year,46,No,0.005331018489951263
8780-IHCRN,Low-Value,24.65,Two year,63,No,0.005330757224348606
9507-HSMMZ,Low-Value,20.0,Two year,54,No,0.005330312311189259
5893-KCLGT,Low-Value,19.75,Two year,72,No,0.005329045343808813
0064-SUDOG,Low-Value,20.3,Two year,12,No,0.005328721053754664
9838-BFCQT,Low-Value,26.1,Two year,72,No,0.00532686266985699
0732-OCQOC,Low-Value,25.05,Two year,52,No,0.0053246360075074215
5472-CVMDX,Low-Value,38.9,Two year,68,No,0.005321147155169686
4896-CPRPF,Low-Value,25.45,Two year,35,No,0.005320850153499776
8922-NPKBJ,Low-Value,19.35,Two year,42,No,0.005319168722936842
6024-RUGGH,Low-Value,25.2,Two year,72,No,0.005317232007773056
5242-UOWHD,Low-Value,20.35,Two year,45,No,0.0053166134147855995
3027-YNWZU,Low-Value,25.0,Two year,64,No,0.0053164436798293436
3148-AOIQT,Low-Value,24.95,Two year,69,No,0.0053159119126900195
8402-OOOHJ,Low-Value,20.65,Two year,41,No,0.005315534063978189
4195-PNGZS,Low-Value,24.45,Two year,69,No,0.005313444972758913
8361-LBRDI,Low-Value,24.35,Two year,58,No,0.005312504866922248
2799-TSLAG,Low-Value,25.3,Two year,65,No,0.005310745945075665
2481-SBOYW,Low-Value,25.0,Two year,61,No,0.005310266783150446
9430-NKQLY,Low-Value,25.1,Two year,72,No,0.005309869851717215
9646-NMHXE,Low-Value,19.65,Two year,47,No,0.005309234495343258
6976-BWGLQ,Low-Value,25.2,Two year,72,No,0.005307374362607558
0625-AFOHS,Low-Value,20.2,Two year,29,No,0.005307223648884514
4656-CAURT,Low-Value,23.95,Two year,69,No,0.0053065736936726655
4883-KCPZJ,Low-Value,25.25,Two year,22,No,0.005305648531360575
9084-OAYKL,Low-Value,20.8,Two year,58,No,0.005302766924555352
1106-HRLKZ,Low-Value,19.6,Two year,40,No,0.0053021391890878
0480-KYJVA,Low-Value,24.25,Two year,72,No,0.005300703117735184
1047-RNXZV,Low-Value,19.55,Two year,43,No,0.005300459164736251
4735-BJKOU,Low-Value,20.15,Two year,40,No,0.005300224621330354
9153-BTBVV,Low-Value,25.0,Two year,71,No,0.005299800783701453
1460-UZPRJ,Low-Value,19.95,Two year,60,No,0.005298649289606654
6292-TOSSS,Low-Value,24.9,Two year,50,No,0.005297602275001287
8441-SHIPE,Low-Value,25.6,Two year,67,No,0.005297517996364012
8544-JNBOX,Low-Value,20.8,Two year,72,No,0.005294655637216779
4589-IUAJB,Low-Value,24.25,Two year,70,No,0.005294312418583299
9418-RUKPH,Low-Value,19.95,Two year,38,No,0.005293526397016873
2892-GESUL,Low-Value,19.35,Two year,18,No,0.005291604678422044
9371-BITHB,Low-Value,19.85,Two year,52,No,0.00529066583174946
1167-OYZJF,Low-Value,20.05,Two year,67,No,0.005290657977656089
6119-SPUDB,Low-Value,38.25,Two year,46,No,0.0052904747428271694
4193-IBKSW,Low-Value,24.75,Two year,72,No,0.005290255752179322
1627-AFWVJ,Low-Value,19.4,Two year,29,No,0.005288924128275226
7469-LKBCI,Low-Value,18.95,Two year,16,No,0.005288341519850412
7815-PDTHL,Low-Value,20.2,Two year,35,No,0.005288166611659807
8701-DGLVH,Low-Value,20.45,Two year,51,No,0.005288044555145782
5220-AGAAX,Low-Value,24.0,Two year,68,No,0.005286823806918656
2796-NNUFI,Low-Value,19.95,Two year,46,No,0.005280465057447002
1970-KKFWL,Low-Value,23.3,Two year,35,No,0.005280108478160904
2192-OZITF,High-Value,73.55,Two year,45,No,0.005279599657769084
7014-ZZXAW,Low-Value,24.25,Two year,71,No,0.0052791351321653185
5115-SQAAU,Low-Value,25.6,Two year,69,No,0.0052790150646252485
8577-QSOCG,Low-Value,20.2,Two year,38,No,0.005278953806890648
9397-TZSHA,Low-Value,24.6,Two year,69,No,0.0052784950543041135
5846-ABOBJ,Low-Value,24.45,Two year,71,No,0.0052780583171542755
8207-VVMYB,Low-Value,26.0,Two year,70,No,0.005277353979198867
6217-KDYWC,Low-Value,19.6,Two year,57,No,0.005275690611100285
8838-GPHZP,Low-Value,20.6,Two year,63,No,0.005275263859753786
0582-AVCLN,Low-Value,20.3,Two year,38,No,0.005274966254296767
8215-NGSPE,Low-Value,20.0,Two year,42,No,0.005274852261341474
6857-TKDJV,Low-Value,24.65,Two year,67,No,0.005273922539327857
9964-WBQDJ,Low-Value,24.4,Two year,71,No,0.005273320418056076
5231-FIQPA,Low-Value,19.85,Two year,41,No,0.005272443186919434
8515-OCTJS,Low-Value,24.75,Two year,25,Yes,0.005271336976772513
2300-RQGOI,Low-Value,20.05,Two year,38,No,0.005270400802442503
4635-EJYPD,Low-Value,18.95,Two year,32,No,0.0052699333523067125
1043-YCUTE,Low-Value,25.15,Two year,56,Yes,0.005269751650384783
6619-RPLQZ,Low-Value,20.85,Two year,45,No,0.005269737238292548
5982-XMDEX,Low-Value,26.5,Two year,65,No,0.005269584691179817
0506-YLVKJ,Low-Value,20.2,Two year,46,No,0.005269388713134306
1574-DYCWE,Low-Value,19.95,Two year,51,No,0.005268283919871094
9631-RXVJM,Low-Value,19.25,Two year,35,No,0.005268265885623448
8224-KDLKN,Low-Value,25.0,Two year,72,No,0.00526533436450043
7963-SHNDT,Low-Value,39.1,Two year,52,No,0.005263201159418987
6000-UKLWI,Low-Value,20.15,Two year,41,No,0.005262717402582365
4565-NLZBV,Low-Value,24.65,Two year,71,No,0.005261356913190829
1293-BSEUN,Low-Value,20.7,Two year,72,No,0.005261224745712394
8896-RAZCR,Low-Value,19.9,Two year,44,No,0.005260317233793417
2696-RZVZW,Low-Value,25.05,Two year,68,No,0.005260267527900139
5804-JMYIO,Low-Value,19.75,Two year,39,No,0.0052590311346530924
1207-BLKSA,Low-Value,23.05,Two year,52,No,0.005255439453891734
4933-BSAIP,Low-Value,19.1,Two year,40,No,0.005254145572432803
9574-BOSMD,Low-Value,25.4,Two year,68,No,0.0052538576385992184
8908-SLFCJ,Low-Value,20.85,Two year,21,No,0.0052526107866333474
7729-XBTWX,Low-Value,19.75,Two year,66,No,0.005251696189977453
2228-BZDEE,Low-Value,20.1,Two year,54,No,0.0052513409347974315
8174-LNWMW,Low-Value,20.9,Two year,31,No,0.00524930253563998
9625-RZFUK,Low-Value,19.7,Two year,63,No,0.005248637799603565
7717-BICXI,Low-Value,20.55,Two year,60,No,0.005247852006908321
1619-YWUBB,Low-Value,24.95,Two year,68,No,0.005247018832137137
6734-PSBAW,Low-Value,23.55,Two year,72,No,0.005246292896029124
3865-ZFZIB,Low-Value,19.65,Two year,19,No,0.005246161501173891
0971-QIFJK,Low-Value,24.25,Two year,69,No,0.00524490031101081
4573-JKNAE,Low-Value,19.35,Two year,12,No,0.005242816662283718
3620-EHIMZ,Low-Value,19.35,Two year,52,No,0.00524215495850308
9504-YAZWB,Low-Value,20.25,Two year,53,No,0.005241810792680361
3359-DSRKA,Low-Value,19.85,Two year,58,No,0.005241399197550978
0402-OAMEN,Low-Value,24.45,Two year,72,No,0.005237758127542283
5845-BZZIB,Low-Value,20.1,Two year,35,No,0.005236654301749755
1241-FPMOF,Low-Value,19.65,Two year,52,No,0.005236226900819189
9928-BZVLZ,Low-Value,49.85,Two year,12,No,0.00523608064392114
3612-YVGSJ,Low-Value,24.45,Two year,71,No,0.005236045123057194
1820-DJFPH,Low-Value,24.05,Two year,72,No,0.00523603633331476
9251-AWQGT,Low-Value,20.0,Two year,48,No,0.005235269108500622
3774-VBNXY,Low-Value,20.2,Two year,64,No,0.005232206935107295
8727-JQFHV,Low-Value,20.75,Two year,57,No,0.005231554487362144
3507-GASNP,Low-Value,19.95,Two year,60,No,0.00522938260282826
3841-NFECX,High-Value,96.35,Two year,71,No,0.005229244245805946
8380-MQINP,Low-Value,20.3,Two year,55,No,0.005227918319379668
4990-ALDGW,Low-Value,20.75,Two year,57,No,0.005226937797672281
3070-FNFZQ,Low-Value,20.4,Two year,23,No,0.0052265321402727724
6681-ZSEXG,Low-Value,59.5,Two year,56,No,0.0052247345716223
1945-XISKS,Low-Value,19.65,Two year,67,No,0.005222995739913944
0224-NIJLP,Low-Value,20.15,Two year,8,No,0.005222950255939241
0613-WUXUM,Low-Value,19.2,Two year,70,No,0.005222578041403922
0559-CKHUS,Low-Value,19.55,Two year,29,No,0.005222508125946581
9717-IOAAF,Low-Value,25.85,Two year,27,No,0.005219446941810276
7602-DBTOU,Low-Value,19.6,Two year,71,No,0.005218970334961926
9030-QGZNL,Low-Value,20.85,Two year,8,No,0.005218844484918467
8043-PNYSD,Low-Value,19.55,Two year,63,No,0.0052188121305281705
1555-HAPSU,Low-Value,23.9,Two year,71,No,0.005218175125914958
2072-ZVJJX,Low-Value,25.25,Two year,68,No,0.005214651999675474
8510-TMWYB,Low-Value,59.8,Two year,54,No,0.005214336549512983
2091-GPPIQ,High-Value,78.95,Two year,72,No,0.0052132582432987745
6345-FZOQH,Low-Value,19.9,Two year,69,No,0.0052113407017897895
5063-IUOKK,Low-Value,19.75,Two year,13,No,0.005211037451170649
8857-CUPFQ,Low-Value,19.25,Two year,63,No,0.005209697623799679
8165-ZJRNM,Low-Value,23.75,Two year,72,No,0.005209625636530315
3518-FSTWG,High-Value,109.55,Two year,72,No,0.005209181316990232
6134-KWTBV,Low-Value,23.4,Two year,62,No,0.005208470572014595
8028-PNXHQ,Low-Value,24.25,Two year,62,No,0.0052078824163415945
8514-VZHEB,Low-Value,19.5,Two year,59,No,0.0052059943360746475
3662-FXJFO,Low-Value,20.5,Two year,54,No,0.005204678155420899
1116-FRYVH,Low-Value,39.4,Two year,48,No,0.005203193567688315
7191-ADRGF,Low-Value,54.3,Two year,44,No,0.005202492810112302
8067-NIOYM,Low-Value,21.1,Two year,24,No,0.005202200869131118
7167-PCEYD,Low-Value,19.8,Two year,67,No,0.005202191532022801
8165-CBKXO,Low-Value,56.75,Two year,66,No,0.005199391795031117
2632-TACXW,Low-Value,23.65,Two year,62,No,0.005197216163810961
2057-BOYKM,High-Value,96.6,Two year,72,No,0.005195357635056773
5346-BZCHP,Low-Value,19.4,Two year,69,No,0.005194009145999682
0206-OYVOC,Low-Value,19.25,Two year,46,No,0.005192836729469179
4909-JOUPP,High-Value,109.7,Two year,72,No,0.0051912469228093
9674-EHPPG,Low-Value,40.4,Two year,46,No,0.005189403952724143
0562-HKHML,Low-Value,23.9,Two year,71,No,0.005186725815708757
3279-DYZQM,Low-Value,19.45,Two year,71,No,0.0051860491093766265
0621-CXBKL,Low-Value,18.7,Two year,53,No,0.005183970317560931
1839-FBNFR,Low-Value,19.85,Two year,39,No,0.005179766465021981
2888-ADFAO,Low-Value,21.3,Two year,47,No,0.005177912122282374
2200-DSAAL,High-Value,80.65,Two year,68,No,0.005169052632705473
2230-XTUWL,Low-Value,19.55,Two year,48,No,0.005166462686989647
0526-SXDJP,Low-Value,42.1,Two year,72,No,0.005164082741898284
1862-QRWPE,Low-Value,20.65,Two year,48,No,0.005162137710294212
1073-XXCZD,Low-Value,25.7,Two year,55,No,0.005160841492236842
8819-WFGGJ,Low-Value,54.1,Two year,68,No,0.005156206555379648
0932-YIXYU,Low-Value,20.25,Two year,47,No,0.00515570227645573
1399-OUPJN,Low-Value,19.75,Two year,57,No,0.005154135806552656
3498-LZGQZ,Low-Value,19.15,Two year,63,No,0.005151548874713919
0936-NQLJU,Low-Value,20.65,Two year,41,No,0.0051446837181392206
0343-QLUZP,Low-Value,39.6,Two year,60,No,0.0051434821318450214
8879-XUAHX,High-Value,116.25,Two year,71,No,0.005142725410195783
7157-SMCFK,Low-Value,19.75,Two year,61,No,0.0051425500627288005
2560-WBWXF,Low-Value,24.15,Two year,68,No,0.005140773952253518
6625-FLENO,Low-Value,20.75,Two year,58,No,0.005140757963673399
2900-PHPLN,Low-Value,19.55,Two year,70,No,0.005138824409879954
7493-GVFIO,Low-Value,20.55,Two year,57,No,0.005138443944177178
7634-HLQJR,Low-Value,20.05,Two year,47,No,0.005137787384778881
2804-ETQDK,Low-Value,20.55,Two year,66,No,0.005133371212491844
3451-VAWLI,Low-Value,19.7,Two year,35,No,0.005133320952081027
7596-IIWYC,Low-Value,20.25,Two year,27,No,0.0051333147227266155
6479-SZPLM,Low-Value,19.45,Two year,36,No,0.005131852693790315
0164-XAIRP,Low-Value,19.55,Two year,24,No,0.00513157434116024
4627-MIHJH,High-Value,110.25,Two year,69,No,0.0051261117173808934
8630-QSGXK,High-Value,75.2,Two year,51,No,0.005126099503095817
9500-WBGRP,Low-Value,19.1,Two year,69,No,0.005125730489705782
5859-HZYLF,Low-Value,19.15,Two year,26,No,0.005123172203267193
7033-CLAMM,Low-Value,20.2,Two year,48,No,0.005122361309967305
3745-HRPHI,Low-Value,54.65,Two year,66,No,0.005120348581239505
6340-DACFT,Low-Value,20.55,Two year,50,No,0.005119666849343577
0374-FIUCA,Low-Value,20.4,Two year,65,No,0.005111209125243574
3212-KXOCR,Low-Value,21.0,Two year,52,No,0.005110885818731355
7205-BAIAD,Low-Value,20.6,Two year,40,No,0.005108199112232619
7945-PRBVF,Low-Value,21.45,Two year,35,No,0.005106394744921425
6582-PLFUU,Low-Value,19.55,Two year,51,No,0.00510549805223098
0362-RAOQO,Low-Value,19.65,Two year,40,No,0.0051052822459314124
1139-WUOAH,Low-Value,53.35,Two year,57,No,0.005104645967717918
7083-MIOPC,Low-Value,20.25,Two year,72,No,0.005101362169916079
1240-HCBOH,Low-Value,26.1,Two year,67,No,0.005100045659685776
1830-IPXVJ,Low-Value,19.75,Two year,61,No,0.005098871763009506
8434-VGEQQ,Low-Value,20.55,Two year,61,No,0.005097452462013701
5495-GPSRW,Low-Value,19.7,Two year,20,No,0.00509281267372737
1306-RPWXZ,Low-Value,20.45,Two year,49,No,0.005092398276572302
2805-AUFQN,Low-Value,19.8,Two year,25,No,0.005090630252263436
6522-OIQSX,Low-Value,54.95,Two year,69,No,0.005089672607519177
6265-FRMTQ,Low-Value,20.4,Two year,31,No,0.005089529495999289
6551-VLJMV,Low-Value,20.05,Two year,34,No,0.005088276635409796
6685-XSHHU,Low-Value,20.95,Two year,60,No,0.005087467317516474
4625-LAMOB,Low-Value,20.4,Two year,44,No,0.00508680529457258
9588-YRFHY,Low-Value,19.9,Two year,49,No,0.005086492928358738
9945-PSVIP,Low-Value,18.7,Two year,25,No,0.005086072141437755
4884-LEVMQ,Low-Value,20.45,Two year,39,No,0.005085832419689055
1657-DYMBM,Low-Value,19.9,Two year,53,No,0.00508168714065232
7134-HBPBS,High-Value,108.1,Two year,72,No,0.005081654274665366
8999-EXMNO,Low-Value,20.15,Two year,19,No,0.005081279180319948
0354-VXMJC,Low-Value,19.6,Two year,23,No,0.005080916613961063
3933-DQPWX,Low-Value,39.7,Two year,50,No,0.005080401868641024
8313-AFGBW,High-Value,73.6,Two year,47,No,0.00508020425362229
2642-MAWLJ,Low-Value,20.25,Two year,36,No,0.0050786692184469975
3638-WEABW,Low-Value,59.9,Two year,58,No,0.005077795116995901
7921-BEPCI,Low-Value,59.75,Two year,72,No,0.005076738808656608
2075-PUEPR,Low-Value,19.35,Two year,55,No,0.0050759120982360115
8966-KZXXA,Low-Value,25.1,Two year,36,No,0.005075185756118658
9257-AZMTZ,Low-Value,20.1,Two year,52,No,0.005073336048751644
3274-NSDWE,Low-Value,19.6,Two year,68,No,0.005070388132858025
0704-VCUMB,Low-Value,20.25,Two year,61,No,0.005069761300674514
0784-ZQJZX,Low-Value,19.9,Two year,72,No,0.0050694223599343415
3244-CQPHU,High-Value,110.1,Two year,72,No,0.00506789779332424
4361-FEBGN,Low-Value,20.15,Two year,48,No,0.00506763676066882
7268-WNTCP,Low-Value,20.45,Two year,62,No,0.005066851877992529
0962-CQPWQ,Low-Value,20.3,Two year,62,No,0.005064975855646564
0839-QNXME,Low-Value,19.4,Two year,30,No,0.005064435668051397
2595-KIWPV,Low-Value,19.7,Two year,27,No,0.005064015748786837
6892-BOGQE,Low-Value,20.9,Two year,71,No,0.005062374746444342
7980-MHFLQ,Low-Value,24.9,Two year,72,No,0.00506085288701956
7695-PKLCZ,Low-Value,20.5,Two year,68,No,0.005060013792860517
2817-LVCPP,Low-Value,19.4,Two year,50,No,0.005058091078012507
3308-DGHKL,Low-Value,19.3,Two year,69,No,0.005055098569588123
0301-KOBTQ,Low-Value,20.05,Two year,32,No,0.005053978564584827
9800-OUIGR,Low-Value,20.0,Two year,66,No,0.005052658104669284
8540-ZQGEA,Low-Value,20.05,Two year,54,No,0.005049414222946061
1087-GRUYI,Low-Value,20.4,Two year,38,No,0.005049024606665979
7876-DNYAP,Low-Value,19.8,Two year,69,No,0.005048041249215702
6961-MJKBO,Low-Value,20.45,Two year,47,No,0.005047999074028632
5006-MXVRN,Low-Value,20.7,Two year,39,No,0.005046371710476692
1716-LSAMB,Low-Value,54.65,Two year,45,No,0.00504607438162958
0640-YJTPY,Low-Value,21.0,Two year,72,No,0.005044931641511594
8755-OGKNA,Low-Value,19.5,Two year,57,No,0.005044673453573576
1576-PFZIW,High-Value,105.35,Two year,70,No,0.005043916873768445
2017-CCBLH,Low-Value,20.0,Two year,8,No,0.005040339899197513
0040-HALCW,Low-Value,20.4,Two year,54,No,0.005038634326651412
4807-IZYOZ,Low-Value,20.65,Two year,51,No,0.005036166283222958
0106-UGRDO,High-Value,116.0,Two year,69,No,0.005036023523187034
9938-PRCVK,Low-Value,19.7,Two year,41,No,0.005035196694259137
7064-JHXCE,Low-Value,20.05,Two year,62,No,0.00503335532046056
9068-FHQHD,Low-Value,20.15,Two year,40,No,0.005031527729145594
2208-MPXIO,Low-Value,20.0,Two year,45,No,0.005029365625164555
0318-ZOPWS,Low-Value,20.15,Two year,49,No,0.005029227774791752
5296-BFCYD,Low-Value,20.1,Two year,46,No,0.005028885307381922
1955-IBMMB,Low-Value,20.2,Two year,59,No,0.0050287463683753
9972-EWRJS,Low-Value,19.25,Two year,67,No,0.005028623094980817
6060-QBMGV,Low-Value,19.85,Two year,70,No,0.0050270615184278
5848-FHRFC,Low-Value,20.05,Two year,68,No,0.005025386079683409
2146-EGVDT,Low-Value,19.3,Two year,59,No,0.005024505005312799
3764-MNMOI,Low-Value,19.2,Two year,46,No,0.005023841241384249
5656-JAMLX,Low-Value,19.85,Two year,62,No,0.005022755672195344
7601-GNDYK,Low-Value,19.6,Two year,35,No,0.00502198739061583
8747-UDCOI,Low-Value,19.35,Two year,65,No,0.005021036214715011
2418-TPEUN,Low-Value,19.8,Two year,56,No,0.00501982858999101
3457-PQBYH,Low-Value,20.3,Two year,58,No,0.0050196647310587275
7606-BPHHN,Low-Value,19.8,Two year,72,No,0.005019627932118813
0827-ITJPH,Low-Value,18.55,Two year,36,No,0.005017439711398761
0607-DAAHE,Low-Value,19.75,Two year,53,Yes,0.00501721939061196
3678-MNGZX,Low-Value,19.95,Two year,68,No,0.005017078039597627
8232-UTFOZ,Low-Value,19.95,Two year,69,No,0.005016973175539409
3472-QPRCH,Low-Value,25.25,Two year,40,No,0.005015672288551165
3154-HMWUU,Low-Value,20.5,Two year,60,No,0.005015284280663147
6349-JDHQP,Low-Value,19.85,Two year,53,No,0.005014778981624379
0464-WJTKO,Low-Value,20.1,Two year,72,No,0.0050145259380676
1166-PQLGG,Low-Value,19.55,Two year,72,No,0.005014298371928028
0042-RLHYP,Low-Value,19.7,Two year,69,No,0.005013811301178644
9814-AOUDH,Low-Value,19.5,Two year,53,No,0.005013766054064788
7416-CKTEP,Low-Value,19.6,Two year,57,No,0.005011167730178572
7633-MVPUY,Low-Value,59.75,Two year,57,No,0.00501024965865665
5902-WBLSE,Low-Value,20.15,Two year,70,No,0.005009617876835368
1699-UOTXU,Low-Value,61.4,Two year,60,No,0.005009268501357022
3190-ITQXP,Low-Value,20.25,Two year,46,No,0.00500827179003448
7605-BDWDC,Low-Value,49.85,Two year,31,No,0.005000241446221541
8242-PDSGJ,Low-Value,39.15,Two year,70,No,0.004999147570523621
1299-AURJA,Low-Value,24.7,Two year,70,No,0.004998991490173489
0505-SPOOW,Low-Value,19.8,Two year,70,No,0.0049968949689713025
2984-RGEYA,Low-Value,19.75,Two year,69,No,0.004995985995690124
3173-WSSUE,Low-Value,19.7,Two year,71,No,0.004993840708272623
5821-MMEIL,Low-Value,19.9,Two year,57,No,0.004993819201726466
2236-HILPA,Low-Value,20.65,Two year,62,No,0.00499376468992275
2162-FRZAA,Low-Value,39.35,Two year,63,No,0.004992550097209293
2429-AYKKO,Low-Value,19.85,Two year,72,No,0.0049919635631523575
5465-BUBFA,Low-Value,19.3,Two year,41,No,0.00498721839417007
3511-BFTJW,Low-Value,38.5,Two year,72,No,0.004986412127532085
0281-CNTZX,Low-Value,19.95,Two year,63,No,0.004985811304464127
9916-AYHTC,Low-Value,19.85,Two year,48,No,0.004984630196689552
0174-QRVVY,Low-Value,25.35,Two year,71,No,0.0049837256312441685
1335-MXCSE,Low-Value,55.25,Two year,55,No,0.004982613855983469
0404-AHASP,Low-Value,19.7,Two year,72,No,0.004981556029391385
8750-QWZAJ,Low-Value,19.8,Two year,70,No,0.004981307780132845
8046-DNVTL,Low-Value,38.6,Two year,62,No,0.004981204519469882
5171-EPLKN,Low-Value,19.85,Two year,27,No,0.0049810816219268495
9537-JALFH,Low-Value,19.9,Two year,69,No,0.0049809993796206915
1052-QJIBV,Low-Value,19.9,Two year,71,No,0.00497961645883302
5146-YYFRZ,Low-Value,19.95,Two year,67,No,0.004978946440327722
4299-OPXEJ,Low-Value,19.55,Two year,56,No,0.004977836206893196
0164-APGRB,High-Value,114.9,Two year,72,No,0.004976691453042994
3635-QQRQD,Low-Value,20.05,Two year,62,No,0.004975217281048732
0264-CNITK,Low-Value,20.1,Two year,71,No,0.004974220784776124
3976-HXHCE,Low-Value,19.3,Two year,72,No,0.004974198857002523
3642-BYHDO,Low-Value,19.9,Two year,71,No,0.004973168667790308
9926-PJHDQ,High-Value,76.8,Two year,72,No,0.004971972314690435
5970-GHJAW,Low-Value,19.95,Two year,46,No,0.004971231697641616
7242-EDTYC,Low-Value,19.55,Two year,44,No,0.004967805011209293
0794-YVSGE,Low-Value,20.3,Two year,72,No,0.004967480754575455
8464-EETCQ,Low-Value,18.8,Two year,57,No,0.004966527984081351
7673-BQGKU,Low-Value,20.15,Two year,69,No,0.004966077282122204
5799-JRCZO,Low-Value,19.5,Two year,63,No,0.004965656174697959
1591-XWLGB,Low-Value,19.85,Two year,71,No,0.00496506033575639
6621-NRZAK,Low-Value,20.0,Two year,63,No,0.004962706714460921
9975-GPKZU,Low-Value,19.75,Two year,46,No,0.0049625604039376416
9081-WWXKP,Low-Value,20.25,Two year,47,No,0.00496096687823962
0739-UUAJR,Low-Value,53.8,Two year,72,No,0.004958413566795071
8347-GDTMP,Low-Value,19.45,Two year,64,No,0.00495615468642648
0825-CPPQH,Low-Value,19.1,Two year,71,No,0.004956102574108632
3813-DHBBB,Low-Value,50.95,Two year,67,No,0.004955943790074125
0397-ZXWQF,Low-Value,20.5,Two year,67,No,0.00495583507909825
3170-NMYVV,Low-Value,20.15,Two year,50,No,0.004954813377522773
2181-TIDSV,Low-Value,19.95,Two year,68,No,0.004953918029974392
8129-GMVGI,Low-Value,20.05,Two year,56,No,0.004953599879454644
2626-VEEWG,Low-Value,19.4,Two year,67,No,0.004952848383124914
3704-IEAXF,Low-Value,53.65,Two year,72,No,0.0049511694902369605
3646-ITDGM,Low-Value,19.7,Two year,56,No,0.004949254671158961
6928-ONTRW,Low-Value,19.7,Two year,72,No,0.004947963795746893
5730-DBDSI,Low-Value,19.7,Two year,66,No,0.004945759397269176
3973-SKMLN,Low-Value,19.9,Two year,71,No,0.004945485301450173
1814-WFGVS,Low-Value,48.9,Two year,72,No,0.004945111129440856
9220-CXRSC,Low-Value,61.4,Two year,69,No,0.004942826452683613
6848-HJTXY,Low-Value,19.45,Two year,64,No,0.004940899420559331
2675-IJRGJ,Low-Value,19.65,Two year,53,No,0.004935871441773502
3777-XROBG,Low-Value,19.55,Two year,58,No,0.004935240975180827
2848-YXSMW,Low-Value,19.4,Two year,72,No,0.004933573289224622
7941-RCJOW,Low-Value,19.55,Two year,65,No,0.004932219043029585
4526-EXKKN,Low-Value,24.6,Two year,40,No,0.004926689502740541
8263-QMNTJ,High-Value,115.55,Two year,72,No,0.0049226030231225544
8015-IHCGW,High-Value,115.5,Two year,72,No,0.004922277041090702
7293-LSCDV,Low-Value,19.25,Two year,60,No,0.0049175106813401
6177-PEVRA,Low-Value,55.5,Two year,48,No,0.00491316466629297
4821-WQOYN,Low-Value,20.1,Two year,72,No,0.0049072140257104355
9764-REAFF,Low-Value,18.4,Two year,59,No,0.004888847070094149
5787-KXGIY,Low-Value,19.3,Two year,72,No,0.004887030754767778
9715-SBVSU,Low-Value,61.4,Two year,14,No,0.004884304764072547
4534-WGCIR,Low-Value,25.15,Two year,58,No,0.00487991579079454
0902-XKXPN,Low-Value,20.2,Two year,69,No,0.004871864631187835
6242-FEGFD,High-Value,96.6,Two year,66,No,0.0048643029399379764
3810-PJUHR,Low-Value,25.35,Two year,70,No,0.00486225799450372
2380-DAMQP,High-Value,115.15,Two year,72,No,0.004861511902301045
0412-UCCNP,Low-Value,59.2,Two year,55,No,0.004859337616298266
2569-WGERO,Low-Value,21.15,Two year,72,No,0.004858956377490547
7463-IFMQU,Low-Value,20.05,Two year,72,No,0.004857773482389036
8859-DZTGQ,Low-Value,20.35,Two year,33,No,0.004857009108003817
8143-ETQTI,Low-Value,19.65,Two year,23,No,0.004851460738976727
4742-TXUEX,Low-Value,19.3,Two year,47,No,0.004849402384398185
5884-FBCTL,Low-Value,25.1,Two year,72,No,0.004842375261866119
6725-TPKJO,Low-Value,20.05,Two year,44,No,0.0048412981773315955
0916-KNFAJ,Low-Value,69.9,Two year,61,No,0.004832946495727269
1162-ECVII,High-Value,109.75,Two year,72,No,0.00483209763275911
5656-MJEFC,Low-Value,48.15,Two year,42,No,0.004831030178723545
5067-WJEUN,Low-Value,54.2,Two year,67,No,0.004831003897853569
2007-QVGAW,Low-Value,19.35,Two year,68,No,0.004816757942908093
2511-ALLCS,Low-Value,24.3,Two year,35,No,0.004810561901076442
2616-FLVQC,Low-Value,19.55,Two year,64,No,0.0048076743082429135
6374-NTQLP,High-Value,104.1,Two year,72,No,0.004805767378211114
2499-AJYUA,High-Value,110.8,Two year,72,No,0.004797466490655407
1927-QEWMY,Low-Value,20.5,Two year,72,No,0.004796338297988513
3078-ZKNTS,Low-Value,19.75,Two year,13,No,0.0047779277886565675
9565-FLVCG,Low-Value,69.55,Two year,65,No,0.004772963711335997
2068-WWXQZ,Low-Value,20.05,Two year,46,No,0.004769693913094282
5176-LMJXE,Low-Value,20.55,Two year,47,No,0.00476317184841269
6504-VBLFL,Low-Value,58.6,Two year,55,No,0.004747769897541548
2123-VSCOT,High-Value,72.1,Two year,59,No,0.004743951728136419
4194-FJARJ,Low-Value,60.0,Two year,54,No,0.004733102408435087
3768-VHXQO,Low-Value,24.85,Two year,67,No,0.0047285995273315135
7253-UVNDW,Low-Value,54.35,Two year,46,Yes,0.004726160022799305
0813-TAXXS,High-Value,77.8,Two year,55,No,0.004722449373774589
7688-AWMDX,Low-Value,54.5,Two year,71,No,0.004717104681228472
7284-ZZLOH,Low-Value,53.3,Two year,45,No,0.00471428809501898
3500-NSDOA,High-Value,70.8,Two year,68,No,0.00471318036053852
8984-HPEMB,High-Value,118.65,Two year,71,No,0.004703062734946451
3796-ENZGF,Low-Value,67.25,Two year,63,No,0.004695726771450685
4312-GVYNH,Low-Value,49.85,Two year,70,No,0.004695335120607279
2773-OVBPK,High-Value,111.3,Two year,67,No,0.004694856963463988
6719-FGEDO,High-Value,97.0,Two year,72,No,0.004694088625204332
7663-CUXZB,High-Value,113.75,Two year,59,No,0.004691893766499118
7446-KQISO,High-Value,109.75,Two year,45,No,0.004691620169217204
5542-NKVRU,Low-Value,20.75,Two year,42,No,0.004691424025703756
1172-VIYBP,Low-Value,69.7,Two year,53,No,0.004685141610655788
2729-VNVAP,Low-Value,19.8,Two year,33,No,0.004683782070757558
8173-RXAYP,Low-Value,19.7,Two year,24,No,0.0046770196064334245
2545-LXYVJ,Low-Value,20.7,Two year,72,No,0.004667607306268366
3022-BEXHZ,High-Value,111.2,Two year,67,No,0.004665004277907448
9127-FHJBZ,High-Value,114.0,Two year,72,No,0.004660582367021828
8092-NLTGF,Low-Value,24.75,Two year,72,No,0.0046574479442402835
9680-NIAUV,High-Value,109.7,Two year,72,No,0.004654358160739009
9018-PCIOK,Low-Value,64.75,Two year,55,No,0.004647984637118578
7138-GIRSH,Low-Value,69.5,Two year,50,No,0.0046418755582275225
1709-EJDOX,Low-Value,19.75,Two year,47,No,0.004641014729071018
3097-FQTVJ,Low-Value,20.0,Two year,41,No,0.004636612031434072
4878-BUNFV,Low-Value,20.7,Two year,42,No,0.004636545761984703
4859-ZSRDZ,Low-Value,55.5,Two year,58,No,0.004632014863185393
1098-KFQEC,Low-Value,19.4,Two year,55,No,0.004630011871793927
9135-HSWOC,Low-Value,19.7,Two year,64,No,0.00462924946182681
4616-ULAOA,High-Value,110.8,Two year,65,No,0.004627705439080324
9330-VOFSZ,High-Value,110.8,Two year,60,No,0.004624177471432145
0619-OLYUR,High-Value,111.9,Two year,72,No,0.004619529244640262
8819-ZBYNA,High-Value,109.1,Two year,58,No,0.004609805004307515
2824-DXNKN,High-Value,71.45,Two year,72,No,0.0046097056387427995
6734-JDTTV,Low-Value,19.85,Two year,65,No,0.00460646301086387
7602-MVRMB,High-Value,110.45,Two year,72,No,0.004604847941764091
2718-YSKCS,Low-Value,19.6,Two year,71,No,0.004600965977996119
7255-SSFBC,High-Value,112.25,Two year,72,No,0.004599101479687983
5514-YQENT,High-Value,111.15,Two year,41,No,0.00459849041328958
9489-DEDVP,Low-Value,69.2,Two year,70,No,0.004597962021348289
7969-FFOWG,Low-Value,19.9,Two year,65,No,0.0045935857879757435
7552-KEYGT,Low-Value,19.55,Two year,27,No,0.004589127209608091
4915-BFSXL,Low-Value,68.95,Two year,70,No,0.004586601262692866
5795-KTGUD,High-Value,110.8,Two year,68,No,0.0045860635133005544
9405-GPBBG,High-Value,110.5,Two year,64,No,0.00457944419683888
7427-AUFPY,Low-Value,19.65,Two year,54,No,0.004579180694964248
8853-TZDGH,High-Value,111.6,Two year,72,No,0.004575274997833889
6169-PPETC,Low-Value,20.5,Two year,35,No,0.004563049120460097
2346-LOCWC,Low-Value,20.5,Two year,58,No,0.004557257810938603
2632-IVXVF,High-Value,111.75,Two year,68,No,0.0045570152557496205
4615-PIVVU,Low-Value,66.5,Two year,42,No,0.004556281941909134
9152-AMKAK,High-Value,80.25,Two year,6,No,0.004544056288470581
3766-EJLFL,High-Value,109.05,Two year,68,No,0.00454393210103128
6980-IMXXE,Low-Value,20.2,Two year,69,No,0.004537197397027135
1291-CUOCY,High-Value,110.6,Two year,72,No,0.004534417500557659
0847-HGRML,Low-Value,20.0,Two year,62,No,0.004528969726935314
1231-YNDEK,Low-Value,19.15,Two year,58,No,0.004526480564729617
6603-QWSPR,High-Value,104.4,Two year,46,No,0.004522850488502213
2789-CZANW,High-Value,110.3,Two year,64,No,0.004519376094960742
2323-ARSVR,High-Value,111.05,Two year,67,No,0.004514249269916931
6425-JWTDV,Low-Value,19.25,Two year,48,No,0.0045100046482689764
0848-SOMKO,Low-Value,48.4,Two year,70,No,0.004507876930339142
4024-CSNBY,High-Value,94.25,Two year,72,No,0.00449550207206547
8823-RLPWL,High-Value,110.65,Two year,72,No,0.004493463335641696
8915-NNTRC,High-Value,107.7,Two year,72,No,0.004492617436301186
3174-AKMAS,Low-Value,64.2,Two year,46,No,0.004487433543799291
7322-OCWHC,High-Value,93.05,Two year,72,No,0.004487127499824919
3096-YXENJ,High-Value,107.65,Two year,65,No,0.0044820771105907485
9070-BCKQP,High-Value,110.15,Two year,72,No,0.004474047053266522
3308-JSGML,Low-Value,64.05,Two year,59,No,0.004468275721263234
7114-AEOZE,Low-Value,19.85,Two year,60,No,0.004460337296194273
8285-ABVLB,Low-Value,19.85,Two year,70,No,0.004456787558311845
2651-ZCBXV,High-Value,108.0,Two year,54,No,0.004455119402244527
1841-YSJGV,High-Value,109.95,Two year,72,No,0.004452625298256262
1830-GGFNM,High-Value,94.55,Two year,65,No,0.004450736362415549
1302-TPUBN,Low-Value,19.35,Two year,66,No,0.0044502191092997655
5855-EIBDE,High-Value,106.65,Two year,49,No,0.004445854501225519
7328-ZJAJO,Low-Value,19.5,Two year,59,No,0.004444608848190696
4056-QHXHZ,High-Value,107.45,Two year,72,No,0.004442236732364969
4817-KEQSP,Low-Value,19.85,Two year,71,No,0.004440508260036464
4086-WITJG,Low-Value,19.7,Two year,71,No,0.004421695531686811
7054-DMVAS,Low-Value,65.3,Two year,54,No,0.004419394341952445
1221-GHZEP,Low-Value,65.1,Two year,62,No,0.004418477191531247
9861-PDSZP,High-Value,108.05,Two year,72,No,0.004412881889297789
5093-FEGLU,Low-Value,19.65,Two year,47,No,0.004410412407807836
2988-QRAJY,High-Value,110.05,Two year,69,No,0.004400427872901735
3617-XLSGQ,High-Value,109.25,Two year,66,No,0.004396820797826683
3407-JMJQQ,High-Value,109.0,Two year,71,No,0.004395901600011822
0320-DWVTU,High-Value,99.5,Two year,53,No,0.0043952709580662545
4670-TABXH,High-Value,109.75,Two year,72,No,0.0043854406238311916
4568-KNYWR,Low-Value,63.25,Two year,52,No,0.004381524993129924
2607-DHDAK,Low-Value,19.8,Two year,72,No,0.004375138356255306
2798-NYLMZ,High-Value,108.55,Two year,71,No,0.004361514068029376
2927-CVULT,High-Value,104.05,Two year,53,No,0.004360822070729397
8901-UPRHR,High-Value,109.2,Two year,72,No,0.004350087723903168
3612-YUNGG,High-Value,109.2,Two year,64,No,0.004310240802805057
3580-HYCSP,High-Value,110.3,Two year,72,No,0.004308963789772654
0254-FNMCI,High-Value,109.9,Two year,72,No,0.004307169172839171
8265-HKSOW,High-Value,107.45,Two year,72,No,0.004306706936316098
7771-CFQRQ,Low-Value,63.8,Two year,47,No,0.004291320142855929
9281-CEDRU,Low-Value,64.1,Two year,68,No,0.004278175874153689
4378-MYPGO,High-Value,105.25,Two year,68,No,0.0042771962066804675
8777-MBMTS,High-Value,105.85,Two year,65,No,0.004273126159647221
5161-UBZXI,High-Value,106.35,Two year,69,No,0.004263497104372808
9432-RUVSL,High-Value,102.5,Two year,48,No,0.004262083830199971
0263-FJTQO,High-Value,70.5,Two year,50,No,0.004259590352478799
0853-TWRVK,High-Value,105.6,Two year,72,No,0.0042472118637179365
2664-XJZNO,High-Value,104.9,Two year,72,No,0.00422974800482237
1452-UZOSF,High-Value,106.1,Two year,72,No,0.004226578245433263
5227-JSCFE,Low-Value,46.35,Two year,71,No,0.004216779267849693
8309-PPCED,High-Value,110.45,Two year,72,No,0.004210483976625752
9625-QNLUX,High-Value,103.25,Two year,68,No,0.0041983752881198655
0868-VJRDR,High-Value,104.05,Two year,64,No,0.004185322468078985
8208-EUMTE,Low-Value,54.85,Two year,16,No,0.0041694199336171
6434-TTGJP,Low-Value,53.7,Two year,10,No,0.004161071506833143
0345-XMMUG,High-Value,108.9,Two year,46,No,0.0041587431374837495
5696-CEIQJ,High-Value,103.15,Two year,67,No,0.004149637784625452
9558-IHEZX,High-Value,106.75,Two year,71,No,0.004124769000694291
7030-FZTFM,High-Value,110.9,Two year,72,No,0.004065707437439058
1090-ESELR,High-Value,105.5,Two year,72,No,0.0040531556620220805
9028-LIHRP,High-Value,100.2,Two year,71,No,0.004052361073266644
9802-CAQUT,High-Value,109.55,Two year,72,No,0.004037957470898243
6625-IUTTT,Low-Value,65.55,Two year,67,No,0.004037010441023922
6614-FHDBO,High-Value,109.2,Two year,72,No,0.0040309583904103
3186-AJIEK,High-Value,105.65,Two year,66,No,0.003992035262229126
5453-YBTWV,High-Value,101.1,Two year,70,No,0.003985425245790907
7779-ORAEL,High-Value,75.15,Two year,45,No,0.003968302214193599
6505-OZNPG,Low-Value,63.4,Two year,6,No,0.003946630174104118
1936-UAFEH,High-Value,110.25,Two year,68,No,0.0039464173246907455
9488-FYQAU,High-Value,109.25,Two year,63,No,0.003941871106386442
3259-KNMRR,High-Value,79.75,Two year,57,No,0.003929307249375058
2451-YMUXS,Low-Value,64.55,Two year,67,No,0.0038932999925890195
9958-MEKUC,High-Value,103.95,Two year,72,No,0.003885795974184182
5668-MEISB,High-Value,106.1,Two year,72,No,0.0038800661547006084
6762-QVYJO,Low-Value,59.75,Two year,58,No,0.003865547233800192
8780-YRMTT,Low-Value,47.4,Two year,66,No,0.0038622197681617036
6166-YIPFO,Low-Value,64.7,Two year,72,No,0.0038321985603691753
9867-XOBQA,Low-Value,53.15,Two year,21,No,0.0038248242647553653
2984-TBYKU,High-Value,104.9,Two year,72,No,0.0038235602949008617
5135-GRQJV,High-Value,114.5,Two year,72,No,0.0038233873378157087
4664-NJCMS,Low-Value,59.55,Two year,33,No,0.0038089687798830924
4304-XUMGI,High-Value,75.15,Two year,50,No,0.0037900537096049913
5862-BRIXZ,Low-Value,60.75,Two year,46,No,0.003780899183644867
7923-IYJWY,High-Value,116.1,Two year,67,No,0.0037453325392420253
6427-FEFIG,High-Value,78.6,Two year,24,No,0.003744437215664701
3082-YVEKW,High-Value,77.15,Two year,23,No,0.0037412693287227476
6904-JLBGY,High-Value,117.35,Two year,72,No,0.003729184770478602
5451-YHYPW,High-Value,115.75,Two year,72,No,0.0037286236522278073
5329-KRDTM,High-Value,77.35,Two year,72,No,0.00372577619993048
8261-GWDBQ,High-Value,116.05,Two year,60,No,0.003721786967453737
2245-ADZFJ,High-Value,80.55,Two year,31,No,0.0037208558964032246
8200-LGKSR,High-Value,83.2,Two year,71,No,0.003704664054263658
8606-CIQUL,High-Value,115.75,Two year,72,No,0.00370198908362845
5641-DMBFJ,High-Value,84.3,Two year,58,No,0.0037018482528645928
4717-GHADL,High-Value,79.6,Two year,50,No,0.003698613040955273
3259-QMXUN,High-Value,86.1,Two year,58,No,0.0036896682400759913
4295-YURET,High-Value,72.6,Two year,56,No,0.003688173929907464
9530-GRMJG,High-Value,84.1,Two year,70,No,0.0036745269464760508
1779-PWPMG,High-Value,114.65,Two year,72,No,0.0036599531485275514
2388-LAESQ,High-Value,114.85,Two year,72,No,0.003651157263701719
1194-BHJYC,Low-Value,62.15,Two year,61,No,0.0036461499407732193
6614-YOLAC,Low-Value,58.65,Two year,71,No,0.0036413236958896178
7524-VRLPL,High-Value,74.1,Two year,69,No,0.0036387328557175407
8990-YOZLV,Low-Value,66.9,Two year,69,No,0.0036367225269912703
5840-NVDCG,Low-Value,68.25,Two year,16,No,0.0036316722035001116
9225-BZLNZ,High-Value,85.25,Two year,72,No,0.00363112285903577
1209-VFFOC,Low-Value,56.4,Two year,68,No,0.0036285433176618353
6901-GOGZG,High-Value,84.95,Two year,60,No,0.0036222092458222965
8106-GWQOK,Low-Value,60.0,Two year,38,No,0.0036147944879149213
6691-CCIHA,High-Value,84.95,Two year,62,No,0.0036120514291237337
6603-YRDCJ,Low-Value,61.05,Two year,33,No,0.003606505287008241
9027-TMATR,High-Value,78.8,Two year,43,No,0.003601599223851245
8571-ZCMCX,Low-Value,60.0,Two year,47,No,0.003600536143113219
7722-VJRQD,Low-Value,60.95,Two year,72,No,0.003594041123110589
6867-ACCZI,Low-Value,52.5,Two year,24,No,0.003590453227118612
8434-PNQZX,High-Value,78.45,Two year,42,No,0.0035899517894659476
3911-RSNHI,Low-Value,61.4,Two year,71,No,0.0035876701970373646
8316-BBQAY,Low-Value,59.95,Two year,65,No,0.0035839578075305663
8626-PTQGE,Low-Value,60.05,Two year,69,No,0.003581428033420255
6919-ELBGL,High-Value,114.95,Two year,72,No,0.0035807309518319477
2999-AANRQ,High-Value,71.05,Two year,21,No,0.0035799401491139805
7131-ZQZNK,Low-Value,59.85,Two year,60,No,0.0035797636596140306
9888-ZCUMM,Low-Value,60.05,Two year,64,No,0.0035774422463555515
4849-PYRLQ,High-Value,73.25,Two year,56,No,0.003574494099546659
9541-PWTWO,High-Value,80.95,Two year,52,No,0.0035702315405379903
2253-KPMNB,Low-Value,46.25,Two year,69,No,0.00356298799386957
4102-HLENU,Low-Value,65.65,Two year,67,No,0.00356270619343803
1837-YQUCE,Low-Value,58.35,Two year,70,No,0.003559923310224142
5762-TJXGK,Low-Value,58.75,Two year,52,No,0.0035497587217090303
2773-MADBQ,Low-Value,53.1,Two year,36,No,0.003546627682493393
9695-IDRZR,High-Value,116.15,Two year,34,No,0.003534254281535943
5702-KVQRD,High-Value,82.55,Two year,71,No,0.00352946201938002
6013-BHCAW,High-Value,81.0,Two year,61,No,0.0035282938590430403
1459-QNFQT,Low-Value,59.5,Two year,70,No,0.003522740490975851
7868-TMWMZ,High-Value,110.0,Two year,60,No,0.0035196423218921656
2160-GPFXD,Low-Value,65.65,Two year,54,No,0.0035189256015294925
4381-MHQDC,Low-Value,65.0,Two year,47,No,0.003514313454867184
8039-EQPIM,Low-Value,60.25,Two year,69,No,0.0035098833843855647
4012-YCFAI,Low-Value,61.35,Two year,60,No,0.0034998512800371983
6754-LZUKA,High-Value,80.9,Two year,61,No,0.0034988093227201105
4922-CVPDX,High-Value,73.5,Two year,26,No,0.0034974618348656383
8144-DGHXP,High-Value,80.6,Two year,54,No,0.003495811374477258
0562-KBDVM,Low-Value,44.6,Two year,70,No,0.003492562641897609
8338-QIUNR,Low-Value,66.5,Two year,72,No,0.0034895156818276975
9286-BHDQG,Low-Value,45.25,Two year,72,No,0.0034875612587662594
0531-XBKMM,Low-Value,65.7,Two year,66,No,0.003485038453683176
5176-OLSKT,Low-Value,66.9,Two year,66,No,0.003483589109668377
9499-XPZXM,Low-Value,64.75,Two year,72,No,0.003480528841860775
9786-IJYDL,High-Value,113.2,Two year,35,No,0.003478540578030444
4872-JCVCA,Low-Value,47.6,Two year,71,No,0.0034769548842991404
0774-RMNUW,Low-Value,59.7,Two year,71,No,0.0034743720297589027
8295-KMENE,High-Value,76.45,Two year,59,No,0.0034740599535859513
6463-MVYRY,Low-Value,69.85,Two year,57,No,0.003468499481535524
0013-SMEOE,High-Value,109.7,Two year,71,No,0.003467107096281449
7639-LIAYI,High-Value,79.75,Two year,52,No,0.003462056325330429
7399-QHBJS,Low-Value,66.75,Two year,72,No,0.0034615509662381328
1266-NZYUI,Low-Value,66.85,Two year,72,No,0.003461007251888805
1741-WTPON,High-Value,115.85,Two year,56,No,0.0034602619164102342
6348-SNFUS,Low-Value,55.45,Two year,72,No,0.0034586742825668424
5320-BRKGK,High-Value,75.8,Two year,58,No,0.0034575175097989893
0214-JHPFW,Low-Value,57.8,Two year,70,No,0.0034566467896232833
5232-NXPAY,High-Value,74.45,Two year,47,No,0.0034562585807051418
5338-YHWYT,Low-Value,61.45,Two year,37,No,0.003455310784775808
0230-WEQUW,Low-Value,56.6,Two year,66,No,0.0034514795737853763
6439-PKTRR,High-Value,80.7,Two year,70,No,0.003450748833753067
4737-HOBAX,High-Value,79.8,Two year,63,No,0.0034479672701065917
7274-CGTOD,Low-Value,43.7,Two year,62,No,0.0034479519114025297
2516-XSJKX,High-Value,78.45,Two year,41,No,0.0034461080258688034
3557-HTYWR,High-Value,74.05,Two year,47,No,0.003442580742828996
2302-OUZXB,High-Value,82.15,Two year,72,No,0.0034394337939974784
7860-KSUGX,Low-Value,64.45,Two year,72,No,0.0034325033128070038
0019-GFNTW,Low-Value,45.05,Two year,56,No,0.0034300539596615427
0336-KXKFK,Low-Value,61.2,Two year,72,No,0.0034149200503872895
1265-BCFEO,High-Value,80.45,Two year,71,No,0.003414416300516679
5321-NTRKC,High-Value,79.85,Two year,66,No,0.0034129487969452236
5989-AXPUC,High-Value,118.6,Two year,68,No,0.003402615516770017
5583-EJXRD,Low-Value,54.05,Two year,44,No,0.0033905455364991364
0536-ESJEP,High-Value,74.55,Two year,54,No,0.003380339648045427
2351-BKRZW,High-Value,75.2,Two year,43,No,0.003378074311372123
0562-FGDCR,High-Value,74.55,Two year,72,No,0.0033740668924567615
4293-ETKAP,High-Value,79.4,Two year,65,No,0.0033646998782416128
8628-MFKAX,High-Value,116.75,Two year,72,No,0.003362684529801715
8205-VSLRB,High-Value,77.3,Two year,70,No,0.003361159280126206
3902-MIVLE,High-Value,75.7,Two year,63,No,0.0033610382164645843
2933-XEUJM,High-Value,79.2,Two year,46,No,0.003356725645320674
7569-NMZYQ,High-Value,118.75,Two year,72,No,0.003349831624011574
6248-TKCQV,High-Value,80.6,Two year,70,No,0.0033496520157458207
9068-VPWQQ,High-Value,75.35,Two year,61,No,0.003347801498842124
9739-JLPQJ,High-Value,117.5,Two year,72,No,0.0033450352766294248
0487-CRLZF,High-Value,74.45,Two year,49,No,0.003343218918956132
0420-TXVSG,Low-Value,66.1,Two year,66,No,0.0033400755292843074
0604-THJFP,High-Value,75.95,Two year,59,No,0.003337258557214768
0907-HQNTS,High-Value,113.0,Two year,70,No,0.0033281088242371366
6164-HAQTX,Low-Value,53.95,Two year,71,No,0.0033277568347901904
9481-WHGWY,High-Value,75.35,Two year,70,No,0.0033220607836964237
3399-BMLVW,Low-Value,60.5,Two year,51,No,0.0033205982715617324
1088-AUUZZ,High-Value,75.85,Two year,56,No,0.0033159960661960537
9788-HNGUT,High-Value,116.95,Two year,72,No,0.0033029860910577355
7139-JZFVG,Low-Value,60.5,Two year,60,No,0.0032997707527608598
1557-EMYVT,High-Value,115.05,Two year,43,No,0.003297399009862367
1023-BQXZE,High-Value,74.35,Two year,57,No,0.003292663690199887
2661-GKBTK,High-Value,76.95,Two year,60,No,0.0032881255105467622
2954-PIBKO,Low-Value,64.15,Two year,69,No,0.003287514276101829
0675-NCDYU,High-Value,116.4,Two year,72,No,0.003274379602487817
2649-HWLYB,High-Value,76.15,Two year,65,No,0.003270432834781974
9297-FVVDH,High-Value,84.5,Two year,57,No,0.0032689973696455365
5993-JSUWV,Low-Value,61.15,Two year,66,No,0.0032570548138666556
4751-ERMAN,High-Value,75.4,Two year,72,No,0.003256545767007898
4654-ULTTN,High-Value,74.8,Two year,70,No,0.0032540972384831604
2612-PHGOX,High-Value,76.1,Two year,64,No,0.003253220272704583
0440-EKDCF,Low-Value,60.15,Two year,62,No,0.0032528515960671463
3396-DKDEL,High-Value,115.15,Two year,70,No,0.0032496514069780603
5181-OABFK,Low-Value,61.3,Two year,56,No,0.0032479542150027595
6586-MYGKD,High-Value,76.95,Two year,70,No,0.0032461658584075795
1488-PBLJN,High-Value,116.85,Two year,72,No,0.0032412370260819275
6549-BTYPG,Low-Value,60.8,Two year,60,No,0.00324043022679646
5707-ZMDJP,Low-Value,69.7,Two year,53,No,0.0032352788101757514
1960-UOTYM,High-Value,79.2,Two year,52,No,0.0032351066338175425
7018-FPXHH,Low-Value,59.8,Two year,56,No,0.0032333757332061565
0017-IUDMW,High-Value,116.8,Two year,72,No,0.0032301869321089065
6870-ZWMNX,High-Value,76.1,Two year,70,No,0.0032300778403274804
5781-RFZRP,High-Value,73.5,Two year,71,No,0.0032295806575399974
4376-KFVRS,High-Value,114.05,Two year,72,No,0.00322864693939146
6727-IOTLZ,High-Value,81.95,Two year,14,No,0.003220887628237388
8975-SKGRX,High-Value,116.1,Two year,71,No,0.003217539200100344
5914-XRFQB,High-Value,115.8,Two year,72,No,0.0032109552388046828
2223-GDSHL,High-Value,116.05,Two year,71,No,0.0032105537792086743
8480-PPONV,High-Value,115.55,Two year,62,No,0.0032025122047178983
3795-CAWEX,High-Value,116.55,Two year,70,No,0.00320138455753614
8454-AATJP,High-Value,115.05,Two year,72,No,0.0031986592694698735
9359-JANWS,Low-Value,58.9,Two year,65,No,0.0031957909633388917
2753-JMMCV,High-Value,74.2,Two year,65,No,0.003193146925576182
7017-VFHAY,High-Value,115.1,Two year,61,No,0.0031853985424729705
6695-FRVEC,Low-Value,60.4,Two year,67,No,0.0031827842243315717
7359-WWYJV,High-Value,114.45,Two year,72,No,0.0031816611705294787
8085-MSNLK,High-Value,113.95,Two year,62,No,0.0031787484187792894
3508-CFVZL,High-Value,111.3,Two year,71,No,0.003176131379624721
7306-YDSOI,Low-Value,59.75,Two year,69,No,0.0031750242946606833
3258-ZKPAI,High-Value,116.6,Two year,72,No,0.0031682005217774597
6445-TNRXS,High-Value,114.7,Two year,68,No,0.003167713642947997
6898-RBTLU,High-Value,79.3,Two year,49,No,0.003166080820518324
9372-TXXPS,Low-Value,59.85,Two year,60,No,0.003165884383344966
4115-BNPJY,High-Value,75.55,Two year,29,No,0.003164718389057765
8513-OLYGY,High-Value,115.8,Two year,72,No,0.003163362039481179
9871-ELEYA,Low-Value,67.65,Two year,34,No,0.003162440211816378
1506-YJTYT,High-Value,73.85,Two year,45,No,0.0031595124076233467
9091-WTUUY,Low-Value,69.25,Two year,64,No,0.003158527969155212
8869-LIHMK,High-Value,115.1,Two year,64,No,0.003157880559851711
4188-PCPIG,High-Value,70.35,Two year,57,No,0.0031527039709270226
2121-JAFOM,High-Value,115.55,Two year,72,No,0.00315265368204628
8207-DMRVL,High-Value,114.55,Two year,72,No,0.0031467756392752518
0771-CHWSK,High-Value,74.6,Two year,66,No,0.003145842783839011
0602-DDUML,Low-Value,69.75,Two year,57,No,0.0031423026097406217
0114-IGABW,Low-Value,58.25,Two year,71,No,0.003141968054688671
3726-TBHQT,High-Value,114.0,Two year,71,No,0.0031419249965210345
3470-OBUET,High-Value,74.0,Two year,67,No,0.003139495168388183
3474-BAFSJ,Low-Value,57.5,Two year,57,No,0.0031373577624495153
9258-CNWAC,High-Value,113.65,Two year,71,No,0.0031363207982109155
9993-LHIEB,Low-Value,67.85,Two year,67,No,0.003129884563654749
5676-CFLYY,High-Value,73.35,Two year,71,No,0.0031237642126631447
3655-SNQYZ,High-Value,113.25,Two year,69,No,0.003122041837343729
2845-KDHVX,Low-Value,68.3,Two year,64,No,0.0031165179526104004
6859-QNXIQ,High-Value,113.1,Two year,72,No,0.0031139390546514514
3882-IYOIJ,High-Value,115.25,Two year,60,No,0.0031097930720355316
5322-TEUJK,High-Value,114.6,Two year,71,No,0.0031049472992082275
3669-WHAFY,High-Value,115.15,Two year,71,No,0.0030951938317425615
0674-GCDXG,High-Value,71.9,Two year,63,No,0.0030897670063494962
5183-KLYEM,High-Value,112.75,Two year,72,No,0.0030851252859348355
4304-TSPVK,High-Value,114.9,Two year,68,No,0.0030843163000551857
2368-GAKKQ,High-Value,113.65,Two year,70,No,0.003082632521769579
5038-ETMLM,High-Value,113.65,Two year,72,No,0.0030825762522358113
9675-ICXCT,High-Value,80.8,Two year,72,No,0.00308205963576708
3810-DVDQQ,High-Value,117.6,Two year,72,No,0.0030759874771404032
6993-YGFJV,High-Value,112.55,Two year,69,No,0.003073989889860794
8670-ERCJH,High-Value,113.4,Two year,72,No,0.0030726847202893113
0556-FJEGU,Low-Value,70.1,Two year,58,No,0.0030560949248250795
9239-GZHZE,High-Value,113.65,Two year,72,No,0.0030536506562398886
3520-FJGCV,High-Value,112.6,Two year,72,No,0.0030521499458973484
3258-SYSWS,High-Value,113.8,Two year,72,No,0.0030496790932527623
5574-NXZIU,High-Value,109.2,Two year,63,No,0.0030486459621430874
1043-UXOVO,High-Value,113.15,Two year,71,No,0.003047410898910071
3870-SPZSI,High-Value,113.05,Two year,70,No,0.003045413072664264
2040-XBAVJ,High-Value,114.45,Two year,72,No,0.0030440980845214505
4393-GEADV,High-Value,114.75,Two year,70,No,0.00303642560915144
9637-CDTKZ,High-Value,114.1,Two year,72,No,0.0030362729568218193
5208-FVQKB,Low-Value,67.95,Two year,70,No,0.003035004354910652
2176-OSJUV,Low-Value,65.15,Two year,71,No,0.0030349426984389665
7501-IWUNG,High-Value,73.8,Two year,61,No,0.003027972256726845
5846-NEQVZ,High-Value,70.85,Two year,71,No,0.0030262615340762604
0266-GMEAO,High-Value,114.3,Two year,72,No,0.003023197020317959
0513-RBGPE,Low-Value,62.8,Two year,37,No,0.003021634964525612
7197-VOJMM,Low-Value,69.2,Two year,67,No,0.0030212436353482496
5696-JVVQY,Low-Value,70.1,Two year,48,No,0.0030189618860747653
0973-KYVNF,High-Value,70.65,Two year,72,No,0.0030075562093710385
3963-RYFNS,High-Value,116.45,Two year,72,No,0.0030068195806007554
7055-JCGNI,High-Value,111.95,Two year,70,No,0.0030058924512264724
2193-SFWQW,High-Value,111.95,Two year,72,No,0.0030048673579873434
3892-NXAZG,High-Value,114.05,Two year,72,No,0.0029792474104562245
7176-WRTNX,High-Value,114.95,Two year,70,No,0.0029717417704900016
2296-DKZFP,High-Value,71.0,Two year,65,No,0.0029541347697367715
8722-PRFDV,High-Value,77.55,Two year,71,No,0.002951335481552595
8039-ACLPL,Low-Value,68.75,Two year,72,No,0.002943869190995361
5095-ETBRJ,Low-Value,56.8,Two year,55,No,0.0029399570537497247
2599-CIPQE,High-Value,109.3,Two year,71,No,0.0029347752235090044
5375-XLDOF,High-Value,114.35,Two year,69,No,0.0029303745355932476
7169-YWAMK,Low-Value,68.4,Two year,72,No,0.002927471475640315
9298-WGMRW,High-Value,115.5,Two year,72,No,0.0029179983292027317
3831-YCPUO,High-Value,109.5,Two year,72,No,0.0029138298680422008
5010-IPEAQ,Low-Value,54.2,Two year,67,No,0.002910782401563832
2256-YLYLP,High-Value,72.95,Two year,68,No,0.0029062660151382286
6288-CHQJB,Low-Value,69.95,Two year,54,No,0.002906237056777606
8204-YJCLA,Low-Value,64.8,Two year,72,No,0.00288671882425886
4778-IZARL,High-Value,110.1,Two year,63,No,0.00286406697120158
0906-QVPMS,High-Value,115.15,Two year,72,No,0.0028597161538273072
1053-MXTTK,High-Value,108.65,Two year,72,No,0.002852077215379341
6007-TCTST,High-Value,115.8,Two year,72,No,0.0028460775366779922
5456-ITGIC,Low-Value,64.45,Two year,72,No,0.0028437646936632904
6519-ZHPXP,High-Value,108.3,Two year,72,No,0.0028298697279179005
5130-YPIRV,High-Value,72.0,Two year,62,No,0.002797573165832751
8050-DVOJX,High-Value,81.35,Two year,49,No,0.0027673715134101887
6437-UDQJM,High-Value,84.1,Two year,72,No,0.002758876467259826
0378-CJKPV,High-Value,112.1,Two year,72,No,0.002751571583808188
0181-RITDD,High-Value,108.15,Two year,62,No,0.0027444331811398485
4994-OBRSZ,High-Value,76.1,Two year,14,No,0.0027082932149763805
4782-OSFXZ,High-Value,82.7,Two year,71,No,0.0026638336895371665
3108-PCCGG,High-Value,84.45,Two year,72,No,0.0026594055525371073
6253-GNHWH,High-Value,71.1,Two year,71,No,0.0025928286859138888
7037-MTYVW,High-Value,85.4,Two year,38,No,0.002588465751170525
6115-ZTBFQ,Low-Value,65.5,Two year,72,No,0.0025709979268216253
2088-IEBAU,High-Value,88.15,Two year,68,No,0.002561963476326166
8336-TAVKX,High-Value,78.45,Two year,72,No,0.0025548212895603406
8221-HVAYI,Low-Value,69.15,Two year,35,No,0.0025542073483456893
7233-PAHHL,High-Value,84.0,Two year,66,No,0.0025483150745613014
0945-TSONX,High-Value,85.3,Two year,47,No,0.0025418261909515853
5751-USDBL,High-Value,81.0,Two year,46,No,0.0025345292565033734
4079-WWQQQ,Low-Value,65.55,Two year,72,No,0.0025250278801091184
7781-HVGMK,Low-Value,65.2,Two year,72,No,0.002514945232577279
1498-NHTLT,High-Value,86.75,Two year,59,No,0.0025140993457602417
0436-TWFFZ,High-Value,85.25,Two year,67,No,0.0025103710740467778
2987-BJXIK,High-Value,84.7,Two year,70,No,0.0025097081630682306
4254-QPEDE,Low-Value,66.25,Two year,52,No,0.0024999889603822116
6203-HBZPA,Low-Value,63.9,Two year,52,No,0.0024958647420977244
8060-HIWJJ,High-Value,86.55,Two year,64,No,0.0024908307234753346
2863-IMQDR,High-Value,89.65,Two year,61,No,0.002488862187377198
5275-PMFUT,Low-Value,64.8,Two year,72,No,0.0024880249251907514
6120-RJKLU,High-Value,79.95,Two year,62,No,0.0024854398454692943
3654-ARMGP,High-Value,88.65,Two year,61,No,0.002483540634042133
2990-OGYTD,High-Value,86.15,Two year,67,No,0.0024754678470154667
0301-FIDRB,Low-Value,63.8,Two year,72,No,0.0024717667976406643
5360-XGYAZ,Low-Value,65.65,Two year,72,No,0.00246774588402672
2885-HIJDH,High-Value,86.9,Two year,69,No,0.002463760396231924
0078-XZMHT,High-Value,85.15,Two year,72,No,0.0024575127383058932
2535-PBCGC,Low-Value,64.55,Two year,70,No,0.002456984740081367
8374-UULRV,High-Value,86.05,Two year,72,No,0.0024567869112507635
2077-DDHJK,High-Value,70.9,Two year,68,No,0.0024478081340513604
5129-HHMZC,High-Value,86.45,Two year,43,No,0.002447408667227596
3638-VBZTA,High-Value,86.5,Two year,68,No,0.002436203350265647
9919-FZDED,High-Value,84.1,Two year,72,No,0.002429747027932632
8908-NMQTX,Low-Value,65.6,Two year,72,No,0.002428983549487413
0942-KOWSM,High-Value,80.8,Two year,30,No,0.0024264409248939017
3913-FCUUW,High-Value,70.45,Two year,72,No,0.0024248629964663364
2404-JIBFC,High-Value,85.1,Two year,55,No,0.0024247125718458865
9795-NREXC,High-Value,85.0,Two year,64,No,0.002421270610918879
0336-PIKEI,High-Value,74.4,Two year,72,No,0.0024175715168664254
5318-YKDPV,High-Value,79.15,Two year,43,No,0.0024173489191474536
8404-VIOMB,Low-Value,62.5,Two year,66,No,0.002412998786531557
4139-DETXS,Low-Value,64.45,Two year,72,No,0.0024116191988957764
6516-NKQBO,High-Value,81.0,Two year,38,No,0.0024093656079093215
0383-CLDDA,High-Value,85.35,Two year,69,No,0.00240185641225307
0270-THENM,Low-Value,69.85,Two year,72,No,0.002399021304657101
1431-AIDJQ,High-Value,82.1,Two year,33,No,0.0023952924399694574
9339-FIIJL,High-Value,85.95,Two year,72,No,0.002394925720837749
3230-IUALN,High-Value,81.0,Two year,45,No,0.0023946769458788103
9443-JUBUO,Low-Value,65.25,Two year,72,No,0.002394212553986265
6087-YPWHO,Low-Value,68.15,Two year,72,No,0.0023881127945547254
3889-VWBID,High-Value,82.85,Two year,68,No,0.002384631097241288
3200-MNQTF,High-Value,70.9,Two year,67,No,0.0023823074104909253
6732-VAILE,High-Value,85.95,Two year,70,No,0.0023803128134827463
9194-GFVOI,High-Value,84.35,Two year,42,No,0.0023759336133046573
4723-BEGSG,High-Value,86.65,Two year,72,No,0.002374184491370706
3410-YOQBQ,High-Value,79.2,Two year,31,No,0.002371245801662412
8661-BOYNW,High-Value,84.4,Two year,72,No,0.002370517921856375
6656-GULJQ,High-Value,83.55,Two year,72,No,0.0023676149332494175
1265-ZFOSD,High-Value,81.3,Two year,64,No,0.002364597420770903
5494-WOZRZ,High-Value,82.0,Two year,71,No,0.002363384131875503
9755-JHNMN,Low-Value,67.4,Two year,49,No,0.002363086902676606
8218-FFJDS,High-Value,86.4,Two year,72,No,0.002360219895590383
8125-QPFJD,High-Value,84.9,Two year,72,No,0.0023596452794151916
5003-XZWWO,High-Value,84.2,Two year,71,No,0.002351260787515646
0885-HMGPY,Low-Value,69.4,Two year,62,No,0.002350801524510634
3050-RLLXC,High-Value,81.25,Two year,56,No,0.0023503899516137934
3166-PNEOF,High-Value,86.45,Two year,61,No,0.0023488775864570132
4827-DPADN,High-Value,83.3,Two year,72,No,0.002347893201790273
6897-RWMUB,Low-Value,68.05,Two year,61,No,0.002345352206347173
0361-HJRDX,Low-Value,64.35,Two year,68,No,0.0023416365237377054
1642-HMARX,High-Value,91.7,Two year,68,No,0.002335368262521902
5394-MEITZ,High-Value,80.6,Two year,60,No,0.0023336675267242885
9073-ZZIAY,High-Value,86.1,Two year,62,No,0.002333486790215457
7609-YBPXG,High-Value,87.1,Two year,54,No,0.002332727761390999
3938-YFPXD,High-Value,84.3,Two year,72,No,0.002332673204443291
5197-LQXXH,High-Value,83.3,Two year,71,No,0.0023256334806729946
4291-TPNFG,High-Value,82.3,Two year,72,No,0.002322534397032532
2167-FQSTQ,High-Value,92.4,Two year,72,No,0.002320096523577597
5915-ANOEI,High-Value,79.15,Two year,70,No,0.002316399879637655
9242-TKFSV,Low-Value,65.1,Two year,72,No,0.002316134560398632
9786-YWNHU,Low-Value,63.55,Two year,63,No,0.0023130040921383144
2040-LDIWQ,High-Value,84.2,Two year,65,No,0.00231286722410713
8390-FESFV,High-Value,84.5,Two year,62,No,0.002312058272522863
0795-LAFGP,High-Value,90.4,Two year,71,No,0.0023096386209142577
7649-SIJJF,High-Value,80.1,Two year,71,No,0.0023046737972901156
9385-NXKDA,High-Value,82.65,Two year,72,No,0.0023004218305638984
3262-EIDHV,High-Value,84.7,Two year,72,No,0.002294976473433529
3486-HOOGQ,High-Value,79.7,Two year,70,No,0.002294627566017299
7639-OPLNG,High-Value,79.25,Two year,70,No,0.0022893820676273217
1027-LKKQQ,High-Value,80.45,Two year,72,No,0.0022841574673029383
7349-ALMUX,Low-Value,65.6,Two year,37,No,0.0022838018627193537
5803-NQJZO,Low-Value,67.8,Two year,72,No,0.0022826982808807524
8645-KOMJQ,High-Value,81.95,Two year,69,No,0.002278406409604386
5614-DNZCE,Low-Value,64.9,Two year,58,No,0.0022725869821986736
6339-RZCBJ,High-Value,78.9,Two year,48,No,0.0022712385795029565
2252-NKNSI,High-Value,85.15,Two year,52,No,0.002268640637797198
7113-HIPFI,Low-Value,65.85,Two year,66,No,0.0022679652987171455
4967-WPNCF,Low-Value,63.7,Two year,72,No,0.0022656711875121745
0229-LFJAF,Low-Value,69.65,Two year,72,No,0.0022655312052227866
0988-AADSA,High-Value,80.85,Two year,72,No,0.0022621768683442674
9110-HSGTV,High-Value,82.45,Two year,69,No,0.0022618080896849983
3071-MVJCD,High-Value,82.3,Two year,72,No,0.002261447518484141
5930-GBIWP,High-Value,81.5,Two year,69,No,0.0022591374718181467
3544-FBCAS,High-Value,83.6,Two year,72,No,0.002258105785409038
0909-SELIE,High-Value,80.8,Two year,61,No,0.0022576291405562022
7898-PDWQE,High-Value,80.4,Two year,71,No,0.0022572817532827976
9553-DLCLU,High-Value,88.95,Two year,13,No,0.0022554758484591157
5457-COLHT,High-Value,80.65,Two year,69,No,0.0022533886057841414
0769-MURVM,Low-Value,65.7,Two year,72,No,0.0022514370186919558
7998-WNZEM,High-Value,80.6,Two year,71,No,0.0022506874407756516
9477-LGWQI,High-Value,80.15,Two year,70,No,0.002241697268662516
7560-QJAVJ,High-Value,79.6,Two year,70,No,0.0022366563352426926
9065-ZCPQX,High-Value,78.85,Two year,72,No,0.0022360508197880984
9114-DPSIA,High-Value,81.0,Two year,72,No,0.0022353725618000555
2234-EOFPT,High-Value,79.35,Two year,72,No,0.0022334290939135986
5115-GZDEL,Low-Value,67.2,Two year,72,No,0.0022312356050776467
8590-YFFQO,Low-Value,64.95,Two year,70,No,0.002225484110645501
4900-MSOMT,High-Value,80.2,Two year,72,No,0.002221011605551935
3563-SVYLG,Low-Value,62.65,Two year,68,No,0.002217645499885428
8414-OOEEL,High-Value,79.5,Two year,66,No,0.0022166901159764536
2725-TTRIQ,High-Value,84.2,Two year,72,No,0.002211380513198384
9227-YBAXE,High-Value,82.5,Two year,65,No,0.002206845610899022
9488-FVZCC,High-Value,79.5,Two year,72,No,0.002200997329340192
5148-ORICT,High-Value,74.35,Two year,64,No,0.0021967575170119026
8766-PAFNE,High-Value,79.1,Two year,71,No,0.0021957499763029346
7162-WPHPM,High-Value,71.6,Two year,58,No,0.002194308774826879
4737-AQCPU,High-Value,72.1,Two year,72,No,0.002194013571186522
8619-IJNDK,Low-Value,64.05,Two year,71,No,0.002187806930541081
3429-IFLEM,High-Value,77.35,Two year,71,No,0.002187182972908744
2882-WDTBA,High-Value,75.75,Two year,69,No,0.0021861769291437083
4671-VJLCL,High-Value,79.85,Two year,63,No,0.002185066019551944
5248-KWLAR,High-Value,90.35,Two year,71,No,0.002183711737980637
2498-XLDZR,High-Value,73.6,Two year,32,No,0.002180457407445033
2400-XIWIO,High-Value,90.1,Two year,71,No,0.002178129902932475
0379-DJQHR,High-Value,81.35,Two year,67,No,0.002152080704436748
6631-HMANX,High-Value,85.45,Two year,72,No,0.0021299070108768696
6741-QRLUP,High-Value,80.3,Two year,63,No,0.0021278752018121707
5816-JMLGY,High-Value,80.4,Two year,70,No,0.0021160146830887815
3795-GWTRD,High-Value,75.55,Two year,63,No,0.0021153300950223736
8146-QQKZH,High-Value,81.85,Two year,71,No,0.002105187927815498
7860-UXCRM,High-Value,74.5,Two year,63,No,0.0021002686424882715
6169-PGNCD,High-Value,74.3,Two year,57,No,0.002088509367304792
2251-PYLPB,High-Value,79.55,Two year,72,No,0.0020866705919710266
9548-LIGTA,High-Value,81.05,Two year,61,No,0.002083390998085929
1676-MQAOA,High-Value,75.1,Two year,72,No,0.002080808643046029
8345-MVDYC,High-Value,81.65,Two year,45,No,0.0020602379096142922
6384-VMJHP,High-Value,73.0,Two year,72,No,0.002053435828137148
3948-KXDUF,Low-Value,68.75,Two year,66,No,0.0020338356602807887
6283-GITPX,High-Value,76.9,Two year,71,No,0.002014391539723563
7503-MIOGA,High-Value,89.85,Two year,72,No,0.001986880000531094
5736-YEJAX,High-Value,79.45,Two year,69,No,0.0019652037551205854
2176-LVPNX,High-Value,89.85,Two year,71,No,0.001925524116296287
6963-EZQEE,High-Value,88.55,Two year,70,No,0.001922477957838861
2235-EZAIK,High-Value,79.2,Two year,72,No,0.001903189125448687
3146-MSEGF,High-Value,88.05,Two year,72,No,0.0018988446244486193
3219-JQRSL,High-Value,89.1,Two year,72,No,0.0018782187465852737
5982-PSMKW,High-Value,91.1,Two year,23,No,0.0017945798361539002
5788-YPOEG,High-Value,84.75,Two year,34,No,0.0017283321150248145
5248-RPYWW,High-Value,90.15,Two year,72,No,0.0017279041317451184
2000-DHJUY,High-Value,92.2,Two year,70,No,0.0017188284116092327
8999-YPYBV,High-Value,84.35,Two year,45,No,0.0017103339316288523
6408-WHTEF,High-Value,89.4,Two year,72,No,0.0017022642212020148
9489-JMTTN,High-Value,89.75,Two year,72,No,0.0016877539496692197
1775-KWJKQ,High-Value,89.85,Two year,72,No,0.001678938912779309
4701-LKOZD,High-Value,89.75,Two year,70,No,0.0016786534116143062
1568-BEKZM,High-Value,90.05,Two year,70,No,0.0016759524004832176
0123-CRBRT,High-Value,88.1,Two year,61,No,0.0016754821646037428
8690-ZVLCL,High-Value,88.0,Two year,68,No,0.0016731296487594155
8100-PNJMH,High-Value,88.85,Two year,68,No,0.001666074773432126
5879-HMFFH,High-Value,88.05,Two year,72,No,0.0016650453234144083
7408-OFWXJ,High-Value,89.8,Two year,72,No,0.0016647288712506975
2925-VDZHY,High-Value,88.7,Two year,72,No,0.0016607433914904116
9415-ZNBSX,High-Value,89.0,Two year,70,No,0.001657096440613839
1187-WILMM,High-Value,89.4,Two year,63,No,0.001651534952327778
6461-SZMCV,High-Value,87.95,Two year,71,No,0.0016490350067160779
6365-HITVU,High-Value,87.25,Two year,71,No,0.0016381988020357388
7164-BPTUT,High-Value,89.55,Two year,57,No,0.0016367794550530348
1084-MNSMJ,High-Value,85.5,Two year,51,No,0.0016356515804369525
9135-MGVPY,High-Value,84.7,Two year,69,No,0.0016356258029008356
8670-MEFCP,High-Value,92.9,Two year,36,No,0.0016252270013983547
7873-CVMAW,High-Value,88.55,Two year,72,No,0.0016237274342637401
0363-SVHYR,High-Value,86.85,Two year,71,No,0.0016203493205486546
0238-WHBIQ,High-Value,89.7,Two year,72,No,0.0016192762565870194
6885-PKOAM,High-Value,85.75,Two year,71,No,0.0016082684105488936
6701-YVNQG,High-Value,88.7,Two year,72,No,0.00160812821301328
5766-FTRTS,High-Value,84.45,Two year,72,No,0.0016038297621007555
9224-VTYID,High-Value,90.5,Two year,47,No,0.0015971317235949087
6369-MCAKO,High-Value,89.05,Two year,68,No,0.0015969077721779963
7109-CQYUZ,High-Value,89.25,Two year,52,No,0.0015960344939512578
9453-PATOS,High-Value,85.1,Two year,72,No,0.0015949489769042683
3720-DBRWL,High-Value,83.85,Two year,51,No,0.001590323034825682
5980-BDHPY,High-Value,87.1,Two year,72,No,0.0015875190975150613
0744-BIKKF,High-Value,86.65,Two year,72,No,0.0015855597277122891
7508-DQAKK,High-Value,86.4,Two year,64,No,0.001573314832691736
5485-ITNPC,High-Value,85.9,Two year,66,No,0.0015641121325145181
9435-JMLSX,High-Value,86.1,Two year,71,No,0.0015626222919934369
4006-HKYHO,High-Value,86.7,Two year,63,No,0.0015620477405998456
6695-AMZUF,High-Value,86.45,Two year,70,No,0.0015619878048039066
6479-VDGRK,High-Value,85.3,Two year,72,No,0.0015595224923565228
7579-KKLOE,High-Value,91.25,Two year,71,No,0.0015540957042943168
6916-HIJSE,High-Value,84.85,Two year,65,No,0.0015501741931451584
7101-HRBLJ,High-Value,83.7,Two year,72,No,0.0015493236811242757
8413-YNHNV,High-Value,90.65,Two year,69,No,0.0015354456895050105
1897-OKVMW,High-Value,90.6,Two year,64,No,0.001531852712337854
4077-HWUYD,High-Value,87.55,Two year,72,No,0.0015260162683797566
5680-LQOGP,High-Value,82.45,Two year,68,No,0.0015246244564997929
2378-YIZKA,High-Value,85.0,Two year,68,No,0.0015180009162626446
1568-LJSZU,High-Value,92.2,Two year,68,No,0.0015141565613669273
9778-OGKQZ,High-Value,92.0,Two year,72,No,0.0015103009277223818
7401-JIXNM,High-Value,91.3,Two year,54,No,0.0015080553652777062
8174-TBVCF,High-Value,94.8,Two year,70,No,0.0015057440614842034
0244-LGNFY,High-Value,92.65,Two year,72,No,0.001499199981348937
3967-KXAPS,High-Value,92.3,Two year,72,No,0.001495593439716181
8197-BFWVU,High-Value,93.25,Two year,72,No,0.0014893421225890004
6258-PVZWJ,High-Value,90.8,Two year,68,No,0.001489198496497722
7975-JMZNT,High-Value,91.7,Two year,66,No,0.0014831621432690875
5377-NDTOU,High-Value,91.05,Two year,71,No,0.0014804376330243329
3227-WLKLI,High-Value,91.55,Two year,65,No,0.001479585830028312
3569-JFODW,High-Value,90.95,Two year,72,No,0.001477725126626536
1227-UDMZR,High-Value,91.15,Two year,72,No,0.001474510765918826
4718-WXBGI,High-Value,91.95,Two year,72,No,0.0014700449499939563
3779-OSWCF,High-Value,93.2,Two year,71,No,0.0014691491661712134
4973-MGTON,High-Value,84.4,Two year,71,No,0.0014633501339770092
2194-IIQOF,High-Value,89.3,Two year,71,No,0.0014564923434554062
4674-HGNUA,High-Value,89.9,Two year,71,No,0.001453306470635547
2977-CEBSX,High-Value,90.05,Two year,66,No,0.0014525373515351608
0839-JTCUD,High-Value,89.9,Two year,66,No,0.0014505235609983708
7398-HPYZQ,High-Value,90.55,Two year,71,No,0.0014415303856126008
5997-OPVFA,High-Value,89.05,Two year,72,No,0.0014397110762635224
3084-DOWLE,High-Value,92.0,Two year,72,No,0.0014371685682079546
1971-DTCZB,High-Value,90.95,Two year,72,No,0.0014345510271329528
1951-IEYXM,High-Value,90.6,Two year,72,No,0.0014279525799765968
9348-ROUAI,High-Value,90.3,Two year,59,No,0.0014274031518748986
5117-ZSMHQ,High-Value,89.9,Two year,71,No,0.001426354863869368
6122-LJADA,High-Value,90.15,Two year,70,No,0.0014243531074054129
5727-MYATE,High-Value,90.8,Two year,72,No,0.0014180372470049014
0730-BGQGF,High-Value,90.3,Two year,71,No,0.00141397330790671
3508-VLHCZ,High-Value,90.55,Two year,71,No,0.0014031589038240725
6418-HNFED,High-Value,83.25,Two year,51,No,0.0013996036927677704
0016-QLJIS,High-Value,90.45,Two year,65,No,0.0013917705018560939
5248-YGIJN,High-Value,90.25,Two year,72,No,0.0013749798845086377
6997-UVGOX,High-Value,85.45,Two year,71,No,0.0013689632605950106
2990-IAJSV,High-Value,92.0,Two year,72,No,0.0013644179718374596
9297-EONCV,High-Value,91.35,Two year,72,No,0.0013427823534279454
