customerID,value_segment,MonthlyCharges,Contract,tenure,Churn,churn_probability
2720-WGKHP,High-Value,94.0,Month-to-month,2,Yes,0.9922169074742567
9497-QCMMS,High-Value,93.55,Month-to-month,1,Yes,0.9913339116823557
2012-NWRPA,High-Value,99.55,Month-to-month,11,Yes,0.9890385468909205
8884-ADFVN,High-Value,101.95,Month-to-month,7,Yes,0.9888839322382088
3737-GCSPV,High-Value,96.2,Month-to-month,11,Yes,0.9886890125087959
3988-RQIXO,High-Value,91.3,Month-to-month,1,Yes,0.9884692497821053
3319-DWOEP,High-Value,95.75,Month-to-month,6,Yes,0.9880239139312401
7783-YKGDV,High-Value,99.7,Month-to-month,12,Yes,0.9868960876807981
5293-WXJAK,High-Value,104.05,Month-to-month,11,Yes,0.9854431405492864
8168-UQWWF,High-Value,97.85,Month-to-month,11,Yes,0.9854263807473364
9889-TMAHG,High-Value,100.3,Month-to-month,8,Yes,0.9836245993356079
6688-UZPWD,High-Value,102.0,Month-to-month,11,Yes,0.9835796660663593
2612-RANWT,High-Value,100.15,Month-to-month,12,Yes,0.9828085389051737
3158-MOERK,High-Value,96.0,Month-to-month,2,Yes,0.982046081772029
7209-JCUDS,High-Value,94.9,Month-to-month,10,Yes,0.9810314182021649
1455-UGQVH,High-Value,98.5,Month-to-month,10,Yes,0.9806988597263728
1571-SAVHK,High-Value,99.95,Month-to-month,12,Yes,0.9804154112387861
4078-SAYYN,High-Value,100.75,Month-to-month,11,Yes,0.9801322016623863
9172-ANCRX,High-Value,98.7,Month-to-month,10,Yes,0.9801322016623863
0655-RBDUG,High-Value,98.05,Month-to-month,7,Yes,0.9794945753892931
3045-XETSH,High-Value,94.85,Month-to-month,10,Yes,0.9792131570967912
0107-YHINA,High-Value,99.75,Month-to-month,1,Yes,0.9788372341212114
3902-FOIGH,High-Value,101.35,Month-to-month,12,Yes,0.9786530184545011
7450-NWRTR,High-Value,99.45,Month-to-month,12,Yes,0.9786509619956214
5747-PMBSQ,High-Value,92.5,Month-to-month,10,Yes,0.978173766032497
0897-FEGMU,High-Value,99.5,Month-to-month,11,Yes,0.9778272762749638
9134-CEQMF,High-Value,89.5,Month-to-month,7,Yes,0.9775567872379056
2660-EMUBI,High-Value,95.35,Month-to-month,10,Yes,0.9772957313914433
5419-JPRRN,High-Value,101.45,Month-to-month,1,Yes,0.9756472570008862
2929-ERCFZ,High-Value,94.2,Month-to-month,8,Yes,0.9751209217351382
1567-DSCIC,High-Value,94.0,Month-to-month,8,Yes,0.9751209217351382
2982-VPSGI,High-Value,94.0,Month-to-month,11,Yes,0.9742442191907347
1450-GALXR,High-Value,98.5,Month-to-month,10,Yes,0.9741930486517747
2462-XIIJB,High-Value,92.5,Month-to-month,5,Yes,0.9732299626721695
1374-DMZUI,High-Value,94.3,Month-to-month,4,Yes,0.9731028548606693
9057-SIHCH,High-Value,96.6,Month-to-month,3,Yes,0.9729095095190484
7526-BEZQB,High-Value,96.05,Month-to-month,12,Yes,0.9725053850899832
4228-ZGYUW,High-Value,90.05,Month-to-month,4,Yes,0.9723520387634244
6328-ZPBGN,High-Value,95.15,Month-to-month,11,Yes,0.9723141634896081
7228-OMTPN,High-Value,88.45,Month-to-month,4,Yes,0.971613246941405
2265-CYWIV,High-Value,99.6,Month-to-month,4,Yes,0.9716043533286459
9565-DJPIB,High-Value,89.6,Month-to-month,4,Yes,0.9713517741693858
9025-AOMKI,High-Value,93.55,Month-to-month,6,Yes,0.9707780660707452
0345-HKJVM,High-Value,89.3,Month-to-month,6,Yes,0.9699645651014912
7005-CCBKV,High-Value,84.4,Month-to-month,6,Yes,0.9687849238020353
7295-JOMMD,High-Value,98.1,Month-to-month,4,Yes,0.9680258518796443
2454-RPBRZ,High-Value,98.1,Month-to-month,12,Yes,0.9675092562956421
8937-RDTHP,High-Value,84.6,Month-to-month,1,Yes,0.9652951773352278
5299-RULOA,High-Value,100.25,Month-to-month,10,Yes,0.9647643930081544
2180-DXNEG,High-Value,96.0,Month-to-month,12,Yes,0.9640929004072462
9189-JWSHV,High-Value,93.55,Month-to-month,24,Yes,0.9637398432239059
9809-IMGCQ,High-Value,96.7,Month-to-month,22,Yes,0.9631337276120991
4094-NSEDU,High-Value,94.25,Month-to-month,21,Yes,0.9631337276120991
3049-SOLAY,High-Value,95.2,Month-to-month,3,Yes,0.9630964041501388
2027-FECZV,High-Value,106.7,Month-to-month,12,Yes,0.9630012341385927
8739-WWKDU,High-Value,89.5,Month-to-month,25,Yes,0.9628701493954503
8922-LIEGH,High-Value,89.7,Month-to-month,25,Yes,0.9628701493954503
5949-XIKAE,High-Value,83.55,Month-to-month,8,Yes,0.9626089305139659
4285-GYRQC,High-Value,86.25,Month-to-month,7,Yes,0.9622022274749399
9253-QXKBE,High-Value,94.45,Month-to-month,29,Yes,0.9621080156628856
8443-WVPSS,High-Value,99.85,Month-to-month,10,Yes,0.9620476078936124
4192-GORJT,High-Value,94.45,Month-to-month,5,Yes,0.961376418983714
6595-YGXIT,High-Value,88.95,Month-to-month,25,Yes,0.9611592805143815
0329-GTIAJ,High-Value,97.9,Month-to-month,3,Yes,0.9608656458954519
9846-GKXAS,High-Value,90.8,Month-to-month,9,Yes,0.960831542336934
3318-OSATS,High-Value,95.45,Month-to-month,35,Yes,0.9605122322031177
3027-ZTDHO,High-Value,89.9,Month-to-month,1,Yes,0.959767232707942
0637-UBJRP,High-Value,84.05,Month-to-month,13,Yes,0.9593995164302089
8337-UPOAQ,High-Value,89.8,Month-to-month,10,Yes,0.9588166418189421
4391-RESHN,High-Value,104.05,Month-to-month,23,Yes,0.9582009834227656
4021-RQSNY,High-Value,98.5,Month-to-month,29,Yes,0.958046921342942
4315-MURBD,High-Value,98.9,Month-to-month,12,Yes,0.9575618365727533
5130-IEKQT,High-Value,105.95,Month-to-month,25,Yes,0.957423538379345
4844-JJWUY,High-Value,86.0,Month-to-month,1,Yes,0.9572141205902021
6543-XRMYR,High-Value,99.7,Month-to-month,30,Yes,0.9566736255759684
6900-PXRMS,High-Value,105.75,Month-to-month,26,Yes,0.9562864597454613
8017-LXHFA,High-Value,94.75,Month-to-month,23,Yes,0.9562787102679409
2034-CGRHZ,High-Value,102.95,Month-to-month,24,Yes,0.9560465282573408
4597-NUCQV,High-Value,101.25,Month-to-month,24,Yes,0.9558087964166978
4817-VYYWS,High-Value,100.2,Month-to-month,30,Yes,0.9553110027940196
6402-ZFPPI,High-Value,102.8,Month-to-month,25,Yes,0.9553107213532877
5655-JSMZM,High-Value,96.2,Month-to-month,49,Yes,0.9548537276772707
8510-AWCXC,High-Value,100.8,Month-to-month,13,Yes,0.9548278452145991
1820-TQVEV,Low-Value,69.55,Month-to-month,1,Yes,0.9545148213515806
2034-GDRCN,High-Value,90.4,Month-to-month,2,Yes,0.9544835423662683
9172-JITSM,High-Value,90.8,Month-to-month,26,Yes,0.954398054325157
4902-OHLSK,High-Value,98.65,Month-to-month,29,Yes,0.9542745897694612
7861-UVUFT,High-Value,84.3,Month-to-month,15,Yes,0.9540333114087949
6892-XPFPU,High-Value,104.25,Month-to-month,24,Yes,0.9540214008172754
6005-OBZPH,High-Value,89.15,Month-to-month,26,Yes,0.9535182516010097
0886-QGENL,High-Value,101.25,Month-to-month,27,Yes,0.9531915815615639
5609-CEBID,High-Value,94.1,Month-to-month,20,Yes,0.9530692760639761
1624-WOIWJ,High-Value,84.7,Month-to-month,10,Yes,0.9516659019582656
0578-SKVMF,High-Value,83.3,Month-to-month,22,Yes,0.9514407616036048
0970-ETWGE,High-Value,89.55,Month-to-month,1,Yes,0.9513964433277106
1195-OIYEJ,High-Value,91.1,Month-to-month,13,Yes,0.9513774475181749
1309-BXVOQ,High-Value,106.1,Month-to-month,21,Yes,0.9512497913250951
5519-YLDGW,High-Value,103.9,Month-to-month,21,Yes,0.9512497913250951
4566-GOLUK,High-Value,107.35,Month-to-month,47,Yes,0.9508728188457579
6394-MFYNG,High-Value,107.4,Month-to-month,48,Yes,0.9507866972024452
3957-LXOLK,High-Value,106.15,Month-to-month,28,Yes,0.950322339776564
1075-BGWOH,High-Value,98.75,Month-to-month,16,Yes,0.9501229455084338
6457-GIRWB,Low-Value,69.35,Month-to-month,1,Yes,0.9500247975992897
7254-IQWOZ,Low-Value,69.65,Month-to-month,1,Yes,0.9500247975992897
4550-EVXNY,Low-Value,69.65,Month-to-month,1,Yes,0.9500247975992897
6502-MJQAE,Low-Value,69.6,Month-to-month,1,Yes,0.9500247975992897
4510-HIMLV,Low-Value,69.8,Month-to-month,1,Yes,0.9500247975992897
7665-TOALD,Low-Value,69.6,Month-to-month,1,Yes,0.9500247975992897
5134-IKDAY,Low-Value,69.8,Month-to-month,1,Yes,0.9500247975992897
3428-XZMAZ,Low-Value,69.35,Month-to-month,1,Yes,0.9500247975992897
0488-GSLFR,Low-Value,69.5,Month-to-month,1,Yes,0.9500247975992897
2845-HSJCY,High-Value,87.25,Month-to-month,14,Yes,0.9498558442628354
4423-YLHDV,High-Value,104.4,Month-to-month,21,Yes,0.9498111463587623
8182-BJDSI,High-Value,89.95,Month-to-month,28,Yes,0.9497254969698408
1447-GIQMR,Low-Value,69.15,Month-to-month,1,Yes,0.9496896733258541
3716-BDVDB,Low-Value,69.1,Month-to-month,1,Yes,0.9496896733258541
7881-INRLC,High-Value,100.85,Month-to-month,45,Yes,0.949548600972422
5955-ERIHD,High-Value,94.7,Month-to-month,18,Yes,0.9495237969251193
7206-GZCDC,Low-Value,69.25,Month-to-month,1,Yes,0.9494673193860044
8393-DLHGA,High-Value,95.9,Month-to-month,25,Yes,0.9493905680843767
3757-NJYBX,High-Value,106.35,Month-to-month,32,Yes,0.9489367227253682
5883-GTGVD,High-Value,99.95,Month-to-month,19,Yes,0.9487872360025463
4603-JANFB,Low-Value,69.85,Month-to-month,1,Yes,0.9486675205059508
4077-CROMM,High-Value,104.2,Month-to-month,31,Yes,0.9485857644132379
8610-WFCJF,High-Value,95.6,Month-to-month,49,Yes,0.9484585407248529
7780-OTDSO,High-Value,99.4,Month-to-month,18,Yes,0.9480957707968015
9658-WYUFB,High-Value,94.4,Month-to-month,17,Yes,0.9477823977933061
2840-XANRC,High-Value,93.15,Month-to-month,24,Yes,0.947583456349097
1894-IGFSG,High-Value,89.25,Month-to-month,22,Yes,0.9475794557247351
3001-CBHLQ,High-Value,104.9,Month-to-month,32,Yes,0.9474756376296716
9912-GVSEQ,High-Value,93.85,Month-to-month,26,Yes,0.947431887139785
0576-WNXXC,High-Value,95.55,Month-to-month,27,Yes,0.9473326203473613
5875-YPQFJ,Low-Value,69.9,Month-to-month,1,Yes,0.9472961896186927
5542-TBBWB,Low-Value,69.9,Month-to-month,1,No,0.9472961896186927
9804-ICWBG,Low-Value,69.9,Month-to-month,1,Yes,0.9472961896186927
0320-JDNQG,High-Value,99.85,Month-to-month,23,Yes,0.946660184375441
6615-NGGZJ,High-Value,100.55,Month-to-month,14,Yes,0.9464854165904459
8625-AZYZY,High-Value,104.65,Month-to-month,24,Yes,0.9464281082992505
7599-FKVXZ,High-Value,106.15,Month-to-month,42,Yes,0.9464227265592139
3398-FSHON,High-Value,91.3,Month-to-month,12,Yes,0.9463913386189169
1264-BYWMS,High-Value,96.8,Month-to-month,55,Yes,0.9455286489064489
7079-QRCBC,High-Value,98.75,Month-to-month,24,Yes,0.9455216934932571
8999-BOHSE,High-Value,89.7,Month-to-month,11,Yes,0.9452929463494988
1513-XNPPH,High-Value,89.4,Month-to-month,12,Yes,0.9452799553499388
5364-XYIRR,High-Value,94.65,Month-to-month,51,Yes,0.9451314161028043
2430-USGXP,High-Value,101.05,Month-to-month,24,Yes,0.9449271028429268
7969-AULMZ,High-Value,97.35,Month-to-month,21,Yes,0.9448972704176494
1626-ERCMM,High-Value,94.55,Month-to-month,20,Yes,0.9446086217623515
9601-BRXPO,High-Value,104.95,Month-to-month,25,Yes,0.9445519211540575
7660-HDPJV,Low-Value,69.2,Month-to-month,1,Yes,0.9445148213515806
9728-FTTVZ,Low-Value,69.2,Month-to-month,1,Yes,0.9445148213515806
7979-CORPM,High-Value,90.55,Month-to-month,24,Yes,0.9444315321573663
9851-QXEEQ,High-Value,104.7,Month-to-month,41,Yes,0.9440013125637243
3143-JQEGI,High-Value,88.35,Month-to-month,13,Yes,0.9437562702399707
9692-TUSXH,High-Value,96.05,Month-to-month,18,Yes,0.9434704112375598
1597-LHYNC,High-Value,95.0,Month-to-month,26,Yes,0.9429903847542052
4124-MMETB,High-Value,94.65,Month-to-month,22,Yes,0.9429815345863186
8714-EUHJO,High-Value,91.15,Month-to-month,31,Yes,0.9428481663022752
0311-UNPFF,High-Value,88.8,Month-to-month,26,Yes,0.9427392784879309
8949-JTMAY,High-Value,98.6,Month-to-month,29,Yes,0.9426274523571958
2657-ALMWY,High-Value,84.95,Month-to-month,26,Yes,0.9426183911007102
8062-YBDOE,Low-Value,69.65,Month-to-month,1,Yes,0.9422889210700377
5539-TMZLF,Low-Value,69.75,Month-to-month,1,Yes,0.9422889210700377
2636-ALXXZ,Low-Value,69.6,Month-to-month,1,Yes,0.9422889210700377
4871-JTKJF,Low-Value,69.65,Month-to-month,1,Yes,0.9422889210700377
0679-IDSTG,Low-Value,69.25,Month-to-month,1,Yes,0.9422889210700377
8375-DKEBR,Low-Value,69.6,Month-to-month,1,Yes,0.9422889210700377
2506-TNFCO,Low-Value,69.55,Month-to-month,1,Yes,0.9422889210700377
0654-HMSHN,High-Value,104.4,Month-to-month,21,Yes,0.9419479941937429
1723-HKXJQ,High-Value,101.75,Month-to-month,42,Yes,0.9414524865057996
6899-PPEEA,High-Value,96.55,Month-to-month,37,Yes,0.9413488428272839
5052-PNLOS,High-Value,105.35,Month-to-month,3,Yes,0.9412827532716993
3871-IKPYH,Low-Value,69.1,Month-to-month,1,Yes,0.9411951677078705
0148-DCDOS,High-Value,94.7,Month-to-month,25,Yes,0.9410236976326674
1853-UDXBW,Low-Value,70.0,Month-to-month,1,Yes,0.9410199407410724
7153-OANIO,Low-Value,69.95,Month-to-month,1,Yes,0.9410199407410724
5583-SXDAG,Low-Value,70.0,Month-to-month,1,Yes,0.9410199407410724
5550-VFRLC,Low-Value,69.85,Month-to-month,1,Yes,0.9409316439766988
8429-XIBUM,High-Value,101.35,Month-to-month,22,Yes,0.9409156084256961
6393-WRYZE,High-Value,97.65,Month-to-month,34,Yes,0.9406866935282027
4289-DTDKW,High-Value,101.3,Month-to-month,40,Yes,0.9401760308332702
3393-FMZPV,High-Value,100.25,Month-to-month,25,Yes,0.9400434623646425
6583-QGCSI,High-Value,88.05,Month-to-month,50,Yes,0.9399296368333327
4735-ASGMA,High-Value,98.35,Month-to-month,26,Yes,0.9399067610240952
1658-BYGOY,High-Value,95.45,Month-to-month,18,Yes,0.9398374019971655
7480-QNVZJ,High-Value,95.7,Month-to-month,50,Yes,0.9396264667299404
6661-HBGWL,High-Value,104.75,Month-to-month,42,Yes,0.9395500678010071
3424-NMNBO,High-Value,108.85,One year,58,Yes,0.9394800089132169
6179-GJPSO,High-Value,108.15,Month-to-month,43,Yes,0.9391920075255794
2685-SREOM,High-Value,89.1,Month-to-month,25,Yes,0.9391719775061085
5366-IJEQJ,High-Value,88.7,Month-to-month,20,Yes,0.939158215947292
6518-LGAOV,High-Value,105.0,Month-to-month,38,Yes,0.9390281779709607
8708-XPXHZ,High-Value,94.2,Month-to-month,42,Yes,0.9386159349317671
9300-RENDD,High-Value,79.95,Month-to-month,1,Yes,0.9379705179016384
0875-CABNR,High-Value,84.6,Month-to-month,10,Yes,0.9379528647696651
2357-COQEK,High-Value,103.3,Month-to-month,28,Yes,0.9379478494846295
4919-IKATY,High-Value,84.5,Month-to-month,5,Yes,0.937944655156052
9412-GHEEC,High-Value,104.8,Month-to-month,40,Yes,0.9376193912321632
0611-DFXKO,High-Value,89.0,Month-to-month,20,Yes,0.9373862552510759
8063-RJYNF,High-Value,94.25,Month-to-month,16,Yes,0.9372989327872085
4558-FANTW,High-Value,91.85,Month-to-month,17,Yes,0.9366121507352626
7142-HVGBG,High-Value,103.0,Month-to-month,43,Yes,0.9365820637809983
0871-URUWO,High-Value,102.25,Month-to-month,13,Yes,0.9364620687863366
6646-VRFOL,High-Value,103.85,Month-to-month,53,Yes,0.936414148955292
1866-RZZQS,High-Value,98.4,Month-to-month,41,Yes,0.9363378613599926
9512-UIBFX,High-Value,95.15,Month-to-month,18,Yes,0.9362207954076495
4826-XTSOH,High-Value,86.05,Month-to-month,1,Yes,0.9360114509768103
1069-XAIEM,High-Value,85.05,Month-to-month,1,Yes,0.935719618619935
2952-QAYZF,High-Value,85.3,Month-to-month,5,Yes,0.9357032261084938
6319-IEJWJ,High-Value,90.2,Month-to-month,20,Yes,0.9356224112624926
4550-VBOFE,High-Value,102.95,Month-to-month,70,Yes,0.9354156072514975
7752-XUSCI,High-Value,105.9,Month-to-month,60,Yes,0.9353980052392786
5192-EBGOV,High-Value,85.7,Month-to-month,1,Yes,0.9353771611410043
1771-OADNZ,High-Value,95.9,Month-to-month,29,Yes,0.9353381656394837
1891-UAWWU,High-Value,90.8,Month-to-month,20,Yes,0.935278715521664
2446-BEGGB,High-Value,98.25,Month-to-month,6,Yes,0.9351639002415864
6567-HOOPW,High-Value,79.2,Month-to-month,1,Yes,0.9351627224103669
4710-FDUIZ,High-Value,100.3,One year,56,Yes,0.9351425115576011
9885-CSMWE,High-Value,78.45,Month-to-month,1,Yes,0.934927585574884
1833-VGRUM,High-Value,74.2,Month-to-month,1,Yes,0.9349143567386996
6683-VLCTZ,High-Value,98.55,Month-to-month,20,Yes,0.9347413597860029
0135-NMXAP,High-Value,89.75,Month-to-month,12,Yes,0.9345261501129546
9600-NAXZN,High-Value,101.4,Month-to-month,43,Yes,0.9344383319787077
4806-HIPDW,Low-Value,68.95,Month-to-month,1,Yes,0.933731995891983
3753-TSEMP,High-Value,88.15,Month-to-month,15,Yes,0.9336668637400094
3419-SNJJD,High-Value,105.25,Month-to-month,65,Yes,0.9336096811985135
8000-REIQB,Low-Value,69.95,Month-to-month,1,Yes,0.933350053538706
5919-TMRGD,High-Value,79.35,Month-to-month,1,Yes,0.9333500288678949
1902-XBTFB,High-Value,89.4,Month-to-month,22,Yes,0.9331681909950733
6100-QQHEB,High-Value,92.55,Month-to-month,17,Yes,0.9331499299744442
4385-GZQXV,High-Value,94.45,Month-to-month,16,Yes,0.9328144060382432
9710-ZUSHQ,High-Value,106.75,Month-to-month,37,Yes,0.9324739162345698
5385-SUIRI,High-Value,104.2,Month-to-month,52,Yes,0.9324236336881235
1400-MMYXY,High-Value,105.9,Month-to-month,3,Yes,0.9322780050310883
5277-ZLOOR,High-Value,85.55,Month-to-month,2,Yes,0.9321997691642351
6365-MTGZX,High-Value,96.0,Month-to-month,24,Yes,0.9321428548012038
0093-XWZFY,High-Value,104.5,Month-to-month,40,Yes,0.9320484911713777
2003-CKLOR,High-Value,99.5,Month-to-month,66,Yes,0.931964589081608
3606-TWKGI,High-Value,106.9,Month-to-month,13,Yes,0.931833441142141
3640-PHQXK,High-Value,89.9,Month-to-month,31,Yes,0.9316479932542957
2408-TZMJL,High-Value,110.15,One year,59,Yes,0.9315827715372077
4433-JCGCG,High-Value,101.0,Month-to-month,46,Yes,0.9314925425107973
9019-QVLZD,High-Value,79.55,Month-to-month,1,Yes,0.9313022677019586
0495-RVCBF,High-Value,79.7,Month-to-month,1,Yes,0.9313022677019586
7594-RQHXR,High-Value,79.6,Month-to-month,1,Yes,0.9313022677019586
8058-INTPH,High-Value,79.65,Month-to-month,1,Yes,0.9313022677019586
2868-MZAGQ,High-Value,79.25,Month-to-month,1,Yes,0.9313022677019586
1761-AEZZR,High-Value,79.55,Month-to-month,1,Yes,0.9313022677019586
8740-CRYFY,High-Value,78.95,Month-to-month,1,Yes,0.9313022677019586
5960-WPXQM,High-Value,79.05,Month-to-month,1,Yes,0.9313022677019586
0946-CLJTI,High-Value,98.7,Month-to-month,58,Yes,0.9311322435860743
8945-GRKHX,High-Value,78.65,Month-to-month,1,Yes,0.9310671308664757
6372-RFVNS,High-Value,78.8,Month-to-month,1,Yes,0.9310671308664757
9647-ERGBE,High-Value,100.05,Month-to-month,30,Yes,0.9309415337362986
4598-XLKNJ,High-Value,98.5,Month-to-month,25,Yes,0.9309094949482748
3621-CEOVK,High-Value,100.2,Month-to-month,14,Yes,0.9307562227573295
4009-ALQFH,High-Value,99.5,Month-to-month,25,Yes,0.9305372174178423
8372-JUXUI,High-Value,74.35,Month-to-month,1,Yes,0.9302626394208786
2777-PHDEI,High-Value,78.05,Month-to-month,1,Yes,0.930179913536383
5219-YIPTK,High-Value,104.4,Month-to-month,33,Yes,0.9299528347383063
1448-PWKYE,High-Value,80.0,Month-to-month,1,Yes,0.9299216414592059
5494-HECPR,High-Value,80.25,Month-to-month,1,Yes,0.9299216414592059
1285-OKIPP,High-Value,79.9,Month-to-month,1,Yes,0.9299216414592059
2249-YPRNG,High-Value,105.85,Month-to-month,20,Yes,0.9298996760537679
9625-QSTYE,High-Value,81.15,Month-to-month,13,Yes,0.9298203542811282
4659-NZRUF,High-Value,95.15,Month-to-month,19,Yes,0.9297197390334816
4910-GMJOT,High-Value,94.6,Month-to-month,1,Yes,0.9297007139060008
8149-RSOUN,High-Value,93.85,Month-to-month,1,Yes,0.9297007139060008
7207-RMRDB,High-Value,105.5,Month-to-month,65,Yes,0.9292802142017063
9330-IJWIO,High-Value,100.35,Month-to-month,13,Yes,0.9291884489827986
8374-XGEJJ,High-Value,101.0,Month-to-month,43,Yes,0.9291778658454822
7851-WZEKY,High-Value,95.15,Month-to-month,2,Yes,0.9289460963034217
1086-LXKFY,Low-Value,69.1,Month-to-month,1,Yes,0.9288697069598016
3540-RZJYU,High-Value,86.2,Month-to-month,15,Yes,0.9288586499562298
6521-YYTYI,High-Value,93.3,Month-to-month,1,Yes,0.9288548734146984
3254-YRILK,High-Value,88.2,Month-to-month,19,Yes,0.9287996102257187
9300-AGZNL,High-Value,94.0,Month-to-month,1,Yes,0.9286796907268591
5178-LMXOP,High-Value,95.1,Month-to-month,1,Yes,0.9286796907268591
3990-QYKBE,High-Value,92.5,Month-to-month,37,Yes,0.928607957331039
3768-NLUBH,High-Value,100.6,Month-to-month,57,Yes,0.9283703077710402
3005-NFMTA,High-Value,98.8,Month-to-month,55,Yes,0.9283703077710402
4873-ILOLJ,High-Value,90.35,Month-to-month,24,Yes,0.9283442394951159
6907-NZZIJ,High-Value,99.15,Month-to-month,36,Yes,0.9283320077690459
3473-XIIIT,High-Value,100.0,Month-to-month,16,Yes,0.9280727280554808
2568-OIADY,High-Value,99.5,Month-to-month,37,Yes,0.9279329295433203
5884-GCYMI,Low-Value,69.4,Month-to-month,1,Yes,0.9278863653078036
4110-PFEUZ,Low-Value,69.55,Month-to-month,1,Yes,0.9278863653078036
7908-QCBCA,Low-Value,69.4,Month-to-month,1,Yes,0.9278863653078036
0939-YAPAF,High-Value,100.25,Month-to-month,35,Yes,0.9278051629901742
6413-XKKPU,High-Value,89.4,Month-to-month,17,Yes,0.927652872175218
5498-TXHLF,High-Value,87.45,Month-to-month,34,Yes,0.9276528594071933
5244-IRFIH,High-Value,94.5,Month-to-month,33,Yes,0.927552260934977
1502-XFCVR,High-Value,106.45,One year,58,Yes,0.9275345439061543
6771-XWBDM,High-Value,104.5,Month-to-month,57,Yes,0.9274539013644563
5393-RXQSZ,High-Value,79.6,Month-to-month,1,Yes,0.9274377323997238
2514-GINMM,High-Value,79.5,Month-to-month,1,Yes,0.9274377323997238
8290-YWKHZ,High-Value,93.2,Month-to-month,32,Yes,0.9274187646869003
1228-FZFRV,High-Value,105.95,Month-to-month,50,Yes,0.9269901957037351
4958-XCBDQ,High-Value,101.4,Month-to-month,35,Yes,0.926665177312069
2004-OCQXK,High-Value,81.95,Month-to-month,1,Yes,0.9263308333437174
7825-ECJRF,High-Value,106.6,Month-to-month,19,Yes,0.9262137543337241
4143-HHPMK,High-Value,85.35,Month-to-month,52,Yes,0.9261347876248451
0596-BQCEQ,High-Value,100.15,Month-to-month,62,Yes,0.9261267423244172
5240-IJOQT,High-Value,74.7,Month-to-month,1,Yes,0.9260261479290085
8818-XYFCQ,High-Value,99.55,Month-to-month,32,Yes,0.9257195246936268
8603-IJWDN,High-Value,86.6,Month-to-month,1,Yes,0.925718495700147
8580-AECUZ,High-Value,79.1,Month-to-month,1,Yes,0.9255368401042299
9282-IZGQK,High-Value,85.0,Month-to-month,1,Yes,0.9254266633432716
4971-PUYQO,High-Value,94.55,Month-to-month,27,Yes,0.9251681617458044
9600-UDOPK,High-Value,94.05,Month-to-month,30,Yes,0.9251499284407969
0011-IGKFF,High-Value,98.0,Month-to-month,13,Yes,0.924867205177585
7240-FQLHE,High-Value,99.75,Month-to-month,18,Yes,0.9247803301330699
4912-PIGUY,High-Value,84.6,Month-to-month,1,No,0.9246643149200642
7120-RFMVS,High-Value,84.5,Month-to-month,1,Yes,0.9246643149200642
5515-AKOAJ,High-Value,100.1,Month-to-month,54,Yes,0.9244707236579779
3422-LYEPQ,High-Value,71.0,Month-to-month,1,Yes,0.9244552021162411
6769-DYBQN,High-Value,85.0,Month-to-month,46,Yes,0.9244451503137604
1522-VVDMG,High-Value,89.75,Month-to-month,7,Yes,0.9242955814886415
2082-OJVTK,High-Value,89.2,Month-to-month,29,Yes,0.9242515024310219
0236-HFWSV,High-Value,93.35,Month-to-month,15,Yes,0.9241850229981956
9661-ACXBS,High-Value,105.2,Month-to-month,42,Yes,0.9240774510529419
0201-OAMXR,High-Value,115.55,One year,70,Yes,0.9238687795533848
8565-CLBZW,High-Value,89.85,Month-to-month,24,Yes,0.9238205865819027
8337-MSSXB,High-Value,86.3,Month-to-month,14,Yes,0.9235419119733095
0023-XUOPT,High-Value,94.1,Month-to-month,13,Yes,0.9234558078233
3776-EKTKM,Low-Value,36.45,Month-to-month,1,Yes,0.9234123797794005
9526-JAWYF,High-Value,89.8,Month-to-month,26,Yes,0.9232071969180725
7409-KIUTL,High-Value,71.0,Month-to-month,1,Yes,0.9228875523089222
0354-WYROK,High-Value,98.9,Month-to-month,31,Yes,0.9223908883873958
3934-HXCFZ,High-Value,99.25,Month-to-month,23,Yes,0.9215837479582168
2845-AFFTX,High-Value,99.8,Month-to-month,41,Yes,0.9214134921242904
6032-KRXXO,High-Value,90.25,Month-to-month,30,Yes,0.9213186069039678
7218-HKQFK,High-Value,94.2,Month-to-month,2,Yes,0.9213113614230299
0689-NKYLF,High-Value,83.2,Month-to-month,13,Yes,0.9210530589609095
5590-BYNII,High-Value,100.75,Month-to-month,22,Yes,0.9209421051490695
6474-FVJLC,High-Value,86.0,Month-to-month,2,Yes,0.9208698828777446
8868-WOZGU,High-Value,105.7,Month-to-month,28,Yes,0.9207153218931953
8118-LSUEL,High-Value,106.4,Month-to-month,23,Yes,0.9205912772148657
9725-SCPZG,High-Value,90.85,Month-to-month,1,Yes,0.9204164861380768
0259-GBZSH,High-Value,85.65,Month-to-month,2,Yes,0.9203281071601148
1062-LHZOD,Low-Value,69.9,Month-to-month,1,Yes,0.9202153537887294
5099-BAILX,High-Value,110.75,Month-to-month,43,Yes,0.9200471441337504
3494-JCHRQ,Low-Value,70.05,Month-to-month,1,Yes,0.9200101245196802
2403-BCASL,High-Value,111.95,One year,41,Yes,0.9198297611731237
0295-PPHDO,High-Value,95.45,Month-to-month,1,Yes,0.919685715203841
5380-WJKOV,High-Value,106.35,Month-to-month,34,Yes,0.9194215790551604
1112-CUNAO,High-Value,89.85,Month-to-month,15,Yes,0.9191229388823278
1143-NMNQJ,High-Value,85.7,Month-to-month,2,Yes,0.9190476046378125
7294-TMAOP,High-Value,90.55,Month-to-month,1,Yes,0.9189483758639
7274-RTAPZ,High-Value,90.55,Month-to-month,1,Yes,0.9189483758639
2725-KXXWT,High-Value,90.75,Month-to-month,1,Yes,0.9189483758639
5797-APWZC,High-Value,90.6,Month-to-month,1,Yes,0.9189483758639
6457-USBER,High-Value,80.8,Month-to-month,1,Yes,0.9189035671519379
4614-NUVZD,High-Value,81.1,Month-to-month,1,Yes,0.9189035671519379
2018-QKYGT,High-Value,81.05,Month-to-month,1,No,0.9189035671519379
8802-UNOJF,High-Value,83.8,Month-to-month,12,Yes,0.9188046061363931
8775-LHDJH,High-Value,90.6,Month-to-month,1,Yes,0.9187328224839412
0318-QUUOB,High-Value,80.55,Month-to-month,1,Yes,0.9187240803340281
2867-UIMSS,High-Value,80.5,Month-to-month,1,Yes,0.9187240803340281
7439-DKZTW,High-Value,80.55,Month-to-month,1,No,0.9187240803340281
2979-SXESE,High-Value,94.4,Month-to-month,17,Yes,0.9186834890747297
6029-WTIPC,High-Value,101.1,Month-to-month,37,Yes,0.9186393743115694
5981-ITEMU,High-Value,97.1,Month-to-month,40,Yes,0.917985182127917
3791-LGQCY,High-Value,100.65,Month-to-month,56,Yes,0.9178915207788332
2153-MREFK,High-Value,99.2,One year,37,Yes,0.9178459736304292
8019-ENHXU,High-Value,99.45,Month-to-month,42,Yes,0.9178421144179362
5959-BELXA,High-Value,96.15,Month-to-month,32,Yes,0.9175529124659696
9158-VCTQB,High-Value,113.6,Month-to-month,41,Yes,0.9173346564445898
4039-HEUNW,High-Value,96.5,Month-to-month,36,Yes,0.9173291123446031
6467-CHFZW,High-Value,99.35,Month-to-month,47,Yes,0.9171489655780911
1254-IZEYF,High-Value,99.95,Month-to-month,31,Yes,0.9170485782131123
8397-MVTAZ,High-Value,100.05,Month-to-month,34,Yes,0.9170230923053055
3177-LASXD,High-Value,71.35,Month-to-month,1,Yes,0.9164825583571264
5572-ZDXHY,High-Value,84.3,Month-to-month,22,Yes,0.9164388934725181
4523-WXCEF,High-Value,101.1,Month-to-month,59,Yes,0.9162532971804949
5569-OUICF,High-Value,101.3,Month-to-month,28,Yes,0.9161880546761805
0702-PGIBZ,High-Value,101.7,Month-to-month,4,Yes,0.9160541667720271
7632-MNYOY,High-Value,110.9,One year,66,Yes,0.9158749752667741
4102-OQUPX,High-Value,74.4,Month-to-month,1,Yes,0.9158025153108307
8840-DQLGN,High-Value,100.5,Month-to-month,35,Yes,0.9156630699115866
3336-JORSO,High-Value,110.45,Month-to-month,33,Yes,0.9149819414247884
0348-SDKOL,High-Value,102.1,Month-to-month,58,Yes,0.9148234240031349
5889-JTMUL,High-Value,95.05,Month-to-month,50,Yes,0.9144604338329142
4822-NGOCH,High-Value,84.45,Month-to-month,13,Yes,0.914348546642768
8111-SLLHI,High-Value,105.65,Month-to-month,39,Yes,0.9143343519009344
8775-ERLNB,High-Value,74.3,Month-to-month,1,No,0.9139035938095782
2474-BRUCM,High-Value,101.85,Month-to-month,40,Yes,0.9135049279634072
7548-SEPYI,High-Value,96.25,Month-to-month,5,Yes,0.9134348226067667
3976-BWUCK,High-Value,94.1,Month-to-month,30,Yes,0.9134191371072583
0324-BRPCJ,High-Value,100.2,Month-to-month,68,Yes,0.913290129809127
9961-JBNMK,High-Value,96.8,Month-to-month,21,Yes,0.9132705300942219
1084-UQCHV,Low-Value,69.75,Month-to-month,1,Yes,0.913255193395832
4501-EQDRN,Low-Value,69.7,Month-to-month,1,Yes,0.913255193395832
4554-YGZIH,High-Value,90.05,Month-to-month,49,Yes,0.9131615522328667
0125-LZQXK,High-Value,101.35,Month-to-month,15,Yes,0.9131587145337812
6108-OQZDQ,High-Value,97.95,Month-to-month,4,Yes,0.9131273625717542
8816-VXNZD,High-Value,75.1,Month-to-month,1,Yes,0.9125462502086519
1918-ZBFQJ,High-Value,79.25,Month-to-month,13,Yes,0.9123800914991655
3647-GMGDH,High-Value,94.7,Month-to-month,22,Yes,0.9122709559964101
6161-UUUTA,High-Value,79.9,Month-to-month,3,Yes,0.9122638710967069
9574-RKJIF,High-Value,94.4,Month-to-month,30,Yes,0.9122607553197721
3838-OZURD,High-Value,105.0,Month-to-month,66,Yes,0.9121196774396839
2114-MGINA,High-Value,89.8,Month-to-month,14,Yes,0.9120237766263327
9898-KZQDZ,High-Value,94.55,Month-to-month,40,Yes,0.9119945948066868
4325-NFSKC,High-Value,90.6,Month-to-month,19,Yes,0.9119659503761214
2645-QTLMB,High-Value,94.25,Month-to-month,7,Yes,0.9117713159800647
3006-XIMLN,High-Value,94.2,Month-to-month,2,Yes,0.9117555380410391
4612-THJBS,High-Value,104.75,One year,56,Yes,0.9117341457972897
3387-VATUS,High-Value,94.85,Month-to-month,5,Yes,0.9114475940775406
7055-VKGDA,High-Value,105.4,One year,54,Yes,0.9113352493810454
1792-UXAFY,High-Value,89.15,Month-to-month,17,Yes,0.9112910510304105
4913-EHYUI,High-Value,104.55,One year,56,Yes,0.911241168455603
1157-BQCUW,High-Value,74.95,Month-to-month,1,Yes,0.9111237041959079
6358-LYNGM,High-Value,74.9,Month-to-month,1,Yes,0.9111237041959079
7180-PISOG,High-Value,74.5,Month-to-month,1,Yes,0.9111237041959079
4415-IJZTP,High-Value,74.5,Month-to-month,1,Yes,0.9111237041959079
8042-JVNFH,High-Value,71.35,Month-to-month,1,Yes,0.9111184180952803
7493-TPUWZ,High-Value,79.15,Month-to-month,1,Yes,0.9110914716176309
9801-GDWGV,High-Value,103.45,Month-to-month,39,Yes,0.9110487962014452
6502-HCJTI,High-Value,94.7,Month-to-month,7,Yes,0.9110389910587022
3058-HJCUY,High-Value,102.6,One year,41,Yes,0.910812438746058
0511-JTEOY,High-Value,71.1,Month-to-month,1,Yes,0.9107307298354721
6979-ZNSFF,High-Value,87.05,Month-to-month,8,Yes,0.9106783200708186
4952-YSOGZ,High-Value,85.95,Month-to-month,4,Yes,0.9105700616139338
5378-IKEEG,Low-Value,35.75,Month-to-month,1,Yes,0.9105585737256444
3811-VBYBZ,High-Value,99.8,Month-to-month,7,Yes,0.9102684963071563
4759-TRPLW,High-Value,70.4,Month-to-month,1,Yes,0.9102091421458118
5281-BUZGT,High-Value,90.85,Month-to-month,36,Yes,0.90993842508191
0841-NULXI,Low-Value,35.55,Month-to-month,1,Yes,0.9098848468216336
1031-IIDEO,High-Value,70.85,Month-to-month,1,Yes,0.9098365295167281
8161-QYMTT,High-Value,94.1,Month-to-month,7,No,0.9098353122669868
3870-MQAMG,High-Value,110.35,One year,54,Yes,0.9097600695370164
7854-FOKSF,Low-Value,35.9,Month-to-month,1,Yes,0.9097303647621522
2195-ZRVAX,High-Value,85.3,Month-to-month,47,Yes,0.9096813911082927
9488-HGMJH,High-Value,71.15,Month-to-month,1,Yes,0.9094929275624893
1915-IOFGU,High-Value,70.5,Month-to-month,1,Yes,0.9094331956909087
9874-QLCLH,High-Value,104.2,Month-to-month,17,Yes,0.9093501726177601
7465-ZZRVX,High-Value,70.35,Month-to-month,1,No,0.9091709898943817
2460-FPSYH,Low-Value,55.8,Month-to-month,40,Yes,0.9089251324513564
7892-POOKP,High-Value,104.8,Month-to-month,28,Yes,0.9087491334490301
0877-SDMBN,High-Value,103.95,One year,54,Yes,0.9085344569412842
8623-TMRBY,High-Value,84.2,Month-to-month,51,Yes,0.9084560137790284
7694-VLBWQ,High-Value,104.1,One year,67,Yes,0.9082232608300506
5196-SGOAK,High-Value,75.7,Month-to-month,1,Yes,0.9078458017939591
7595-EUIVN,High-Value,75.8,Month-to-month,1,Yes,0.9078458017939591
8008-HAWED,Low-Value,50.75,Month-to-month,14,Yes,0.9078129879069949
4713-LZDRV,High-Value,79.6,Month-to-month,2,Yes,0.9077049324487496
8380-PEFPE,High-Value,71.65,Month-to-month,1,Yes,0.9076587663890422
4750-ZRXIU,High-Value,84.6,Month-to-month,4,Yes,0.907546177590239
8651-ENBZX,High-Value,106.0,One year,60,Yes,0.9074670201854191
5520-FVEWJ,High-Value,84.5,Month-to-month,12,Yes,0.9071904951868741
2719-BDAQO,High-Value,93.85,Month-to-month,17,Yes,0.9071709825669128
3804-RVTGV,High-Value,103.85,Month-to-month,50,Yes,0.9071670078029976
5376-DEQCP,High-Value,70.6,Month-to-month,1,Yes,0.9070985132324881
5287-QWLKY,High-Value,105.1,Month-to-month,71,Yes,0.9069563976610511
2737-YNGYW,High-Value,80.55,Month-to-month,2,Yes,0.9069264068084639
4548-SDBKE,High-Value,85.2,Month-to-month,5,Yes,0.9066863456451698
9514-JDSKI,Low-Value,40.2,Month-to-month,1,Yes,0.9065903581210037
0115-TFERT,High-Value,111.2,Month-to-month,21,Yes,0.9063827532398995
0723-DRCLG,High-Value,74.45,Month-to-month,1,Yes,0.9061934987521438
3551-HUAZH,High-Value,74.4,Month-to-month,1,Yes,0.9061934987521438
4361-BKAXE,High-Value,114.5,Month-to-month,41,Yes,0.9061312688950595
3886-CERTZ,High-Value,109.25,One year,72,Yes,0.9060822594067847
0639-TSIQW,High-Value,102.95,Month-to-month,67,Yes,0.9059188300211034
2722-VOJQL,High-Value,105.65,One year,64,Yes,0.9055388159048593
1481-ZUWZA,High-Value,94.5,Month-to-month,28,Yes,0.9054141299751188
0564-JJHGS,High-Value,95.5,Month-to-month,9,Yes,0.9054086017022012
2619-WFQWU,Low-Value,70.15,Month-to-month,1,Yes,0.9052152908346706
2856-HYAPG,Low-Value,68.65,Month-to-month,1,Yes,0.9048987905404264
8098-LLAZX,High-Value,95.45,Month-to-month,4,Yes,0.9047257385546011
5469-CTCWN,High-Value,106.0,One year,61,Yes,0.9045978032356687
7943-RQCHR,High-Value,94.75,Month-to-month,9,Yes,0.9045776623850244
6513-EECDB,High-Value,73.55,Month-to-month,1,Yes,0.9042900857158988
8473-VUVJN,High-Value,73.65,Month-to-month,1,Yes,0.9042900857158988
3066-RRJIO,Low-Value,69.95,Month-to-month,1,Yes,0.9042900839499559
6664-FPDAC,High-Value,111.95,One year,56,Yes,0.9041883294197922
8972-HJWNV,High-Value,84.55,Month-to-month,7,Yes,0.9040737823916172
4626-GYCZP,High-Value,93.85,Month-to-month,7,Yes,0.9040155216910997
1343-EHPYB,High-Value,103.4,Month-to-month,63,Yes,0.9038874724074367
2656-TABEH,High-Value,100.2,Month-to-month,4,Yes,0.9036475493130952
7641-EUYET,High-Value,100.7,Month-to-month,46,Yes,0.903608655524183
1193-RTSLK,High-Value,83.9,Month-to-month,38,Yes,0.9035818773565039
1095-JUDTC,High-Value,95.05,Month-to-month,47,Yes,0.9033307426695039
5698-BQJOH,High-Value,94.4,Month-to-month,9,Yes,0.9033138669436518
0515-YPMCW,High-Value,70.45,Month-to-month,1,Yes,0.9031845894574393
4484-GLZOU,High-Value,105.05,Month-to-month,52,Yes,0.9031206590252444
0895-DQHEW,High-Value,104.3,Month-to-month,54,Yes,0.9030041402611592
2545-EBUPK,High-Value,84.05,Month-to-month,2,No,0.9029687897936001
1389-CXMLU,High-Value,91.05,Month-to-month,3,Yes,0.902826247306497
0786-VSSUD,Low-Value,39.0,Month-to-month,16,Yes,0.9025198444724072
0406-BPDVR,High-Value,101.5,One year,54,Yes,0.9023726817269226
9518-RWHZL,High-Value,100.05,One year,64,Yes,0.9023426221325722
4250-ZBWLV,High-Value,108.45,One year,68,Yes,0.9018454198022541
8086-OVPWV,High-Value,80.2,Month-to-month,2,Yes,0.9017477743061951
4373-MAVJG,High-Value,90.9,Month-to-month,14,Yes,0.9013634868640301
2856-NNASM,High-Value,89.55,Month-to-month,43,Yes,0.9012929713603189
7932-WPTDS,Low-Value,24.8,Month-to-month,1,Yes,0.9011635318847767
3132-TVFDZ,Low-Value,44.85,Month-to-month,57,Yes,0.9010861832899449
3348-CFRNX,High-Value,92.35,Month-to-month,28,Yes,0.9010032130251565
7234-FECYN,High-Value,101.35,Month-to-month,8,Yes,0.9008763362027671
0021-IKXGC,High-Value,72.1,Month-to-month,1,No,0.9008245314795046
8644-XLFBW,High-Value,71.65,Month-to-month,1,Yes,0.9008245314795046
4822-RVYBB,High-Value,100.6,Month-to-month,8,Yes,0.9007900341845085
9124-LHCJQ,High-Value,85.45,Month-to-month,1,Yes,0.9007309320643918
6326-MTTXK,High-Value,100.85,Month-to-month,8,Yes,0.9006142216742618
2446-PLQVO,Low-Value,70.3,Month-to-month,1,Yes,0.9005854457795875
6653-CBBOM,Low-Value,70.3,Month-to-month,1,Yes,0.9005854457795875
4829-AUOAX,High-Value,96.05,Month-to-month,46,Yes,0.9004971449517677
3685-YLCMQ,High-Value,104.65,One year,58,Yes,0.9004353106315456
6960-HVYXR,High-Value,76.0,Month-to-month,1,Yes,0.9004108821701454
5834-ASPWA,High-Value,75.45,Month-to-month,1,Yes,0.9004108821701454
2609-IAICY,High-Value,77.15,Month-to-month,1,Yes,0.9004108821701454
2612-RRIDN,High-Value,81.0,Month-to-month,4,Yes,0.9003965635509071
3049-NDXFL,High-Value,85.8,Month-to-month,1,Yes,0.9003884745854611
0634-SZPQA,High-Value,90.05,Month-to-month,23,Yes,0.9002885419469044
2189-WWOEW,High-Value,85.9,Month-to-month,15,Yes,0.900171382776845
7503-ZGUZJ,High-Value,84.65,Month-to-month,1,Yes,0.8999685836411844
7563-BIUPC,High-Value,80.6,Month-to-month,5,Yes,0.8998069704716081
5054-IEXZT,High-Value,75.35,Month-to-month,1,Yes,0.89974782438126
4086-YQSNZ,High-Value,80.4,Month-to-month,3,Yes,0.8996623574252035
6892-EZDTG,High-Value,91.65,Month-to-month,4,Yes,0.899624754822384
1925-TIBLE,High-Value,86.5,Month-to-month,7,Yes,0.8995999280888596
6097-EQISJ,High-Value,102.45,One year,66,Yes,0.899520725259161
6894-LFHLY,High-Value,75.75,Month-to-month,1,Yes,0.8993748695432359
9248-OJYKK,High-Value,76.45,Month-to-month,1,Yes,0.8993748695432359
5567-WSELE,High-Value,94.6,Month-to-month,3,Yes,0.899309395100593
1846-XWOQN,Low-Value,70.15,Month-to-month,1,Yes,0.8992967155660172
6110-OHIHY,High-Value,79.25,Month-to-month,3,Yes,0.8991259408294953
6769-DCQLI,High-Value,105.0,One year,52,Yes,0.8990446718242581
9058-MJLZC,High-Value,94.6,Month-to-month,24,No,0.8989397823144362
8276-MQBYC,High-Value,97.8,Month-to-month,51,Yes,0.8988197604186677
5480-TBGPH,High-Value,99.3,Month-to-month,24,Yes,0.8988000520041597
6861-XWTWQ,High-Value,99.25,Month-to-month,7,Yes,0.8987412164974607
1624-NALOJ,High-Value,89.8,Month-to-month,5,Yes,0.8986477021964445
2789-HQBOU,High-Value,80.35,Month-to-month,3,No,0.8985820535713771
1984-FCOWB,High-Value,109.5,One year,70,Yes,0.8985294839469046
0337-CNPZE,High-Value,106.3,Month-to-month,41,Yes,0.8984023755677053
6941-PMGEP,High-Value,80.0,Month-to-month,5,Yes,0.8982602640595377
7549-MYGPK,High-Value,100.55,Month-to-month,63,Yes,0.8982326242618597
8821-XNHVZ,High-Value,80.05,Month-to-month,1,Yes,0.8982242894115964
0637-YLETY,High-Value,95.6,Month-to-month,16,Yes,0.8981060851104388
0461-CVKMU,High-Value,83.8,Month-to-month,23,Yes,0.8980907594017082
1724-BQUHA,High-Value,89.5,Month-to-month,5,Yes,0.8980853811335017
3874-EQOEP,High-Value,95.0,Month-to-month,7,Yes,0.8980846971721371
4803-AXVYP,High-Value,99.55,Month-to-month,38,Yes,0.8980126634343039
0781-LKXBR,High-Value,100.5,Month-to-month,9,Yes,0.8979902554063084
8739-XNIKG,High-Value,84.0,Month-to-month,5,No,0.897984692231676
9651-GTSAQ,High-Value,106.1,One year,53,Yes,0.8978718788239961
2754-VDLTR,High-Value,95.2,Month-to-month,10,Yes,0.897764512591946
8992-JQYUN,Low-Value,50.35,Month-to-month,1,Yes,0.8977413655133465
6437-UKHMV,High-Value,79.7,Month-to-month,7,Yes,0.8976928167396941
2311-QYMUQ,High-Value,89.45,Month-to-month,16,Yes,0.8974066061856935
2869-ADAWR,High-Value,89.3,Month-to-month,45,Yes,0.8973901319194941
2205-YMZZJ,High-Value,84.8,Month-to-month,7,Yes,0.8971323885659449
3585-ISXZP,High-Value,95.65,Month-to-month,8,Yes,0.8970711068172728
7587-AOVVU,High-Value,100.75,Month-to-month,27,No,0.8970413612100469
9787-XVQIU,High-Value,75.3,Month-to-month,1,Yes,0.896896818078631
0616-ATFGB,Low-Value,25.05,Month-to-month,1,Yes,0.8967644201916911
0023-HGHWL,Low-Value,25.1,Month-to-month,1,Yes,0.8967644201916911
7530-HDYDS,High-Value,84.25,Month-to-month,38,Yes,0.8965931321312752
9090-SGQXL,High-Value,105.3,Month-to-month,68,Yes,0.8964827687819189
6689-TCZHQ,High-Value,78.95,Month-to-month,5,Yes,0.896371115860924
1200-TUZHR,High-Value,85.2,Month-to-month,8,No,0.8963471796256826
3190-XFANI,High-Value,100.6,One year,49,Yes,0.8962289131364521
5445-UTODQ,High-Value,81.1,Month-to-month,7,Yes,0.8961461103276238
9190-MFJLN,High-Value,95.9,Month-to-month,19,Yes,0.8960567050251234
2013-SGDXK,High-Value,84.3,Month-to-month,1,Yes,0.8959165432405843
4988-IQIGL,High-Value,75.35,Month-to-month,1,Yes,0.8958608054517214
1678-FYZOW,High-Value,79.4,Month-to-month,3,Yes,0.8956598617620738
8382-SHQEH,High-Value,84.9,Month-to-month,8,Yes,0.8955878510586808
4184-TJFAN,High-Value,88.3,Month-to-month,3,Yes,0.895554902992682
9897-KXHCM,High-Value,80.3,Month-to-month,3,Yes,0.8955047557737744
9451-LPGOO,High-Value,86.8,Month-to-month,7,Yes,0.8952157558194622
8040-MNRTF,High-Value,71.1,Month-to-month,1,No,0.895066608133278
5380-AFSSK,High-Value,93.9,Month-to-month,5,Yes,0.8948509829004316
7024-OHCCK,High-Value,93.85,Month-to-month,2,Yes,0.8948255845801889
8914-RBTSB,High-Value,93.8,Month-to-month,31,Yes,0.8947347432571077
1452-VOQCH,High-Value,75.1,Month-to-month,1,No,0.8946509039092578
2982-IHMFT,High-Value,74.45,Month-to-month,1,Yes,0.8946413656386061
8414-MYSHR,High-Value,91.4,Month-to-month,5,Yes,0.8942384022291366
5020-ZSTTY,High-Value,82.45,One year,54,Yes,0.8942362824882611
0196-VULGZ,High-Value,84.35,Month-to-month,6,Yes,0.8940248152000763
3707-GNWHM,High-Value,74.25,Month-to-month,1,Yes,0.8936577990382323
5275-SQEIZ,High-Value,80.85,Month-to-month,1,Yes,0.8931673556690588
0193-ESZXP,High-Value,105.5,One year,58,Yes,0.8931538678532743
0968-GSIKN,High-Value,70.8,Month-to-month,1,Yes,0.8926066146876487
3765-JXVKY,High-Value,74.7,Month-to-month,1,Yes,0.8924831661446272
9399-APLBT,High-Value,74.7,Month-to-month,1,Yes,0.8924831661446272
4847-TAJYI,High-Value,89.35,Month-to-month,6,No,0.8924605537530597
1981-INRFU,High-Value,79.75,Month-to-month,2,Yes,0.8924111662566703
9572-MTILT,High-Value,106.75,Month-to-month,59,Yes,0.892193531162818
8183-ONMXC,High-Value,80.75,Month-to-month,2,Yes,0.8916708662949763
0151-ONTOV,High-Value,70.9,Month-to-month,1,Yes,0.8915320028417604
2038-LLMLM,High-Value,103.85,Month-to-month,48,No,0.8913164417017703
6777-TGHTM,High-Value,106.95,One year,53,Yes,0.8911281103400583
0310-MVLET,High-Value,99.15,Month-to-month,61,Yes,0.8910295899544748
0519-XUZJU,High-Value,70.75,Month-to-month,1,Yes,0.8907080780094511
6982-UQZLY,Low-Value,20.85,Month-to-month,1,Yes,0.8904370137906328
4529-CKBCL,High-Value,80.2,Month-to-month,2,Yes,0.8903926317023053
8593-WHYHV,High-Value,85.3,Month-to-month,3,Yes,0.8903058655353032
8058-JMEQO,High-Value,84.45,Month-to-month,9,Yes,0.8902669042160807
4060-LDNLU,High-Value,96.2,Month-to-month,7,No,0.8902155043569527
6376-GAHQE,High-Value,77.85,Month-to-month,4,Yes,0.8901580226572315
6845-RGTYS,High-Value,98.75,Month-to-month,47,Yes,0.8900508047581106
3198-VELRD,High-Value,84.75,Month-to-month,3,Yes,0.8900290781956977
9101-BWFSS,High-Value,108.55,One year,50,Yes,0.8899723203700586
8779-QRDMV,Low-Value,39.65,Month-to-month,1,Yes,0.8899434697611255
0697-ZMSWS,High-Value,85.65,Month-to-month,4,Yes,0.8898129238464573
7330-WZLNC,High-Value,90.8,Month-to-month,5,Yes,0.8894775242034014
9878-TNQGW,High-Value,80.95,Month-to-month,2,Yes,0.8891853929491941
0363-QJVFX,High-Value,108.15,Month-to-month,32,Yes,0.8891201527768194
4145-UQXUQ,High-Value,92.1,Month-to-month,8,Yes,0.8890343594564696
1455-ESIQH,High-Value,89.1,Month-to-month,1,Yes,0.8890215192087304
3722-WPXTK,High-Value,88.35,Month-to-month,1,Yes,0.8890215192087304
8844-TONUD,High-Value,96.65,Month-to-month,13,Yes,0.8888867983046501
5922-ABDVO,High-Value,89.65,Month-to-month,19,Yes,0.8887786934169037
8621-MNIHH,High-Value,94.25,Month-to-month,34,Yes,0.8886917496722019
6712-OAWRH,High-Value,91.25,Month-to-month,26,Yes,0.8884176697057247
1122-JWTJW,High-Value,70.65,Month-to-month,1,Yes,0.8883251374234661
7562-GSUHK,High-Value,93.2,Month-to-month,16,Yes,0.8882873080503664
3727-RJMEO,High-Value,82.85,Month-to-month,6,Yes,0.8882251557579305
0328-GRPMV,Low-Value,70.1,Month-to-month,1,Yes,0.8882244422984914
3834-XUIFC,High-Value,85.2,Month-to-month,7,Yes,0.8882206287925256
8780-IXSTS,High-Value,90.1,Month-to-month,6,Yes,0.8881693374213003
5383-MMTWC,High-Value,84.0,Month-to-month,8,Yes,0.8879535982427036
4210-QFJMF,High-Value,79.15,Month-to-month,4,Yes,0.8878139286454158
3097-NQYSN,High-Value,86.85,Month-to-month,2,Yes,0.8877646004532389
6630-UJZMY,High-Value,83.25,Month-to-month,4,No,0.8876510184847868
9223-UCPVT,High-Value,94.4,Month-to-month,1,Yes,0.8875443922578609
3927-NLNRY,High-Value,94.25,One year,53,Yes,0.8874208965633923
6140-QNRQQ,High-Value,71.55,Month-to-month,1,Yes,0.8871929535302538
9985-MWVIX,Low-Value,70.15,Month-to-month,1,Yes,0.8871435466819523
7488-MXJIV,High-Value,85.65,Month-to-month,4,Yes,0.8870343372096928
9965-YOKZB,High-Value,83.85,Month-to-month,9,Yes,0.8869551210108281
0963-ZBDRN,High-Value,96.2,Month-to-month,32,Yes,0.8868811176414704
3191-CSNMG,High-Value,80.7,Month-to-month,3,No,0.8868584865546123
9837-BMCLM,High-Value,78.5,Month-to-month,3,Yes,0.8868584865546123
5536-RTPWK,High-Value,99.05,Month-to-month,49,Yes,0.8867316500326206
0365-BZUWY,High-Value,102.55,Month-to-month,17,No,0.8865840632598544
1862-SKORY,Low-Value,39.3,Month-to-month,40,Yes,0.8865615807634569
8051-HJRLT,High-Value,70.55,Month-to-month,1,Yes,0.8865526399518501
6229-LSCKB,High-Value,79.7,Month-to-month,6,No,0.8865032710853413
6210-KBBPI,High-Value,99.45,Month-to-month,9,Yes,0.8864017907806583
0822-GAVAP,Low-Value,34.7,Month-to-month,2,Yes,0.8861731513319775
4702-IOQDC,Low-Value,70.1,Month-to-month,1,Yes,0.8861234835846225
2262-SLNVK,Low-Value,70.1,Month-to-month,1,No,0.8861234835846225
6175-IRFIT,High-Value,78.75,Month-to-month,5,No,0.8861101844308155
5229-PRWKT,High-Value,86.55,Month-to-month,8,Yes,0.8858287289788781
3374-LXDEV,High-Value,89.4,Month-to-month,13,Yes,0.8856802743687692
2794-XIMMO,Low-Value,60.45,One year,53,Yes,0.8854157897295124
8199-ZLLSA,High-Value,118.35,One year,67,Yes,0.8853877308987486
1768-ZAIFU,Low-Value,25.2,Month-to-month,1,Yes,0.8852346954398237
0612-RTZZA,Low-Value,25.25,Month-to-month,1,Yes,0.8852346954398237
2074-GKOWZ,High-Value,89.55,Month-to-month,2,Yes,0.8851607035373306
2990-HWIML,High-Value,89.5,Month-to-month,6,Yes,0.885101029532086
6496-SLWHQ,High-Value,105.0,Month-to-month,3,Yes,0.8850172900306502
9948-YPTDG,High-Value,79.45,Month-to-month,38,Yes,0.8845082833853573
2485-ITVKB,Low-Value,35.1,Month-to-month,2,Yes,0.8843601765388481
7379-POKDZ,Low-Value,70.3,Month-to-month,3,Yes,0.8843323861475798
2889-FPWRM,High-Value,117.8,One year,72,Yes,0.8842344631080029
4234-XTNEA,High-Value,79.95,Month-to-month,2,No,0.8842167568375303
6086-ESGRL,High-Value,80.15,Month-to-month,1,Yes,0.8841452035924293
6425-YQLLO,High-Value,105.95,One year,66,Yes,0.8841048014685178
4307-KTUMW,High-Value,93.9,Month-to-month,53,Yes,0.8838256061651775
9231-ZJYAM,High-Value,78.85,Month-to-month,4,Yes,0.8835306308098758
5364-EVNIB,High-Value,79.8,Month-to-month,13,Yes,0.8834391337030822
9507-EXLTT,High-Value,79.35,Month-to-month,1,Yes,0.8834021803077197
3009-JWMPU,High-Value,96.75,One year,62,Yes,0.8832786465073625
8634-CILSZ,High-Value,104.7,One year,69,Yes,0.8831541115808658
4789-KWMXN,High-Value,110.85,One year,47,Yes,0.8829666166897152
6581-NQCBA,Low-Value,49.95,Month-to-month,16,Yes,0.8827090719690511
1415-YFWLT,High-Value,89.3,Month-to-month,1,Yes,0.882443844450012
8327-LZKAS,High-Value,107.55,One year,43,Yes,0.8822876176690493
4658-HCOHW,High-Value,102.8,Month-to-month,21,Yes,0.8819415572746676
5013-SBUIH,High-Value,109.65,Two year,50,Yes,0.8818353747246764
5729-KLZAR,High-Value,80.85,Month-to-month,4,Yes,0.8814871589479607
1323-OOEPC,High-Value,98.4,Month-to-month,53,Yes,0.8813396095538439
3068-OMWZA,High-Value,88.8,Month-to-month,1,Yes,0.8810893320905612
7029-RPUAV,High-Value,100.45,Month-to-month,17,Yes,0.880818059414714
3643-AHCFP,High-Value,95.6,Month-to-month,7,Yes,0.8805413009166198
6230-BSUXY,High-Value,85.0,Month-to-month,1,Yes,0.8803472367172921
2911-UREFD,Low-Value,55.9,Month-to-month,39,Yes,0.8803343944691712
3276-HDUEG,High-Value,75.05,Month-to-month,1,Yes,0.8801677013755511
8752-STIVR,High-Value,79.0,Month-to-month,4,Yes,0.8801580226572315
0022-TCJCI,Low-Value,62.7,One year,45,Yes,0.879977797723158
4806-KEXQR,High-Value,79.9,Month-to-month,4,Yes,0.879839585944448
0684-AOSIH,High-Value,95.0,Month-to-month,1,Yes,0.8797613481639582
5318-IXUZF,High-Value,87.15,Month-to-month,2,Yes,0.8795244029559451
6416-TVAIH,Low-Value,68.5,Month-to-month,1,Yes,0.8795034831338749
5136-KCKGI,High-Value,103.7,One year,33,Yes,0.8792392213183191
4791-QRGMF,High-Value,99.5,One year,59,Yes,0.8786869209424188
1010-DIAUQ,High-Value,96.5,Month-to-month,5,Yes,0.8786541396595996
8267-ZNYVZ,High-Value,103.75,One year,33,Yes,0.8785887794067279
3565-UNOCC,High-Value,99.05,Month-to-month,29,Yes,0.878568324161571
2691-NZETQ,High-Value,85.35,Month-to-month,9,Yes,0.8784119852703073
0691-JVSYA,High-Value,94.85,One year,53,Yes,0.8783926934387598
0748-RDGGM,High-Value,109.5,One year,70,Yes,0.8783262409288699
2672-HUYVI,High-Value,91.1,Month-to-month,6,Yes,0.8783075836721409
3186-BAXNB,High-Value,91.7,Month-to-month,1,Yes,0.8783010652274872
3331-HQDTW,High-Value,109.8,Month-to-month,34,Yes,0.8782175031997425
5167-ZFFMM,High-Value,90.85,Month-to-month,1,Yes,0.8781644657831563
2737-WFVYW,Low-Value,45.25,Month-to-month,2,Yes,0.8781128819497072
6302-JGYRJ,High-Value,79.45,One year,31,Yes,0.8778679622901525
0923-PNFUB,High-Value,83.75,Month-to-month,3,Yes,0.8775059963620242
4951-UKAAQ,High-Value,88.95,Month-to-month,4,Yes,0.8774809510198962
2642-DTVCO,High-Value,85.05,Month-to-month,9,Yes,0.8774333510563251
3178-FESZO,High-Value,100.25,Month-to-month,1,Yes,0.8773127928596793
5868-YWPDW,High-Value,84.2,Month-to-month,6,Yes,0.8772347922707828
1628-BIZYP,High-Value,85.0,Month-to-month,1,No,0.8772084409136308
2215-ZAFGX,High-Value,85.5,Month-to-month,9,No,0.8769147095075698
1363-TXLSL,Low-Value,70.3,Month-to-month,1,Yes,0.8768563396266622
9689-PTNPG,High-Value,80.25,Month-to-month,2,Yes,0.8767554986177807
3167-SNQPL,High-Value,101.15,Month-to-month,38,No,0.8766052768099881
2516-VQRRV,High-Value,75.45,Month-to-month,2,Yes,0.8765825135193447
3296-SILRA,High-Value,76.4,Month-to-month,1,Yes,0.8759724022753503
2026-TGDHM,High-Value,79.3,Month-to-month,7,Yes,0.8758963997979577
7638-QVMVY,High-Value,79.0,Month-to-month,7,Yes,0.8758963997979577
0661-XEYAN,Low-Value,25.8,Month-to-month,1,Yes,0.8757297123118839
9603-OAIHC,Low-Value,70.05,Month-to-month,1,No,0.8754627655857563
9921-ZVRHG,High-Value,80.45,Month-to-month,14,Yes,0.8753079486185577
8634-MPHTR,High-Value,100.05,Month-to-month,47,Yes,0.8748968795389287
3462-BJQQA,High-Value,89.75,Month-to-month,6,No,0.8747747197864979
0520-FDVVT,High-Value,102.35,One year,35,Yes,0.8747174063733786
4446-BZKHU,High-Value,105.55,Month-to-month,61,Yes,0.8745082802571157
1842-EZJMK,High-Value,103.7,Month-to-month,50,Yes,0.8744814808989426
6289-CPNLD,High-Value,73.9,One year,33,Yes,0.8744285241443748
0486-HECZI,High-Value,96.75,Month-to-month,55,Yes,0.8743934211220692
4322-RCYMT,High-Value,75.8,One year,68,Yes,0.8741276757823309
2659-VXMWZ,High-Value,111.3,One year,67,Yes,0.8740261527298359
6956-SMUCM,High-Value,99.0,Month-to-month,3,Yes,0.8737897242775009
9095-HFAFX,High-Value,81.0,Month-to-month,5,Yes,0.8733421131612221
2683-BPJSO,High-Value,84.45,Month-to-month,29,Yes,0.8728471852891722
5073-WXOYN,Low-Value,50.8,Month-to-month,60,Yes,0.8728110591486953
1496-GGSUK,Low-Value,25.7,Month-to-month,1,Yes,0.8727704607847828
5940-AHUHD,High-Value,70.6,Month-to-month,1,Yes,0.8726248543731746
9617-INGJY,High-Value,70.6,Month-to-month,1,No,0.8726248543731746
9221-OTIVJ,High-Value,104.85,Month-to-month,14,Yes,0.8726110273215193
2815-CPTUL,Low-Value,70.25,Month-to-month,5,Yes,0.8725326181048421
5502-RLUYV,High-Value,103.95,Month-to-month,69,Yes,0.8725307697661626
5186-SAMNZ,Low-Value,69.5,Month-to-month,1,Yes,0.8720007346174711
6015-VVHHE,High-Value,83.15,Month-to-month,5,Yes,0.8719716325616842
6313-GIDIT,Low-Value,54.45,Month-to-month,53,Yes,0.8717438843455146
5299-SJCZT,High-Value,101.55,Month-to-month,3,Yes,0.8716892614378398
4424-TKOPW,High-Value,93.85,Month-to-month,2,Yes,0.8715515630957325
2037-SGXHH,High-Value,94.65,Month-to-month,38,Yes,0.8711647192153228
0280-XJGEX,High-Value,103.7,Month-to-month,49,Yes,0.8711428257416057
8413-VONUO,High-Value,95.65,Month-to-month,2,Yes,0.8709253201423808
7056-IMHCC,High-Value,101.9,Month-to-month,53,Yes,0.8708587470297671
5980-NOPLP,High-Value,96.1,Month-to-month,44,Yes,0.8706074978451089
1977-STDKI,High-Value,73.0,Month-to-month,1,Yes,0.8704641848862703
5597-GLBUC,High-Value,85.45,Month-to-month,1,Yes,0.8704097702872206
2202-CUYXZ,High-Value,84.85,Month-to-month,1,Yes,0.8704097702872206
6877-TJMBR,High-Value,84.8,Month-to-month,1,Yes,0.8704097702872206
7994-UYIVZ,High-Value,85.65,Month-to-month,8,No,0.8703845931191934
6173-ITPWD,High-Value,83.35,Month-to-month,47,Yes,0.8701647086326554
6986-IJDHX,High-Value,86.3,Month-to-month,39,Yes,0.8699462261860647
4831-EOBFE,High-Value,94.65,Month-to-month,29,Yes,0.8697955226104608
4277-PVRAN,High-Value,80.1,Month-to-month,8,Yes,0.869651192102483
1941-HOSAM,High-Value,90.1,Month-to-month,1,No,0.869618518275523
5644-PDMZC,High-Value,89.5,Month-to-month,2,Yes,0.8695539993185897
2506-CLAKW,High-Value,98.15,Month-to-month,6,Yes,0.869384924266452
6990-YNRIO,High-Value,108.65,Two year,65,Yes,0.8692760070106877
2684-EIWEO,High-Value,91.7,Month-to-month,30,Yes,0.8692176671200436
1899-VXWXM,High-Value,106.1,One year,48,Yes,0.869195626369459
5154-VEKBL,Low-Value,58.5,Month-to-month,9,Yes,0.869086966993414
2519-FAKOD,High-Value,99.25,Month-to-month,38,Yes,0.8688727399141962
8357-EQXFO,High-Value,95.35,Month-to-month,7,Yes,0.8688138989879842
5685-IIXLY,High-Value,83.6,Month-to-month,5,Yes,0.8686353988785288
4445-ZJNMU,High-Value,99.3,Month-to-month,9,No,0.8685899582132686
7394-FKDNK,High-Value,89.45,Month-to-month,9,Yes,0.8683627448106715
1704-NRWYE,High-Value,80.85,Month-to-month,9,Yes,0.8683432105797217
6857-VWJDT,High-Value,95.65,Month-to-month,1,Yes,0.8682201850414369
3090-HAWSU,High-Value,111.6,Two year,61,Yes,0.8679815425388482
6424-ELEYH,High-Value,74.75,Month-to-month,3,Yes,0.8679080287356017
3571-RFHAR,High-Value,109.15,Month-to-month,65,Yes,0.8678678613221104
8931-GJJIQ,High-Value,83.3,Month-to-month,9,Yes,0.8678115773796666
5095-AESKG,High-Value,91.5,Month-to-month,3,Yes,0.8677981997759739
2254-DLXRI,High-Value,79.15,Month-to-month,1,No,0.8676515007577335
0137-OCGAB,High-Value,80.2,Month-to-month,1,Yes,0.8676515007577335
3992-YWPKO,High-Value,109.9,Month-to-month,6,Yes,0.8673931444540379
7089-IVVAZ,High-Value,103.35,Month-to-month,8,Yes,0.8672805006310178
7779-LGOVN,High-Value,86.65,Month-to-month,10,Yes,0.8672647119296424
8035-BUYVG,Low-Value,42.35,One year,40,Yes,0.8672036460986223
9840-EFJQB,High-Value,74.35,Month-to-month,1,No,0.8671089253811168
2239-JALAW,High-Value,103.25,One year,58,Yes,0.866761777676425
9420-LOJKX,High-Value,99.1,Month-to-month,15,Yes,0.8665623068274354
9492-TOKRI,High-Value,90.0,Month-to-month,18,Yes,0.8664100553699922
2379-ENZGV,High-Value,84.85,Month-to-month,6,Yes,0.8661035068551053
7314-OXENN,High-Value,82.0,Month-to-month,2,Yes,0.8658422899161371
4695-WJZUE,High-Value,88.55,Month-to-month,2,Yes,0.8656444670051919
0812-WUPTB,High-Value,70.85,Month-to-month,1,Yes,0.8655636194008861
0880-TKATG,High-Value,101.15,Month-to-month,4,Yes,0.865431594998899
8861-HGGKB,High-Value,86.45,Month-to-month,10,Yes,0.8652844598133309
4187-CINZD,High-Value,95.25,One year,46,Yes,0.8652767921223332
6686-YPGHK,High-Value,85.5,Month-to-month,47,Yes,0.8649322287596051
9763-PDTKK,High-Value,94.4,Month-to-month,4,Yes,0.8648765495850025
3247-ZVOUO,High-Value,85.55,Month-to-month,10,Yes,0.8648514310836426
2276-YDAVZ,High-Value,75.1,Month-to-month,3,Yes,0.8648486252375716
1618-CFHME,High-Value,75.9,Month-to-month,2,Yes,0.8647034426592558
3138-BKYAV,High-Value,85.35,Month-to-month,6,Yes,0.8646769602162032
2141-RRYGO,Low-Value,68.65,Month-to-month,4,Yes,0.864592297311519
9367-WXLCH,High-Value,84.5,Month-to-month,8,Yes,0.8641449864563151
8749-JMNKX,High-Value,93.8,Month-to-month,51,Yes,0.8639729736416942
9317-WZPGV,High-Value,79.75,Month-to-month,2,Yes,0.8635847245528205
6386-SZZKH,High-Value,107.95,Two year,49,Yes,0.8635483206877713
0687-ZVTHB,High-Value,72.45,One year,65,Yes,0.8635451066160441
0504-HHAPI,High-Value,88.3,Month-to-month,27,Yes,0.8633073484034177
2959-MJHIC,High-Value,80.35,Month-to-month,4,Yes,0.8632221529759014
3104-OWCGK,High-Value,90.95,One year,60,Yes,0.8629316096215142
7817-BOQPW,High-Value,75.55,Month-to-month,2,Yes,0.8628079184412633
0306-JAELE,High-Value,96.1,Month-to-month,5,Yes,0.8626228482425072
8761-NSOBC,High-Value,100.55,Month-to-month,44,Yes,0.862454993675106
8348-HFYIV,Low-Value,49.25,Month-to-month,2,Yes,0.8623771637134844
8559-CIZFV,High-Value,77.5,One year,21,Yes,0.8622307511216207
0565-IYCGT,High-Value,78.6,One year,69,Yes,0.8622082283974153
3746-EUBYR,High-Value,74.6,Month-to-month,1,Yes,0.8621294912656916
6772-KSATR,High-Value,81.7,Month-to-month,1,Yes,0.8619974831867601
0637-KVDLV,High-Value,76.5,Month-to-month,2,Yes,0.8617215853175142
3703-VAVCL,High-Value,90.0,Month-to-month,2,Yes,0.8615072645953109
1273-MTETI,High-Value,88.85,Month-to-month,4,Yes,0.8614022905215137
3244-DCJWY,Low-Value,70.25,Month-to-month,1,Yes,0.861315600810599
1640-PLFMP,Low-Value,70.25,Month-to-month,1,No,0.861315600810599
7028-DVOIQ,High-Value,99.05,Month-to-month,35,Yes,0.8611403853810071
7547-EKNFS,High-Value,95.25,Month-to-month,42,Yes,0.8610772235979859
9445-SZLCH,High-Value,97.35,Month-to-month,36,Yes,0.8607792585740057
9944-HKVVB,High-Value,95.1,Month-to-month,3,Yes,0.8607776249150579
0334-GDDSO,High-Value,81.35,Month-to-month,3,Yes,0.8607273230642396
0013-EXCHZ,High-Value,83.9,Month-to-month,3,Yes,0.8607032654718373
2636-OHFMN,Low-Value,48.55,Month-to-month,4,Yes,0.8602770555293451
9444-JTXHZ,High-Value,76.2,Month-to-month,1,Yes,0.8602360115867111
6910-HADCM,High-Value,76.35,Month-to-month,1,Yes,0.8602360115867111
2108-XWMPY,Low-Value,35.45,Month-to-month,3,Yes,0.8602063651591013
7903-CMPEY,High-Value,80.3,Month-to-month,1,Yes,0.8598809265830835
7577-SWIFR,High-Value,89.25,Month-to-month,1,No,0.8598488442481313
9696-RMYBA,High-Value,80.1,Month-to-month,5,No,0.8597908235399134
9611-CTWIH,High-Value,89.45,Month-to-month,3,Yes,0.8594795520293432
5294-CDGWY,Low-Value,59.3,One year,51,Yes,0.8594423069360856
1342-JPNKI,High-Value,86.05,Month-to-month,10,Yes,0.8593576155078069
9681-OXGVC,High-Value,100.5,Month-to-month,5,Yes,0.859336299487251
4395-PZMSN,High-Value,85.55,Month-to-month,5,No,0.8591190959419663
7760-OYPDY,High-Value,80.65,Month-to-month,2,Yes,0.85910817101682
3878-AVSOQ,High-Value,71.25,Month-to-month,1,No,0.8587589862888614
4236-XPXAV,High-Value,99.15,Month-to-month,5,Yes,0.8586529756069239
3143-ILDAL,High-Value,94.45,Month-to-month,56,Yes,0.8586250046135713
5032-MIYKT,High-Value,70.7,Month-to-month,1,No,0.8581919806210719
3091-FYHKI,Low-Value,35.45,Month-to-month,1,Yes,0.8574435910247648
7957-RYHQD,High-Value,79.2,Month-to-month,40,Yes,0.8573148273330489
2037-XJFUP,High-Value,95.8,One year,33,Yes,0.857169881605595
6101-IMRMM,High-Value,94.5,Month-to-month,6,Yes,0.8571287024097616
9305-CDSKC,High-Value,99.65,Month-to-month,8,Yes,0.8565117772225795
4816-JBHOV,Low-Value,44.7,Month-to-month,2,Yes,0.8565048906701246
3351-NQLDI,High-Value,94.35,One year,67,Yes,0.8563697630524352
7249-WBIYX,High-Value,85.6,Month-to-month,10,Yes,0.856168476860456
9840-DVNDC,High-Value,80.5,Month-to-month,6,Yes,0.8561069672604299
1587-FKLZB,High-Value,99.5,Month-to-month,66,Yes,0.8558518470286505
2632-UCGVD,High-Value,100.05,Month-to-month,66,Yes,0.8558518470286505
7615-ESMYF,Low-Value,44.6,Month-to-month,2,Yes,0.8555567953678538
0195-IESCP,High-Value,85.25,Month-to-month,10,Yes,0.8553854524542105
2886-KEFUM,High-Value,107.5,One year,63,Yes,0.8553844188815524
8622-ZLFKO,High-Value,90.75,Month-to-month,6,No,0.8553843025513568
7198-GLXTC,High-Value,79.0,Month-to-month,2,Yes,0.854883303990881
4274-OWWYO,High-Value,74.35,Month-to-month,1,Yes,0.8547085308391591
1579-KLYDT,High-Value,90.45,Month-to-month,7,Yes,0.8545857925604621
5349-IECLD,High-Value,94.95,Month-to-month,2,Yes,0.8545404192734218
2817-NTQDO,Low-Value,45.55,Month-to-month,13,Yes,0.8543071423472139
5842-POCOP,High-Value,88.9,Month-to-month,5,Yes,0.8542692034595329
3106-ULWFW,High-Value,85.2,Month-to-month,8,Yes,0.8542360519832545
0754-UKWQP,High-Value,95.85,Month-to-month,2,Yes,0.8541637468342732
4143-OOBWZ,High-Value,81.3,Month-to-month,5,Yes,0.8540502187333106
3249-ZPQRG,High-Value,78.45,Month-to-month,4,Yes,0.8537659146856058
5057-LCOUI,Low-Value,50.75,Month-to-month,39,Yes,0.8536457918288416
4441-NIHPT,High-Value,74.3,Month-to-month,13,Yes,0.8534756243731387
3389-YGYAI,High-Value,105.5,Month-to-month,8,Yes,0.8534313113381496
2024-BASKD,High-Value,74.6,Month-to-month,1,Yes,0.8533666866214573
0947-IDHRQ,High-Value,80.3,Month-to-month,7,Yes,0.8533087546698548
4628-CTTLA,Low-Value,39.3,Month-to-month,57,Yes,0.8531246921779367
8258-GSTJK,High-Value,77.0,Month-to-month,3,Yes,0.8529750881300309
0742-NXBGR,High-Value,82.3,Month-to-month,1,Yes,0.8528191200543712
8943-URTMR,High-Value,79.65,Month-to-month,2,Yes,0.852640924428357
3445-HXXGF,Low-Value,45.3,Month-to-month,58,Yes,0.8526076943382505
1569-TTNYJ,High-Value,78.75,Month-to-month,5,Yes,0.8525035123212402
5442-UTCVD,High-Value,91.85,Month-to-month,3,Yes,0.8524906368137236
9334-GWGOW,High-Value,74.85,Month-to-month,7,No,0.8524741602107366
6221-AVQYL,High-Value,73.25,Month-to-month,2,Yes,0.8523733929598976
3217-FZDMN,High-Value,94.45,Month-to-month,8,Yes,0.8522847845727124
5569-KGJHX,High-Value,85.35,Month-to-month,9,Yes,0.8519481260727737
7124-UGSUR,High-Value,104.4,One year,61,Yes,0.8511669734133388
9237-HQITU,High-Value,70.7,Month-to-month,2,Yes,0.8509723845836978
4273-MBHYA,High-Value,89.35,Month-to-month,1,No,0.8506172171710712
5832-XKAES,Low-Value,69.8,Month-to-month,2,Yes,0.8503811774171229
9546-CQJSU,High-Value,91.4,Month-to-month,2,Yes,0.8503406919201637
8734-DKSTZ,High-Value,85.95,Month-to-month,10,No,0.8499057139713561
4115-NZRKS,High-Value,89.15,Month-to-month,7,No,0.8498984816436159
8111-RKSPX,High-Value,72.2,Month-to-month,4,Yes,0.8498859588888635
5748-RNCJT,High-Value,106.5,Two year,69,Yes,0.8496938023590951
2920-RNCEZ,Low-Value,69.95,Month-to-month,1,No,0.8494859124154037
7248-VZQLC,High-Value,85.2,Month-to-month,47,Yes,0.8492669087945091
5804-LEPIM,High-Value,70.35,Month-to-month,2,Yes,0.8491550520563577
2754-XBHTB,High-Value,77.65,Month-to-month,9,Yes,0.8491245040020824
2302-ANTDP,High-Value,117.45,Month-to-month,48,Yes,0.8490661611392278
4884-ZTHVF,High-Value,87.1,Month-to-month,8,No,0.8489340130622824
2761-OCIAX,High-Value,74.7,Month-to-month,2,Yes,0.8488294967223221
0402-CQAJN,High-Value,101.9,Month-to-month,37,Yes,0.8488234974596136
5440-FLBQG,High-Value,108.4,Two year,69,Yes,0.8487069776917299
0691-IFBQW,High-Value,110.0,One year,46,Yes,0.8485378572085267
3440-JPSCL,High-Value,99.95,Month-to-month,6,Yes,0.8482407940479882
1236-WFCDV,High-Value,90.45,Month-to-month,14,Yes,0.8482398821687687
1565-RHDJD,High-Value,84.05,Month-to-month,4,Yes,0.848107309750009
8266-VBFQL,High-Value,90.4,Month-to-month,4,No,0.8480370569592955
5339-PXDVH,High-Value,90.65,Month-to-month,4,No,0.8478973188795493
7398-SKNQZ,High-Value,94.9,Month-to-month,3,No,0.8477326013453053
2472-OVKUP,High-Value,91.0,Month-to-month,6,Yes,0.8477120354287956
6645-MXQJT,High-Value,97.1,Month-to-month,2,No,0.8476071494924909
0533-BNWKF,High-Value,85.45,Month-to-month,55,Yes,0.8473280482681862
7136-RVDTZ,Low-Value,45.25,One year,70,Yes,0.8472337710298113
0220-EBGCE,High-Value,85.85,Month-to-month,2,Yes,0.8471516143239523
4572-DVCGN,High-Value,80.25,Month-to-month,10,Yes,0.8456154222557687
7576-OYWBN,High-Value,76.05,Month-to-month,3,Yes,0.845323547767658
4512-ZUIYL,Low-Value,70.0,Month-to-month,2,Yes,0.8452596213164993
5028-HTLJB,Low-Value,20.05,Month-to-month,1,Yes,0.8449924647644744
2834-SPCJV,High-Value,84.1,Month-to-month,52,Yes,0.8445363510706726
7363-QTBIW,High-Value,79.75,Month-to-month,9,No,0.8444846112210455
1184-PJVDB,High-Value,79.95,Month-to-month,10,Yes,0.8444473532967889
4636-QRJKY,High-Value,80.5,Month-to-month,6,Yes,0.8438660771642219
7225-CBZPL,High-Value,94.8,Month-to-month,17,No,0.8438431319896817
4720-VSTSI,High-Value,84.8,Month-to-month,44,Yes,0.8437846413021143
9850-OWRHQ,High-Value,74.1,Month-to-month,3,Yes,0.8437738797311545
8309-IEYJD,High-Value,70.6,Month-to-month,1,No,0.8436964772497896
8433-WXGNA,High-Value,75.7,Month-to-month,2,Yes,0.843500374608404
2865-TCHJW,High-Value,89.2,Month-to-month,4,Yes,0.8434230164787021
7734-DBOAI,Low-Value,40.1,Month-to-month,1,Yes,0.8431860912036226
7486-KSRVI,High-Value,100.0,One year,43,Yes,0.8430522164127611
6168-WFVVF,Low-Value,70.3,Month-to-month,3,Yes,0.842971833997236
6481-OGDOO,High-Value,90.6,One year,67,Yes,0.8427378747893054
9605-WGJVW,Low-Value,70.2,Month-to-month,1,No,0.8427293225129989
7384-GHBPI,Low-Value,35.15,Month-to-month,3,Yes,0.8427072928201297
1550-LOAHA,High-Value,84.15,Month-to-month,32,Yes,0.8425191381347921
3329-WDIOK,Low-Value,50.6,Month-to-month,3,Yes,0.842390124581227
3801-HMYNL,High-Value,89.15,Month-to-month,1,Yes,0.8423379562180153
3318-NMQXL,High-Value,92.0,Month-to-month,3,No,0.8421294334517533
0581-BXBUB,High-Value,72.75,Month-to-month,4,No,0.8419960075599245
0231-LXVAP,High-Value,75.9,Month-to-month,1,Yes,0.8418509651179612
2397-BRLOM,High-Value,80.45,Month-to-month,8,Yes,0.8417433696769555
0375-HVGXO,Low-Value,34.7,Month-to-month,1,Yes,0.8412460743446775
4439-JMPMT,High-Value,85.75,Month-to-month,5,Yes,0.8410060892456819
7693-LCKZL,High-Value,80.15,Month-to-month,5,Yes,0.8409661923778567
1980-KXVPM,High-Value,75.05,Month-to-month,3,Yes,0.8407677915012044
5835-BEQEU,High-Value,76.95,Month-to-month,3,Yes,0.8406737814104431
0258-NOKBL,High-Value,90.4,Month-to-month,3,No,0.8405603904371106
1644-IRKSF,High-Value,93.8,One year,33,Yes,0.8403848651700682
5028-GZLDO,High-Value,70.7,Month-to-month,2,Yes,0.8403437876761424
3427-GGZZI,High-Value,89.1,Month-to-month,19,No,0.8402502465543493
2929-QNSRW,High-Value,98.25,One year,56,Yes,0.8402227838322895
1196-AMORA,High-Value,73.6,Month-to-month,7,Yes,0.8401302414068378
2495-INZWQ,Low-Value,44.55,Month-to-month,4,Yes,0.8400378255597688
2260-USTRB,Low-Value,70.2,Month-to-month,2,Yes,0.8399740041185801
6804-GDMOI,High-Value,106.6,Two year,61,Yes,0.8397780688489772
3376-BMGFE,High-Value,70.9,Month-to-month,4,Yes,0.8396520317946381
0225-ZORZP,High-Value,84.3,Month-to-month,3,No,0.8396120761222603
6646-QVXLR,High-Value,103.75,One year,62,Yes,0.8395930926591213
7481-ATQQS,High-Value,90.85,Month-to-month,49,Yes,0.8394994437351785
5561-NWEVX,High-Value,79.2,Month-to-month,2,Yes,0.8394968331342061
6969-MVBAI,High-Value,90.1,Month-to-month,9,No,0.8394520095735551
8242-SOQUO,High-Value,84.7,Month-to-month,5,No,0.8389051780137688
1740-CSDJP,Low-Value,35.25,Month-to-month,1,Yes,0.8387751010465914
4106-HADHQ,High-Value,80.0,One year,39,Yes,0.8382173777830427
8809-RIHDD,High-Value,103.4,Two year,72,Yes,0.8376239516026058
9907-SWKKF,Low-Value,25.05,Month-to-month,1,Yes,0.8375769514369372
8835-VSDSE,High-Value,70.7,Month-to-month,2,Yes,0.837521207132105
6298-QDFNH,High-Value,79.35,Month-to-month,22,Yes,0.837425849780128
7928-VJYAB,High-Value,90.6,Month-to-month,11,No,0.8373670414571818
4566-NECEV,High-Value,96.55,Month-to-month,5,No,0.837021384661673
4817-QRJSX,High-Value,81.0,Month-to-month,10,Yes,0.8370076908605663
0685-MLYYM,High-Value,70.75,Month-to-month,2,Yes,0.8370016647062651
0727-BMPLR,High-Value,100.0,One year,55,Yes,0.8369489840202288
7571-YXDAD,High-Value,74.9,Month-to-month,2,Yes,0.8368937782476512
8185-UPYBR,High-Value,75.5,Month-to-month,6,Yes,0.8367581167463304
4090-KPJIP,High-Value,74.95,Month-to-month,3,No,0.836733479409482
6356-ELRKD,High-Value,95.6,Month-to-month,1,Yes,0.8364835975534862
9050-IKDZA,High-Value,81.5,Month-to-month,2,No,0.8364343124153762
4013-TLDHQ,High-Value,78.25,Month-to-month,19,Yes,0.8361738256992757
1602-IJQQE,High-Value,75.35,Month-to-month,4,Yes,0.8354514445455439
2382-BCKQJ,High-Value,100.15,One year,62,Yes,0.8353470912835672
4581-SSPWD,High-Value,75.8,Month-to-month,3,Yes,0.8350402432205283
0325-XBFAC,High-Value,94.7,Month-to-month,8,Yes,0.8348599105736143
9249-FXSCK,High-Value,111.25,One year,52,Yes,0.8346809056776701
2688-BHGOG,High-Value,79.55,Month-to-month,9,No,0.8345022680665184
6060-DRTNL,High-Value,84.85,Month-to-month,5,Yes,0.8343855799699509
8079-XRJRS,High-Value,89.75,One year,65,Yes,0.8341896441677286
4248-HCETZ,High-Value,79.65,Month-to-month,30,Yes,0.8336552290503753
8417-FMLZI,High-Value,83.55,Month-to-month,6,Yes,0.8335151887354736
7470-MCQTK,Low-Value,48.75,Month-to-month,13,Yes,0.8332062888460314
1271-SJBGZ,Low-Value,43.65,Month-to-month,12,Yes,0.8327873961871406
0404-SWRVG,High-Value,74.4,Month-to-month,3,Yes,0.8327441117433813
5159-YFPKQ,High-Value,75.8,Month-to-month,2,Yes,0.8321613801793585
7479-NITWS,High-Value,89.35,Month-to-month,7,Yes,0.8321206446932353
0219-YTZUE,High-Value,84.8,Month-to-month,4,Yes,0.8321144976722704
2919-HBCJO,High-Value,76.65,Month-to-month,4,Yes,0.8320815039982747
8722-NGNBH,Low-Value,40.0,Month-to-month,5,Yes,0.8320403681623584
2951-QOQTK,High-Value,80.8,Month-to-month,4,Yes,0.8317981413413379
1731-TVIUK,High-Value,93.5,Month-to-month,4,Yes,0.831642172267395
3763-GCZHZ,High-Value,104.05,One year,66,Yes,0.8316331296931332
2608-BHKFN,Low-Value,70.05,Month-to-month,4,Yes,0.8316326639650612
0407-BDJKB,High-Value,95.75,Month-to-month,60,Yes,0.8315440398041936
5138-WVKYJ,High-Value,98.55,Month-to-month,10,Yes,0.831345895347726
7341-LXCAF,High-Value,74.65,Month-to-month,4,Yes,0.8313061636807564
0623-IIHUG,Low-Value,41.9,Month-to-month,21,Yes,0.8312174955335522
4290-BSXUX,High-Value,79.65,Month-to-month,3,Yes,0.8305110703104035
0390-DCFDQ,High-Value,70.45,Month-to-month,1,Yes,0.8304603101669994
6680-WKXRZ,High-Value,74.4,Month-to-month,3,Yes,0.8304264678631829
4585-HETAI,High-Value,73.75,Month-to-month,4,Yes,0.8303633484346166
2479-BRAMR,High-Value,83.75,Month-to-month,41,Yes,0.8303115737443847
5482-PLVPE,Low-Value,24.35,Month-to-month,2,Yes,0.8302909867720359
0378-TOVMS,High-Value,85.8,Month-to-month,3,Yes,0.830271769036041
6996-KNSML,High-Value,74.9,Month-to-month,1,Yes,0.8300448016360743
7483-IQWIB,High-Value,92.95,Month-to-month,37,No,0.8297006279873547
3074-GQWYX,High-Value,75.9,Month-to-month,5,Yes,0.8292890813621122
7216-EWTRS,High-Value,100.8,Month-to-month,1,Yes,0.8292681959322746
6000-APYLU,High-Value,80.8,Month-to-month,9,Yes,0.8292221595699613
7739-LAXOG,High-Value,91.05,Month-to-month,32,Yes,0.8290697391335365
6166-ILMNY,Low-Value,69.75,Month-to-month,2,Yes,0.8287926846693636
3721-CNEYS,High-Value,70.95,Month-to-month,2,Yes,0.8287667294069792
0872-NXJYS,High-Value,79.55,Month-to-month,9,Yes,0.8286456915161279
0397-GZBBC,High-Value,93.85,Month-to-month,59,Yes,0.8281812570091255
6261-RCVNS,High-Value,73.9,One year,42,Yes,0.8281201738601464
1320-HTRDR,High-Value,75.5,Month-to-month,3,Yes,0.8279601886863159
9306-CPCBC,High-Value,74.25,Month-to-month,3,Yes,0.8279295892689928
2984-AFWNC,High-Value,95.4,Month-to-month,3,No,0.8278658255504286
4112-LUEIZ,High-Value,89.5,Month-to-month,10,Yes,0.8274946635662371
5931-FLJJF,Low-Value,70.1,Month-to-month,7,Yes,0.827157743052902
6618-RYATB,High-Value,79.55,Month-to-month,1,Yes,0.8271361601558995
5087-SUURX,Low-Value,39.05,Month-to-month,18,Yes,0.8266109955336658
3338-CVVEH,High-Value,94.55,Month-to-month,12,No,0.8265877161468858
2983-ZANRP,High-Value,73.55,Month-to-month,2,Yes,0.8263843214549954
9389-ACWBI,Low-Value,69.95,Month-to-month,5,No,0.8262007203274442
4369-HTUIF,High-Value,85.15,Month-to-month,6,Yes,0.8261200264984114
8443-ZRDBZ,High-Value,76.05,Month-to-month,4,Yes,0.825975783288963
0925-VYDLG,High-Value,75.25,Month-to-month,3,Yes,0.8259288437981102
4154-AQUGT,High-Value,89.05,Month-to-month,13,Yes,0.8259173142308996
4919-MOAVT,Low-Value,69.65,Month-to-month,3,Yes,0.8256310160800396
2984-MIIZL,High-Value,74.8,Month-to-month,4,Yes,0.8252029673408475
9576-ANLXO,Low-Value,69.55,Month-to-month,3,Yes,0.8250897550076435
2027-OAQQC,Low-Value,49.05,Month-to-month,43,Yes,0.8244085927264604
6651-AZVTJ,High-Value,99.8,Month-to-month,49,Yes,0.8243581236790659
3754-DXMRT,Low-Value,44.15,Month-to-month,2,Yes,0.8242510238982286
6599-RCLCJ,High-Value,109.55,Month-to-month,47,Yes,0.8239397483390216
6034-ZRYCV,Low-Value,54.2,Two year,72,Yes,0.8234951457830875
7881-EVUAD,Low-Value,42.6,Month-to-month,2,Yes,0.8232333573223518
8642-GVWRF,High-Value,79.7,Month-to-month,2,Yes,0.8231696347573773
0432-CAJZV,High-Value,90.7,Month-to-month,3,No,0.8231143697447582
3717-OEAUQ,High-Value,70.7,Month-to-month,2,No,0.8229326707633721
9191-MYQKX,High-Value,75.15,Month-to-month,7,Yes,0.8226771565120699
4763-PGDPO,High-Value,70.4,Month-to-month,4,Yes,0.8226571977956273
0823-HSCDJ,Low-Value,49.15,Month-to-month,52,Yes,0.8226481551517463
5174-RNGBH,Low-Value,66.25,Month-to-month,9,Yes,0.8226207785516572
6390-DSAZX,High-Value,73.6,Month-to-month,1,Yes,0.8223394125089405
2080-GKCWQ,High-Value,74.95,Month-to-month,2,No,0.8223165264494269
7721-JXEAW,Low-Value,41.05,Month-to-month,59,Yes,0.8221192530603174
7823-JSOAG,High-Value,74.5,Month-to-month,3,No,0.8220099327410817
5649-ANRML,High-Value,95.1,Month-to-month,2,Yes,0.8215365480699732
7242-QZLXF,Low-Value,25.3,Month-to-month,1,Yes,0.8212405849745117
8481-YYXWG,High-Value,89.35,Month-to-month,5,Yes,0.8211627058808679
9894-EZEWG,High-Value,74.3,Month-to-month,1,Yes,0.8210220910128508
5442-BHQNG,High-Value,70.35,Month-to-month,2,No,0.8206551454071583
3519-ZKXGG,High-Value,75.85,Month-to-month,3,Yes,0.8205705673823986
7598-UAASY,High-Value,76.4,Month-to-month,2,Yes,0.8205303832251275
7931-PXHFC,Low-Value,62.3,One year,38,Yes,0.8201572469290177
1444-VVSGW,High-Value,115.65,One year,70,Yes,0.8199912675524359
9274-CNFMO,High-Value,74.95,Month-to-month,4,Yes,0.8198554926840184
5357-TZHPP,High-Value,84.4,Month-to-month,9,Yes,0.8198362580925999
4749-OJKQU,High-Value,75.65,Month-to-month,4,No,0.8198188511112179
6559-ILWKJ,Low-Value,49.35,Two year,71,Yes,0.8197406365894372
2135-DQWAQ,High-Value,85.3,Month-to-month,5,No,0.819732007774631
9940-RHLFB,High-Value,75.3,Month-to-month,1,Yes,0.8193893157298916
7786-WBJYI,High-Value,77.95,Month-to-month,4,Yes,0.8186258525746894
0122-OAHPZ,High-Value,73.85,Month-to-month,7,Yes,0.818191935274913
9578-VRMNM,Low-Value,65.2,Month-to-month,16,Yes,0.8175523617396749
0917-EZOLA,High-Value,104.15,Two year,72,Yes,0.8172915023476872
3797-VTIDR,Low-Value,23.45,Month-to-month,1,Yes,0.8172346608473973
9734-YWGEX,High-Value,98.3,Month-to-month,9,Yes,0.8171375259759701
3488-PGMQJ,High-Value,74.5,Month-to-month,8,Yes,0.8169667821986889
6128-CZOMY,Low-Value,45.65,Month-to-month,1,Yes,0.8169592667842863
7825-GKXMW,Low-Value,45.8,Month-to-month,1,Yes,0.8169592667842863
9828-AOQLM,Low-Value,45.7,Month-to-month,1,Yes,0.8169592667842863
2135-RXIHG,Low-Value,45.65,Month-to-month,1,Yes,0.8169592667842863
7359-PTSXY,Low-Value,45.75,Month-to-month,1,Yes,0.8169592667842863
5649-VUKMC,High-Value,95.5,One year,12,Yes,0.8164827033307885
2165-VOEGB,High-Value,105.2,One year,46,Yes,0.8163458043101194
3199-XGZCY,High-Value,75.25,Month-to-month,8,No,0.8161930499117379
5168-MSWXT,High-Value,94.75,Month-to-month,8,No,0.8158100340389355
4342-HENTK,High-Value,70.65,Month-to-month,2,Yes,0.8149849372037652
2672-DZUOY,Low-Value,25.15,Month-to-month,1,Yes,0.8147916950359515
5493-SDRDQ,Low-Value,55.1,Month-to-month,2,Yes,0.8144905108055412
3496-LFSZU,High-Value,70.5,Month-to-month,4,No,0.8144643511728983
1113-IUJYX,High-Value,105.95,One year,14,Yes,0.8142686824240992
5519-NPHVG,High-Value,94.2,Month-to-month,12,Yes,0.8137039221750638
0018-NYROU,Low-Value,68.95,Month-to-month,5,No,0.8136305624825811
5077-DXTCG,Low-Value,45.3,Month-to-month,1,Yes,0.813605571126596
5552-ZNFSJ,Low-Value,45.3,Month-to-month,1,Yes,0.813605571126596
1963-SVUCV,Low-Value,45.3,Month-to-month,1,Yes,0.813605571126596
6635-MYYYZ,High-Value,85.35,One year,30,Yes,0.8134362409490984
2187-LZGPL,Low-Value,40.1,Month-to-month,7,Yes,0.8126249192602942
6680-NENYN,High-Value,104.6,Two year,43,Yes,0.8125138002970357
6711-FLDFB,High-Value,74.9,Month-to-month,7,Yes,0.81247974993618
4587-NUKOX,High-Value,79.1,Month-to-month,3,Yes,0.8121643593668076
2079-FBMZK,Low-Value,69.25,Month-to-month,6,Yes,0.8119914409150006
9835-ZIITK,High-Value,110.85,One year,66,Yes,0.8116355235982721
6397-JNZZG,Low-Value,55.55,Month-to-month,43,Yes,0.8115620989852649
2868-SNELZ,High-Value,80.6,Month-to-month,2,Yes,0.8110521035294684
6275-YDUVO,High-Value,86.2,Month-to-month,2,Yes,0.8108488222104516
9667-EQRXU,Low-Value,40.3,Month-to-month,30,Yes,0.8106235742051289
8485-GJCDN,Low-Value,69.05,Month-to-month,5,Yes,0.8105955830926159
4229-CZMLL,High-Value,74.9,Month-to-month,6,Yes,0.810356876675636
3269-ATYWD,High-Value,95.65,Month-to-month,39,Yes,0.8097104811297343
9174-FKWZE,Low-Value,19.45,Month-to-month,1,Yes,0.8092288135988137
6702-OHFWR,Low-Value,43.3,Month-to-month,1,Yes,0.8087781603402077
8541-QVFKM,High-Value,73.5,Month-to-month,8,No,0.808584044637879
1976-CFOCS,Low-Value,46.0,Month-to-month,1,Yes,0.8082546553840544
3207-OYBWH,High-Value,95.25,Month-to-month,57,Yes,0.8082367209406017
4547-KQRTM,High-Value,80.05,Month-to-month,10,Yes,0.8081922442382904
0722-TROQR,High-Value,74.9,Month-to-month,4,Yes,0.8076853707491292
6338-AVWCY,Low-Value,40.15,Month-to-month,3,Yes,0.8076512570081001
1612-EOHDH,Low-Value,45.15,Month-to-month,1,Yes,0.8075792359483083
3070-DVEYC,High-Value,73.75,Month-to-month,7,Yes,0.8075279862037037
1866-OBPNR,High-Value,74.6,Month-to-month,1,No,0.8072898352905491
2082-CEFLT,Low-Value,45.6,Month-to-month,1,Yes,0.8069592667842862
0772-GYEQQ,High-Value,88.35,Month-to-month,3,Yes,0.8067553780962413
7938-OUHIO,High-Value,98.7,Month-to-month,3,Yes,0.8065431819597666
3453-RTHJQ,Low-Value,69.1,Month-to-month,6,No,0.8064551281607024
4629-NRXKX,High-Value,70.4,Month-to-month,2,Yes,0.8062043134861944
4983-CCWMC,Low-Value,69.6,Month-to-month,3,No,0.8061386442626567
2575-GFSOE,Low-Value,69.0,Month-to-month,7,Yes,0.8059921222180543
0643-OKLRP,High-Value,80.35,Month-to-month,47,Yes,0.8059272453987011
5956-VKDTT,High-Value,74.35,Month-to-month,5,Yes,0.8059161000606568
9643-AVVWI,High-Value,80.0,Month-to-month,3,No,0.8057710633530296
0876-WDUUZ,High-Value,85.4,Month-to-month,5,Yes,0.80554128227833
6918-UMQCG,High-Value,80.2,Month-to-month,5,No,0.8050426216566267
6496-JDSSB,High-Value,80.0,Month-to-month,8,No,0.8049577675712614
7538-GWHML,Low-Value,69.65,Month-to-month,2,Yes,0.8048087985463233
8263-JQAIK,Low-Value,24.45,Month-to-month,2,Yes,0.8047202120650951
0471-LVHGK,High-Value,73.0,One year,41,Yes,0.8044372548289874
7774-OJSXI,High-Value,103.45,One year,31,Yes,0.8042935061140458
5712-PTIWW,High-Value,79.85,Month-to-month,2,Yes,0.8040081848774737
2718-GAXQD,Low-Value,46.0,Month-to-month,4,Yes,0.8038828902962498
1304-NECVQ,High-Value,78.55,Month-to-month,2,Yes,0.8035951729762347
5119-NZPTV,Low-Value,70.1,Month-to-month,2,No,0.803278779139627
0133-BMFZO,High-Value,86.25,Month-to-month,2,Yes,0.8031905748848226
5570-PTWEH,High-Value,75.15,Month-to-month,3,Yes,0.8030878049820851
0617-AQNWT,Low-Value,47.85,Two year,64,Yes,0.8030303758421766
0094-OIFMO,High-Value,95.0,Month-to-month,11,Yes,0.8028850980598867
8399-YNDCH,Low-Value,60.05,Month-to-month,21,Yes,0.8025605805746291
9633-XQABV,Low-Value,70.25,Month-to-month,3,No,0.802413502188585
9747-DDZOS,High-Value,73.5,Month-to-month,1,Yes,0.8019926178392658
9741-YLNTD,High-Value,87.95,Month-to-month,6,No,0.8013060665717847
3806-DXQOM,Low-Value,33.65,Month-to-month,4,Yes,0.8011067139261699
4927-WWOOZ,High-Value,91.45,Month-to-month,2,No,0.8010324529124497
5276-KQWHG,Low-Value,69.6,Month-to-month,2,Yes,0.8007268382959861
4813-HQMGZ,High-Value,90.25,Month-to-month,8,No,0.8006820846899259
9717-QEBGU,Low-Value,70.3,Month-to-month,2,No,0.8005884040946014
3030-YDNRM,High-Value,74.85,Month-to-month,8,No,0.8002050111034482
4450-DLLMH,High-Value,71.3,Month-to-month,2,No,0.8001984840759994
4853-OITSN,High-Value,89.15,Month-to-month,5,No,0.8001460395709563
6856-RAURS,High-Value,74.9,Month-to-month,2,No,0.8000797697749195
7317-GGVPB,High-Value,108.6,Two year,71,Yes,0.7998064064189208
4174-LPGTI,Low-Value,66.5,One year,41,Yes,0.7997845753663576
2077-MPJQO,High-Value,75.4,Month-to-month,7,No,0.7996749804460217
9430-FRQOC,High-Value,87.1,Month-to-month,4,Yes,0.7994398748051939
5204-QZXPU,Low-Value,39.65,Month-to-month,19,Yes,0.7991869860619402
8687-BAFGU,High-Value,74.0,Month-to-month,1,No,0.7990362677508053
3422-GALYP,High-Value,79.45,Month-to-month,2,No,0.7985305154125926
2968-SSGAA,High-Value,100.6,Month-to-month,10,Yes,0.7982368604477139
8120-JDCAM,Low-Value,69.55,Month-to-month,4,No,0.7981686142831657
3904-UKFRE,High-Value,80.1,Month-to-month,4,No,0.797751033386695
3550-SAHFP,High-Value,83.35,Month-to-month,33,Yes,0.7950844310925907
4587-VVTOX,High-Value,105.3,Month-to-month,6,Yes,0.794743977135225
8178-EYZUO,High-Value,93.7,Month-to-month,46,Yes,0.7946765544135811
4741-WWJQZ,High-Value,80.15,Month-to-month,2,No,0.7946534987718619
2055-PDADH,High-Value,70.4,Month-to-month,3,Yes,0.7942451153596931
3751-KTZEL,Low-Value,35.05,Month-to-month,1,Yes,0.7938324743070878
3908-BLSYF,High-Value,83.9,Month-to-month,6,Yes,0.7934529333902276
2750-BJLSB,High-Value,103.7,One year,47,No,0.7934107368894154
9250-WYPLL,High-Value,75.55,Month-to-month,5,Yes,0.7930553453648739
7130-VTEWQ,High-Value,75.75,Month-to-month,8,Yes,0.7929218135886906
5043-TRZWM,High-Value,75.55,Month-to-month,1,No,0.7927757459613956
4514-GFCFI,High-Value,84.75,Month-to-month,16,Yes,0.7927639754759568
5180-UCIIQ,Low-Value,40.05,Month-to-month,22,Yes,0.7919106064554436
4291-SHSBH,Low-Value,69.55,Month-to-month,7,No,0.7918435025529871
4706-DGAHW,Low-Value,45.2,Month-to-month,1,No,0.7916840546950258
9947-OTFQU,High-Value,74.4,Month-to-month,15,Yes,0.7916062908969459
0940-OUQEC,High-Value,80.7,Month-to-month,10,Yes,0.7911414870584993
7993-PYKOF,High-Value,75.0,Month-to-month,8,Yes,0.7908996403699029
8699-ASUFO,High-Value,74.4,Month-to-month,7,Yes,0.7908893302106408
4770-UEZOX,High-Value,74.75,Month-to-month,2,No,0.7908802223773429
3627-FHKBK,High-Value,75.3,Month-to-month,1,Yes,0.7908700268665136
7273-TEFQD,Low-Value,41.15,Month-to-month,3,Yes,0.7907754493909297
8010-EZLOU,High-Value,80.2,Month-to-month,15,Yes,0.7898197279494995
1965-AKTSX,High-Value,78.95,Month-to-month,14,Yes,0.7895505423450578
2468-SJFLM,High-Value,74.3,Month-to-month,1,No,0.7894990753214369
3325-FUYCG,High-Value,106.1,One year,28,Yes,0.7890920864627919
6432-TWQLB,High-Value,85.4,Month-to-month,5,Yes,0.7889553035098505
8714-CTZJW,High-Value,82.85,Month-to-month,4,No,0.7889043949242693
2834-JRTUA,High-Value,108.05,Two year,71,Yes,0.788317674154061
7181-BQYBV,High-Value,102.45,Month-to-month,1,Yes,0.7881758932025104
3420-YJLQT,High-Value,79.55,Month-to-month,2,No,0.7881405519811476
3656-TKRVZ,Low-Value,55.35,Month-to-month,3,Yes,0.7881389400830983
6435-SRWBJ,High-Value,82.75,Month-to-month,5,No,0.7879887521744141
9058-CBREO,Low-Value,50.55,Month-to-month,1,Yes,0.7874336761890095
5760-FXFVO,High-Value,78.95,Month-to-month,6,No,0.7872940141486253
6198-ZFIOJ,High-Value,75.6,Month-to-month,5,No,0.787063119576137
8837-VVWLQ,High-Value,84.95,Month-to-month,8,Yes,0.7870209723545186
9408-SSNVZ,Low-Value,70.15,Month-to-month,4,Yes,0.786700983957892
3841-CONLJ,Low-Value,35.0,Month-to-month,1,No,0.7861811886603993
9050-QLROH,High-Value,90.7,Month-to-month,18,Yes,0.786160473729983
8212-DJRCH,High-Value,90.35,Month-to-month,5,No,0.7861202925574957
5394-SVGJV,High-Value,98.8,Month-to-month,37,Yes,0.7860718353802183
4132-KALRO,High-Value,100.85,Month-to-month,4,No,0.7859986387173113
1891-FZYSA,High-Value,89.95,Month-to-month,69,Yes,0.7859755125489543
1465-VINDH,High-Value,102.1,Month-to-month,10,Yes,0.7858801348223362
2897-DOVND,Low-Value,69.8,Month-to-month,2,No,0.7852301357097324
7614-QVWQL,Low-Value,51.8,One year,49,Yes,0.7849301596103527
3259-FDWOY,High-Value,106.0,Two year,71,Yes,0.7848115149244616
2325-NBPZG,High-Value,74.55,Month-to-month,3,No,0.7846348591736758
8361-LTMKD,High-Value,74.4,Month-to-month,4,Yes,0.7842714811420072
2123-AGEEN,High-Value,84.35,Month-to-month,7,No,0.7838958786640923
8873-GLDMH,High-Value,73.85,Month-to-month,6,No,0.7837244976253686
4140-MUHUG,High-Value,86.85,Month-to-month,3,Yes,0.783711608471361
1589-AGTLK,Low-Value,45.35,Month-to-month,3,Yes,0.7835063211675485
2674-MIAHT,High-Value,80.3,Month-to-month,4,No,0.7834743363733174
8128-YVJRG,High-Value,79.65,Month-to-month,7,Yes,0.7833487990414638
6204-IEUXJ,High-Value,80.1,Month-to-month,3,Yes,0.7831725823610273
8132-YPVBX,High-Value,85.95,Month-to-month,6,No,0.78313397096467
6357-JJPQT,High-Value,80.5,Month-to-month,3,No,0.7831123990561304
2011-TRQYE,Low-Value,33.5,Month-to-month,18,Yes,0.7823960912625801
1334-FJSVR,Low-Value,24.25,Month-to-month,1,Yes,0.7819486842384603
2568-BRGYX,Low-Value,70.2,Month-to-month,4,Yes,0.7818310616164779
9360-AHGNL,High-Value,109.55,One year,43,Yes,0.781398315211516
7568-PODML,Low-Value,45.3,Month-to-month,1,Yes,0.7812863630557534
4488-KQFDT,High-Value,103.95,One year,61,No,0.7812271515924216
4351-QLCSU,Low-Value,55.0,Month-to-month,1,Yes,0.7809504770062791
2058-DCJBE,Low-Value,69.75,Month-to-month,5,Yes,0.7809009803667617
4029-HPFVY,Low-Value,70.3,Month-to-month,3,No,0.7808814222756304
0709-TVGUR,High-Value,74.55,Month-to-month,9,Yes,0.7807731454562556
5708-EVONK,High-Value,93.4,Month-to-month,58,Yes,0.7806980808729591
2722-JMONI,Low-Value,49.55,Month-to-month,1,Yes,0.780620961376338
2150-UWTFY,Low-Value,61.15,Month-to-month,22,Yes,0.7804356709642528
2272-QAGFO,High-Value,74.3,Month-to-month,14,Yes,0.7803281339763758
2424-WVHPL,High-Value,74.7,Month-to-month,1,No,0.7802638519890328
0793-TWELN,High-Value,80.15,Month-to-month,4,No,0.7801572926635084
8617-ENBDS,High-Value,73.6,Month-to-month,3,No,0.7798940796553971
9614-RMGHA,High-Value,91.85,Month-to-month,65,Yes,0.7795800969595009
2962-XPMCQ,Low-Value,45.15,Month-to-month,2,Yes,0.7791843607588389
0529-ONKER,High-Value,75.65,Month-to-month,15,Yes,0.7791470330626517
9398-MMQTO,High-Value,74.45,Month-to-month,3,No,0.778903679020936
6818-WOBHJ,High-Value,89.6,Month-to-month,68,Yes,0.7778392937039716
8665-UTDHZ,Low-Value,30.2,Month-to-month,1,Yes,0.7773933250746181
2279-AXJJK,High-Value,95.65,Month-to-month,52,No,0.7766910504464215
7410-YTJIK,High-Value,75.45,Month-to-month,7,Yes,0.7762648450400339
1564-NTYXF,High-Value,82.0,Month-to-month,13,Yes,0.7759818991293339
6137-NICCO,High-Value,94.05,Month-to-month,6,No,0.7757111885538834
2359-QWQUL,High-Value,104.7,One year,39,Yes,0.7755483210757991
2369-UAPKZ,High-Value,104.1,Month-to-month,5,Yes,0.7753105604329371
7279-BUYWN,High-Value,113.2,Month-to-month,41,Yes,0.7752094213816652
4510-PYUSH,Low-Value,57.15,Month-to-month,38,Yes,0.7750873021963892
3750-CKVKH,Low-Value,67.75,Month-to-month,2,Yes,0.775043850400766
4282-YMKNA,High-Value,74.75,Month-to-month,9,Yes,0.7749559290165086
0187-QSXOE,High-Value,89.0,Month-to-month,7,No,0.7740640890302951
8080-DDEMJ,Low-Value,45.1,Month-to-month,1,Yes,0.7731200630802304
9102-IAYHT,High-Value,85.45,Month-to-month,17,Yes,0.7730822646261893
9909-IDLEK,High-Value,96.8,Month-to-month,20,No,0.7726875579597074
8166-ZZTFS,High-Value,80.55,Two year,66,Yes,0.7726012883714484
8676-TRMJS,High-Value,75.0,Month-to-month,3,Yes,0.7725869441876742
6127-ISGTU,High-Value,84.95,Month-to-month,16,Yes,0.7722633736769392
0302-JOIVN,High-Value,101.15,Month-to-month,8,Yes,0.7719809316665017
3916-NRPAP,High-Value,85.7,Month-to-month,3,No,0.771823843254529
5813-UECBU,High-Value,83.85,Month-to-month,33,Yes,0.7717349377795263
0330-IVZHA,Low-Value,69.95,Month-to-month,5,Yes,0.7717271247127059
4503-BDXBD,High-Value,74.95,Month-to-month,11,Yes,0.7714264687692577
0117-LFRMW,Low-Value,40.2,Month-to-month,37,Yes,0.7712545764561815
7074-IEVOJ,High-Value,79.4,Month-to-month,3,Yes,0.771252210065574
1197-BVMVG,High-Value,74.45,Month-to-month,4,No,0.7712060177629263
5600-KTXFM,Low-Value,69.95,Month-to-month,2,No,0.7709508899895624
8808-ELEHO,High-Value,81.25,Month-to-month,8,Yes,0.7699835721700056
3372-KWFBM,High-Value,86.6,Month-to-month,16,Yes,0.7692370572796219
5047-LHVLY,Low-Value,50.15,Month-to-month,1,Yes,0.7691513106359844
2640-PMGFL,High-Value,79.5,Month-to-month,27,Yes,0.7690961826837373
6077-BDPXA,Low-Value,70.15,Month-to-month,3,No,0.7688992972086879
3914-FDRHP,High-Value,86.25,Month-to-month,9,No,0.7683639128742734
9940-HPQPG,High-Value,91.75,Month-to-month,9,Yes,0.7682696093421177
4088-YLDSU,High-Value,104.15,One year,55,Yes,0.7681596475417006
2832-KJCRD,High-Value,103.65,Month-to-month,38,No,0.7681219139529054
9851-KIELU,High-Value,110.1,Month-to-month,10,Yes,0.7679719870826314
8225-BTJAU,High-Value,79.25,Month-to-month,10,Yes,0.7677860769563264
7831-QGOXH,High-Value,85.2,Month-to-month,18,Yes,0.7673930855553006
9714-EDSUC,High-Value,94.9,Month-to-month,4,No,0.7671313504314362
7377-DMMRI,Low-Value,47.8,Month-to-month,2,Yes,0.7670377373395124
5295-PCJOO,Low-Value,49.4,Month-to-month,4,Yes,0.7668661044911859
7541-YLXCL,Low-Value,65.4,One year,36,Yes,0.7667195564260436
6034-YMTOB,High-Value,75.65,Month-to-month,5,No,0.7661944409908013
2799-ARNLO,Low-Value,69.35,Month-to-month,5,No,0.7661638250216408
6305-YLBMM,High-Value,104.05,One year,69,Yes,0.7661366799529746
0840-DFEZH,High-Value,75.35,Month-to-month,7,No,0.7660910453031853
0480-BIXDE,High-Value,96.8,Month-to-month,19,No,0.7657839502176212
8938-UMKPI,High-Value,106.4,Month-to-month,47,Yes,0.765690619947705
1428-GTBJJ,High-Value,74.55,Month-to-month,11,Yes,0.7656731222357953
7580-UGXNC,Low-Value,54.85,Month-to-month,2,Yes,0.7654708864025936
0644-OQMDK,High-Value,70.65,Month-to-month,4,No,0.7652963428938682
2325-ZUSFD,Low-Value,70.1,One year,57,Yes,0.7652489707420801
4631-OACRM,High-Value,79.4,Month-to-month,15,Yes,0.7652431180782616
9799-CAYJJ,Low-Value,69.3,Month-to-month,2,No,0.7651567176911972
3398-ZOUAA,Low-Value,69.1,Month-to-month,21,Yes,0.7649607612340096
3671-SHRSP,High-Value,80.6,Month-to-month,4,Yes,0.76493770172702
0495-ZBNGW,High-Value,79.9,Month-to-month,5,Yes,0.7648873623455369
8087-LGYHQ,High-Value,94.05,Month-to-month,9,No,0.7648106087903528
4795-KTRTH,High-Value,81.0,Month-to-month,5,Yes,0.7645586566590997
4432-ADRLB,Low-Value,44.65,Month-to-month,2,Yes,0.764526779050138
1875-QIVME,High-Value,104.4,Month-to-month,2,Yes,0.7641622118810425
9026-RNUJS,Low-Value,50.35,Month-to-month,5,Yes,0.763832645166235
1016-DJTSV,Low-Value,69.7,Month-to-month,8,No,0.7633876911015792
7613-LLQFO,High-Value,84.45,Month-to-month,12,Yes,0.7630989483648584
8118-TJAFG,High-Value,101.5,Month-to-month,9,No,0.763028250279702
6400-BWQKW,High-Value,79.05,Month-to-month,6,Yes,0.7628708377060943
4505-EXZHB,High-Value,74.4,Month-to-month,6,Yes,0.7626221767213337
4123-DVHPH,High-Value,88.05,Month-to-month,9,No,0.7622871836215436
3658-KIBGF,Low-Value,54.9,Month-to-month,1,Yes,0.7621686697960925
0067-DKWBL,Low-Value,49.25,Month-to-month,2,Yes,0.7619195116762221
5889-LFOLL,High-Value,84.6,Month-to-month,13,Yes,0.7614912431534367
2800-VEQXM,High-Value,74.75,Month-to-month,3,No,0.7614164818498854
3018-TFTSU,High-Value,81.7,Month-to-month,12,Yes,0.7611079738843175
8945-MUQUF,High-Value,94.8,One year,51,Yes,0.7608577652994676
4059-IIEBK,High-Value,78.55,Month-to-month,7,No,0.7607261008144534
7133-VBDCG,High-Value,79.85,Month-to-month,25,Yes,0.7605115224794712
1447-PJGGA,High-Value,95.25,Two year,57,Yes,0.7603980762394366
3999-QGRJH,Low-Value,69.7,Month-to-month,8,Yes,0.7600578791312277
3677-IYRBF,Low-Value,30.4,Month-to-month,2,Yes,0.7598027683060503
7067-KSAZT,High-Value,106.25,One year,65,Yes,0.7590431923671375
6993-OHLXR,Low-Value,68.95,Month-to-month,2,Yes,0.7586076527083259
2528-HFYZX,High-Value,76.45,Month-to-month,17,Yes,0.7585524234400506
2657-VPXTA,High-Value,88.85,Month-to-month,10,No,0.7582828897147954
3312-UUMZW,High-Value,98.85,Month-to-month,32,No,0.7582325843989396
7359-SSBJK,Low-Value,70.2,Two year,64,Yes,0.7580859979880066
3370-HXOPH,High-Value,76.1,Month-to-month,3,No,0.7580078222141985
3627-FCRDW,High-Value,71.0,Month-to-month,9,Yes,0.7572652326461644
9079-YEXQJ,High-Value,111.1,Month-to-month,54,Yes,0.7570614762104709
5027-QPKTE,Low-Value,69.35,Month-to-month,7,Yes,0.7570511252443757
4355-HBJHH,High-Value,79.7,Two year,67,Yes,0.756801032319702
8631-NBHFZ,High-Value,79.4,Two year,66,Yes,0.7567795192974248
0746-JTRFU,Low-Value,25.05,Month-to-month,2,Yes,0.7567276424257345
9053-JZFKV,High-Value,116.2,Two year,67,Yes,0.7561758063751048
8624-GIOUT,Low-Value,59.75,Month-to-month,49,Yes,0.7556903578755657
7767-UXAGJ,Low-Value,50.45,Month-to-month,1,Yes,0.7548883818501522
0506-LVNGN,High-Value,75.55,Month-to-month,5,Yes,0.7544243037761542
8083-YTZES,High-Value,74.35,Month-to-month,4,Yes,0.7542616742118317
5439-WIKXB,High-Value,94.55,Month-to-month,41,No,0.7541011258559592
2091-RFFBA,High-Value,73.9,Month-to-month,31,Yes,0.7540917117636947
5564-NEMQO,High-Value,75.3,Month-to-month,1,Yes,0.753940934547213
4853-RULSV,High-Value,104.0,Two year,70,Yes,0.7536457239372631
0235-KGSLC,High-Value,85.55,Month-to-month,1,Yes,0.7536072092081102
4193-ORFCL,Low-Value,45.1,Month-to-month,1,Yes,0.7534978738703499
4662-EKDPQ,Low-Value,62.05,Month-to-month,2,Yes,0.7533525297488849
4729-XKASR,Low-Value,24.75,Month-to-month,1,Yes,0.7533156232473813
0887-HJGAR,Low-Value,45.7,Month-to-month,1,Yes,0.7521398651402034
9117-SHLZX,Low-Value,45.7,Month-to-month,1,Yes,0.7521398651402034
5133-POWUA,Low-Value,45.8,Month-to-month,1,No,0.7521398651402034
4237-RLAQD,Low-Value,45.85,Month-to-month,1,Yes,0.7521398651402034
7054-LGEQW,Low-Value,45.95,Month-to-month,1,Yes,0.7521398651402034
3165-HDOEW,Low-Value,45.85,Month-to-month,1,Yes,0.7521398651402034
5103-MHMHY,Low-Value,45.95,Month-to-month,1,Yes,0.7521398651402034
2995-UPRYS,High-Value,99.2,One year,40,Yes,0.7515673645488229
9957-YODKZ,High-Value,80.8,Month-to-month,6,No,0.7512601822298184
1658-TJVOA,High-Value,74.1,Month-to-month,6,No,0.7508916211958947
5696-QURRL,Low-Value,45.05,Month-to-month,1,Yes,0.7503905094360648
7534-BFESC,High-Value,76.1,Month-to-month,24,Yes,0.7503006311312359
3855-ONCAR,High-Value,78.9,Month-to-month,4,No,0.7501419368438487
7365-BVCJH,Low-Value,24.4,Month-to-month,1,No,0.7497087394146399
4001-TSBTV,High-Value,91.55,Month-to-month,58,No,0.7494668217218025
7044-YAACC,Low-Value,70.2,Month-to-month,4,No,0.7493400672945972
2398-YPMUR,Low-Value,70.15,Month-to-month,13,Yes,0.7493037533168075
5399-ZIMKF,High-Value,74.65,Month-to-month,5,No,0.7492397345205437
0032-PGELS,Low-Value,30.5,Month-to-month,1,Yes,0.7492244219407144
6284-AHOOQ,High-Value,90.5,Month-to-month,22,Yes,0.7491016333847819
3926-CUQZX,Low-Value,45.1,Month-to-month,1,Yes,0.7490990261104845
9773-PEQBZ,High-Value,79.85,Month-to-month,10,No,0.7490277712512342
0508-OOLTO,High-Value,71.65,Month-to-month,2,No,0.7487115353038746
3797-FKOGQ,High-Value,86.2,Month-to-month,11,No,0.7486322872259792
7625-XCQRH,High-Value,76.5,Month-to-month,11,Yes,0.7482519820072778
3411-WLRSQ,High-Value,74.6,Month-to-month,3,No,0.7481658158506668
3521-SYVOR,Low-Value,64.75,Month-to-month,37,Yes,0.7479925153419752
4800-CZMPC,High-Value,103.25,One year,48,Yes,0.7473568011569038
2386-LAHRK,Low-Value,53.5,Month-to-month,1,Yes,0.747286896094889
4929-BSTRX,Low-Value,53.55,Month-to-month,1,Yes,0.747286896094889
6023-YEBUP,High-Value,100.95,Month-to-month,3,Yes,0.7471056657986809
6705-LXORM,Low-Value,70.05,Month-to-month,5,No,0.7469455179512355
5766-XQXMQ,Low-Value,68.85,Month-to-month,29,Yes,0.74693605991896
9495-SKLKD,High-Value,95.95,Month-to-month,45,No,0.7468311061589716
0727-IWKVK,High-Value,79.9,Month-to-month,9,Yes,0.7466050827587383
5899-MQZZL,High-Value,75.0,Month-to-month,13,Yes,0.7461926069326514
6038-GCYEC,Low-Value,54.15,Month-to-month,24,Yes,0.7453857341374511
0378-XSZPU,Low-Value,60.3,One year,58,Yes,0.7451864552534151
7675-OZCZG,Low-Value,45.0,Month-to-month,3,Yes,0.745184962123015
4633-MKHYU,High-Value,88.4,Month-to-month,9,No,0.7451165187999426
5816-QVHRX,High-Value,100.3,Month-to-month,37,No,0.745035691348192
4299-SIMNS,High-Value,81.15,Month-to-month,9,No,0.7449888379822902
4690-PKDQG,High-Value,95.55,Month-to-month,42,No,0.7448666129216396
0722-SVSFK,High-Value,100.4,Month-to-month,7,No,0.7447424872445673
0947-MUGVO,High-Value,73.65,Month-to-month,20,Yes,0.7447418879973415
3317-HRTNN,Low-Value,45.7,Month-to-month,5,Yes,0.7441539604582222
2091-MJTFX,Low-Value,51.2,Month-to-month,30,Yes,0.7440965328590002
4910-AQFFX,High-Value,79.35,Month-to-month,9,Yes,0.7436973580932059
8364-TRMMK,Low-Value,50.65,Month-to-month,3,Yes,0.7434626291384783
1212-GLHMD,High-Value,86.05,Month-to-month,3,No,0.7430991798567561
9185-TQCVP,High-Value,85.15,Month-to-month,14,Yes,0.7430959930010945
6047-YHPVI,Low-Value,69.7,Month-to-month,5,Yes,0.7428930540314854
7495-OOKFY,High-Value,80.65,Month-to-month,8,Yes,0.7428885724092973
7459-RRWQZ,Low-Value,64.65,Month-to-month,15,Yes,0.742886394024446
3223-DWFIO,Low-Value,69.35,Month-to-month,4,No,0.7427682035523858
0265-EDXBD,High-Value,74.9,Month-to-month,32,Yes,0.7426045207036723
1501-SGHBW,Low-Value,45.85,Month-to-month,2,Yes,0.742504060862537
7508-MYBOG,High-Value,86.1,Month-to-month,14,Yes,0.7423649989769477
6711-VTNRE,High-Value,87.55,Month-to-month,36,Yes,0.7417364250620547
9547-ITEFG,High-Value,102.6,Month-to-month,9,No,0.7415698419976013
1024-VRZHF,High-Value,74.95,Month-to-month,11,Yes,0.7408196117682259
2833-SLKDQ,Low-Value,45.05,Month-to-month,1,Yes,0.7407450342761511
6185-TASNN,Low-Value,46.3,Month-to-month,1,No,0.7407200956831842
6582-OIVSP,Low-Value,45.3,Month-to-month,1,No,0.7405238413027546
7065-YUNRY,Low-Value,45.3,Month-to-month,1,Yes,0.7405238413027546
7252-NTGSS,Low-Value,45.15,Month-to-month,1,No,0.7400300181131179
2154-KVJFF,High-Value,79.75,Month-to-month,15,Yes,0.7399812798700797
7593-XFKDI,Low-Value,46.3,Month-to-month,1,Yes,0.739936060280531
7379-FNIUJ,High-Value,100.2,Month-to-month,2,No,0.7394400572881996
1265-XTECC,High-Value,96.55,One year,68,Yes,0.7393755855012262
8325-QRPZR,High-Value,75.15,Month-to-month,7,No,0.7393574549260271
6158-HDPXZ,Low-Value,25.35,Month-to-month,1,No,0.7393389079936497
2955-BJZHG,High-Value,80.85,Month-to-month,17,Yes,0.7393080222599464
5923-GXUOC,High-Value,104.4,Month-to-month,10,Yes,0.7392351702357852
6633-MPWBS,Low-Value,49.2,Month-to-month,5,Yes,0.7389435534416342
4628-WQCQQ,High-Value,85.15,One year,35,Yes,0.7386927593229453
6629-CZTTH,Low-Value,55.7,Month-to-month,1,Yes,0.7386026862992564
0650-BWOZN,High-Value,73.55,Month-to-month,18,No,0.7385738274632991
9244-ZVAPM,Low-Value,45.6,Month-to-month,1,No,0.738573559752833
4074-SJFFA,Low-Value,54.75,Month-to-month,1,Yes,0.7374922003929483
0958-YHXGP,Low-Value,69.9,Month-to-month,7,No,0.7368978721576793
3669-OYSJI,Low-Value,46.2,Month-to-month,1,Yes,0.7366096494347478
3235-ETOOB,High-Value,74.5,Month-to-month,8,Yes,0.7364656366337116
1867-BDVFH,High-Value,74.35,Month-to-month,11,Yes,0.7363988972159001
0927-LCSMG,High-Value,74.65,Month-to-month,7,Yes,0.7363712666398372
5233-GEEAX,Low-Value,29.4,Month-to-month,8,Yes,0.736348536361327
4749-VFKVB,Low-Value,50.1,Month-to-month,1,Yes,0.7363411744898352
2237-ZFSMY,High-Value,95.55,One year,39,Yes,0.7362081796503023
2842-JTCCU,Low-Value,46.05,Month-to-month,2,Yes,0.7359776236782557
1583-IHQZE,High-Value,112.95,Month-to-month,12,Yes,0.7351299732910457
9685-WKZGT,High-Value,74.95,Month-to-month,14,Yes,0.7346735776026141
6331-EWIEB,High-Value,85.25,Month-to-month,20,Yes,0.7343536738124596
7321-PKUYW,High-Value,90.15,Month-to-month,11,Yes,0.7336770679942937
8229-TNIQA,Low-Value,45.3,Month-to-month,4,Yes,0.7335896173274747
5143-EGQFK,Low-Value,29.65,Month-to-month,10,Yes,0.7328440552227257
3584-WKTTW,High-Value,111.55,One year,51,No,0.7327671014968908
1219-NNDDO,High-Value,76.85,Month-to-month,9,No,0.7326640782021835
6330-JKLPC,High-Value,80.5,Month-to-month,11,Yes,0.7325466491694058
7754-IXRMC,Low-Value,45.35,Month-to-month,1,No,0.7321951286971112
4816-LXZYW,High-Value,79.15,Month-to-month,23,Yes,0.7321685590375973
4361-JEIVL,Low-Value,44.4,Month-to-month,1,Yes,0.7320058998071138
4959-JOSRX,Low-Value,44.6,Month-to-month,2,Yes,0.7318872985473139
4671-LXRDQ,Low-Value,45.0,Month-to-month,2,Yes,0.7318129643451269
2321-OMBXY,High-Value,80.3,One year,38,Yes,0.731527470204905
7890-VYYWG,Low-Value,36.45,Month-to-month,3,Yes,0.7311595949940185
1150-WFARN,High-Value,108.75,Two year,67,Yes,0.7304089349135364
1226-IENZN,High-Value,78.75,Month-to-month,16,No,0.7302612528339484
3092-IGHWF,High-Value,87.4,One year,67,Yes,0.7302285327907078
7841-TZDMQ,Low-Value,46.0,Month-to-month,2,Yes,0.7301253590867912
6877-LGWXO,High-Value,78.55,Month-to-month,18,Yes,0.7295962766435461
6959-UWKHF,Low-Value,42.9,Month-to-month,1,Yes,0.7294083763554859
9170-GYZJC,High-Value,79.9,Month-to-month,41,Yes,0.7293757820598714
5976-JCJRH,Low-Value,70.3,Month-to-month,10,Yes,0.7291715955491526
9540-JYROE,Low-Value,70.1,Month-to-month,8,Yes,0.7290649244982973
2320-JRSDE,Low-Value,19.9,Month-to-month,1,Yes,0.7290005672996199
7683-CBDKJ,Low-Value,65.45,Month-to-month,14,Yes,0.7289825607537443
5141-ZUVBH,High-Value,93.0,Month-to-month,9,No,0.7288889706153987
1251-STYSZ,High-Value,80.25,Month-to-month,4,No,0.7288260125642736
4918-QLLIW,Low-Value,53.4,Month-to-month,3,Yes,0.7284738999940356
6235-VDHOM,Low-Value,28.45,Month-to-month,5,Yes,0.7278735019823082
2592-SEIFQ,Low-Value,24.75,Month-to-month,3,Yes,0.7275940064137746
7112-OPOTK,Low-Value,68.25,Month-to-month,33,Yes,0.7275102598932902
2277-VWCNI,Low-Value,48.75,Month-to-month,4,No,0.7272023128149957
2372-HWUHI,Low-Value,44.35,Month-to-month,2,Yes,0.7270614562168726
1907-UBQFC,High-Value,72.85,Month-to-month,10,Yes,0.7265437045205735
5261-QSHQM,Low-Value,24.45,Month-to-month,4,Yes,0.7265284425746172
2232-DMLXU,Low-Value,55.2,Month-to-month,1,Yes,0.7263242518926718
4846-WHAFZ,High-Value,76.5,Month-to-month,37,Yes,0.7262207306986131
8696-JKZNU,High-Value,76.25,Month-to-month,37,Yes,0.7262207306986131
5091-HFAZW,High-Value,91.15,Month-to-month,2,No,0.7261727565557855
6407-UTSLV,High-Value,83.8,Month-to-month,2,No,0.7260972200064308
8806-EAGWC,Low-Value,55.15,Month-to-month,3,Yes,0.7260430509646462
3566-HJGPK,Low-Value,45.55,Month-to-month,1,No,0.7255510360991618
0866-QLSIR,Low-Value,64.4,One year,34,Yes,0.7254307177177174
2359-KMGLI,High-Value,80.25,Month-to-month,24,Yes,0.7253082890263998
6786-OBWQR,High-Value,80.85,Month-to-month,5,No,0.7250184096427177
5108-ADXWO,High-Value,73.5,Month-to-month,11,Yes,0.7249857615389993
8260-NGFNY,Low-Value,25.2,Month-to-month,1,Yes,0.724823818350979
4030-VPZBD,Low-Value,30.9,Month-to-month,2,Yes,0.7244307908307386
9259-PACGQ,Low-Value,62.65,Month-to-month,34,Yes,0.7240645445858763
9381-NDKME,Low-Value,40.65,Month-to-month,24,Yes,0.7239558440869648
2275-RBYQS,Low-Value,45.4,Month-to-month,1,No,0.7238775369604447
5692-FPTAH,Low-Value,45.4,Month-to-month,1,Yes,0.7238775369604447
9462-MJUAW,Low-Value,50.4,Month-to-month,4,Yes,0.7238719280076735
8107-KNCIM,High-Value,75.1,Month-to-month,14,No,0.7236522038911687
6017-PPLPX,High-Value,70.45,Month-to-month,20,Yes,0.7231938532606521
9391-EOYLI,High-Value,80.45,Month-to-month,12,Yes,0.7231237505666082
8123-QBNAZ,High-Value,104.5,Month-to-month,36,No,0.7224695694474529
3223-WZWJM,High-Value,83.95,Month-to-month,26,Yes,0.7222889581086611
2656-FMOKZ,High-Value,74.45,Month-to-month,15,Yes,0.7222631233566966
4482-EWFMI,Low-Value,69.7,Month-to-month,2,No,0.7222417924088611
1785-BPHTP,High-Value,85.45,Month-to-month,28,No,0.722170522307625
0322-CHQRU,Low-Value,45.35,Month-to-month,2,Yes,0.721961367109316
7762-URZQH,High-Value,106.05,Two year,66,Yes,0.7218528163080965
9637-EIHEQ,Low-Value,50.8,Month-to-month,1,Yes,0.72172277089762
1728-BQDMA,Low-Value,44.45,Month-to-month,2,No,0.7216998703703207
3384-CTMSF,High-Value,104.1,Month-to-month,47,No,0.7214170628121547
7245-NIIWQ,Low-Value,69.85,Month-to-month,3,No,0.72106099246877
0455-XFASS,Low-Value,69.55,Month-to-month,3,No,0.72106099246877
0719-SYFRB,Low-Value,61.65,Month-to-month,12,Yes,0.7210441211675905
2070-FNEXE,High-Value,76.45,Month-to-month,7,Yes,0.7205958318693034
2157-MXBJS,High-Value,75.3,One year,13,Yes,0.7202764094133552
4223-WOZCM,Low-Value,49.95,Month-to-month,2,No,0.7201889448759605
6608-QQLVK,Low-Value,50.5,Month-to-month,1,Yes,0.7198015778755575
0447-BEMNG,Low-Value,45.3,Month-to-month,48,Yes,0.7197802967627841
3034-ZBEQN,Low-Value,34.7,One year,48,Yes,0.7196450157945145
6366-ZGQGL,Low-Value,24.8,Month-to-month,1,Yes,0.7196023623918338
0439-IFYUN,High-Value,74.7,Month-to-month,18,No,0.7194807834742621
6519-CFDBX,Low-Value,45.4,Month-to-month,2,No,0.719400535524197
2482-CZGBB,Low-Value,70.0,Month-to-month,10,Yes,0.7193132452828427
0248-IPDFW,Low-Value,50.1,Month-to-month,1,No,0.7193072514504218
8445-DNBAE,Low-Value,50.05,Month-to-month,1,No,0.7193072514504218
9620-ENEJV,High-Value,70.55,Month-to-month,6,No,0.7181913476471542
5419-CONWX,High-Value,99.8,Month-to-month,4,Yes,0.7181840916350372
4706-AXVKM,High-Value,84.8,Month-to-month,11,Yes,0.7181650299334279
2626-URJFX,Low-Value,50.9,Month-to-month,4,Yes,0.7177798605427386
0107-WESLM,Low-Value,19.85,Month-to-month,1,Yes,0.7175871848918625
7912-SYRQT,High-Value,75.1,Month-to-month,7,Yes,0.7175211534570485
8063-GBATB,High-Value,85.25,Month-to-month,27,Yes,0.7174434111360867
9588-OZDMQ,Low-Value,45.0,Month-to-month,2,No,0.7173756642421442
3096-IZETN,High-Value,78.1,Month-to-month,12,Yes,0.7159581688737923
6860-YRJZP,High-Value,74.05,Month-to-month,9,No,0.715599575601815
3208-YPIOE,High-Value,75.25,Month-to-month,39,Yes,0.7154097864347984
6982-SSHFK,Low-Value,44.4,Month-to-month,1,Yes,0.7153513811765729
4343-EJVQB,High-Value,74.35,Month-to-month,7,No,0.715092697734895
0818-OCPZO,High-Value,81.45,Month-to-month,27,Yes,0.7147524828057888
6142-VSJQO,Low-Value,44.35,Month-to-month,1,Yes,0.7146930925811801
1077-HUUJM,High-Value,71.05,Month-to-month,7,No,0.7146069055169352
2225-ZRGSG,High-Value,93.9,Two year,70,Yes,0.7143578052474708
8660-BUETV,Low-Value,44.75,Month-to-month,3,No,0.7143499138522388
5288-AHOUP,High-Value,78.5,Month-to-month,11,No,0.7143413700527843
4061-UKJWL,Low-Value,45.45,Month-to-month,3,No,0.714025572281307
4929-XIHVW,High-Value,95.5,Month-to-month,2,No,0.7138350996138695
6032-IGALN,Low-Value,25.1,Month-to-month,1,Yes,0.7138338227897272
6689-KXGBO,Low-Value,50.55,Month-to-month,1,Yes,0.713728093609153
5175-AOBHI,Low-Value,46.0,Month-to-month,4,Yes,0.7137066720114192
5027-XWQHA,Low-Value,44.75,Month-to-month,6,Yes,0.713384756273069
5928-QLDHB,High-Value,76.25,Month-to-month,9,No,0.7133375510024331
7590-VHVEG,Low-Value,29.85,Month-to-month,1,No,0.7132791727552729
2235-ZGKPT,Low-Value,50.85,Month-to-month,4,Yes,0.7131309992524929
1746-TGTWV,High-Value,75.35,Month-to-month,1,No,0.7130552029593865
4701-AHWMW,Low-Value,54.55,Month-to-month,55,Yes,0.713052770232145
1324-NLTJE,Low-Value,55.0,Month-to-month,15,Yes,0.712964801800287
7354-OIJLX,High-Value,75.85,Month-to-month,9,No,0.7128788204762114
5908-QMGOE,High-Value,74.2,Month-to-month,15,Yes,0.7123812245630613
3583-EKAPL,Low-Value,55.0,Month-to-month,1,Yes,0.7122355723154281
9039-RBEEE,Low-Value,48.95,Month-to-month,39,Yes,0.7121059255938492
0374-IOEGQ,Low-Value,44.6,Month-to-month,3,No,0.712094962794402
9114-VEPUF,High-Value,96.1,One year,62,No,0.7120048642559739
6595-COKXZ,Low-Value,44.45,Month-to-month,1,Yes,0.7119784562768255
5858-EAFCZ,Low-Value,44.45,Month-to-month,1,No,0.7119784562768255
1226-UDFZR,Low-Value,49.6,Month-to-month,2,Yes,0.7117169377875757
6876-ADESB,Low-Value,48.95,Month-to-month,1,Yes,0.7115604218651012
4248-QPAVC,High-Value,85.35,Month-to-month,17,Yes,0.7112920419685698
9734-UYXQI,Low-Value,49.4,Month-to-month,2,Yes,0.711278865052003
1262-OPMFY,High-Value,75.75,Month-to-month,9,Yes,0.7111830026457554
6022-UGGSO,High-Value,74.4,Month-to-month,32,Yes,0.711058521881922
3315-TOTBP,High-Value,76.0,Month-to-month,15,Yes,0.7110510872695754
2408-WITXK,Low-Value,34.7,Month-to-month,10,Yes,0.7110247327446706
5442-XSDCW,High-Value,79.5,Month-to-month,11,Yes,0.7110103256213091
2478-EEWWM,Low-Value,44.3,Month-to-month,59,No,0.710641774618318
1478-VPOAD,Low-Value,43.8,Month-to-month,1,No,0.7102224719787874
8627-EHGIP,Low-Value,53.95,One year,44,Yes,0.7101938864102101
7963-GQRMY,Low-Value,44.3,Month-to-month,3,Yes,0.7094895440871007
4317-VTEOA,Low-Value,50.75,Month-to-month,1,Yes,0.7093365590751592
9269-CQOOL,Low-Value,54.7,Month-to-month,3,Yes,0.709268807945564
3097-NNSPB,Low-Value,49.05,Month-to-month,2,Yes,0.7090589689101674
7587-RZNME,Low-Value,43.3,Month-to-month,3,Yes,0.7089392906456838
6172-FECYY,High-Value,84.5,Month-to-month,49,Yes,0.7088477130701615
6352-TWCAU,High-Value,86.45,Month-to-month,35,Yes,0.7086784192247516
3859-CVCET,Low-Value,45.65,Month-to-month,4,Yes,0.7081175934219887
8286-AFUYI,Low-Value,47.95,Month-to-month,1,No,0.7079205512820569
8637-XJIVR,High-Value,78.95,Month-to-month,12,Yes,0.7074496835302609
2862-PFNIK,Low-Value,24.7,Month-to-month,1,No,0.7074490671521567
6906-ANDWJ,High-Value,74.9,Month-to-month,15,Yes,0.7073815169866207
7426-RHZGU,High-Value,95.9,Month-to-month,9,No,0.7073367262510828
8065-YKXKD,High-Value,74.75,Month-to-month,10,Yes,0.7072133225044661
2018-PZKMU,High-Value,103.1,Month-to-month,9,No,0.707121337296824
0004-TLHLJ,High-Value,73.9,Month-to-month,4,Yes,0.7063200943190258
4678-DVQEO,Low-Value,52.2,Month-to-month,1,Yes,0.7063078721840251
1527-SXDPN,High-Value,96.25,Two year,52,Yes,0.7060990781860003
6961-VCPMC,High-Value,80.4,Month-to-month,46,Yes,0.706051980977751
9474-PHLYD,Low-Value,59.45,Month-to-month,15,Yes,0.7051352174700081
9821-POOTN,High-Value,75.2,Month-to-month,35,Yes,0.7051193815420566
8710-YGLWG,Low-Value,44.9,Month-to-month,1,No,0.7049659211349537
8519-QJGJD,High-Value,75.35,Month-to-month,14,Yes,0.704759236835909
1260-TTRXI,Low-Value,54.3,Month-to-month,4,Yes,0.7046733663170127
4208-UFFGW,Low-Value,44.95,Month-to-month,2,Yes,0.7044457610441032
4116-TZAQJ,High-Value,74.25,Month-to-month,9,Yes,0.7042674761179185
4855-SNKMY,Low-Value,44.1,Month-to-month,1,Yes,0.7042129687830903
4137-BTIKL,High-Value,90.75,Month-to-month,2,No,0.7033428647613631
5228-EXCET,High-Value,80.85,Month-to-month,13,Yes,0.7031899500197452
5760-IFJOZ,High-Value,107.95,Month-to-month,3,No,0.7030043062968889
5501-TVMGM,Low-Value,55.25,Month-to-month,1,No,0.702811291865121
2207-NHRJK,Low-Value,50.8,Month-to-month,1,Yes,0.702749990010869
0415-MOSGF,Low-Value,44.4,Month-to-month,1,Yes,0.7026821792147279
0362-ZBZWJ,High-Value,84.9,Month-to-month,36,Yes,0.7025655119095298
5522-JBWMO,Low-Value,44.0,Month-to-month,1,No,0.7021168826321835
9606-PBKBQ,High-Value,85.0,Month-to-month,32,Yes,0.7017980349966105
3976-NLDEZ,Low-Value,20.6,Month-to-month,1,No,0.7017163662866129
5049-GLYVG,Low-Value,20.6,Month-to-month,1,Yes,0.7017163662866129
2898-LSJGD,Low-Value,55.95,One year,21,Yes,0.7016738797998825
0928-XUTSN,High-Value,80.5,Month-to-month,13,No,0.7016186331221763
7278-CKDNC,High-Value,80.5,Month-to-month,24,No,0.7015719315896176
7858-GTZSP,High-Value,86.55,Month-to-month,12,No,0.7014189706305138
1391-UBDAR,High-Value,72.9,Month-to-month,11,No,0.7013747482888091
4201-JMNGR,Low-Value,55.8,Month-to-month,1,Yes,0.701304970206166
3799-ISUZQ,Low-Value,69.95,Month-to-month,7,Yes,0.7012643692663015
3803-KMQFW,Low-Value,20.55,Month-to-month,1,Yes,0.7001310273953341
2057-ZBLPD,High-Value,86.5,Month-to-month,21,Yes,0.7000821552280273
5940-NFXKV,High-Value,83.65,Month-to-month,19,Yes,0.6999689473478302
8800-JOOCF,High-Value,84.05,Month-to-month,12,No,0.6997010687499072
5669-SRAIP,Low-Value,39.5,Month-to-month,5,Yes,0.6996346036567581
6317-YPKDH,Low-Value,29.95,Month-to-month,1,Yes,0.6996290594830663
4236-UJPWO,Low-Value,24.5,Month-to-month,2,No,0.6995794422939232
5868-CZJDR,Low-Value,31.35,Month-to-month,1,Yes,0.6994283122499286
9112-WSNPU,High-Value,70.55,Month-to-month,35,No,0.699191536961016
9992-RRAMN,High-Value,85.1,Month-to-month,22,Yes,0.6991342765150453
0979-PHULV,High-Value,99.45,Month-to-month,69,Yes,0.6984022869269114
5828-AVIPD,High-Value,100.95,One year,19,Yes,0.6981989844726622
6379-RXJRQ,Low-Value,70.1,Month-to-month,10,Yes,0.6981786942595397
0641-EVBOJ,High-Value,82.3,Month-to-month,3,No,0.6980119029173334
5909-ECHUI,Low-Value,56.25,Month-to-month,1,Yes,0.6979073245441747
1114-CENIM,Low-Value,55.0,Month-to-month,54,Yes,0.6978674287358015
9261-WDCAF,Low-Value,54.65,Month-to-month,3,No,0.6973578586321788
4607-CHPCA,High-Value,90.4,One year,25,Yes,0.6971689314620666
2748-MYRVK,High-Value,99.9,One year,63,Yes,0.6970966480570298
4822-YCXMX,High-Value,84.8,Month-to-month,25,Yes,0.6970708461421787
9448-REEVD,Low-Value,44.7,Month-to-month,1,Yes,0.6970482638095936
4897-QSUYC,Low-Value,20.15,Month-to-month,1,Yes,0.6968677965193925
1934-SJVJK,Low-Value,20.15,Month-to-month,1,Yes,0.6968677965193925
3148-BLQJT,Low-Value,20.1,Month-to-month,1,Yes,0.6968677965193925
1000-AJSLD,Low-Value,20.1,Month-to-month,1,Yes,0.6968677965193925
1240-KNSEZ,Low-Value,20.1,Month-to-month,1,Yes,0.6968677965193925
7137-RYLPP,High-Value,85.7,Month-to-month,37,Yes,0.6968578864507105
1142-WACZW,Low-Value,29.85,Month-to-month,2,Yes,0.6967149165642093
8778-LMWTJ,High-Value,74.85,Month-to-month,9,No,0.6963671250495398
6178-KFNHS,High-Value,78.3,Month-to-month,12,Yes,0.6963471499666923
4146-SVFUD,Low-Value,44.6,Month-to-month,1,No,0.6960645236125719
3793-MMFUH,High-Value,95.05,Month-to-month,13,Yes,0.6958976486750933
3536-IQCTX,High-Value,85.3,Month-to-month,32,Yes,0.6957380057140335
3144-AUDBS,Low-Value,49.15,Month-to-month,6,Yes,0.6955705227124604
4404-HIBDJ,High-Value,74.3,One year,25,Yes,0.6951241414055888
2959-FENLU,High-Value,85.3,Month-to-month,9,No,0.6949754520723268
0426-TIRNE,Low-Value,20.9,Month-to-month,1,Yes,0.6949562006989823
7434-SHXLS,Low-Value,20.9,Month-to-month,1,Yes,0.6949562006989823
0587-DMGBH,Low-Value,49.85,Month-to-month,8,Yes,0.6948178997939202
9136-ALYBR,Low-Value,24.45,Month-to-month,1,Yes,0.6947010835073492
3292-PBZEJ,High-Value,111.4,Month-to-month,11,No,0.6945565547144809
6890-PFRQX,Low-Value,69.5,Month-to-month,18,No,0.6940644849375072
7511-YMXVQ,Low-Value,45.4,Month-to-month,9,Yes,0.6940413476830097
8436-BJUMM,High-Value,83.75,Month-to-month,26,Yes,0.6933598338742191
8685-WHQPW,High-Value,74.4,Month-to-month,22,Yes,0.6932671017448904
2038-OEQZH,High-Value,86.05,Month-to-month,4,No,0.69317069113719
2778-OCLGR,Low-Value,39.1,Month-to-month,24,Yes,0.6929960589293738
2344-JMOGN,High-Value,94.85,Month-to-month,9,Yes,0.6927278510371461
1725-IQNIY,High-Value,109.75,Two year,54,Yes,0.6925922421153087
4847-QNOKA,Low-Value,44.9,Month-to-month,1,Yes,0.6919434576975891
9752-ZNQUT,Low-Value,48.6,Month-to-month,1,No,0.6915721964499417
4704-ERYFC,Low-Value,69.25,Month-to-month,22,Yes,0.6914548519391143
0674-EYYZV,Low-Value,54.65,Month-to-month,1,No,0.6910350550579399
2956-GGUCQ,High-Value,78.85,Month-to-month,24,Yes,0.69063129070487
7326-RIGQZ,Low-Value,69.8,Month-to-month,6,No,0.6905722054472939
2884-GBPFB,Low-Value,70.3,Month-to-month,35,Yes,0.6902837181399947
5948-UJZLF,Low-Value,49.25,Month-to-month,2,No,0.6901472492804348
8180-AKMJV,Low-Value,44.55,Month-to-month,1,No,0.690005343173323
4612-SSVHJ,High-Value,81.45,Month-to-month,20,No,0.6898082345534381
2930-UOTMB,Low-Value,65.25,Month-to-month,31,Yes,0.6896962643051953
6458-CYIDZ,High-Value,80.7,Month-to-month,5,No,0.6895836957522166
3538-WZPHD,Low-Value,29.6,Month-to-month,3,Yes,0.6889059698992179
4367-NHWMM,Low-Value,24.9,Month-to-month,1,No,0.6884342395717173
2696-NARTR,High-Value,73.85,Month-to-month,11,Yes,0.6881024944313974
0224-HJAPT,Low-Value,47.15,Month-to-month,5,Yes,0.687878090126995
8950-MTZNV,Low-Value,44.95,Month-to-month,1,No,0.6875532203443662
2002-MZHWP,Low-Value,20.5,Month-to-month,1,Yes,0.6870211628012365
4255-DDUOU,Low-Value,20.5,Month-to-month,1,Yes,0.6870211628012365
4745-LSPLO,Low-Value,20.5,Month-to-month,1,Yes,0.6870211628012365
6410-LEFEN,Low-Value,45.15,Month-to-month,9,Yes,0.686820175613693
7855-DIWPO,Low-Value,68.65,Month-to-month,21,No,0.6862488276677975
5628-FCGYG,High-Value,84.1,Month-to-month,21,No,0.6861273407189635
3955-JBZZM,High-Value,78.8,Month-to-month,20,No,0.6861273407189635
5934-RMPOV,High-Value,84.75,Month-to-month,22,No,0.6861273407189635
0921-OHLVP,High-Value,83.05,Month-to-month,22,No,0.6861273407189635
5153-RTHKF,High-Value,85.35,Month-to-month,34,No,0.6858321756319554
6818-DJXAA,High-Value,91.1,Month-to-month,10,No,0.685392876436011
4349-GFQHK,Low-Value,54.35,Month-to-month,1,Yes,0.6853033201891054
6734-GMPVK,High-Value,105.3,Month-to-month,5,No,0.6852705215053859
9494-MRNYX,High-Value,75.05,Month-to-month,10,No,0.6851335239039738
9450-TRJUU,High-Value,83.15,Month-to-month,35,No,0.6851280171656232
5143-WMWOG,Low-Value,19.95,Month-to-month,1,Yes,0.6848943670290434
9992-UJOEL,Low-Value,50.3,Month-to-month,2,No,0.6847456782340287
0988-JRWWP,Low-Value,54.2,Month-to-month,3,No,0.6846213136875643
2672-OJQZP,Low-Value,44.75,Month-to-month,1,No,0.6846157967086228
3230-WYKIR,High-Value,82.0,One year,18,Yes,0.6845556171282066
3192-NQECA,High-Value,110.0,Two year,68,Yes,0.6845231684662842
2903-YYTBW,Low-Value,44.55,Month-to-month,1,No,0.6844983800445084
7729-JTEEC,Low-Value,44.5,Month-to-month,2,No,0.6842493478773377
8356-WUAOJ,Low-Value,45.0,Month-to-month,1,No,0.6841885402876393
7271-AJDTL,High-Value,94.45,Month-to-month,55,No,0.6840312341735109
6345-ULYRW,High-Value,88.4,One year,44,Yes,0.6839882250749594
8849-GYOKR,High-Value,106.55,One year,54,Yes,0.6834627360655041
2362-IBOOY,High-Value,84.75,Month-to-month,36,Yes,0.6834529555717893
9314-IJWSQ,High-Value,84.8,Month-to-month,14,No,0.6832014394865286
4484-CGXFK,Low-Value,55.3,Month-to-month,3,Yes,0.6831645025758504
5673-FSSMF,Low-Value,60.15,Month-to-month,1,Yes,0.682863765498199
0388-EOPEX,High-Value,74.4,Month-to-month,2,Yes,0.6823233824856136
8020-BWHYL,High-Value,75.3,Month-to-month,15,Yes,0.6822725480731345
9465-RWMXL,High-Value,78.9,Month-to-month,32,Yes,0.6821767207043307
9779-DPNEJ,High-Value,80.15,Month-to-month,22,No,0.681882662196555
9436-ZBZCT,High-Value,89.95,Month-to-month,14,Yes,0.6814731312943951
7802-EFKNY,Low-Value,24.95,Month-to-month,5,Yes,0.6810186570133187
1508-DFXCU,High-Value,81.45,Month-to-month,12,No,0.6804905808795874
3798-EPWRR,Low-Value,43.95,Month-to-month,2,No,0.6803541997555367
2538-OIMXF,Low-Value,24.7,Month-to-month,1,No,0.6800659148673179
5197-PYEPU,High-Value,94.45,One year,42,No,0.6799260396347669
6311-UEUME,High-Value,78.9,Month-to-month,29,Yes,0.6798091197694505
1960-UYCNN,High-Value,95.25,Month-to-month,10,No,0.679141621955609
8104-OSKWT,High-Value,79.8,Month-to-month,12,No,0.6790049235140942
3085-QUOZK,Low-Value,43.95,Month-to-month,1,Yes,0.6789923874779591
2103-ZRXFN,Low-Value,50.75,Month-to-month,1,No,0.6786871055340523
0082-LDZUE,Low-Value,44.3,Month-to-month,1,No,0.6781449609186235
0621-TWIEM,Low-Value,45.55,Month-to-month,10,Yes,0.6779297533963943
8878-HMWBV,Low-Value,49.15,Month-to-month,3,Yes,0.6777702322791623
3672-YITQD,High-Value,84.1,Month-to-month,36,Yes,0.677711043213869
3518-PZXZQ,Low-Value,55.3,Month-to-month,1,No,0.6774229156236884
8903-XEBGX,Low-Value,55.3,Month-to-month,2,No,0.6772616547674941
6741-EGCBI,High-Value,90.5,Month-to-month,30,No,0.6772195925646155
4652-NNHNY,High-Value,73.85,Month-to-month,16,Yes,0.6771446989716989
2189-UXTKY,High-Value,79.2,Month-to-month,22,Yes,0.6765836481767172
0224-RLWWD,Low-Value,44.3,Month-to-month,2,No,0.6765691947002374
8990-ZXLSU,Low-Value,69.05,Month-to-month,9,No,0.6764873295499555
2501-XWWTZ,Low-Value,70.2,Month-to-month,11,No,0.675225048980181
1251-KRREG,Low-Value,54.4,Month-to-month,2,Yes,0.6751276610569894
5207-PLSTK,Low-Value,48.75,Month-to-month,1,No,0.6748293565549857
6347-DCUIK,High-Value,74.15,Month-to-month,10,Yes,0.6748249729683661
9822-OAOVB,Low-Value,55.45,Month-to-month,1,No,0.6745269682295989
3063-QFSZL,Low-Value,55.4,Month-to-month,1,Yes,0.6745269682295989
3744-ZRRDZ,High-Value,82.35,Month-to-month,21,Yes,0.6745106212625247
9560-ARGQJ,High-Value,81.0,Month-to-month,16,Yes,0.6744672347634668
8640-SDGKB,High-Value,74.4,Month-to-month,4,Yes,0.6743091822544868
9061-TIHDA,High-Value,95.25,Month-to-month,13,Yes,0.6742709776527558
1794-HBQTJ,Low-Value,48.6,Month-to-month,1,Yes,0.6740993516392858
0027-KWYKW,High-Value,83.75,Month-to-month,23,No,0.6739382460205292
2533-QVMSK,High-Value,94.1,Two year,61,Yes,0.6738466148750749
4570-QHXHL,Low-Value,43.75,Month-to-month,9,No,0.6732216791067919
5879-SESNB,High-Value,75.25,Month-to-month,11,No,0.6731232830702077
9526-BIHHD,Low-Value,29.7,Month-to-month,1,Yes,0.673007412444655
7663-RGWBC,Low-Value,44.15,Month-to-month,1,Yes,0.6729828842822617
9239-ZBZZV,Low-Value,47.95,Month-to-month,6,Yes,0.6727368942869318
7339-POGZN,Low-Value,50.7,Month-to-month,4,No,0.6726856863101232
5216-WASFJ,High-Value,84.85,Month-to-month,31,No,0.672156921541402
0168-XZKBB,High-Value,86.85,Month-to-month,19,No,0.6717133168014634
7892-QVYKW,High-Value,85.6,Month-to-month,23,No,0.6716030981426176
8705-WZCYL,Low-Value,44.8,Month-to-month,1,No,0.671314474794189
4373-VVHQL,Low-Value,44.75,Month-to-month,1,No,0.671314474794189
9214-EKVXR,Low-Value,44.0,Month-to-month,1,No,0.670886798131355
4676-MQUEA,High-Value,101.9,One year,50,No,0.6708406535207678
5896-NPFWW,Low-Value,50.15,Month-to-month,3,Yes,0.670560417793838
6286-SUUWT,Low-Value,19.95,Month-to-month,1,No,0.6701990876380636
3877-JRJIP,Low-Value,59.85,Month-to-month,1,Yes,0.6701959211495165
1766-GKNMI,High-Value,84.9,Month-to-month,29,No,0.669896173272514
1689-MRZQR,High-Value,78.3,Month-to-month,34,Yes,0.6697464999898882
7901-HXJVA,High-Value,76.45,Month-to-month,14,No,0.6697314146942637
6905-NIQIN,Low-Value,50.65,Month-to-month,1,Yes,0.6687758732105803
8805-JNRAZ,Low-Value,49.2,Month-to-month,2,No,0.668757641332487
4877-EVATK,Low-Value,20.0,Month-to-month,1,Yes,0.6685531858783983
7698-YFGEZ,Low-Value,20.0,Month-to-month,1,No,0.6685531858783983
8993-PHFWD,Low-Value,25.25,Month-to-month,3,Yes,0.6682336228815255
8654-DHAOW,Low-Value,54.15,Month-to-month,2,No,0.6681516059661317
4398-HSCJH,Low-Value,63.6,Month-to-month,3,Yes,0.6681446708387746
0475-RIJEP,High-Value,77.85,Month-to-month,43,Yes,0.6680146889560703
6339-YPSAH,High-Value,73.8,Month-to-month,9,No,0.6675446773372044
5022-JNQEQ,High-Value,75.85,Month-to-month,9,No,0.667407367872844
6127-IYJOZ,Low-Value,45.85,Month-to-month,1,No,0.6672951829648845
4727-MCYZG,Low-Value,55.55,Month-to-month,1,No,0.6667841484666355
1845-ZLLIG,Low-Value,50.15,Month-to-month,1,No,0.666077650124222
0378-NHQXU,High-Value,88.25,Month-to-month,17,Yes,0.6660070290798827
2880-FPNAE,High-Value,74.2,Month-to-month,2,No,0.6658005695502642
2369-FEVNO,Low-Value,19.9,Month-to-month,1,No,0.66538310179727
4800-VHZKI,Low-Value,19.9,Month-to-month,1,Yes,0.66538310179727
3900-AQPHZ,Low-Value,19.9,Month-to-month,1,Yes,0.66538310179727
5515-IDEJJ,Low-Value,19.9,Month-to-month,1,Yes,0.66538310179727
7878-RTCZG,Low-Value,19.9,Month-to-month,1,No,0.66538310179727
4786-UKSNZ,Low-Value,20.2,Month-to-month,1,Yes,0.6652512031518997
6380-ARCEH,Low-Value,20.2,Month-to-month,1,No,0.6652512031518997
5356-RHIPP,Low-Value,20.2,Month-to-month,1,Yes,0.6652512031518997
7839-QRKXN,Low-Value,20.2,Month-to-month,1,Yes,0.6652512031518997
8048-DSDFQ,Low-Value,20.2,Month-to-month,1,No,0.6652512031518997
8305-VHZBZ,Low-Value,20.2,Month-to-month,1,Yes,0.6652512031518997
3247-MHJKM,Low-Value,20.2,Month-to-month,1,No,0.6652512031518997
0623-GDISB,Low-Value,48.45,Month-to-month,1,No,0.6651739634851742
1730-ZMAME,High-Value,79.5,Month-to-month,32,No,0.665123621452601
6927-WTFIV,High-Value,71.3,Month-to-month,20,Yes,0.6650613193384407
7517-SAWMO,High-Value,73.2,Month-to-month,19,Yes,0.6649551565476056
1555-DJEQW,High-Value,114.2,Two year,70,Yes,0.6648924336570609
0322-YINQP,Low-Value,48.55,Month-to-month,1,Yes,0.6648293565549857
2480-SQIOB,Low-Value,44.8,Month-to-month,4,No,0.6648029301974947
5624-BQSSA,Low-Value,20.95,Month-to-month,1,Yes,0.6645321419784527
2187-PKZAY,High-Value,79.95,Month-to-month,12,No,0.6642734173235201
2637-FKFSY,Low-Value,46.1,Month-to-month,3,No,0.6637885931748625
3858-VOBET,High-Value,74.95,Month-to-month,23,Yes,0.6635969159423825
3987-KQDDU,High-Value,75.6,Month-to-month,9,No,0.6631538171854525
0374-AACSZ,Low-Value,50.15,Month-to-month,1,No,0.6625140227308379
2876-GZYZC,High-Value,85.95,Month-to-month,13,No,0.6622807034836917
6923-EFPNL,Low-Value,51.75,Month-to-month,4,Yes,0.6618994633077633
5673-TIYIB,Low-Value,40.4,Month-to-month,2,Yes,0.661881014287874
4250-WAROZ,High-Value,93.25,Month-to-month,60,No,0.6617445143205031
3707-LRWZD,High-Value,84.05,One year,32,Yes,0.6614199500695704
1475-VWVDO,High-Value,74.9,Month-to-month,7,No,0.6613793690359967
5977-CKHON,High-Value,92.55,Month-to-month,43,No,0.660941824047867
9355-NPPFS,High-Value,78.8,Month-to-month,26,No,0.6609369684143157
9631-XEYKE,Low-Value,50.4,Month-to-month,3,No,0.6607952432658531
2947-DOMLJ,Low-Value,50.6,Month-to-month,1,Yes,0.6607219026158028
8280-MQRQN,Low-Value,50.45,Month-to-month,1,Yes,0.6607219026158028
7250-EQKIY,Low-Value,50.45,Month-to-month,1,Yes,0.6607219026158028
0867-MKZVY,High-Value,82.4,Month-to-month,20,Yes,0.6604015754649123
0570-BFQHT,High-Value,80.55,Month-to-month,9,No,0.6603224954886787
3645-DEYGF,Low-Value,20.75,Month-to-month,1,No,0.6602201832433329
9490-DFPMD,High-Value,84.65,Month-to-month,42,Yes,0.6601652419945964
2774-LVQUS,High-Value,83.05,Month-to-month,15,Yes,0.6601641320096547
3884-HCSWG,Low-Value,70.0,Month-to-month,17,Yes,0.6597646378676109
5968-VXZLG,Low-Value,46.6,Month-to-month,2,No,0.6597068372019601
4013-GUXND,Low-Value,20.8,Month-to-month,1,No,0.6596523682864412
7730-IUTDZ,High-Value,75.2,Month-to-month,43,Yes,0.659282927733583
4797-AXPXK,Low-Value,60.0,Month-to-month,1,Yes,0.6589883386429259
3503-TYDAY,High-Value,80.45,Month-to-month,43,No,0.6588025206541614
7235-NXZCP,High-Value,74.85,Month-to-month,2,Yes,0.658490322134919
8064-RAVOH,Low-Value,49.85,Month-to-month,1,No,0.6584236975998963
1536-HBSWP,Low-Value,49.9,Month-to-month,1,No,0.6584236975998963
6692-UDPJC,High-Value,91.65,Month-to-month,14,Yes,0.6583448685573086
6715-OFDBP,Low-Value,70.05,Month-to-month,5,Yes,0.6582723122629642
7395-IGJOS,High-Value,81.5,Month-to-month,17,Yes,0.6582687088560643
7952-OBOYL,High-Value,89.85,Month-to-month,3,No,0.657983230782095
4065-JJAVA,Low-Value,49.5,Month-to-month,1,No,0.6570588612141899
2523-EWWZL,High-Value,76.1,Month-to-month,27,No,0.6567563144108598
0015-UOCOJ,Low-Value,48.2,Month-to-month,7,No,0.6564868007725647
5485-WUYWF,Low-Value,66.4,Month-to-month,2,Yes,0.6563062165738394
3943-KDREE,High-Value,74.95,Month-to-month,26,Yes,0.6558374322227075
5351-QESIO,Low-Value,24.2,Month-to-month,1,No,0.6555469873799951
1769-GRUIK,High-Value,71.1,Month-to-month,18,No,0.6553602319301853
3945-GFWQL,Low-Value,44.55,Month-to-month,12,Yes,0.655221525708247
6087-MVHJH,High-Value,88.45,Month-to-month,16,Yes,0.655007293087542
3755-JBMNH,High-Value,71.8,Month-to-month,16,Yes,0.654667688465518
5019-GQVCR,High-Value,84.85,Month-to-month,43,No,0.6541843698169751
7240-ETPTR,Low-Value,48.75,Month-to-month,9,Yes,0.6540681971528788
2740-TVLFN,Low-Value,50.15,Month-to-month,1,No,0.6540615876619724
8695-WDYEA,Low-Value,51.25,Month-to-month,1,No,0.6539299989692744
9537-VHDTA,Low-Value,51.2,Month-to-month,1,No,0.6539299989692744
9564-KCLHR,Low-Value,51.25,Month-to-month,1,Yes,0.6539299989692744
4883-QICIH,Low-Value,69.75,Month-to-month,32,Yes,0.6538696252837894
7394-LWLYN,Low-Value,70.15,Month-to-month,2,No,0.6537983562850103
8854-CCVSQ,High-Value,80.65,Month-to-month,18,Yes,0.6535743817375795
6650-VJONK,Low-Value,43.85,Month-to-month,1,No,0.653540973312999
1895-QTKDO,Low-Value,43.95,Month-to-month,1,No,0.653540973312999
8591-TKMZH,High-Value,111.1,Two year,59,No,0.6528473599333344
0491-KAPQG,High-Value,73.7,Month-to-month,21,No,0.6525076281637578
1092-GANHU,High-Value,76.65,Month-to-month,17,Yes,0.6524507199213402
7924-GJZFI,Low-Value,69.3,Month-to-month,25,No,0.6521833097421385
3815-SLMEF,Low-Value,34.25,Month-to-month,3,Yes,0.6521533311606053
8630-FJLIB,Low-Value,69.8,Month-to-month,18,No,0.6520719267636815
1596-BBVTG,High-Value,75.35,Month-to-month,35,Yes,0.651976541856694
3334-CTHOL,Low-Value,49.95,Month-to-month,1,Yes,0.6512954835789379
9824-BEMCV,Low-Value,69.0,Month-to-month,17,Yes,0.6512437178001892
1910-FMXJM,High-Value,80.4,Month-to-month,36,No,0.6511741221258017
3946-MHCZW,Low-Value,50.9,Month-to-month,1,Yes,0.6510584832833847
5307-DZCVC,High-Value,85.95,Month-to-month,32,Yes,0.6509444095406722
2067-QYTCF,High-Value,111.15,Month-to-month,64,No,0.6507701384443798
2969-QWUBZ,Low-Value,51.4,Month-to-month,2,No,0.6503385393320564
8270-RKSAP,High-Value,70.5,Month-to-month,9,No,0.6503102884779542
4958-GZWIY,Low-Value,48.7,Month-to-month,7,Yes,0.6502133487728011
1216-JWVUX,High-Value,75.5,Month-to-month,25,No,0.6501388752100571
0411-EZJZE,Low-Value,60.25,Month-to-month,3,No,0.6499468739475115
3969-GYXEL,High-Value,76.4,Month-to-month,11,No,0.6494927247668076
8155-IBNHG,High-Value,75.4,Month-to-month,24,Yes,0.6493745011008142
5117-IFGPS,High-Value,84.3,Month-to-month,29,No,0.649317037722897
3415-TAILE,Low-Value,65.7,Month-to-month,2,Yes,0.6490968957236511
0256-LTHVJ,High-Value,81.05,Month-to-month,28,Yes,0.6481728432581592
5089-IFSDP,High-Value,109.45,Two year,58,Yes,0.6479949383795182
6888-SBYAI,Low-Value,50.7,Month-to-month,1,No,0.6476836313744976
6825-UYPFK,High-Value,75.6,Month-to-month,23,Yes,0.6476518226471035
6145-NNPNO,Low-Value,44.15,Month-to-month,1,No,0.6475314701173016
2530-ENDWQ,High-Value,93.7,Two year,71,Yes,0.6472524149733979
5650-YLIBA,High-Value,81.15,Month-to-month,31,No,0.6471091752408625
5998-VVEJY,High-Value,80.5,Month-to-month,26,Yes,0.6470474092507584
1689-YQBYY,High-Value,76.6,Month-to-month,12,No,0.6469553400288625
8819-IMISP,High-Value,80.45,Month-to-month,31,No,0.6469223150312908
6331-LWDTQ,High-Value,72.15,Month-to-month,10,Yes,0.6466044434462862
8066-POXGX,Low-Value,35.1,Month-to-month,13,Yes,0.6464442483817235
3278-FSIXX,Low-Value,45.25,Month-to-month,2,No,0.6463943040853443
7321-VGNKU,High-Value,70.35,Month-to-month,2,No,0.646319587387823
1942-OQFRW,Low-Value,44.0,Month-to-month,1,No,0.6461716593165189
7703-ZEKEF,High-Value,81.0,Month-to-month,23,Yes,0.6460075331642641
3956-MGXOG,High-Value,80.6,Month-to-month,28,No,0.6458982444986923
2607-FBDFF,Low-Value,49.0,Month-to-month,1,No,0.6458577443445727
2933-FILNV,Low-Value,24.4,Month-to-month,2,Yes,0.6457619193236566
1453-RZFON,Low-Value,49.9,Month-to-month,1,No,0.6456519931903989
1660-HSOOQ,Low-Value,49.65,Month-to-month,1,Yes,0.6456519931903989
7623-TRNQN,Low-Value,49.9,Month-to-month,1,Yes,0.6456519931903989
6656-JWRQX,Low-Value,30.55,Month-to-month,1,No,0.6455673589277994
7964-VEXDG,High-Value,80.35,Month-to-month,21,No,0.6455588306873503
5606-AMZBO,High-Value,78.15,Month-to-month,10,No,0.645481448165924
3961-SXAXY,Low-Value,44.05,Month-to-month,1,No,0.6454353839663949
3370-GQEAL,High-Value,85.45,Month-to-month,30,No,0.6453435996996262
9722-UJOJR,High-Value,70.75,Month-to-month,29,Yes,0.6449165752693677
7794-JASDG,Low-Value,50.75,Month-to-month,1,No,0.6447457557273283
7156-MHUGY,High-Value,90.5,Month-to-month,13,Yes,0.6446537110887626
9412-ARGBX,High-Value,95.5,Two year,48,Yes,0.6443867180518547
7504-UWHNB,Low-Value,69.75,Month-to-month,25,No,0.6443740555420715
3481-JHUZH,High-Value,80.25,Month-to-month,41,No,0.6441949670334429
7055-HNEOJ,Low-Value,55.8,Month-to-month,3,No,0.6439435698622217
0807-ZABDG,Low-Value,55.1,Month-to-month,3,Yes,0.6439435698622217
1268-ASBGA,High-Value,85.35,Month-to-month,16,Yes,0.6438903453331838
4521-YEEHE,High-Value,88.85,Month-to-month,18,No,0.6436995446219016
9524-EGPJC,High-Value,90.1,Month-to-month,18,Yes,0.6435994018767199
6615-ZGEDR,Low-Value,19.7,Month-to-month,1,Yes,0.6432691340450528
4537-DKTAL,Low-Value,45.55,Month-to-month,2,No,0.6431137453917215
5445-PZWGX,High-Value,102.0,One year,62,Yes,0.6418380056043148
7126-RBHSD,High-Value,78.9,Month-to-month,17,No,0.6415964171145528
6048-QBXKL,Low-Value,56.55,Month-to-month,2,No,0.641288604770404
7442-YGZFK,Low-Value,49.8,Month-to-month,1,No,0.640962671426748
2273-QCKXA,Low-Value,49.05,Month-to-month,1,No,0.6409068652782551
4695-VADHF,Low-Value,57.45,Month-to-month,18,Yes,0.6408948017430026
0599-XNYDO,Low-Value,69.8,Month-to-month,20,No,0.6407088017877112
2831-EBWRN,Low-Value,45.9,Month-to-month,4,No,0.6406860502280078
1750-CSKKM,Low-Value,55.35,Month-to-month,9,Yes,0.640250524319425
7586-ZATGZ,High-Value,84.9,Month-to-month,40,No,0.6398969067411433
5334-JLAXU,High-Value,94.1,Month-to-month,60,No,0.6387785687147083
4480-QQRHC,High-Value,74.05,Month-to-month,8,No,0.6383205890484835
1322-AGOQM,Low-Value,30.3,Month-to-month,46,Yes,0.6383021485472781
5389-FFVKB,High-Value,80.3,Month-to-month,32,Yes,0.6378782364026134
1406-PUQVY,Low-Value,49.9,Month-to-month,1,No,0.6377943813211833
1471-GIQKQ,Low-Value,49.95,Month-to-month,1,No,0.6377943813211833
8728-SKJLR,High-Value,74.25,Month-to-month,41,No,0.6359752334886881
8869-TORSS,Low-Value,60.35,One year,48,Yes,0.6357519798228415
7501-VTYLJ,Low-Value,51.55,Month-to-month,2,No,0.6355003335411675
7854-EDSSA,Low-Value,59.0,Month-to-month,22,Yes,0.6353139667418666
5605-IYGFG,Low-Value,69.85,Month-to-month,7,No,0.6349669534618418
4566-QVRRW,Low-Value,44.05,Month-to-month,11,Yes,0.6341085636434889
0916-QOFDP,High-Value,95.8,Month-to-month,14,No,0.6338940305458067
6207-WIOLX,Low-Value,58.6,Month-to-month,25,Yes,0.6335874402459616
9903-LYSAB,High-Value,73.15,Month-to-month,18,No,0.6330479375997509
6907-FLBER,Low-Value,54.3,Month-to-month,1,No,0.6330133657410334
7801-KICAO,High-Value,74.15,Month-to-month,18,No,0.6326049036743117
1066-JKSGK,Low-Value,20.15,Month-to-month,1,Yes,0.632359284971863
3211-ILJTT,High-Value,70.4,Month-to-month,17,Yes,0.6321802090642165
3030-ZKIWL,Low-Value,20.05,Month-to-month,1,No,0.6320699102853008
9962-BFPDU,Low-Value,20.05,Month-to-month,1,No,0.6320699102853008
7096-UCLNH,Low-Value,20.05,Month-to-month,1,No,0.6320699102853008
4661-NJEUX,Low-Value,20.05,Month-to-month,1,No,0.6320699102853008
8749-CLJXC,Low-Value,20.05,Month-to-month,1,No,0.6320699102853008
2812-SFXMJ,Low-Value,20.05,Month-to-month,1,No,0.6320699102853008
3679-XASPY,Low-Value,19.45,Month-to-month,1,No,0.6319357574977766
7517-LDMPS,High-Value,84.6,Month-to-month,12,No,0.6313276417590084
9800-ONTFE,High-Value,75.8,Month-to-month,22,No,0.6312757814289702
3966-HRMZA,High-Value,75.05,Month-to-month,3,No,0.6311110372295392
3669-LVWZB,Low-Value,51.0,Month-to-month,5,Yes,0.6309522528850907
8035-PWSEV,High-Value,89.25,Month-to-month,6,No,0.6308874807115805
3620-MWJNE,Low-Value,54.45,Month-to-month,2,No,0.6308717168373977
3866-MDTUB,High-Value,70.75,Month-to-month,2,Yes,0.6308538582071234
4283-FUTGF,High-Value,79.85,Month-to-month,19,Yes,0.6307858457177513
4013-UBXWQ,High-Value,74.65,Month-to-month,7,Yes,0.6306052985813511
7206-PQBBZ,Low-Value,70.2,Month-to-month,11,No,0.6303410211858077
9365-SRSZE,High-Value,70.55,Month-to-month,27,No,0.6301704074429355
6270-OMFIW,High-Value,94.4,One year,60,Yes,0.6299775348336613
5208-HFSBT,Low-Value,55.05,Month-to-month,2,Yes,0.6298164914451734
3439-GVUSX,Low-Value,24.4,Month-to-month,1,No,0.6294516901319773
9895-VFOXH,Low-Value,24.4,Month-to-month,1,No,0.6294516901319773
9552-TGUZV,High-Value,75.0,Month-to-month,8,No,0.6289572586476063
2391-SOORI,Low-Value,49.35,Month-to-month,4,Yes,0.627180659286094
1450-SKCVI,High-Value,73.85,Month-to-month,56,Yes,0.62698989137449
9776-CLUJA,High-Value,77.5,Month-to-month,51,Yes,0.6269565978348202
9415-DPEWS,High-Value,88.35,Month-to-month,18,Yes,0.626726945367459
5914-DVBWJ,High-Value,85.45,Month-to-month,18,Yes,0.626626299914739
6917-IAYHD,Low-Value,33.6,Month-to-month,1,No,0.6264836032058305
6817-WTYHE,Low-Value,44.9,Month-to-month,2,No,0.6260368100802159
4067-HLYQI,High-Value,70.4,Month-to-month,33,No,0.6259992268534017
7851-FLGGQ,Low-Value,44.65,Month-to-month,1,Yes,0.625573080681151
4588-YBNIB,Low-Value,19.6,Month-to-month,1,Yes,0.6252749675854221
7989-CHGTL,Low-Value,19.6,Month-to-month,1,Yes,0.6252749675854221
2209-XADXF,Low-Value,25.25,Month-to-month,1,No,0.6252533441499479
4559-UWIHT,High-Value,82.65,Month-to-month,14,No,0.6243663423062796
6080-TCMYC,High-Value,81.2,Month-to-month,40,No,0.6239020734557426
8757-TFHHJ,Low-Value,49.8,Month-to-month,1,No,0.623371757536169
3668-QPYBK,Low-Value,53.85,Month-to-month,2,Yes,0.6232313594022212
8720-RQSBJ,Low-Value,44.0,Month-to-month,1,No,0.6225899066752958
1024-GUALD,Low-Value,24.8,Month-to-month,1,Yes,0.6223772277892106
5365-LLFYV,Low-Value,45.85,Month-to-month,2,No,0.6219108507660412
6641-XRPSU,Low-Value,70.0,Month-to-month,34,Yes,0.6215671378194568
2905-KFQUV,High-Value,70.4,Month-to-month,2,No,0.6213253189031666
3071-VBYPO,High-Value,89.85,Month-to-month,3,No,0.6212450369798936
1078-TDCRN,Low-Value,30.75,Month-to-month,3,No,0.6210223564479148
8718-PTMEZ,Low-Value,31.05,Month-to-month,13,Yes,0.6195221923205126
7129-ACFOG,Low-Value,53.8,Month-to-month,5,No,0.6192510386869555
9003-CPATH,High-Value,79.9,Month-to-month,42,No,0.6190817330116569
5671-UUNXD,High-Value,100.65,One year,50,No,0.6190384228068135
1135-LMECX,Low-Value,19.85,Month-to-month,1,No,0.6189090225369547
4291-HPAXL,Low-Value,19.85,Month-to-month,1,No,0.6189090225369547
6103-BOCOU,High-Value,80.7,Month-to-month,26,No,0.6186421633787076
8885-QSQBX,Low-Value,49.55,Month-to-month,1,No,0.6186266296240251
2234-XADUH,High-Value,103.2,One year,72,No,0.6184734673973981
5236-PERKL,High-Value,112.95,Two year,57,Yes,0.6184348881822266
5458-CQJTA,High-Value,74.8,Two year,65,Yes,0.6184244156820965
1725-MIMXW,Low-Value,19.45,Month-to-month,1,Yes,0.6175071580310127
4760-XOHVN,Low-Value,19.45,Month-to-month,1,Yes,0.6175071580310127
7721-DVEKZ,Low-Value,19.65,Month-to-month,1,No,0.6172303037188385
3785-NRHYR,Low-Value,19.65,Month-to-month,1,No,0.6172303037188385
6141-OOXUQ,Low-Value,19.65,Month-to-month,1,Yes,0.6172303037188385
7296-PIXQY,Low-Value,70.2,Month-to-month,14,No,0.617003222868551
1919-RTPQD,Low-Value,44.75,Month-to-month,7,No,0.6166637219190426
8519-IMDHU,High-Value,85.6,Month-to-month,15,Yes,0.6147739323061677
6304-IJFSQ,Low-Value,49.9,Month-to-month,3,Yes,0.6140034151646306
4412-YLTKF,High-Value,78.05,Month-to-month,27,Yes,0.6137543471138449
5652-MSDEY,High-Value,75.75,Month-to-month,10,No,0.6133167229023031
0761-AETCS,Low-Value,19.3,Month-to-month,1,Yes,0.6132785758434053
9432-VOFYX,High-Value,70.8,Month-to-month,17,No,0.6132003118390138
3023-GFLBR,High-Value,86.15,Month-to-month,33,Yes,0.6127215833130694
0247-SLUJI,Low-Value,19.7,Month-to-month,1,No,0.6126798040223013
4625-EWPTF,Low-Value,30.45,Month-to-month,8,Yes,0.6121189123919535
8601-QACRS,Low-Value,50.6,Month-to-month,5,Yes,0.6113387479139587
1935-IMVBB,High-Value,89.7,Month-to-month,56,No,0.6113038331039579
3094-JOJAI,High-Value,74.15,Month-to-month,18,No,0.6107851605160753
0742-MOABM,Low-Value,50.05,Month-to-month,4,Yes,0.6101696909678958
8963-JLGJT,Low-Value,55.9,Month-to-month,3,No,0.6097852462847101
2476-YGEFM,High-Value,76.0,Month-to-month,29,No,0.6095831701983149
2115-BFTIW,High-Value,70.95,Month-to-month,25,Yes,0.6089748113757953
8614-VGMMV,Low-Value,49.1,Month-to-month,15,Yes,0.6089062273861624
7503-QQRVF,High-Value,74.3,Month-to-month,16,Yes,0.6082770397109832
8450-JOVAH,Low-Value,56.7,Month-to-month,2,Yes,0.6082106122912284
6240-EURKS,Low-Value,35.0,Month-to-month,18,Yes,0.6081952623721727
7978-DKUQH,High-Value,74.6,Month-to-month,25,No,0.6079529387569691
5732-IKGQH,High-Value,104.45,One year,52,No,0.6078501476717687
6987-XQSJT,High-Value,79.5,Month-to-month,54,Yes,0.6071312297778306
1432-FPAXX,Low-Value,30.6,Month-to-month,29,Yes,0.6062196069590711
5071-FBJFS,Low-Value,50.3,Month-to-month,4,No,0.6060160094960763
1816-FLZDK,Low-Value,29.15,Month-to-month,1,No,0.6060089521151659
5429-LWCMV,High-Value,89.15,Month-to-month,12,No,0.6050456155419728
0524-IAVZO,High-Value,85.0,Month-to-month,30,Yes,0.6048397287763022
1355-KUSBG,Low-Value,48.8,Month-to-month,7,No,0.604510457605978
7396-VJUZB,Low-Value,45.25,Month-to-month,4,No,0.6044696803940244
6158-DWPZT,Low-Value,24.1,One year,9,Yes,0.6041381052633634
1213-NGCUN,Low-Value,49.65,Month-to-month,6,Yes,0.6038395483228693
1228-ZLNBX,High-Value,75.3,Month-to-month,21,No,0.6037554738934374
1763-WQFUK,Low-Value,50.5,Month-to-month,3,No,0.6023434456063269
4430-UZIPO,Low-Value,36.85,Month-to-month,3,Yes,0.6022607593433337
4815-GBTCD,Low-Value,25.15,Month-to-month,4,No,0.6022539324224949
4489-SNOJF,High-Value,72.25,Month-to-month,35,Yes,0.602247945392743
2754-SDJRD,High-Value,100.15,Month-to-month,8,No,0.6021359699756758
5392-AKEMH,Low-Value,45.05,Month-to-month,12,No,0.601950460523852
9944-AEXBM,High-Value,85.65,Month-to-month,32,No,0.601829114585045
4360-PNRQB,High-Value,75.6,Month-to-month,18,No,0.6016231223088321
4026-SKKHW,Low-Value,50.25,Month-to-month,3,No,0.6016184874055438
3452-ABWRL,High-Value,86.05,Month-to-month,47,No,0.6013867800381731
3896-RCYYE,Low-Value,53.4,Month-to-month,67,No,0.6011714461717225
1041-RXHRA,Low-Value,70.25,Month-to-month,41,Yes,0.6010105037885025
4765-OXPPD,Low-Value,65.0,Month-to-month,9,Yes,0.6009288319829825
2465-BLLEU,Low-Value,19.75,Month-to-month,1,No,0.6008099533158393
3930-ZGWVE,Low-Value,19.75,Month-to-month,1,No,0.6008099533158393
6124-ACRHJ,Low-Value,19.75,Month-to-month,1,No,0.6008099533158393
6849-WLEYG,Low-Value,19.75,Month-to-month,1,Yes,0.6008099533158393
7239-HZZCX,Low-Value,19.75,Month-to-month,1,Yes,0.6008099533158393
4250-FDVOU,Low-Value,56.25,Month-to-month,6,Yes,0.6004686549324145
2108-YKQTY,Low-Value,50.7,Month-to-month,4,Yes,0.6001627845821565
6646-JPPHA,High-Value,78.85,Month-to-month,14,No,0.5998459233838878
4195-NZGTA,Low-Value,25.25,Month-to-month,1,No,0.5976173565211833
3594-KADLU,Low-Value,35.1,Month-to-month,3,No,0.5969460346730932
8993-IZEUX,Low-Value,69.15,Month-to-month,7,No,0.5965392347936731
8901-HJXTF,Low-Value,29.2,Month-to-month,12,Yes,0.5957422012442292
3317-VLGQT,High-Value,78.1,Month-to-month,14,No,0.5956828850450053
8824-RWFXJ,Low-Value,56.15,Month-to-month,3,Yes,0.5956438777095003
2876-VBBBL,Low-Value,20.25,Month-to-month,1,Yes,0.5955833770962452
4211-MMAZN,Low-Value,20.25,Month-to-month,1,Yes,0.5955833770962452
2081-KJSQF,Low-Value,20.25,Month-to-month,1,No,0.5955833770962452
8203-XJZRC,Low-Value,20.25,Month-to-month,1,No,0.5955833770962452
0670-KDOMA,Low-Value,20.25,Month-to-month,1,No,0.5955833770962452
5868-YTYKS,Low-Value,20.25,Month-to-month,1,No,0.5955833770962452
7246-ZGQDF,Low-Value,54.5,Month-to-month,1,No,0.5955477349073175
8486-AYEQH,High-Value,76.05,Month-to-month,31,No,0.5954836705794017
8563-IIOXK,Low-Value,49.75,One year,7,Yes,0.5952319822948285
9831-BPFRI,High-Value,89.55,One year,39,Yes,0.5952102712762021
1905-OEILC,Low-Value,19.5,Month-to-month,1,No,0.5944781794299512
5906-BFOZT,Low-Value,19.5,Month-to-month,1,No,0.5944781794299512
1396-QWFBJ,High-Value,74.05,Month-to-month,21,Yes,0.5941872678933802
0260-ZDLGK,High-Value,72.9,Month-to-month,9,Yes,0.5936966910870934
9026-LHEVG,Low-Value,40.75,Month-to-month,9,No,0.5936600449382103
3320-VEOYC,High-Value,95.6,Month-to-month,14,No,0.5936182605109622
6322-HRPFA,Low-Value,59.6,Month-to-month,49,No,0.5935051439002794
6543-CPZMK,Low-Value,29.95,Month-to-month,9,Yes,0.5935050678821517
2219-MVUSO,Low-Value,45.15,Month-to-month,8,Yes,0.593143501574975
3312-ZWLGF,High-Value,79.3,Month-to-month,29,No,0.5930544159015703
6719-OXYBR,High-Value,85.3,Month-to-month,15,No,0.59183303445736
8167-GJLRN,Low-Value,30.4,Month-to-month,3,No,0.5917300986542893
5565-FILXA,High-Value,96.15,Month-to-month,16,Yes,0.5915206002289919
5298-GSTLM,High-Value,101.4,One year,60,No,0.5913230058855694
2235-DWLJU,Low-Value,44.4,Month-to-month,6,No,0.5909259393430897
6985-HAYWX,High-Value,79.3,Month-to-month,26,No,0.590229273946407
3677-TNKIO,High-Value,71.0,Month-to-month,14,Yes,0.5893110311231363
9286-DOJGF,High-Value,74.95,Month-to-month,38,Yes,0.5887917780422969
9369-XFEHK,High-Value,80.6,Month-to-month,33,Yes,0.5879347075173726
8584-KMVXD,High-Value,75.6,Month-to-month,8,No,0.5874840095993604
8496-EJAUI,High-Value,73.85,Month-to-month,19,Yes,0.587376156826327
0617-FHSGK,High-Value,75.2,Month-to-month,49,Yes,0.5873037973072439
4892-VLANZ,Low-Value,19.8,Month-to-month,1,Yes,0.5870811506329323
5895-QSXOD,Low-Value,70.05,Month-to-month,9,No,0.5868578212846142
7579-OOPEC,Low-Value,50.15,Month-to-month,2,Yes,0.5866382100121834
4948-WBBKL,High-Value,74.9,Month-to-month,36,No,0.5864641101105158
6692-YQHXC,Low-Value,69.95,Month-to-month,16,No,0.5862681771532992
5022-KVDQT,High-Value,81.3,Month-to-month,27,No,0.5857269848922629
2866-IKBTM,Low-Value,19.55,Month-to-month,1,No,0.5856155585508076
1029-QFBEN,Low-Value,19.55,Month-to-month,1,Yes,0.5856155585508076
8605-ITULD,Low-Value,19.55,Month-to-month,1,No,0.5856155585508076
1622-HSHSF,Low-Value,19.55,Month-to-month,1,No,0.5856155585508076
0927-CNGRH,Low-Value,19.55,Month-to-month,1,No,0.5856155585508076
9638-JIQYA,Low-Value,24.9,Month-to-month,2,No,0.5856120259640373
7389-KBFIT,Low-Value,30.25,Month-to-month,2,No,0.5852873930949329
1518-VOWAV,High-Value,74.65,Month-to-month,9,Yes,0.5848803397112519
5348-CAGXB,High-Value,89.55,Month-to-month,12,No,0.5846234030341804
3413-BMNZE,Low-Value,45.25,Month-to-month,1,No,0.5846032148168319
4080-OGPJL,High-Value,71.15,Month-to-month,8,Yes,0.5843977300967309
8775-CEBBJ,Low-Value,44.2,Month-to-month,9,Yes,0.5841708180781106
3194-ORPIK,High-Value,84.4,Month-to-month,50,Yes,0.5836961587603843
7593-JNWRU,Low-Value,44.6,Month-to-month,6,Yes,0.5835752873198856
5989-PGKJB,High-Value,86.25,Month-to-month,16,No,0.5835310268944329
4895-TMWIR,Low-Value,19.95,Month-to-month,11,Yes,0.5826278976508672
9518-XXBXE,High-Value,75.3,Month-to-month,10,No,0.5825505912331302
0601-WZHJF,Low-Value,46.35,Month-to-month,14,Yes,0.5820341613325802
5650-VDUDS,Low-Value,24.25,Month-to-month,4,Yes,0.5819630098271447
3683-QKIUE,Low-Value,50.8,Month-to-month,6,Yes,0.5817004551775863
7758-XKCBS,Low-Value,29.7,Month-to-month,15,Yes,0.5813272740634328
6557-BZXLQ,Low-Value,69.65,Month-to-month,16,No,0.581201886241286
3130-ICDUP,High-Value,80.55,Month-to-month,2,No,0.5801702781117959
4546-FOKWR,High-Value,74.75,Month-to-month,16,No,0.5793288103497155
6323-AYBRX,Low-Value,19.35,Two year,59,Yes,0.5791462146767765
4301-VVZKA,High-Value,75.4,Month-to-month,16,No,0.5791278236430153
5707-ORNDZ,Low-Value,54.55,Month-to-month,9,Yes,0.5791027462060048
6654-QGBZZ,Low-Value,19.9,Month-to-month,1,No,0.5786570924556219
9121-PHQSR,High-Value,85.05,Month-to-month,16,No,0.578476245372122
7657-DYEPJ,Low-Value,70.15,One year,38,Yes,0.5782834129250557
0112-QWPNC,High-Value,84.35,One year,49,Yes,0.5775178058941014
7878-JGDKK,Low-Value,44.55,Month-to-month,4,No,0.5773011404896142
6896-SRVYQ,High-Value,73.85,Month-to-month,44,No,0.5759122983862619
5780-INQIK,Low-Value,49.4,Month-to-month,8,No,0.575789336946647
2937-FTHUR,Low-Value,64.8,Month-to-month,18,No,0.575656546560313
8149-AIQCG,High-Value,73.15,Month-to-month,39,No,0.5754578603306862
0516-WJVXC,Low-Value,54.2,Month-to-month,5,Yes,0.5753893933938334
6599-CEBNN,High-Value,73.95,Month-to-month,34,Yes,0.5751298365167581
2433-KMEAS,Low-Value,54.45,Month-to-month,22,Yes,0.5747896398639601
5649-TJHOV,Low-Value,36.5,Month-to-month,27,Yes,0.5745053266297977
8490-BXHEO,High-Value,80.55,Month-to-month,18,No,0.5743715903299368
3733-LSYCE,High-Value,75.35,Month-to-month,15,No,0.5742479911752323
1173-XZPYF,High-Value,89.2,Month-to-month,11,No,0.5741133277333469
9445-ZUEQE,High-Value,85.2,Month-to-month,27,No,0.5738516217780117
5271-DBYSJ,High-Value,79.15,Month-to-month,11,No,0.5737554551042444
8444-WRIDW,High-Value,80.45,Month-to-month,66,Yes,0.5731586657968232
8974-OVACP,Low-Value,20.15,Month-to-month,1,No,0.572828932555977
9122-UMROB,Low-Value,20.3,Month-to-month,1,No,0.572810981908565
2676-ISHSF,Low-Value,20.3,Month-to-month,1,No,0.572810981908565
8073-IJDCM,Low-Value,20.3,Month-to-month,1,Yes,0.572810981908565
7551-JOHTI,Low-Value,19.5,Month-to-month,1,Yes,0.572668211092558
1261-FWTTE,Low-Value,34.65,Month-to-month,23,No,0.5726633131998295
0843-WTBXE,High-Value,85.45,Month-to-month,53,Yes,0.5725903693857908
5233-AOZUF,High-Value,74.95,Month-to-month,29,No,0.5722475027198916
1597-FZREH,High-Value,76.4,Month-to-month,2,Yes,0.571959688336303
7743-EXURX,Low-Value,51.05,Month-to-month,8,Yes,0.5717302456140775
9254-RBFON,High-Value,98.6,One year,17,Yes,0.5713008807010673
9227-LUNBG,Low-Value,24.6,Month-to-month,1,Yes,0.5705191927735342
9506-UXUSK,Low-Value,70.15,Month-to-month,13,No,0.5704820527090313
6257-RJOHI,Low-Value,50.8,Month-to-month,4,No,0.5702446318309983
1767-TGTKO,Low-Value,45.45,Month-to-month,8,No,0.5702273968078139
2792-LSHWX,High-Value,83.4,Month-to-month,1,No,0.5699618335458239
2694-CIUMO,High-Value,79.55,Month-to-month,12,No,0.5699242662446835
4818-DRBQT,High-Value,80.15,Month-to-month,29,Yes,0.5698620668379002
7718-RXDGG,Low-Value,68.6,Month-to-month,15,No,0.5697093420914663
3932-CMDTD,High-Value,105.65,One year,4,Yes,0.5692633985681651
0887-WBJVH,High-Value,93.45,One year,53,No,0.5692542429969092
3780-YVMFA,Low-Value,68.55,Month-to-month,8,No,0.5687721951000381
8919-FYFQZ,Low-Value,30.35,Month-to-month,44,Yes,0.5684458841993841
0315-LVCRK,High-Value,84.8,Month-to-month,11,No,0.5684029685781627
6551-GNYDG,High-Value,80.9,Month-to-month,14,No,0.5684029198970467
5035-BVCXS,High-Value,75.9,Month-to-month,11,No,0.5680310950888489
9796-BPKIW,Low-Value,69.95,Month-to-month,8,No,0.5674541941944831
9272-LSVYH,Low-Value,70.15,Month-to-month,10,No,0.5668699814927356
0620-DLSLK,High-Value,81.9,Month-to-month,13,No,0.5667765972083332
4828-FAZPK,High-Value,79.95,Month-to-month,16,No,0.5663746908120274
3506-LCJDC,Low-Value,19.95,Month-to-month,1,Yes,0.5662849071212153
4350-ZTLPI,High-Value,108.95,One year,53,No,0.565692835702814
4547-LYTDD,High-Value,72.65,Month-to-month,16,Yes,0.5655856336323342
3716-UVSPD,Low-Value,49.3,Month-to-month,1,No,0.5655215631440691
3703-KBKZP,High-Value,74.45,Month-to-month,16,No,0.5651442850462658
4132-POCZS,Low-Value,39.9,Month-to-month,52,No,0.5650197782293119
7567-ECMCM,High-Value,79.85,Month-to-month,24,No,0.5647366462770746
3452-SRFEG,High-Value,74.6,Month-to-month,49,No,0.5645353834926333
2860-RANUS,High-Value,85.8,Month-to-month,20,Yes,0.5644591137798944
2075-RMJIK,Low-Value,49.4,Month-to-month,5,No,0.5642597034224084
4468-YDOVK,Low-Value,48.65,Month-to-month,5,No,0.5636589048837249
9819-FBNSV,High-Value,72.25,Month-to-month,37,No,0.5635453665235519
9705-IOVQQ,High-Value,99.0,One year,61,No,0.5633617228107104
6402-EJMWF,Low-Value,55.3,Month-to-month,4,No,0.5629246290619718
1871-MOWRM,High-Value,80.85,Month-to-month,12,Yes,0.5625117298172841
9351-HXDMR,High-Value,110.9,Two year,72,No,0.5625047387422423
9661-MHUMO,Low-Value,49.25,Month-to-month,1,Yes,0.5624534387119204
1349-WXNGG,Low-Value,20.05,Month-to-month,1,Yes,0.5616308180524922
6288-LBEAR,High-Value,79.1,Month-to-month,23,No,0.5615551216835041
6921-OZMFH,Low-Value,55.7,Month-to-month,5,No,0.5614850465063492
1548-ARAGG,Low-Value,58.5,Month-to-month,4,No,0.5614520209686854
6383-ZTSIW,High-Value,99.1,One year,39,No,0.5608106298542093
0196-JTUQI,High-Value,75.2,Month-to-month,9,No,0.5605640523643118
9108-EJFJP,Low-Value,53.55,Month-to-month,1,No,0.5601274766329267
1777-JYQPJ,Low-Value,24.3,Month-to-month,2,No,0.5601176018958104
3253-HKOKL,High-Value,100.3,One year,52,No,0.5598822179362529
3285-UCQVC,Low-Value,28.6,Month-to-month,37,Yes,0.5596233249524001
0096-BXERS,Low-Value,50.35,Month-to-month,6,No,0.5592172438585818
9667-TKTVZ,Low-Value,54.35,Month-to-month,2,No,0.5591150776971802
5536-SLHPM,High-Value,77.75,Month-to-month,55,Yes,0.5577035548176843
7967-HYCDE,High-Value,70.7,Month-to-month,8,No,0.5564442640124735
8329-IBCTI,Low-Value,19.65,Month-to-month,1,Yes,0.5557985185816058
0970-QXPXW,Low-Value,19.65,Month-to-month,1,No,0.5557985185816058
2027-CWDNU,High-Value,85.6,Month-to-month,18,No,0.5555360798922109
8740-XLHDR,Low-Value,43.25,Month-to-month,5,Yes,0.5553783419140216
7128-GGCNO,High-Value,72.8,Month-to-month,46,No,0.5551475585540205
7312-XSBAT,Low-Value,49.75,Month-to-month,1,No,0.5546973323180101
6923-JHPMP,High-Value,80.45,Month-to-month,2,No,0.554504768371385
5016-ETTFF,Low-Value,29.5,Month-to-month,10,Yes,0.5544175225957912
7905-TVXTA,Low-Value,64.35,Month-to-month,5,No,0.554357184051632
4597-ELFTS,Low-Value,24.9,One year,56,Yes,0.5537350448234094
2378-HTWFW,High-Value,91.0,Month-to-month,35,No,0.55359382024679
5480-HPRRX,Low-Value,25.3,Month-to-month,3,Yes,0.5533162507487068
9505-SQFSW,Low-Value,40.3,Month-to-month,3,No,0.5532941324525558
3002-WQZWT,High-Value,74.2,Month-to-month,29,No,0.5531792281739574
8212-CRQXP,High-Value,80.0,Month-to-month,22,No,0.5531692429022153
5766-ZJYBB,Low-Value,19.4,Month-to-month,1,Yes,0.5530254042892245
2842-BCQGE,High-Value,75.35,Month-to-month,43,No,0.5527306715670056
8695-ARGXZ,High-Value,75.55,Month-to-month,34,No,0.5520985297752471
8706-HRADD,Low-Value,43.55,Month-to-month,21,No,0.5518715539829064
7270-BDIOA,High-Value,90.0,Month-to-month,22,Yes,0.5517124656251833
3663-MITLP,High-Value,101.25,Month-to-month,15,Yes,0.5510622452722419
3569-EDBPQ,High-Value,84.35,Month-to-month,24,No,0.5505186635429381
0537-QYZZN,High-Value,79.85,Month-to-month,24,No,0.5503184465261838
1384-RCUXW,High-Value,80.55,Month-to-month,16,No,0.5502635016808236
5150-ITWWB,High-Value,94.85,Month-to-month,3,No,0.5493733957208307
3161-GETRM,High-Value,90.05,Month-to-month,34,No,0.5490143750621505
4183-WCSEP,High-Value,78.45,Month-to-month,31,Yes,0.5490074227148258
3577-AMVUX,Low-Value,55.05,Month-to-month,1,No,0.5489932123045406
3714-JTVOV,High-Value,74.15,Month-to-month,42,Yes,0.548539725347222
2041-JIJCI,Low-Value,64.0,Month-to-month,5,No,0.5476178938885259
3995-WFCSM,Low-Value,60.85,Month-to-month,2,No,0.5475108294809492
0929-HYQEW,Low-Value,50.15,Month-to-month,3,No,0.5472163999161209
6994-KERXL,Low-Value,55.9,Month-to-month,4,No,0.5471556045560291
4911-BANWH,High-Value,86.55,Month-to-month,31,Yes,0.545539901338513
0913-XWSCN,High-Value,85.5,Month-to-month,55,No,0.5444523877930585
2101-RANCD,High-Value,73.1,Month-to-month,55,No,0.5441541124623606
4818-QIUFN,High-Value,79.15,Month-to-month,20,Yes,0.5439077673581889
9054-FOWNV,High-Value,88.75,Month-to-month,22,No,0.5435958416488508
5759-RCVCB,Low-Value,35.2,Month-to-month,3,Yes,0.5430474606859641
2208-NQBCT,High-Value,81.95,Month-to-month,26,No,0.5424906967225871
7018-WBJNK,High-Value,78.3,Month-to-month,13,No,0.5423980314530933
1393-IMKZG,High-Value,95.85,Month-to-month,1,No,0.5421186216644795
1732-VHUBQ,High-Value,70.55,Month-to-month,47,Yes,0.5417460704515205
0365-GXEZS,High-Value,78.2,Month-to-month,18,No,0.5416381979681
9584-EXCDZ,High-Value,70.5,Month-to-month,17,No,0.5415602957021782
4472-VESGY,High-Value,98.15,Month-to-month,52,No,0.5415232033562425
6778-YSNIH,Low-Value,59.0,Month-to-month,2,No,0.5414462145625274
5016-IBERQ,High-Value,84.25,Month-to-month,23,No,0.5409992110862502
0257-ZESQC,High-Value,75.2,Month-to-month,27,Yes,0.5407551294984505
5146-CBVOE,High-Value,75.1,Month-to-month,16,No,0.5401753104318514
1989-PRJHP,High-Value,75.5,Month-to-month,27,Yes,0.5400937695453422
5301-GAUUY,High-Value,80.35,Month-to-month,32,Yes,0.5400665110467848
1724-IQWNM,Low-Value,19.3,Month-to-month,1,No,0.539084575107396
4667-OHGKG,Low-Value,19.3,Month-to-month,1,Yes,0.539084575107396
7020-OZKXZ,High-Value,75.5,Month-to-month,9,No,0.5390441575823307
7145-FEJWU,High-Value,105.3,Month-to-month,12,No,0.538954562798714
9283-LZQOH,High-Value,74.4,Month-to-month,13,Yes,0.5378106624827574
1456-TWCGB,Low-Value,49.25,Month-to-month,4,No,0.5376502917332925
0319-QZTCO,Low-Value,58.7,Month-to-month,3,No,0.537262505890214
5373-SFODM,High-Value,85.25,Month-to-month,36,Yes,0.5370050213057798
5167-GBFRE,Low-Value,25.2,Month-to-month,4,Yes,0.5368051946230404
8515-OCTJS,Low-Value,24.75,Two year,25,Yes,0.5363333307698034
9167-APMXZ,High-Value,84.15,Month-to-month,22,No,0.5361473902158407
8388-FYNPZ,Low-Value,56.75,Month-to-month,4,No,0.5358341315356137
4781-ZXYGU,Low-Value,20.15,Month-to-month,1,No,0.5357676375604373
7853-GVUDZ,Low-Value,20.15,Month-to-month,1,Yes,0.5357676375604373
8456-QDAVC,High-Value,78.7,Month-to-month,19,No,0.5353352299147287
2043-WVTQJ,Low-Value,55.7,Month-to-month,1,No,0.5351748385862867
4238-HFHSN,High-Value,82.15,Month-to-month,61,No,0.5350456872964766
4826-TZEVA,High-Value,74.8,Month-to-month,40,No,0.5349613450251055
2181-UAESM,Low-Value,53.45,Month-to-month,2,No,0.5341791599247141
9206-GVPEQ,Low-Value,54.45,Month-to-month,13,Yes,0.5328741786256036
5044-LRQAQ,Low-Value,69.2,Month-to-month,7,No,0.5326133874531996
9767-FFLEM,Low-Value,69.5,Month-to-month,38,No,0.5324596676926303
3426-NIYYL,Low-Value,51.55,Month-to-month,15,Yes,0.5321429253138892
4592-IWTJI,Low-Value,29.7,Month-to-month,3,Yes,0.5320200561123334
5510-BOIUJ,Low-Value,19.25,Month-to-month,1,Yes,0.5311497935313088
2988-GBIVW,High-Value,90.85,Month-to-month,70,No,0.5309641029888134
8981-FJGLA,High-Value,78.0,Month-to-month,11,No,0.5300157771613737
9530-EHPOH,Low-Value,53.75,Month-to-month,11,Yes,0.5295167077673745
8217-QYOHV,Low-Value,55.75,Month-to-month,5,No,0.5291782976951716
5590-YRFJT,Low-Value,24.45,Month-to-month,20,Yes,0.528544323950418
5404-GGUKR,Low-Value,51.35,Month-to-month,5,No,0.528447796246099
3346-BRMIS,Low-Value,48.35,Month-to-month,18,Yes,0.5281543994566925
2810-FTLEM,Low-Value,50.15,Month-to-month,16,Yes,0.5280131926815247
9318-NKNFC,Low-Value,18.85,Month-to-month,1,Yes,0.5277948686435284
8387-MOJJT,High-Value,77.95,Month-to-month,42,Yes,0.5277167521302946
9866-QEVEE,High-Value,86.0,Month-to-month,19,Yes,0.5277071479904337
0311-QYWSS,Low-Value,49.45,Month-to-month,6,No,0.5272464644713188
8205-MQUGY,Low-Value,49.2,Month-to-month,12,No,0.526523765065213
3365-SAIGS,High-Value,83.55,Month-to-month,17,No,0.5265038803477403
9139-WQQDY,High-Value,100.45,One year,49,Yes,0.5263463221285932
7404-JLKQG,Low-Value,57.55,Month-to-month,3,No,0.5259472509844827
2360-RDGRO,High-Value,104.25,Month-to-month,65,No,0.5251036459157813
2081-VEYEH,High-Value,107.95,Month-to-month,3,No,0.5248336641131437
5271-YNWVR,High-Value,113.15,Two year,68,Yes,0.5247349044694033
8976-OQHGT,Low-Value,56.5,Month-to-month,4,Yes,0.5246204587499325
7634-WSWDB,Low-Value,38.5,Month-to-month,8,No,0.5242933070253804
2873-ZLIWT,High-Value,84.85,Month-to-month,40,Yes,0.5229811508786828
3807-XHCJH,Low-Value,20.0,Month-to-month,1,No,0.5225055988312031
4465-VDKIQ,High-Value,77.8,Month-to-month,18,No,0.5224970579754544
9093-FPDLG,High-Value,94.2,Month-to-month,11,No,0.5218559228199586
3113-IWHLC,Low-Value,55.8,Month-to-month,5,No,0.521683283543968
5999-LCXAO,Low-Value,29.9,Month-to-month,1,No,0.5216711011550743
4482-FTFFX,Low-Value,56.15,Month-to-month,5,No,0.521651221053178
9743-DQKQW,Low-Value,25.1,Month-to-month,3,No,0.5205285570212227
8992-CEUEN,Low-Value,18.85,Month-to-month,1,No,0.5204073054727735
0928-JMXNP,Low-Value,29.9,Month-to-month,4,No,0.5203475631399169
2894-QOJRX,Low-Value,34.0,Month-to-month,25,Yes,0.5201183149278005
6629-LADHQ,Low-Value,50.95,Month-to-month,2,No,0.5193800021109467
7562-UXTPG,Low-Value,70.15,Month-to-month,13,No,0.5191759269214026
3420-ZDBMA,High-Value,71.45,Month-to-month,5,No,0.5188551291081364
9103-CXVOK,Low-Value,19.75,Month-to-month,1,No,0.5187875187885276
5453-AXEPF,High-Value,80.5,Month-to-month,17,No,0.5187316282359831
9572-WUKSB,Low-Value,29.9,Month-to-month,3,No,0.5186620736025738
5175-WLYXL,High-Value,78.85,Month-to-month,22,No,0.5184577287451028
7537-RBWEA,Low-Value,25.15,Month-to-month,1,No,0.5184292900127034
9644-UMGQA,Low-Value,49.15,Month-to-month,6,No,0.5182935268373143
8988-ECPJR,High-Value,79.6,Month-to-month,34,Yes,0.5181966333474222
7627-JKIAZ,High-Value,78.95,Month-to-month,37,Yes,0.5176416862318063
0221-WMXNQ,High-Value,75.35,Month-to-month,4,No,0.5171237647302922
6078-VESFR,High-Value,70.45,Month-to-month,13,No,0.5170686068629303
1208-DNHLN,Low-Value,48.35,One year,23,Yes,0.5167902134348623
5950-AAAGJ,High-Value,84.3,Month-to-month,18,No,0.5163600523007421
6729-GDNGC,High-Value,80.7,Month-to-month,20,No,0.5159844921042523
9402-ORRAH,High-Value,91.5,Month-to-month,15,No,0.5159594509486932
3580-REOAC,Low-Value,44.85,Month-to-month,10,Yes,0.5153758818005989
4536-PLEQY,High-Value,85.05,Month-to-month,12,No,0.5153494119925182
6416-YJTTB,High-Value,79.5,Month-to-month,11,No,0.5150969990915832
2178-PMGCJ,Low-Value,69.7,Month-to-month,22,No,0.5146999446102248
3295-YVUSR,High-Value,72.6,Month-to-month,2,No,0.5146783801430863
4471-KXAUH,High-Value,84.3,Month-to-month,42,Yes,0.5145028048508143
6227-HWPWX,Low-Value,69.0,Month-to-month,15,Yes,0.5140723505842764
1582-RAFML,Low-Value,60.1,Month-to-month,1,Yes,0.5140258773632649
0268-QKIWO,Low-Value,19.75,Month-to-month,3,Yes,0.5129701156723594
6946-LMSQS,High-Value,89.05,One year,25,Yes,0.5125698079313056
7551-DACSP,Low-Value,55.3,Month-to-month,6,Yes,0.512506972083453
9057-MSWCO,Low-Value,30.75,Month-to-month,27,Yes,0.5124644575898711
5960-MVTUK,Low-Value,29.75,Month-to-month,3,No,0.5123297488128088
7927-AUXBZ,High-Value,85.15,Month-to-month,30,Yes,0.5120318453556085
2565-JSLRY,Low-Value,24.05,Month-to-month,1,Yes,0.511923827442974
2504-DSHIH,High-Value,86.8,Month-to-month,23,No,0.5116946794337416
2916-BQZLN,High-Value,84.75,Month-to-month,19,No,0.5115207878058533
7401-RUBNK,High-Value,74.8,Month-to-month,18,No,0.5113086548529792
0139-IVFJG,High-Value,90.35,Month-to-month,2,No,0.51099434196587
3446-QDSZF,Low-Value,55.5,Month-to-month,4,No,0.5098437386304809
7243-LCGGZ,Low-Value,20.9,Month-to-month,1,No,0.5085348890005147
3891-PUQOD,Low-Value,59.2,Month-to-month,1,Yes,0.5084289927556807
0207-MDKNV,High-Value,105.1,Month-to-month,15,Yes,0.5080871245464674
1809-DMJHQ,Low-Value,46.0,Month-to-month,5,Yes,0.5076649210923047
5701-YVSVF,High-Value,82.9,Month-to-month,11,No,0.5074028727071619
0682-USIXD,High-Value,86.05,Month-to-month,21,No,0.5073572841767099
3923-CSIHK,High-Value,71.05,Month-to-month,50,Yes,0.5070317334484643
1635-FJFCC,Low-Value,44.05,Month-to-month,5,No,0.5069863744483095
3748-FVMZZ,Low-Value,40.05,Month-to-month,4,No,0.5069192956360489
9375-MHRRS,Low-Value,50.05,Month-to-month,6,No,0.506716714490241
3714-NTNFO,High-Value,84.5,Month-to-month,49,No,0.5066614994284004
8267-KFGYD,Low-Value,21.05,Month-to-month,1,No,0.5064196181046329
0991-BRRFB,Low-Value,49.4,Month-to-month,18,Yes,0.5058593164738867
3594-UVONA,High-Value,85.95,One year,35,Yes,0.5050946662821202
5651-YLPRD,High-Value,86.1,Month-to-month,32,No,0.5047286333130436
0817-HSUSE,High-Value,75.5,Month-to-month,1,No,0.5045376099032555
4854-CIDCF,High-Value,73.85,Month-to-month,3,No,0.5043357831088474
6797-LNAQX,High-Value,98.3,Two year,70,Yes,0.5042844317182216
4081-DYXAV,Low-Value,44.85,One year,19,Yes,0.5041837528450549
6542-LWGXJ,Low-Value,25.0,Month-to-month,3,No,0.5040008575788684
3814-MLAXC,High-Value,79.85,Month-to-month,31,Yes,0.5034869810942258
8679-JOEVF,Low-Value,59.4,Month-to-month,16,Yes,0.5033545619736305
5215-LNLDJ,Low-Value,24.7,Month-to-month,7,No,0.5031514881385011
7000-WCEVQ,Low-Value,61.6,Month-to-month,20,Yes,0.5030392238751155
5356-CSVSQ,Low-Value,64.6,Month-to-month,3,No,0.5029776478968069
1928-BXYIV,Low-Value,61.15,Month-to-month,1,No,0.5024435969891661
1670-SVOWZ,High-Value,89.65,Month-to-month,14,Yes,0.5022216072538874
8647-SDTWQ,High-Value,74.3,Month-to-month,57,No,0.5021628643726642
0618-XWMSS,High-Value,74.9,Month-to-month,28,Yes,0.5019482031312088
7668-XCFYV,High-Value,92.55,Month-to-month,17,No,0.5019342259117636
5996-DAOQL,Low-Value,20.45,Month-to-month,1,No,0.5017370973027286
4634-JLRJT,Low-Value,20.35,Month-to-month,1,No,0.5017370973027286
2592-YKDIF,Low-Value,20.35,Month-to-month,1,No,0.5017370973027286
3590-TCXTB,Low-Value,20.35,Month-to-month,1,No,0.5017370973027286
6579-JPICP,Low-Value,20.4,Month-to-month,1,No,0.5017370973027286
8262-COGGB,Low-Value,20.45,Month-to-month,1,No,0.5017370973027286
3727-JEZTU,Low-Value,20.4,Month-to-month,1,No,0.5017370973027286
1963-VAUKV,Low-Value,20.4,Month-to-month,1,Yes,0.5017370973027286
0673-IGUQO,Low-Value,20.45,Month-to-month,1,No,0.5017370973027286
2668-TZSPS,Low-Value,20.45,Month-to-month,1,No,0.5017370973027286
3512-IZIKN,Low-Value,65.3,Two year,70,Yes,0.5011335535970661
5543-QDCRY,Low-Value,56.4,Month-to-month,4,No,0.5002701081869728
4256-ZWTZI,Low-Value,51.0,Month-to-month,5,No,0.4999812502762618
2049-BAFNW,Low-Value,35.9,Month-to-month,1,No,0.4994972624203319
9885-AIBVB,High-Value,85.8,Month-to-month,29,No,0.4993495120646263
3088-LHEFH,High-Value,79.0,Month-to-month,11,No,0.4991873632852635
8404-GFGCZ,Low-Value,65.6,Month-to-month,4,No,0.4991595844727515
3500-RMZLT,High-Value,96.3,Month-to-month,15,Yes,0.49860458179901485
3969-JQABI,Low-Value,65.25,Month-to-month,58,No,0.49848085019143257
2207-OBZNX,Low-Value,51.0,Month-to-month,7,Yes,0.4984241588083648
1373-ORVIZ,Low-Value,66.35,Month-to-month,11,Yes,0.4976339946163073
8245-UMPYT,High-Value,96.4,Month-to-month,16,Yes,0.4966637114734672
3489-HHPFY,High-Value,84.05,Month-to-month,2,No,0.4965215152711218
0749-IRGQE,Low-Value,45.3,Month-to-month,13,No,0.49641923959664874
3956-CJUST,High-Value,75.4,Month-to-month,23,No,0.49613758526894275
2957-LOLHO,Low-Value,45.4,Month-to-month,12,Yes,0.49593003202051283
3050-GBUSH,Low-Value,34.8,Month-to-month,3,No,0.49579327551264085
2122-YWVYA,High-Value,75.4,Month-to-month,18,No,0.4955554352562986
2770-NSVDG,Low-Value,29.1,Month-to-month,24,No,0.495033690454712
8229-MYEJZ,Low-Value,51.2,Month-to-month,10,No,0.4949763022596638
6637-KYRCV,Low-Value,30.5,Month-to-month,5,No,0.4946329342996617
2674-MLXMN,High-Value,99.65,Month-to-month,71,No,0.4945218602203375
7410-OIEDU,High-Value,79.85,Month-to-month,10,No,0.49414592643229566
6497-TILVL,Low-Value,50.7,Month-to-month,7,No,0.4939225425483463
6844-DZKRF,Low-Value,50.2,Month-to-month,2,No,0.49383185552888426
1121-QSIVB,High-Value,77.55,One year,44,No,0.4934419541050421
9048-JVYVF,Low-Value,69.35,Month-to-month,3,Yes,0.49316240356093993
9348-YVOMK,Low-Value,44.8,Month-to-month,4,No,0.49272294030055497
0585-EGDDA,High-Value,80.0,Month-to-month,40,No,0.4927197805300175
1625-JAIIY,High-Value,83.0,One year,68,Yes,0.49270951290628945
0314-TKOSI,Low-Value,55.15,Month-to-month,6,No,0.4925935824780392
6135-OZQVA,Low-Value,53.65,Month-to-month,7,No,0.49253029416361493
8875-AKBYH,High-Value,84.35,Month-to-month,20,No,0.4913222734553226
9063-ZGTUY,Low-Value,19.4,Month-to-month,61,Yes,0.4911286703563173
6022-KOUQO,Low-Value,29.05,Month-to-month,2,No,0.4907926120477908
6211-WWLTF,High-Value,99.7,Two year,63,No,0.4905839562100611
1580-BMCMR,High-Value,87.3,Month-to-month,19,No,0.490235556199208
1395-OFUWC,Low-Value,29.3,Month-to-month,43,No,0.49017492038367955
8182-PNAGI,Low-Value,50.25,Month-to-month,12,Yes,0.4901378264470836
0870-VEMYL,Low-Value,53.85,Month-to-month,5,Yes,0.48870665474559766
5688-KZTSN,Low-Value,20.0,Month-to-month,15,Yes,0.4883947186876987
2305-MRGLV,High-Value,76.55,Month-to-month,28,No,0.48815170756490767
5876-HZVZM,Low-Value,55.9,Month-to-month,6,Yes,0.48748334473121063
0420-BWTPW,Low-Value,25.5,Month-to-month,8,Yes,0.48710009818523936
5226-NOZFC,High-Value,85.75,Month-to-month,26,No,0.48597884432483085
1442-BQPVU,Low-Value,29.15,Month-to-month,13,No,0.48590602791552945
6682-QJDGB,Low-Value,55.25,Month-to-month,40,Yes,0.48543604134817037
9441-QHEVC,Low-Value,19.1,Month-to-month,1,No,0.48529177007142715
6121-VZNQB,Low-Value,19.1,Month-to-month,1,Yes,0.48529177007142715
6569-KTMDU,Low-Value,19.1,Month-to-month,1,No,0.48529177007142715
6439-GTPCA,High-Value,87.25,Month-to-month,45,Yes,0.4844653903016396
1379-FRVEB,High-Value,91.0,Month-to-month,15,No,0.48427316354330885
1047-NNCBF,High-Value,70.55,Month-to-month,20,No,0.4828547038521424
5935-FCCNB,High-Value,94.2,Month-to-month,17,No,0.4825270893725808
1101-SSWAG,Low-Value,51.1,Month-to-month,15,No,0.48213558231876524
3196-NVXLZ,High-Value,84.6,Month-to-month,25,No,0.48206645940469345
3404-JNXAX,High-Value,80.75,Month-to-month,51,No,0.4816523118687595
7129-CAKJW,High-Value,80.05,Month-to-month,17,No,0.48138662539267946
5600-PDUJF,Low-Value,49.5,Month-to-month,6,No,0.48136370527718947
5828-DWPIL,High-Value,89.1,Month-to-month,62,No,0.4811836188053977
1575-KRZZE,Low-Value,55.2,Month-to-month,4,No,0.48054144523417547
7521-AFHAB,Low-Value,44.8,Month-to-month,5,No,0.47794281952040435
1009-IRMNA,Low-Value,20.0,Month-to-month,7,Yes,0.47791781529705646
7009-LGECI,Low-Value,50.55,Month-to-month,4,No,0.4771911963868289
5542-DHSXL,Low-Value,54.7,Month-to-month,4,No,0.47678680432280224
8543-MSDMF,High-Value,77.4,Month-to-month,3,No,0.47672839861107813
6339-DKLMK,Low-Value,31.65,Month-to-month,13,No,0.4766531827869197
4138-NAXED,High-Value,81.0,Month-to-month,51,No,0.4761772772103864
0156-FVPTA,Low-Value,54.2,Month-to-month,22,Yes,0.47573177316650644
0708-SJDIS,Low-Value,65.0,Month-to-month,34,No,0.4756651834114075
3237-AJGEH,Low-Value,31.0,Month-to-month,3,Yes,0.47525669808915205
3452-GWUIN,High-Value,94.95,Month-to-month,19,No,0.4745634230447719
3509-GWQGF,Low-Value,70.0,Month-to-month,24,No,0.4745574997775146
2720-FVBQP,Low-Value,48.95,Month-to-month,6,No,0.47330606301229566
1907-YLNYW,Low-Value,66.7,Month-to-month,8,No,0.47263306632082736
0228-MAUWC,Low-Value,59.55,Month-to-month,19,No,0.4723862871479678
8455-HIRAQ,Low-Value,44.45,Month-to-month,8,No,0.4718894625168447
0680-DFNNY,High-Value,101.1,Month-to-month,15,Yes,0.4718247994877555
8580-QVLOC,High-Value,92.45,Two year,72,Yes,0.4714971461896409
5482-NUPNA,Low-Value,60.4,Month-to-month,4,Yes,0.4714344814559797
8344-WFMFH,Low-Value,50.1,Month-to-month,9,No,0.47097044248551484
7611-YKYTC,High-Value,75.0,Month-to-month,22,No,0.4701960190447762
9820-RMCQV,Low-Value,48.55,Month-to-month,11,Yes,0.4694520142004977
5934-TSSAU,High-Value,75.3,Month-to-month,23,No,0.46844242075498094
3164-AALRN,Low-Value,70.0,One year,5,Yes,0.46830539619815825
1596-OQSPS,Low-Value,51.1,Month-to-month,11,No,0.46748033111456416
2542-HYGIQ,Low-Value,19.95,Month-to-month,1,No,0.46691778839765985
7601-WFVZV,Low-Value,19.55,Month-to-month,1,No,0.46675127748096296
3014-WJKSM,High-Value,75.3,Month-to-month,29,No,0.4657341475642926
5533-NHFRF,Low-Value,44.4,Month-to-month,7,No,0.4657260280577769
4647-XXZAM,Low-Value,45.5,Month-to-month,6,No,0.46502591602525184
6351-SCJKT,Low-Value,41.35,Month-to-month,3,No,0.46434558063718084
7426-WEIJX,High-Value,80.95,Month-to-month,60,No,0.46396442394666143
8887-IPQNC,Low-Value,44.25,Month-to-month,7,No,0.46352788308664844
9975-SKRNR,Low-Value,18.9,Month-to-month,1,No,0.4635269353965806
3090-LETTY,Low-Value,60.95,Month-to-month,2,No,0.4622339059635332
3030-YZADT,Low-Value,44.95,Month-to-month,9,Yes,0.4619283588576139
2669-QVCRG,High-Value,81.3,Month-to-month,41,No,0.4617332351789939
6350-XFYGW,High-Value,94.75,Month-to-month,4,No,0.46149339029663183
5419-JKZNQ,High-Value,77.9,Month-to-month,30,No,0.4607841271376922
8160-HOWOX,Low-Value,66.85,Month-to-month,7,No,0.4605952500321986
5915-DGNVC,High-Value,71.8,One year,49,No,0.4604548077935253
9327-QSDED,Low-Value,43.55,Month-to-month,8,No,0.46040383232187077
3589-PPVKW,Low-Value,44.4,Month-to-month,9,No,0.4603619819546274
1319-YLZJG,High-Value,84.6,Month-to-month,12,No,0.46012801386360375
1025-FALIX,Low-Value,69.05,Month-to-month,26,No,0.4592292815989793
8108-UXRQN,Low-Value,50.55,Month-to-month,11,No,0.45900876352420183
9208-OLGAQ,High-Value,84.95,Month-to-month,18,No,0.45894881677287097
2452-SNHFZ,High-Value,75.45,Month-to-month,47,No,0.4589425375036091
0811-GSDTP,Low-Value,30.15,Month-to-month,13,No,0.4588986455961642
9812-GHVRI,High-Value,83.85,Month-to-month,40,No,0.45870254335681154
5202-IVJNU,Low-Value,30.1,Month-to-month,39,Yes,0.45840674826930966
6259-WJQLC,High-Value,81.1,Month-to-month,32,No,0.4582592065567938
1307-TVUFB,High-Value,79.35,Month-to-month,42,No,0.4576663369677306
9500-LTVBP,High-Value,80.05,Month-to-month,35,No,0.45759263252613086
3096-GKWEB,High-Value,94.75,Month-to-month,18,No,0.4572917973403654
9163-GHAYE,Low-Value,48.85,Month-to-month,15,No,0.4572588199471014
5522-NYKPB,High-Value,85.9,Month-to-month,25,No,0.4565237908124107
5599-HVLTW,High-Value,80.35,Month-to-month,14,No,0.45651416880788775
3055-OYMSE,High-Value,73.8,Month-to-month,53,No,0.456219850125502
7072-MBHEV,High-Value,78.1,Month-to-month,11,No,0.4560162465912049
3082-VQXNH,Low-Value,29.8,Month-to-month,3,No,0.4556401663370927
3566-VVORZ,Low-Value,45.9,Month-to-month,12,No,0.45501866753119047
5183-SNMJQ,High-Value,95.1,Month-to-month,10,No,0.4549112313321402
4580-TMHJU,Low-Value,56.15,Month-to-month,43,Yes,0.45449447337806154
0836-SEYLU,Low-Value,40.65,Month-to-month,9,Yes,0.4540708566339825
0430-IHCDJ,Low-Value,49.0,Month-to-month,15,No,0.45364037649092254
6143-JQKEA,Low-Value,45.8,Month-to-month,10,No,0.4534134886828062
7318-EIVKO,Low-Value,59.25,Month-to-month,8,No,0.4512979782469156
0869-PAPRP,High-Value,85.7,Month-to-month,26,No,0.4510556755296431
2190-BCXEC,High-Value,78.85,Month-to-month,40,No,0.4508555549232022
7742-MYPGI,Low-Value,48.8,Month-to-month,6,No,0.4506579556071671
1937-OTUKY,High-Value,98.2,Two year,72,No,0.45064553779990435
8498-XXGWA,Low-Value,55.15,Month-to-month,65,No,0.4500248679002751
5449-FIBXJ,High-Value,103.3,Month-to-month,19,Yes,0.44928742195296967
6625-UTXEW,Low-Value,51.25,Month-to-month,12,No,0.44912324917298885
4608-LCIMN,Low-Value,44.65,Month-to-month,8,No,0.4486261611957649
5839-SUYVZ,High-Value,74.55,Month-to-month,16,No,0.44850517323835254
5076-YVXCM,High-Value,83.4,Month-to-month,51,No,0.44819797697353636
6789-HJBWG,Low-Value,49.4,Month-to-month,12,No,0.4481503651927847
7880-XSOJX,Low-Value,42.4,Month-to-month,4,No,0.4471735008307589
1591-NFNLQ,High-Value,80.0,Month-to-month,51,Yes,0.4462814925522225
9142-KZXOP,Low-Value,68.85,Month-to-month,44,No,0.446076599658178
8648-PFRMP,Low-Value,46.35,Month-to-month,14,No,0.44591253981587925
7302-ZHMHP,Low-Value,19.15,Month-to-month,1,No,0.44520180646105173
4801-JZAZL,Low-Value,29.6,Month-to-month,11,No,0.44514807535616824
5156-UMKOW,Low-Value,29.65,Month-to-month,3,No,0.4444745077696505
6214-EDAKZ,Low-Value,55.15,Month-to-month,22,Yes,0.44432252890238044
1848-LBZHY,Low-Value,50.3,Month-to-month,7,No,0.44420827966463866
1845-CSBRZ,High-Value,85.35,Month-to-month,22,No,0.4432958707090531
3144-KMTWZ,High-Value,93.25,Month-to-month,71,No,0.4426215641799692
8676-OOQEJ,Low-Value,30.5,Month-to-month,4,No,0.44248708803441544
4452-QIIEB,Low-Value,43.9,Month-to-month,7,No,0.44200714151965514
2045-BMBTJ,Low-Value,59.45,Month-to-month,33,No,0.44187594495295157
4324-AHJKS,Low-Value,55.8,Month-to-month,5,No,0.4418194369309337
0376-YMCJC,High-Value,90.6,Month-to-month,23,Yes,0.4417058600048
4130-MZLCC,Low-Value,50.55,Month-to-month,5,No,0.44164983348759973
3863-IUBJR,Low-Value,53.65,One year,12,Yes,0.44142971129603154
6986-IXNDM,High-Value,92.9,Month-to-month,14,No,0.4411430730173752
7603-USHJS,High-Value,73.75,Month-to-month,12,Yes,0.43965399619304457
2676-OXPPQ,Low-Value,55.7,Month-to-month,6,No,0.43860079602870417
8784-CGILN,High-Value,99.85,Month-to-month,18,Yes,0.4382649435279102
3308-MHOOC,Low-Value,19.2,Month-to-month,1,No,0.4378553385874273
0423-UDIJQ,Low-Value,49.2,Month-to-month,9,No,0.4373548441948244
2240-HSJQD,High-Value,81.85,Month-to-month,38,No,0.4372074072040699
3522-CDKHF,High-Value,75.5,Month-to-month,32,No,0.4370919243331597
4680-KUTAJ,Low-Value,55.6,Month-to-month,11,No,0.4370441400567644
8566-YPRGL,Low-Value,19.5,Month-to-month,1,No,0.4370178057396141
8242-JSVBO,Low-Value,44.65,Month-to-month,7,No,0.436682365865029
0541-FITGH,Low-Value,62.15,Month-to-month,2,No,0.4365698306088047
0187-WZNAB,High-Value,74.4,Month-to-month,27,No,0.4363401132495464
6360-SVNWV,High-Value,73.55,Month-to-month,31,No,0.43598030494624856
8158-WPEZG,Low-Value,35.65,Month-to-month,11,No,0.4357563215311805
5349-AZPEW,Low-Value,25.05,Month-to-month,5,No,0.4356374924424742
9732-KPKBW,Low-Value,53.95,Month-to-month,1,Yes,0.434849305650986
0778-NELLA,Low-Value,34.7,Month-to-month,9,Yes,0.43453554243944853
2955-PSXOE,Low-Value,20.2,Month-to-month,1,Yes,0.43419495968407473
7310-EGVHZ,Low-Value,20.2,Month-to-month,1,No,0.43419495968407473
1493-AMTIE,Low-Value,20.2,Month-to-month,1,Yes,0.43419495968407473
2100-BDNSN,Low-Value,67.95,Month-to-month,5,Yes,0.434021145573267
4718-DHSMV,Low-Value,35.8,Month-to-month,11,No,0.43393541641950784
3351-NGXYI,Low-Value,54.1,Month-to-month,16,No,0.4335414931290251
9863-JZAIC,Low-Value,55.0,Month-to-month,35,Yes,0.4334084633720537
5568-DMXZS,Low-Value,65.45,Month-to-month,8,No,0.4323404116900079
4860-IJUDE,High-Value,73.75,Month-to-month,13,No,0.4316689159150634
6218-KNUBD,Low-Value,59.45,Month-to-month,6,No,0.4312993975674159
4298-OYIFC,High-Value,103.45,Month-to-month,15,No,0.43071291705059245
8097-VBQTZ,Low-Value,69.9,Month-to-month,54,No,0.42978743902195127
7576-ASEJU,High-Value,74.7,One year,41,No,0.42973195231830624
1699-HPSBG,Low-Value,59.8,One year,12,Yes,0.4286840306118105
7083-YNSKY,Low-Value,25.4,Month-to-month,15,Yes,0.4285169040259478
6483-OATDN,Low-Value,51.3,Month-to-month,8,No,0.42845014399295445
0568-ONFPC,Low-Value,25.9,Month-to-month,5,Yes,0.42837720691875253
9753-OYLBX,Low-Value,20.5,Month-to-month,1,No,0.4271485864323965
7253-UVNDW,Low-Value,54.35,Two year,46,Yes,0.42712598351022074
0278-YXOOG,Low-Value,21.05,Month-to-month,5,Yes,0.42621505998508974
6599-SFQVE,Low-Value,55.0,Month-to-month,6,No,0.42590410166733683
2309-OSFEU,Low-Value,33.9,Month-to-month,10,Yes,0.42514570280295166
9415-TPKRV,Low-Value,55.75,Month-to-month,8,No,0.4247722166468065
6260-ONULR,Low-Value,62.8,Month-to-month,1,No,0.4245799600798394
9332-GYWLO,Low-Value,54.85,Month-to-month,6,No,0.42429939139526973
7916-VCCPB,High-Value,73.25,Month-to-month,16,No,0.4240366108087273
8725-JEDFD,Low-Value,69.05,Month-to-month,27,No,0.4238235889124104
3533-UVMOM,High-Value,70.95,Two year,68,No,0.4236610708294755
5945-AZYHT,High-Value,109.6,One year,71,No,0.4235407762686614
7716-YTYHG,High-Value,82.05,One year,48,Yes,0.42326277085950104
1208-NBVFH,Low-Value,49.6,Month-to-month,20,No,0.42288257987963435
7554-AKDQF,Low-Value,45.65,Month-to-month,6,No,0.42223531810050957
4640-UHDOS,Low-Value,55.95,Month-to-month,13,Yes,0.4218777427121588
8095-WANWK,Low-Value,45.25,Month-to-month,10,No,0.42091686856901
1089-HDMKP,Low-Value,54.55,Month-to-month,11,No,0.42084459559236675
2223-KAGMX,Low-Value,19.4,Month-to-month,15,Yes,0.4206727655205579
1346-UFHAX,High-Value,80.0,Month-to-month,13,No,0.4202854751658698
5122-CYFXA,High-Value,75.3,Month-to-month,3,No,0.41985923820418697
1685-VAYJF,Low-Value,45.2,Month-to-month,11,No,0.4197850026625872
2480-JZOSN,Low-Value,20.65,Month-to-month,1,No,0.41933338585480867
7013-PSXHK,High-Value,80.75,One year,40,No,0.4173333077690236
2460-NGXBJ,High-Value,75.2,Month-to-month,11,No,0.4170925114556942
7508-SMHXL,High-Value,89.0,Month-to-month,15,No,0.41646837281346455
1320-GVNHT,High-Value,108.4,Two year,72,No,0.4162468077200604
2853-CWQFQ,Low-Value,59.55,Month-to-month,1,No,0.4150553459995055
1449-XQEMT,Low-Value,19.8,Month-to-month,3,Yes,0.4147744543003252
8393-JMVMB,Low-Value,19.45,Month-to-month,1,No,0.414237734118552
4390-KYULV,Low-Value,20.55,Month-to-month,3,Yes,0.4141979540536947
1849-RJYIG,Low-Value,60.0,Month-to-month,8,No,0.4141691888228181
8329-GWVPJ,Low-Value,69.75,Month-to-month,50,No,0.41415725655681535
4226-KKDON,Low-Value,66.65,Month-to-month,8,No,0.4136489513191988
1302-UHBDD,High-Value,89.95,Month-to-month,20,No,0.41363878426087725
4195-SMMNX,Low-Value,20.35,Month-to-month,2,Yes,0.4133690672313495
0668-OGMHD,Low-Value,28.5,Month-to-month,21,No,0.41242079322472064
3604-WLABM,Low-Value,54.25,Month-to-month,10,No,0.4121250774881923
0999-QXNSA,Low-Value,45.75,Month-to-month,7,No,0.4120234084155088
3537-HPKQT,High-Value,77.75,Month-to-month,55,No,0.4118004578249973
0178-SZBHO,High-Value,87.2,Month-to-month,47,No,0.4113968893169542
3258-SANFR,Low-Value,44.7,Month-to-month,6,No,0.41042745162967165
1577-HKTFG,Low-Value,19.65,Month-to-month,30,Yes,0.4101259122169534
5405-ZMYXQ,High-Value,74.6,Month-to-month,8,No,0.41007444512023505
9873-MNDKV,Low-Value,44.65,Month-to-month,11,No,0.4097686284638092
5243-SAOTC,High-Value,79.85,Month-to-month,54,No,0.40954992747180957
8096-LOIST,Low-Value,56.2,Month-to-month,19,No,0.4080634206985269
6849-OYAMU,High-Value,100.0,One year,19,Yes,0.4069707293698657
1015-OWJKI,Low-Value,19.05,Month-to-month,1,No,0.40695519306782296
7550-WIQVA,High-Value,108.25,One year,50,No,0.40671151003580375
7622-NXQZR,Low-Value,30.1,Month-to-month,28,No,0.4066552958045658
7351-KYHQH,Low-Value,64.95,Month-to-month,7,No,0.40635461857966
0277-BKSQP,Low-Value,54.4,Month-to-month,8,No,0.40623807234783016
1215-VFYVK,Low-Value,48.25,Month-to-month,4,No,0.4060646612577652
2709-UQGNP,Low-Value,51.65,Month-to-month,10,No,0.40530144252290357
7054-ENNGU,Low-Value,50.85,Month-to-month,9,No,0.4040178394252881
4468-KAZHE,Low-Value,60.0,Month-to-month,20,No,0.40387784440868274
8773-HHUOZ,Low-Value,64.7,Month-to-month,17,Yes,0.4027568862261282
7617-EYGLW,Low-Value,19.45,Month-to-month,1,No,0.40259675554693347
5402-HTOTQ,Low-Value,55.3,Month-to-month,16,No,0.40250803877088065
7853-OETYL,Low-Value,29.05,Month-to-month,4,No,0.402263316452848
6620-HVDUJ,Low-Value,60.45,Month-to-month,24,No,0.4019035684569463
2700-LUEVA,Low-Value,20.75,Month-to-month,1,No,0.4016809156873966
8930-XOTDP,Low-Value,55.95,Month-to-month,18,No,0.401310399143984
3948-FVVRP,Low-Value,54.8,Month-to-month,9,No,0.4011212259330417
2634-HCZGT,Low-Value,60.05,One year,53,Yes,0.40107279577021465
9290-SHCMB,High-Value,96.85,Month-to-month,13,No,0.4009628432482468
1600-DILPE,Low-Value,45.0,Month-to-month,12,No,0.400842279504354
7629-WIXZF,Low-Value,59.1,One year,7,No,0.4007536424303522
1360-RCYRT,Low-Value,30.35,Month-to-month,23,No,0.39985520851471784
5172-MIGPM,Low-Value,65.55,Month-to-month,4,No,0.39907406766034836
9496-IVVRP,Low-Value,51.0,Month-to-month,11,No,0.3990508509232089
1541-ETJZO,Low-Value,62.05,Month-to-month,1,Yes,0.39903935376127336
4824-GUCBY,High-Value,81.7,Month-to-month,22,No,0.3985988690455087
1423-BMPBQ,Low-Value,19.0,Month-to-month,1,No,0.39848491781969037
1310-QRITU,Low-Value,50.3,Month-to-month,18,No,0.3984441259082163
6728-WYQBC,Low-Value,20.95,Month-to-month,1,No,0.39819376907399223
0975-VOOVL,Low-Value,29.2,Month-to-month,3,No,0.3978089061775728
5630-AHZIL,Low-Value,64.5,Month-to-month,3,No,0.39775056683297494
2203-GHNWN,High-Value,79.65,Month-to-month,24,No,0.39733908701348264
0952-KMEEH,High-Value,98.15,Month-to-month,13,Yes,0.39705734492885114
5018-GWURO,High-Value,85.6,Month-to-month,56,No,0.39644066295563496
2692-PFYTJ,Low-Value,25.75,Month-to-month,1,No,0.39512715035418083
5616-PRTNT,Low-Value,19.4,Month-to-month,20,Yes,0.39500488838009984
8623-ULFNQ,Low-Value,66.05,Month-to-month,26,No,0.39461625630589175
1996-DBMUS,High-Value,70.65,Month-to-month,48,No,0.3940289759159542
5937-EORGB,High-Value,96.5,Month-to-month,15,No,0.3938952182901279
2931-VUVJN,High-Value,94.05,One year,59,No,0.3936901962149579
8910-LEDAG,High-Value,71.55,Month-to-month,34,No,0.39322249405949283
0285-INHLN,Low-Value,54.75,Month-to-month,27,No,0.3931908059845679
2080-SRCDE,Low-Value,25.4,Month-to-month,1,No,0.39307628336559447
0799-DDIHE,Low-Value,46.3,Month-to-month,15,No,0.3927108837003796
4323-SADQS,Low-Value,34.5,Month-to-month,7,Yes,0.39256057874268374
1120-BMWUB,Low-Value,53.9,Month-to-month,16,Yes,0.39245306809285585
3234-VKACU,Low-Value,70.3,Month-to-month,2,No,0.39213887034625927
2604-XVDAM,Low-Value,43.8,Month-to-month,12,No,0.392125001133148
6215-NQCPY,High-Value,99.7,Month-to-month,15,No,0.39190578465370324
3845-JHAMY,Low-Value,35.5,Month-to-month,16,No,0.39138668991185577
7776-QWNFX,Low-Value,50.4,Month-to-month,30,Yes,0.3913607529244281
3043-TYBNO,Low-Value,60.65,Month-to-month,3,No,0.3912174687055592
8967-SZQAS,Low-Value,50.45,Month-to-month,14,No,0.3910103181137407
6180-YBIQI,Low-Value,24.3,Month-to-month,5,No,0.390605694625181
6821-BUXUX,High-Value,96.65,Month-to-month,13,Yes,0.3904536702389461
7619-ODSGN,Low-Value,54.75,Month-to-month,24,Yes,0.3903662139850902
2654-VBVPB,Low-Value,19.9,Month-to-month,1,No,0.3902831183671692
2782-LFZVW,Low-Value,58.95,Month-to-month,11,No,0.39026964037501394
9029-FEGVJ,High-Value,79.3,Month-to-month,32,No,0.39000840614450105
4821-SJHJV,High-Value,89.6,Month-to-month,32,No,0.3888082503718022
9701-CDXHR,Low-Value,69.15,Month-to-month,51,No,0.3887689357955022
9170-CCKOU,High-Value,90.2,Month-to-month,17,Yes,0.3886148403803524
9210-IAHGH,High-Value,70.75,Month-to-month,7,Yes,0.38781595579980704
6861-OKBCE,Low-Value,20.1,Month-to-month,11,Yes,0.3873483533831028
0929-PECLO,High-Value,89.6,Month-to-month,63,No,0.3871050673316344
5382-SOYZL,High-Value,95.1,Month-to-month,22,No,0.3867581609199741
3272-VUHPV,Low-Value,56.3,Month-to-month,8,No,0.3862849211222866
1803-BGNBD,Low-Value,54.3,Month-to-month,12,No,0.3862296804302504
6652-YFFJO,Low-Value,64.9,Month-to-month,11,No,0.3861966591277007
5995-OIGLP,Low-Value,56.65,Month-to-month,12,Yes,0.3859088839303926
5371-VYLSX,High-Value,83.4,Month-to-month,50,No,0.38563810148853067
5133-VRSAB,Low-Value,29.35,Month-to-month,8,No,0.3846785177265499
1335-NTIUC,Low-Value,24.95,Month-to-month,9,No,0.38437559778473196
8023-QHAIO,High-Value,76.85,Month-to-month,56,No,0.384342466318084
7421-ZLUPA,Low-Value,29.25,Month-to-month,8,No,0.3841187161633614
3689-MOZGR,Low-Value,31.2,Month-to-month,29,No,0.3832922858121738
2111-DWYHN,Low-Value,21.1,Month-to-month,1,No,0.38308532439736287
3523-QRQLL,Low-Value,69.5,One year,22,Yes,0.3828378863599475
2826-UWHIS,High-Value,81.4,Month-to-month,45,No,0.3825138895202176
6839-ITVZJ,Low-Value,60.05,Month-to-month,26,Yes,0.3815788127963675
5056-FIMPT,High-Value,106.0,One year,43,No,0.3815601160096386
3583-KRKMD,High-Value,75.9,Month-to-month,18,No,0.38115625706386963
6968-GMKPR,High-Value,81.55,Month-to-month,55,No,0.3809998809928699
8992-VONJD,Low-Value,56.0,Month-to-month,13,No,0.3805396690653705
0691-NIKRI,High-Value,105.95,One year,40,No,0.38041811026711536
7356-IWLFW,High-Value,80.0,Month-to-month,46,No,0.3803365027974532
8735-IJJEG,Low-Value,50.2,Month-to-month,14,No,0.3802606672396117
9097-ZUBYC,Low-Value,48.8,Month-to-month,14,No,0.3802606672396117
6713-OKOMC,Low-Value,29.75,Month-to-month,10,No,0.38015838438377875
4522-AKYLR,Low-Value,54.8,Month-to-month,13,No,0.3781237744377662
0621-HJWXJ,High-Value,81.55,Month-to-month,63,No,0.3780532357419349
8313-KTIHG,Low-Value,61.3,Month-to-month,4,No,0.3778925638091991
0356-ERHVT,Low-Value,45.9,Month-to-month,11,No,0.37764269698709546
2070-XYMFH,High-Value,79.35,Month-to-month,23,No,0.3772906692093986
8903-WMRNW,High-Value,101.75,Month-to-month,15,No,0.37724527095615207
3096-JRDSO,High-Value,104.3,Month-to-month,27,Yes,0.3767687688278635
2373-NTKOD,Low-Value,66.25,Month-to-month,8,No,0.37568746675712206
5666-CYCYZ,High-Value,89.55,Month-to-month,24,No,0.37565009285687706
1629-DQQVB,Low-Value,50.1,Month-to-month,14,No,0.3755572586472692
5651-CPDND,Low-Value,46.0,Month-to-month,10,No,0.3755351339363884
2507-QZPQS,High-Value,95.7,Month-to-month,15,No,0.3755068822723139
5201-FRKKS,High-Value,74.3,Month-to-month,25,No,0.37538280123049356
4905-JEFDW,Low-Value,41.6,One year,11,Yes,0.3750793162093281
5949-EBSQK,Low-Value,61.45,Month-to-month,4,Yes,0.37502108340309215
2586-CWXVV,Low-Value,30.4,Month-to-month,54,No,0.37450644094914387
5697-GOMBF,Low-Value,35.9,Month-to-month,28,No,0.37417204195266535
2025-JKFWI,High-Value,99.0,Month-to-month,13,Yes,0.3740494200163969
7853-WNZSY,Low-Value,19.75,Month-to-month,1,No,0.37393281577961096
0804-XBFBV,Low-Value,25.2,Month-to-month,11,No,0.37337698027909483
8705-DWKTI,High-Value,83.8,Month-to-month,52,No,0.3729308131199682
7845-URHJN,Low-Value,20.15,Month-to-month,8,Yes,0.3728877377008022
8224-DWCKX,High-Value,73.3,Month-to-month,12,No,0.3728455920246514
3733-ZEECP,Low-Value,51.1,Month-to-month,22,No,0.3726658476198196
0531-ZZJWQ,High-Value,74.0,Month-to-month,55,No,0.3726601913052393
0883-EIBTI,Low-Value,19.5,Month-to-month,2,Yes,0.3725647084565677
1791-PQHBB,Low-Value,61.2,Month-to-month,2,No,0.37233015244523626
6770-XUAGN,Low-Value,21.0,Month-to-month,1,Yes,0.37187673720804804
7315-WYOAW,High-Value,100.75,Month-to-month,13,No,0.37166710587761564
5433-KYGHE,High-Value,86.0,Month-to-month,14,No,0.37149018260245037
5188-HGMLP,High-Value,74.0,Month-to-month,54,No,0.3709835986776804
7893-IXHRQ,Low-Value,20.55,Month-to-month,1,Yes,0.3709112976435819
9629-NHXFW,Low-Value,19.4,Month-to-month,1,No,0.3696449526918858
7669-LCRSD,Low-Value,56.3,Month-to-month,12,No,0.36921590837478513
1658-XUHBX,High-Value,88.75,Month-to-month,59,No,0.3691878334196845
5882-CMAZQ,Low-Value,34.25,Month-to-month,5,No,0.36876324394361787
5088-QZLRL,Low-Value,20.65,Month-to-month,1,No,0.36792425185279776
7016-BPGEU,Low-Value,25.1,Month-to-month,29,Yes,0.36769507100295734
0909-SDHNU,Low-Value,29.8,Month-to-month,7,No,0.3670785090393182
3644-QXEHN,High-Value,97.0,Month-to-month,13,No,0.367064468351282
7460-ITWWP,High-Value,86.1,Month-to-month,45,No,0.3664206092830436
3345-PBBFH,Low-Value,49.55,Month-to-month,8,No,0.36614240815091714
1383-EZRWL,Low-Value,20.05,Month-to-month,7,Yes,0.36593771496220795
9626-WEQRM,Low-Value,29.15,Month-to-month,4,No,0.3655744520783245
7693-QPEFS,High-Value,72.95,Month-to-month,52,No,0.36496746456590445
6834-NXDCA,Low-Value,23.9,Month-to-month,13,Yes,0.3647633635531378
4925-LMHOK,Low-Value,58.6,Month-to-month,15,Yes,0.36448605462511724
5639-NTUPK,Low-Value,52.1,Month-to-month,13,No,0.36441990275682634
9919-KNPOO,High-Value,94.3,Month-to-month,21,No,0.3637236981567085
2667-WYLWJ,Low-Value,19.75,One year,8,Yes,0.3633988214841227
7993-NQLJE,High-Value,75.1,Month-to-month,15,No,0.36316105919260466
5144-TVGLP,High-Value,94.75,Month-to-month,38,No,0.36314858515114445
8713-IGZSO,Low-Value,24.85,Month-to-month,2,No,0.36292806874732714
7641-TQFHN,High-Value,100.55,Two year,39,No,0.3627170167754463
7814-LEEVE,Low-Value,20.3,Month-to-month,1,No,0.3625867142458256
5577-OTWWW,Low-Value,19.75,Month-to-month,15,Yes,0.3614880021866471
2364-UFROM,High-Value,70.4,One year,30,No,0.36110060931429644
3694-DELSO,Low-Value,38.55,Month-to-month,4,No,0.3604509939007088
4316-XCSLJ,Low-Value,50.3,Month-to-month,17,No,0.35972013544744236
0856-NAOES,Low-Value,60.9,Month-to-month,6,No,0.3596115085570185
3629-ZNKXA,High-Value,101.8,Month-to-month,17,No,0.3594709261669767
5887-IKKYO,High-Value,94.35,Two year,58,No,0.35913848864995224
7850-VWJUU,High-Value,75.0,Month-to-month,23,No,0.35902933482693555
5701-ZIKJE,Low-Value,50.55,Month-to-month,13,No,0.35879574728168284
5701-SVCWR,Low-Value,24.0,Month-to-month,1,No,0.35856436234584765
1855-CFULU,Low-Value,20.05,Month-to-month,4,No,0.35826075777945077
8620-RJPZN,Low-Value,20.7,Month-to-month,1,No,0.35792425185279775
4320-QMLLA,Low-Value,54.85,Month-to-month,7,No,0.35751845584280106
5687-DKDTV,Low-Value,20.35,Month-to-month,4,Yes,0.3575002498242894
7298-IZWLY,Low-Value,19.4,Month-to-month,1,No,0.3570545234386931
2985-FMWYF,High-Value,93.5,Month-to-month,23,No,0.35698843022663923
7966-YOTQW,Low-Value,54.5,Month-to-month,10,No,0.35672876847121704
9842-EFSYY,Low-Value,57.2,Month-to-month,4,No,0.35645232266892946
4583-PARNH,High-Value,91.55,Month-to-month,16,No,0.3560928820718798
6572-ADKRS,High-Value,74.8,Month-to-month,46,No,0.3556065562231542
6198-RTPMF,High-Value,92.6,Month-to-month,17,No,0.3553983541202833
4957-TREIR,Low-Value,64.4,Month-to-month,3,No,0.3543525166144711
9094-AZPHK,High-Value,100.15,Month-to-month,15,No,0.3540650486802733
7148-XZPHA,High-Value,79.4,Month-to-month,55,No,0.35393970618409637
8999-XXGNS,High-Value,105.75,One year,72,No,0.3538970364439365
7130-CTCUS,Low-Value,54.55,Month-to-month,16,No,0.35307718229854634
3842-IYKUE,High-Value,85.3,Month-to-month,35,Yes,0.35167663160219276
3173-NVMPX,Low-Value,55.3,Month-to-month,9,No,0.35165456028231373
7284-BUYEC,Low-Value,50.95,Month-to-month,5,No,0.3511808858286776
5366-OBVMR,Low-Value,50.3,Month-to-month,18,No,0.35095148157457523
7402-PWYJJ,High-Value,91.15,One year,53,No,0.3505272182223025
7519-JTWQH,High-Value,110.5,Two year,69,No,0.35016946354540757
8791-GFXLZ,Low-Value,49.05,Month-to-month,12,No,0.34957181579607693
8645-KWHJO,Low-Value,55.0,Month-to-month,14,No,0.3495595756539226
1230-QAJDW,Low-Value,65.25,Month-to-month,3,No,0.348398224960649
2826-DXLQO,Low-Value,29.8,Month-to-month,7,No,0.3481734380570579
4488-PSYCG,Low-Value,20.25,Month-to-month,16,Yes,0.34779241155893487
5816-SCGFC,Low-Value,51.3,Month-to-month,7,No,0.34707287446251706
4083-EUGRJ,Low-Value,20.25,Month-to-month,9,Yes,0.34649951303292925
1585-MQSSU,Low-Value,51.5,Month-to-month,17,Yes,0.346286103434428
1329-VHWNP,Low-Value,25.05,Month-to-month,7,No,0.34568398486620155
3137-LUPIX,Low-Value,64.4,Month-to-month,4,No,0.34543203485575125
1194-SPVSP,Low-Value,19.65,Month-to-month,1,No,0.34466062791878216
6898-MDLZW,Low-Value,53.75,Month-to-month,12,No,0.34414451856232203
2250-IVBWA,High-Value,81.05,Month-to-month,64,No,0.34399063391367785
3055-MJDSB,Low-Value,24.6,Month-to-month,9,No,0.34363930061774106
1156-ZFYDO,Low-Value,19.75,Month-to-month,1,No,0.34299292392177216
5312-IRCFR,High-Value,92.85,One year,64,No,0.3423517492947061
0203-HHYIJ,Low-Value,25.3,One year,25,Yes,0.3419755613781936
2672-TGEFF,High-Value,88.8,Month-to-month,37,No,0.3417536279910031
8016-NCFVO,High-Value,116.5,Month-to-month,55,No,0.3412483597819469
4439-YRNVD,Low-Value,36.25,Month-to-month,10,No,0.3410469199348659
0880-FVFWF,High-Value,86.4,Month-to-month,56,No,0.34021208109773754
2675-OTVVJ,High-Value,89.45,Month-to-month,31,No,0.3401057771299336
7410-KTVFV,Low-Value,49.55,Month-to-month,18,Yes,0.33999144200402165
5843-TTHGI,Low-Value,50.0,Month-to-month,18,No,0.33993372176533326
8650-RHRKE,Low-Value,29.65,Month-to-month,4,Yes,0.33950247274887424
2921-XWDJH,High-Value,83.45,Month-to-month,38,No,0.33860730170535874
8080-POTJR,High-Value,79.3,One year,30,No,0.3385985278644285
7075-BNDVQ,Low-Value,35.0,Month-to-month,4,No,0.3381434552603264
7217-JYHOQ,Low-Value,70.3,Month-to-month,24,No,0.33781601920983456
3016-KSVCP,Low-Value,33.75,Month-to-month,29,No,0.3377922782247802
4456-RHSNB,Low-Value,49.6,Month-to-month,19,No,0.33764273638451037
1623-NLDOT,Low-Value,33.55,One year,42,Yes,0.33681256489805184
7636-OWBPG,Low-Value,29.35,Month-to-month,12,No,0.3362513409355246
8496-DMZUK,High-Value,90.4,One year,30,No,0.33611317387726225
9927-DSWDF,High-Value,104.6,Month-to-month,22,No,0.3351444215222738
4881-JVQOD,Low-Value,34.55,Month-to-month,10,No,0.33432679272993293
9103-TCIHJ,Low-Value,55.7,Month-to-month,15,Yes,0.3343117751457541
6583-KQJLK,High-Value,94.65,Month-to-month,15,No,0.33395857943320273
3197-ARFOY,High-Value,105.0,Month-to-month,19,No,0.33379549388577456
4690-LLKUA,Low-Value,45.05,Month-to-month,17,Yes,0.3336086843721574
0696-UKTOX,Low-Value,54.15,Month-to-month,23,No,0.33360583898160456
9763-GRSKD,Low-Value,49.95,Month-to-month,13,No,0.33326238562755095
7639-SUPCW,Low-Value,48.8,Month-to-month,22,Yes,0.33320788302678733
2533-TIBIX,Low-Value,30.2,Month-to-month,15,No,0.3328795030874295
1051-GEJLJ,Low-Value,19.5,Month-to-month,2,No,0.3325647084565677
2606-RMDHZ,Low-Value,30.5,Month-to-month,6,Yes,0.3324093222151286
3717-OFRTN,Low-Value,19.75,Month-to-month,1,No,0.3318866330570504
3256-EZDBI,Low-Value,29.45,Month-to-month,51,No,0.3317500102541745
8896-BQTTI,Low-Value,25.0,Month-to-month,1,No,0.3303699523740923
2839-RFSQE,Low-Value,20.65,Month-to-month,2,Yes,0.3302396934671484
8257-RZAHR,Low-Value,64.7,Month-to-month,14,Yes,0.33016013030762376
5173-WXOQV,Low-Value,64.2,Month-to-month,2,No,0.32900552780529374
4324-BZCKL,Low-Value,55.55,Month-to-month,10,No,0.32883184461604786
6464-KEXXH,Low-Value,25.25,Month-to-month,8,No,0.3287354192283118
7529-ZDFXI,High-Value,89.85,Month-to-month,57,No,0.3285411904707602
7940-UQQUG,High-Value,104.4,One year,64,No,0.32778805203409883
2272-UOINI,High-Value,78.5,Month-to-month,7,No,0.32761133617609217
0997-YTLNY,Low-Value,48.8,Month-to-month,19,No,0.32725886797427833
1840-BIUOG,Low-Value,68.7,One year,20,No,0.3271491399433626
0003-MKNFE,Low-Value,59.9,Month-to-month,9,No,0.3269563295741373
3723-BFBGR,Low-Value,54.8,Month-to-month,24,No,0.32692513834058523
2576-HXMPA,Low-Value,19.55,Month-to-month,1,No,0.32688804508171115
4257-GAESD,Low-Value,45.0,Month-to-month,6,No,0.3266272752633044
4710-NKCAW,Low-Value,64.4,Month-to-month,5,No,0.32556976483046296
6475-VHUIZ,Low-Value,54.25,Month-to-month,23,No,0.32550527324611833
6854-EXGSF,Low-Value,65.5,Month-to-month,8,No,0.32514613932098557
4139-SUGLD,Low-Value,35.4,Month-to-month,31,Yes,0.32500093633435034
8201-AAXCB,Low-Value,60.35,Month-to-month,25,No,0.32498120809496134
0463-ZSDNT,Low-Value,56.75,Month-to-month,10,No,0.3242821477293202
7526-IVLYU,Low-Value,19.65,Month-to-month,3,No,0.3241022037252613
8562-GHPPI,Low-Value,19.8,Month-to-month,1,No,0.32409624999112596
2911-WDXMV,High-Value,80.55,Month-to-month,18,No,0.32391744598180344
3946-JEWRQ,High-Value,95.2,One year,47,No,0.3231962726993888
6538-POCHL,High-Value,79.0,Month-to-month,33,No,0.3230781375184278
5515-RUGKN,Low-Value,54.75,Month-to-month,8,No,0.3227050818836073
9360-OMDZZ,High-Value,94.1,Month-to-month,24,No,0.3224746541411298
9274-UARKJ,High-Value,83.2,Month-to-month,15,No,0.32208292330696225
6507-ZJSUR,High-Value,90.45,Month-to-month,23,No,0.32069573615776403
7346-MEDWM,High-Value,83.25,Month-to-month,59,No,0.3203458501281295
0178-CIIKR,Low-Value,19.95,Month-to-month,3,No,0.3199566236129883
3688-FTHLT,Low-Value,63.05,Month-to-month,16,No,0.3196257624414422
3541-ZNUHK,High-Value,85.1,Month-to-month,55,No,0.3195091844431142
5445-GLVOT,Low-Value,49.8,Month-to-month,22,No,0.3192143040978858
5533-RJFTJ,Low-Value,30.2,Month-to-month,49,No,0.31914568167422513
6661-EIPZC,Low-Value,29.5,Month-to-month,48,No,0.31914568167422513
3890-RTCMS,Low-Value,49.45,Month-to-month,16,No,0.3190769785798419
6549-NNDYT,Low-Value,30.85,Month-to-month,13,No,0.3187093110330007
4280-DLSHD,Low-Value,54.75,Month-to-month,8,No,0.31869717947687176
0771-WLCLA,High-Value,112.95,Month-to-month,16,No,0.3175346682382235
4431-EDMIQ,High-Value,75.7,Month-to-month,7,No,0.3174159303380154
2495-KZNFB,High-Value,90.65,Month-to-month,33,No,0.3169961585587709
3640-JQGJG,Low-Value,44.8,Month-to-month,13,No,0.3168831600644235
7594-LZNWR,Low-Value,69.15,Month-to-month,34,No,0.31666451143674607
9780-FKVVF,Low-Value,59.15,Month-to-month,6,No,0.31619925472092675
0410-IPFTY,High-Value,83.85,Month-to-month,31,No,0.3157287234013512
9979-RGMZT,High-Value,94.05,One year,7,No,0.31529736318993995
7147-AYBAA,High-Value,70.35,Month-to-month,37,No,0.3140546436005761
5590-ZSKRV,Low-Value,54.65,Month-to-month,8,No,0.3135610949598539
4190-MFLUW,Low-Value,55.2,Month-to-month,10,Yes,0.313307167623793
0031-PVLZI,Low-Value,20.35,Month-to-month,4,Yes,0.31317765364953826
5921-NGYRH,High-Value,73.55,Month-to-month,64,No,0.3130644183663494
6429-SHBCB,Low-Value,69.6,Month-to-month,19,No,0.3127068286675222
2195-VVRJF,Low-Value,59.1,Month-to-month,18,No,0.3123038096698375
0295-QVKPB,Low-Value,63.95,Month-to-month,5,No,0.3120436998853621
6705-LNMDD,Low-Value,50.0,Month-to-month,20,No,0.31159023219220044
8205-OTCHB,Low-Value,43.75,One year,22,Yes,0.31158214922016225
2446-ZKVAF,Low-Value,56.8,Month-to-month,18,No,0.3113684586222927
5939-XAIXZ,Low-Value,56.1,Month-to-month,19,No,0.31006165100324085
4929-ROART,Low-Value,56.25,Month-to-month,18,No,0.30991595430621777
7776-QGYJC,High-Value,81.5,Month-to-month,39,No,0.30979451483600107
9576-SYUHJ,High-Value,91.15,Month-to-month,37,No,0.3095963172320532
3865-QBWSJ,High-Value,80.45,Month-to-month,38,No,0.30894526518387844
1104-FEJAM,Low-Value,64.4,Month-to-month,28,No,0.3089144684691785
1636-NTNCO,Low-Value,50.95,Month-to-month,4,No,0.30856090318916235
7277-OZCGZ,High-Value,89.05,Month-to-month,22,No,0.30842672823231604
2604-IJPDU,High-Value,96.55,Month-to-month,20,No,0.30836584195793904
3349-ANQNH,High-Value,99.5,One year,59,No,0.3082650729205718
8544-GOQSH,High-Value,80.05,Month-to-month,14,No,0.3075431496653459
4581-LNWUM,Low-Value,49.15,Month-to-month,13,No,0.30743313831789965
2801-NISEI,Low-Value,54.95,Month-to-month,24,No,0.3067709233927844
6952-OMNWB,High-Value,80.35,Month-to-month,68,No,0.3060446310411611
8468-FZTOE,High-Value,74.35,Two year,72,No,0.30583306566232216
6537-QLGEX,Low-Value,38.9,Month-to-month,16,No,0.3057506485436198
9761-XUJWD,Low-Value,65.6,Month-to-month,5,No,0.3056914572838878
3842-QTGDL,High-Value,80.75,Month-to-month,16,No,0.3054509946606016
7852-LECYP,High-Value,93.8,Month-to-month,13,No,0.3052721880652745
5140-FOMCQ,High-Value,109.15,One year,59,No,0.3052171728813613
8082-GHXOP,Low-Value,44.0,Month-to-month,13,No,0.30519191082891656
1399-UBQIU,Low-Value,69.35,Month-to-month,11,No,0.3050729990381517
1205-WNWPJ,Low-Value,59.5,Month-to-month,7,Yes,0.30475492522667186
3090-QFUVD,Low-Value,20.3,Month-to-month,1,No,0.3045975973625345
1867-TJHTS,High-Value,79.8,Month-to-month,58,No,0.30455938409863
7824-PANSQ,High-Value,80.65,Month-to-month,58,No,0.30449214408527403
6859-RKMZJ,Low-Value,55.05,Month-to-month,11,No,0.3043733539652125
4140-WJAWW,Low-Value,19.85,Month-to-month,5,Yes,0.3042124714736236
7929-DMBCV,High-Value,81.0,Month-to-month,20,No,0.3040093658467826
6050-IJRHS,High-Value,106.5,One year,70,No,0.30350842187397964
8799-OXZMD,Low-Value,29.75,Month-to-month,28,No,0.3033676629376494
7077-XJMET,High-Value,74.15,Month-to-month,12,No,0.30328233496476265
5438-QMDDL,Low-Value,59.8,Month-to-month,19,No,0.3027889809197965
3787-TRIAL,Low-Value,26.05,Month-to-month,21,No,0.30277062263660676
6231-WFGFH,Low-Value,20.5,Month-to-month,4,No,0.30241455930125466
2484-DGXPZ,Low-Value,19.55,Month-to-month,31,Yes,0.3018452295725472
0547-HURJB,Low-Value,21.05,Month-to-month,12,No,0.3009894109031857
6319-QSUSR,Low-Value,19.7,Month-to-month,11,No,0.3009894109031857
0137-UDEUO,Low-Value,19.85,Month-to-month,3,Yes,0.30081407391510856
7740-KKCXF,Low-Value,30.05,Month-to-month,51,No,0.30073713266896207
9099-FTUHS,Low-Value,54.4,Month-to-month,23,No,0.3005645103783158
3701-SFMUH,Low-Value,69.7,Month-to-month,7,No,0.3001894124558861
4672-FOTSD,Low-Value,67.25,Month-to-month,12,No,0.29937326124391456
0787-LHDYT,Low-Value,20.6,Month-to-month,16,No,0.2991730697679513
5916-QEWPT,Low-Value,69.0,Month-to-month,2,No,0.2991711465338805
2988-PLAHS,Low-Value,69.95,One year,3,No,0.2990659141285319
5947-SGKCL,High-Value,105.35,Month-to-month,15,No,0.2983737222444547
0734-OXWBT,High-Value,70.7,Month-to-month,3,No,0.29777176803990235
0872-JCPIB,Low-Value,65.75,Month-to-month,17,No,0.29766327494512707
1564-HJUVY,Low-Value,63.75,Month-to-month,4,No,0.2975914105301766
7319-VENRZ,Low-Value,64.3,Month-to-month,7,No,0.2971966278902464
8495-PRWFH,Low-Value,55.65,Month-to-month,42,No,0.29708761775046977
7459-IMVYU,Low-Value,69.95,Month-to-month,38,No,0.2968051346387766
8292-TYSPY,Low-Value,55.0,Month-to-month,19,Yes,0.2967433943720456
3400-ESFUW,Low-Value,57.55,Two year,55,Yes,0.29645139687229505
6942-LBFDP,Low-Value,20.55,Month-to-month,2,No,0.296421617107513
7291-CDTMJ,Low-Value,19.65,Month-to-month,1,No,0.29634535038719884
2220-IAHLS,Low-Value,19.4,Month-to-month,1,No,0.29624198624509196
8259-NFJTV,Low-Value,34.65,Month-to-month,7,No,0.29617617360754034
9053-EJUNL,High-Value,89.2,Month-to-month,41,No,0.29611683361930313
7926-IJOOU,Low-Value,19.3,Month-to-month,1,No,0.2957208906732552
5651-WYIPH,Low-Value,49.85,Month-to-month,18,No,0.29567356482984325
3948-XHGNA,Low-Value,49.55,Month-to-month,24,Yes,0.2955763257082787
5222-JCXZT,Low-Value,19.0,Month-to-month,4,No,0.29519340793046944
6620-JDYNW,Low-Value,60.6,Month-to-month,18,No,0.2951320758797939
4976-LNFVV,Low-Value,34.3,Month-to-month,19,No,0.29498311167801977
8985-OOPOS,High-Value,74.1,One year,1,No,0.2949382227690688
7531-GQHME,Low-Value,20.05,Month-to-month,12,No,0.2942761399034751
1976-AZZPJ,Low-Value,34.2,Month-to-month,7,No,0.2939459163326979
0396-YCHWO,High-Value,95.4,Month-to-month,36,No,0.29353079477458893
0708-LGSMF,Low-Value,65.85,Month-to-month,13,No,0.29344363643798915
7764-BDPEE,Low-Value,20.85,Month-to-month,3,No,0.2933632250070021
9708-KFDBY,Low-Value,20.55,Month-to-month,1,No,0.293154715639814
3873-NFTGI,Low-Value,55.5,Month-to-month,14,No,0.2930665348028676
1098-TDVUQ,Low-Value,19.25,Month-to-month,1,No,0.29184406195749757
5186-EJEGL,Low-Value,69.5,Month-to-month,9,No,0.29122636050515316
0939-EREMR,Low-Value,53.45,Month-to-month,13,No,0.2904199937098117
2761-XECQW,Low-Value,43.35,Month-to-month,8,No,0.2899929591293872
1965-DDBWU,High-Value,89.05,Month-to-month,16,Yes,0.2887413226837404
5944-UGLLK,Low-Value,54.9,One year,53,No,0.28838014037537163
7811-JIVPF,Low-Value,49.7,Month-to-month,23,No,0.2882402159068949
4660-IRIBM,High-Value,87.9,Month-to-month,18,No,0.28797525317258843
5084-OOVCJ,Low-Value,55.35,Month-to-month,17,No,0.28784401619521593
9036-CSKBW,High-Value,107.45,One year,51,No,0.28741350507078084
6624-JDRDS,Low-Value,29.45,Month-to-month,6,No,0.2873730691565573
4307-KWMXE,Low-Value,35.75,Month-to-month,10,No,0.28731415838319047
0431-APWVY,High-Value,90.1,One year,28,Yes,0.28679232900528834
9795-SHUHB,Low-Value,58.2,Two year,66,No,0.28568346144681356
3313-QKNKB,High-Value,85.55,One year,59,Yes,0.28532434819849023
9481-SFCQY,Low-Value,59.8,Month-to-month,14,No,0.2852723209324452
6833-JMZYP,High-Value,94.0,Month-to-month,15,No,0.28524544726997836
0064-YIJGF,High-Value,75.75,Month-to-month,27,No,0.28515639109800545
1202-KKGFU,Low-Value,54.2,Month-to-month,12,No,0.28436333056092755
7777-UNYHB,Low-Value,20.1,Month-to-month,12,No,0.2839933322093988
2739-CACDQ,High-Value,82.65,Month-to-month,17,No,0.2839609688622969
6267-DCFFZ,High-Value,90.05,Month-to-month,30,No,0.2836591329677736
0463-WZZKO,Low-Value,20.75,Month-to-month,3,No,0.28341144815849084
0795-GMVQO,High-Value,109.9,One year,67,No,0.28253896588753685
5857-TYBCJ,High-Value,89.2,Month-to-month,44,No,0.2824233571897779
0567-GGCAC,Low-Value,61.4,Month-to-month,7,No,0.2821555837575873
6394-HHHZM,Low-Value,20.7,Month-to-month,3,No,0.2819015188818923
1663-MHLHE,Low-Value,19.2,Month-to-month,1,No,0.2816624462841118
3373-YZZYM,Low-Value,19.2,Month-to-month,1,No,0.2816624462841118
8741-LQOBK,Low-Value,35.05,Month-to-month,46,No,0.2811582568160761
9700-ZCLOT,Low-Value,20.0,Month-to-month,2,No,0.28111847542457435
6650-BWFRT,High-Value,117.15,Two year,72,No,0.2802586490129273
3853-LYGAM,High-Value,95.65,Month-to-month,17,No,0.2795297125237891
6507-DTJZV,Low-Value,66.4,Month-to-month,13,No,0.2790795782028598
9529-OFXHY,High-Value,87.75,Month-to-month,15,No,0.2789132825437378
6295-OSINB,High-Value,109.65,Two year,72,No,0.2775523455659028
8024-XNAFQ,High-Value,107.4,Two year,72,No,0.27725081291160364
8785-EPNCG,Low-Value,23.15,Month-to-month,11,Yes,0.2760467584029081
7521-YXVZY,Low-Value,19.95,Month-to-month,3,No,0.2756393548611773
2931-FSOHN,Low-Value,59.9,Month-to-month,13,No,0.2752683366975644
2858-MOFSQ,Low-Value,55.85,One year,17,Yes,0.2751395715121333
0265-PSUAE,High-Value,100.7,Month-to-month,16,No,0.27509537432104103
4716-HHKQH,High-Value,107.05,Month-to-month,20,No,0.2743104729297146
6344-SFJVH,Low-Value,24.9,Month-to-month,20,No,0.2741280223950148
1754-GKYPY,High-Value,89.75,Month-to-month,22,No,0.2740418613795155
2466-NEJOJ,Low-Value,19.65,Month-to-month,8,No,0.27401553134902934
4827-USJHP,Low-Value,51.8,Month-to-month,20,No,0.2735464982540871
0699-NDKJM,Low-Value,58.75,Month-to-month,57,No,0.27354252024142056
9129-UXERG,High-Value,103.6,Month-to-month,18,No,0.2734211850977752
9281-OFDMF,High-Value,90.7,Month-to-month,39,No,0.2733175159134259
7181-OQCUT,High-Value,103.85,Month-to-month,21,No,0.2731995316783806
7402-EYFXX,High-Value,93.6,Month-to-month,26,No,0.2731917795281416
0733-VUNUW,Low-Value,55.65,Month-to-month,24,Yes,0.27293220987731426
4903-UYAVB,Low-Value,19.35,Month-to-month,5,Yes,0.27265533316032636
4003-FUSHP,Low-Value,61.55,Month-to-month,19,No,0.2723679179124118
4987-GQWPO,Low-Value,25.1,Month-to-month,17,No,0.272308460087881
2346-DJQTB,Low-Value,24.15,Month-to-month,35,No,0.2721968101791569
7398-LXGYX,High-Value,84.8,Month-to-month,44,No,0.27208593062910474
6704-UTUKK,Low-Value,45.9,Month-to-month,29,No,0.27188753768508783
2455-USLMV,High-Value,84.75,Month-to-month,31,No,0.2718209579112214
7876-BEUTG,Low-Value,48.8,Month-to-month,15,No,0.27170274591924026
5424-RLQLC,Low-Value,59.65,Month-to-month,10,No,0.27156000855256923
5850-BDWCY,Low-Value,20.2,Month-to-month,6,No,0.2711888448046489
5956-YHHRX,High-Value,104.35,Month-to-month,21,No,0.27065083676199253
4685-ERGHK,High-Value,86.9,One year,57,No,0.2702758302003228
2371-JQHZZ,High-Value,93.0,Month-to-month,24,No,0.26993929077761913
5396-IZEPB,Low-Value,19.7,Month-to-month,9,No,0.2697277759860166
9881-VCZEP,Low-Value,54.1,Month-to-month,25,No,0.2695928919688859
0282-NVSJS,Low-Value,29.3,Month-to-month,12,No,0.2692239791225191
6549-YMFAW,Low-Value,21.25,Month-to-month,9,No,0.26856799032960277
1218-VKFPE,Low-Value,19.0,Month-to-month,12,Yes,0.2685063769695815
5129-JLPIS,High-Value,105.5,Month-to-month,25,No,0.2681648790273652
3039-MJSLN,Low-Value,20.2,Month-to-month,3,No,0.26814812341631894
3951-NJCVI,High-Value,95.05,Month-to-month,42,No,0.2678654467147817
9342-VNIMQ,Low-Value,54.65,Month-to-month,33,No,0.2674928215165538
9828-QHFBK,Low-Value,51.15,Month-to-month,24,No,0.26744202787911414
2824-MYYBN,High-Value,95.25,Month-to-month,37,No,0.2665329899192935
0577-WHMEV,High-Value,90.7,Month-to-month,16,No,0.26645423853612343
1925-GMVBW,Low-Value,20.55,Month-to-month,5,No,0.2662076227409689
6532-YLWSI,Low-Value,20.8,One year,53,Yes,0.26609706697239977
1352-HNSAW,High-Value,115.6,Two year,72,No,0.2660965127602875
4495-LHSSK,Low-Value,57.65,Month-to-month,18,No,0.2660035107644099
4182-BGSIQ,Low-Value,19.8,Month-to-month,10,No,0.26572223889709606
2640-LYMOV,Low-Value,19.65,Month-to-month,2,No,0.26567561322152305
7950-XWOVN,Low-Value,34.7,Month-to-month,11,No,0.26516698980898795
7808-DVWEP,Low-Value,20.0,Month-to-month,3,No,0.26515153473463043
7636-XUHWW,Low-Value,19.9,Month-to-month,2,No,0.2648613118459608
3374-TTZTK,High-Value,106.3,Two year,52,No,0.26460516223054464
4098-NAUKP,High-Value,84.65,Month-to-month,68,No,0.2644529955653088
4310-KEDTB,Low-Value,29.8,Month-to-month,26,No,0.2643667452839468
9546-KDTRB,Low-Value,24.7,Month-to-month,19,No,0.26418031165427125
9853-JFZDU,Low-Value,56.85,Month-to-month,35,No,0.263736090033688
4160-AMJTL,Low-Value,19.65,Month-to-month,8,Yes,0.2635057735869763
6447-GORXK,Low-Value,25.0,Month-to-month,31,No,0.26311467829659135
2739-CCZMB,Low-Value,20.35,Month-to-month,5,No,0.2630987881787608
1087-UDSIH,Low-Value,19.6,Month-to-month,3,Yes,0.26297505588075093
3570-YUEKJ,Low-Value,49.55,Month-to-month,42,No,0.26285118591826295
3301-LSLWQ,Low-Value,66.1,Month-to-month,29,No,0.2627470120930401
2159-TURXX,Low-Value,20.05,Month-to-month,5,No,0.2626326297115916
4338-EYCER,Low-Value,54.6,Month-to-month,21,No,0.2625745777642646
2332-EFBJY,Low-Value,19.7,Month-to-month,16,Yes,0.2623100717715707
4881-GQJTW,Low-Value,19.6,Month-to-month,14,No,0.2621251467270876
2108-GLPQB,Low-Value,55.55,Month-to-month,25,No,0.2617796189952545
0924-BJCRC,High-Value,89.45,Month-to-month,60,No,0.261673344744525
7382-DFJTU,Low-Value,55.2,Month-to-month,18,No,0.2615714424813442
4576-CSAJH,Low-Value,55.15,One year,22,Yes,0.26151398494333367
6341-AEVKX,High-Value,104.3,One year,62,No,0.2611489487424536
4693-VWVBO,Low-Value,19.55,Month-to-month,3,No,0.2609570390780631
9143-CANJF,Low-Value,55.15,Month-to-month,24,No,0.2608425765388686
9700-ISPUP,Low-Value,65.5,Month-to-month,10,No,0.26082176824815045
4797-MIWUM,Low-Value,20.25,Month-to-month,7,No,0.26060967730614737
6791-YBNAK,Low-Value,25.55,Month-to-month,18,No,0.2604339535568613
6286-ZHAOK,Low-Value,25.55,Month-to-month,20,No,0.2602805898829832
8849-AYPTR,High-Value,91.25,Month-to-month,33,No,0.2591157565232876
8069-YQQAJ,Low-Value,31.1,Month-to-month,14,No,0.2591013843118468
1552-CZCLL,Low-Value,20.0,Month-to-month,55,No,0.25886769255459763
3665-JATSN,Low-Value,39.7,Month-to-month,19,No,0.2588334627936653
5222-IMUKT,High-Value,91.05,Month-to-month,32,No,0.2585001010843852
7233-IOQNP,Low-Value,34.0,Month-to-month,43,No,0.2580829866866139
0953-LGOVU,Low-Value,35.5,Month-to-month,12,No,0.25744364563755845
4939-KYYPY,Low-Value,59.45,Month-to-month,27,No,0.2571843825690923
2074-GUHPQ,High-Value,92.7,Month-to-month,17,No,0.2571298534130786
3211-AAPKX,High-Value,98.55,Month-to-month,20,No,0.25668196125808296
4329-YPDDQ,High-Value,108.2,Month-to-month,20,No,0.2566432846842681
9027-YFHQJ,Low-Value,25.05,Month-to-month,7,No,0.2565028191925268
9795-VOWON,Low-Value,24.35,One year,7,No,0.2563925437252849
5609-IMCGG,High-Value,84.35,Month-to-month,15,No,0.25549877190271875
5060-TQUQN,High-Value,83.55,Month-to-month,30,No,0.2553445713803443
4429-WYGFR,Low-Value,49.15,Month-to-month,26,No,0.25505685373262044
8807-ARQET,Low-Value,40.35,Month-to-month,41,No,0.25498845183410634
1410-RSCMR,High-Value,71.35,Month-to-month,7,No,0.2548196520948236
6954-OOYZZ,Low-Value,44.35,Month-to-month,18,No,0.25467262822305164
8189-XRIKE,High-Value,90.95,Month-to-month,32,No,0.2545147189173028
9862-KJTYK,Low-Value,25.35,Month-to-month,19,No,0.2538031223567669
4767-HZZHQ,High-Value,82.05,Month-to-month,30,No,0.25367833045777216
3441-CGZJH,Low-Value,60.4,One year,43,No,0.25365562582273093
6243-OZGFH,Low-Value,44.95,Month-to-month,23,No,0.2536315390903756
2791-SFVEW,Low-Value,20.15,Month-to-month,9,No,0.2536266709552344
2139-FQHLM,High-Value,89.95,Month-to-month,19,No,0.2535901051993132
6693-FRIRW,High-Value,101.3,Month-to-month,18,No,0.25326414491736876
7446-YPODE,Low-Value,60.25,Month-to-month,11,No,0.25277849407311026
3255-GRXMG,Low-Value,45.65,Month-to-month,18,No,0.2527767886727135
7094-MSZAO,Low-Value,20.05,Month-to-month,10,No,0.25277221114289816
3097-IDVPU,Low-Value,50.1,Month-to-month,19,No,0.2524828073473343
5067-DGXLL,Low-Value,20.25,Month-to-month,2,No,0.2521531862365056
1452-KIOVK,High-Value,89.1,Month-to-month,22,No,0.2520132838453921
0188-GWFLE,Low-Value,20.05,Month-to-month,2,No,0.25187181523062707
8049-WJCLQ,Low-Value,60.2,Month-to-month,10,No,0.2515687418713189
7241-AJHFS,High-Value,87.65,Month-to-month,32,No,0.2512667553003524
2843-CQMEG,Low-Value,49.7,Month-to-month,24,No,0.25114672761523954
8563-OYMQY,High-Value,90.95,Month-to-month,17,No,0.25099187075370166
2712-SYWAY,Low-Value,25.7,Month-to-month,1,No,0.2506917779370228
3221-CJMSG,Low-Value,51.1,Month-to-month,24,No,0.25046507156058667
4993-JCRGJ,High-Value,84.3,Month-to-month,26,No,0.24989636126315645
3521-MNKLV,Low-Value,49.7,Month-to-month,24,No,0.24980496408329067
8404-FYDIB,High-Value,86.65,Month-to-month,26,No,0.24964266371454172
4647-MUZON,High-Value,95.95,Month-to-month,18,No,0.2493823566299469
3982-DQLUS,High-Value,85.75,Month-to-month,65,No,0.24934628053681038
7351-MHQVU,Low-Value,50.95,Month-to-month,6,No,0.24926083247300027
3099-OONVS,Low-Value,54.3,Month-to-month,25,No,0.24923430261226082
7797-EJMDP,Low-Value,66.05,Month-to-month,8,No,0.24877815920579516
3629-WEAAM,Low-Value,64.1,Month-to-month,8,No,0.24865204990163922
9986-BONCE,Low-Value,20.95,Month-to-month,4,Yes,0.248398088119498
0380-ZCSBI,Low-Value,20.0,Month-to-month,10,No,0.2479249058278186
4459-BBGHE,Low-Value,44.5,Month-to-month,30,No,0.24772075267112587
0112-QAWRZ,High-Value,90.8,Month-to-month,16,No,0.24759025435873333
3572-UOLYZ,High-Value,84.8,Month-to-month,46,No,0.24755613167619883
5692-ICXLW,High-Value,90.7,Month-to-month,31,No,0.2473908272784696
4819-HJPIW,Low-Value,25.15,Month-to-month,18,No,0.24693957452570026
7976-CICYS,Low-Value,20.7,Month-to-month,4,No,0.2465857833011721
4183-MYFRB,High-Value,90.05,Month-to-month,21,No,0.2463340097117458
0274-JKUJR,Low-Value,58.85,Month-to-month,7,No,0.24633317274404345
2257-BOVXD,Low-Value,66.6,Month-to-month,14,No,0.24631034605123364
8246-SHFGA,Low-Value,21.1,Month-to-month,17,No,0.24627519213616084
7951-QKZPL,Low-Value,24.5,Two year,33,Yes,0.24605772091991795
3737-XBQDD,High-Value,84.85,Month-to-month,24,No,0.24596870902503432
9959-WOFKT,High-Value,106.7,Two year,71,No,0.24576276441259762
1038-ZAGBI,Low-Value,19.8,One year,12,Yes,0.24539800495987663
8111-BKVDS,Low-Value,40.7,Month-to-month,10,No,0.2451408516743134
1794-SWWKL,Low-Value,59.65,Month-to-month,15,No,0.2451235651419938
6838-HVLXG,Low-Value,20.3,Month-to-month,12,No,0.24486050461127673
2229-VWQJH,Low-Value,49.3,Month-to-month,24,No,0.24478567429510137
4801-KFYKL,Low-Value,19.45,Month-to-month,8,No,0.24451328544347106
9279-CJEOJ,High-Value,95.4,Month-to-month,21,No,0.2444083822807492
8439-LTUGF,Low-Value,20.0,Month-to-month,10,No,0.24383458069687677
8148-BPLZQ,Low-Value,49.8,Month-to-month,34,No,0.2433383225648335
2908-ZTPNF,Low-Value,34.85,Month-to-month,36,No,0.24331588479041766
8313-NDOIA,High-Value,104.15,Month-to-month,24,No,0.24316552014861034
6212-ATMLK,High-Value,95.7,Month-to-month,50,No,0.24303988652942657
9137-NOQKA,Low-Value,19.2,Month-to-month,2,No,0.24302472415230367
1559-DTODC,Low-Value,25.15,Month-to-month,19,No,0.242386932758904
1465-WCZVT,Low-Value,19.65,Month-to-month,3,No,0.24204718227499622
9256-JTBNZ,Low-Value,20.3,Month-to-month,11,No,0.24191690060475501
9970-QBCDA,Low-Value,19.7,Month-to-month,6,No,0.24186674155804655
5206-HPJKM,Low-Value,55.5,Month-to-month,17,No,0.24183545893319458
0239-OXEXL,High-Value,84.25,Month-to-month,46,No,0.24180556559148783
1480-BKXGA,High-Value,116.05,Two year,72,No,0.24089452035998402
7706-DZNKK,Low-Value,20.45,Month-to-month,11,No,0.24059704795518413
9426-SXNHE,Low-Value,18.75,Month-to-month,2,No,0.24058487826857572
6029-CSMJE,Low-Value,25.65,Month-to-month,17,No,0.2403869152928566
8053-WWDRO,Low-Value,19.5,Month-to-month,6,Yes,0.24012313354032433
0419-YAAPX,High-Value,85.3,Month-to-month,49,No,0.23986400659616752
9921-QFQUL,High-Value,90.15,Month-to-month,23,No,0.23985800195467655
7909-FIOIY,Low-Value,24.85,Month-to-month,19,No,0.23945571054863876
7017-VFULY,Low-Value,20.1,Month-to-month,2,No,0.2392471748763223
1986-PHGZF,Low-Value,58.4,Month-to-month,18,No,0.23922211990090464
4759-PXTAN,High-Value,80.1,One year,59,No,0.23892310261389502
1100-DDVRV,Low-Value,49.8,Month-to-month,17,No,0.23871804089865795
3209-ZPKFI,Low-Value,54.25,Month-to-month,47,No,0.2385924474519171
0871-OPBXW,Low-Value,20.05,Month-to-month,2,No,0.2381205237189115
3936-QQFLL,Low-Value,19.75,Month-to-month,2,No,0.23794430716947065
9374-YOLBJ,Low-Value,19.25,Month-to-month,1,No,0.23763259436348444
5730-RIITO,Low-Value,33.45,Month-to-month,43,No,0.2375722406063806
2828-SLQPF,Low-Value,45.0,Month-to-month,19,No,0.23755412580796775
2823-LKABH,High-Value,95.05,Month-to-month,18,No,0.23738383086816037
4063-EIKNQ,Low-Value,20.95,Month-to-month,11,No,0.23703639248872682
8734-FNWVH,Low-Value,59.7,Month-to-month,31,No,0.2369883106400693
3007-FDPEA,Low-Value,20.7,Month-to-month,2,No,0.23646723367945668
3845-FXCYS,Low-Value,19.65,Month-to-month,2,No,0.23617117568457616
8868-GAGIO,High-Value,84.55,Month-to-month,45,No,0.23607402682543438
7812-FZHPE,Low-Value,24.1,Month-to-month,17,Yes,0.23607123459663817
5423-BHIXO,Low-Value,54.2,Month-to-month,32,No,0.2360179711904256
8942-DBMHZ,Low-Value,20.45,Month-to-month,12,No,0.23535207011174566
7905-NJMXS,Low-Value,64.2,Month-to-month,7,No,0.2353097394919739
7766-CLTIC,Low-Value,60.95,Month-to-month,10,No,0.2350454376132127
9281-PKKZE,Low-Value,43.95,Month-to-month,46,No,0.23498845183410633
9618-LFJRU,Low-Value,20.45,Month-to-month,4,No,0.23498102644894003
7998-ZLXWN,Low-Value,20.45,Month-to-month,15,No,0.23469293603450872
4365-MSDYN,Low-Value,19.55,Month-to-month,8,No,0.2345111951729413
5446-DKWYW,Low-Value,65.2,One year,61,No,0.23412806587751223
2087-QAREY,Low-Value,54.7,Month-to-month,22,No,0.23312873234862685
9512-PHSMG,Low-Value,20.55,Month-to-month,10,No,0.23312322354152787
6128-DAFVY,Low-Value,44.85,Month-to-month,56,No,0.23289762790705637
3192-LNKRK,High-Value,84.05,Month-to-month,34,No,0.2328498330658895
0620-XEFWH,Low-Value,18.85,Month-to-month,4,No,0.23284353156709284
5172-RKOCB,High-Value,108.95,Two year,72,No,0.23282299704492396
8017-UVSZU,Low-Value,56.6,Month-to-month,40,No,0.23227998032051772
4237-CLSMM,Low-Value,20.0,Month-to-month,2,No,0.23225208055848526
1796-JANOW,Low-Value,19.95,Month-to-month,2,No,0.23225208055848526
6591-QGOYB,High-Value,106.65,Month-to-month,17,No,0.2319352208618669
5309-TAIKL,Low-Value,62.8,Month-to-month,7,No,0.2317799299249122
0655-YDGFJ,Low-Value,48.95,Month-to-month,29,No,0.23069875583125474
8735-DCXNF,Low-Value,54.95,Month-to-month,10,No,0.23067672970383704
0581-MDMPW,High-Value,88.95,Month-to-month,24,No,0.23062888262432493
3977-QCRSL,Low-Value,20.15,Month-to-month,5,No,0.23050900818314904
7869-ZYDST,Low-Value,59.05,Month-to-month,31,No,0.2299889227434488
7605-SNLQG,Low-Value,50.25,Month-to-month,45,No,0.22939341777140437
9396-ZSFLL,Low-Value,48.85,Month-to-month,15,No,0.2283698602526696
7787-BNTZM,Low-Value,20.15,Month-to-month,6,No,0.22822836265293053
3808-HFKDE,Low-Value,44.35,Month-to-month,20,No,0.22822008677641503
6776-TLWOI,Low-Value,19.85,Month-to-month,3,Yes,0.22732613179070987
2428-ZMCTB,Low-Value,19.75,Month-to-month,10,No,0.22726798030607698
8012-SOUDQ,High-Value,90.25,Month-to-month,43,No,0.22698839749585475
9115-YQHGA,Low-Value,51.1,Month-to-month,40,No,0.22680907774492934
0396-UKGAI,Low-Value,55.3,Month-to-month,23,No,0.2266686730391207
5555-RNPGT,Low-Value,24.8,Month-to-month,10,No,0.22661657181179884
8944-AILEF,Low-Value,19.45,Month-to-month,15,No,0.2265579107080077
2683-JXWQQ,Low-Value,33.6,Month-to-month,61,No,0.22640361331340678
0428-IKYCP,High-Value,87.0,Month-to-month,22,No,0.22635025189852206
1492-KGETH,High-Value,78.35,One year,70,No,0.2263351147059572
6253-WRFHY,Low-Value,64.75,One year,13,No,0.22551857697157357
0848-ZGQIJ,High-Value,94.65,Month-to-month,16,No,0.22519728330857283
4020-KIUDI,Low-Value,19.85,Month-to-month,6,No,0.2251845839150135
8216-AZUUZ,High-Value,100.4,Two year,42,No,0.22492479764791184
0093-EXYQL,High-Value,91.55,Month-to-month,40,No,0.22479447941171815
8739-QOTTN,Low-Value,20.35,Month-to-month,2,No,0.22476166773145168
4282-ACRXS,Low-Value,24.85,Month-to-month,38,No,0.22429580446001465
1247-QBVSH,Low-Value,50.2,Month-to-month,43,No,0.2242691836871669
7268-IGMFD,High-Value,93.9,Month-to-month,18,No,0.22420815069158062
6506-EYCNH,Low-Value,19.55,Month-to-month,28,No,0.2237418530905939
8467-WYNSR,Low-Value,55.1,Month-to-month,22,No,0.22365769059809046
6242-MBHPK,High-Value,95.1,Month-to-month,23,No,0.22363919719146302
0030-FNXPP,Low-Value,19.85,Month-to-month,3,No,0.22347021011736495
7621-VPNET,High-Value,85.9,Month-to-month,42,No,0.22296480932503493
2322-VCZHZ,High-Value,90.0,Month-to-month,23,No,0.22294326233621786
7168-HDQHG,Low-Value,19.2,Month-to-month,36,No,0.22240398208812395
9830-ECLEN,Low-Value,50.0,One year,58,No,0.22214987888744755
4785-QRJHC,Low-Value,59.9,One year,46,Yes,0.22199790522055138
3982-XWFZQ,Low-Value,50.25,Month-to-month,42,Yes,0.2217629509400892
9626-VFRGG,High-Value,88.5,Month-to-month,41,No,0.22138087476332496
6743-HHQPF,Low-Value,25.1,Month-to-month,42,No,0.22100037917074572
3069-SSVSN,Low-Value,25.85,One year,1,No,0.22095650317035667
5092-STPKP,Low-Value,56.35,Month-to-month,24,No,0.2209273047871928
2155-AMQRX,Low-Value,54.9,Month-to-month,28,No,0.22051348620597927
3058-WQDRE,Low-Value,25.15,Month-to-month,13,No,0.22047064515692302
7140-ADSMJ,Low-Value,20.45,Month-to-month,8,No,0.2204432986018871
5155-AZQPB,Low-Value,49.9,Month-to-month,28,No,0.22023532645895227
6728-CZFEI,Low-Value,56.15,One year,15,No,0.22019147640847345
4238-JSSWH,High-Value,102.05,Month-to-month,35,No,0.22015212390504463
4353-HYOJD,Low-Value,49.85,Month-to-month,27,No,0.22003013862972728
8058-DMYRU,High-Value,90.05,Month-to-month,54,No,0.21999860213938874
5066-GFJMM,Low-Value,19.9,Month-to-month,3,No,0.2190139669880762
8992-OBVDG,Low-Value,61.65,Month-to-month,21,No,0.21888584640477668
9142-XMYJH,Low-Value,19.35,Month-to-month,29,No,0.21856487824663107
0564-MUUQK,High-Value,95.5,Month-to-month,20,No,0.2173018166159447
7219-TLZHO,Low-Value,20.85,Month-to-month,4,No,0.21727071664827335
0516-VRYBW,Low-Value,20.15,One year,18,Yes,0.21718530107589445
4072-IPYLT,Low-Value,51.05,Month-to-month,36,No,0.2170884583624384
7872-RDDLZ,Low-Value,54.9,Month-to-month,67,No,0.21704175279303187
6075-QMNRR,Low-Value,49.75,Month-to-month,52,No,0.21698271149754764
1814-DKOLC,Low-Value,25.45,Month-to-month,5,No,0.21642052559812172
5018-HEKFO,Low-Value,24.5,Month-to-month,10,No,0.21601933565716688
5311-IHLEI,Low-Value,50.95,Month-to-month,12,No,0.2155940584718358
9314-QDMDW,Low-Value,61.25,One year,11,No,0.2155185769715736
5995-SNNEW,High-Value,104.45,Month-to-month,23,No,0.21549950183576172
1134-YWTYF,Low-Value,53.8,Month-to-month,27,No,0.21502547244727022
3675-YDUPJ,Low-Value,19.85,Month-to-month,10,No,0.2147990719838195
3981-QSVQI,Low-Value,19.7,Month-to-month,8,No,0.21393237862798678
6184-DYUOB,Low-Value,19.6,Month-to-month,3,No,0.21368796924345498
8250-ZNGGW,Low-Value,59.9,Month-to-month,5,No,0.21328505730668026
5906-CVLHP,Low-Value,54.15,One year,45,Yes,0.21326604424485027
7883-ROJOC,Low-Value,44.9,Month-to-month,19,No,0.21289953448406276
9378-FXTIZ,Low-Value,70.15,One year,54,Yes,0.21229196122630728
7733-UDMTP,Low-Value,55.0,Month-to-month,57,No,0.2122532466452599
4558-CGYCZ,Low-Value,19.75,Month-to-month,4,No,0.21150959673898523
5345-BMKWB,Low-Value,20.25,Month-to-month,8,No,0.2114555930394869
9929-PLVPA,Low-Value,20.4,Month-to-month,4,No,0.21140371750594755
8006-PYCSW,Low-Value,20.1,Month-to-month,2,No,0.2112148027040555
3363-EWLGO,Low-Value,19.95,Month-to-month,5,No,0.21104087215842038
4636-JGAAI,High-Value,88.85,Month-to-month,34,No,0.21099265202702874
1042-HFUCW,Low-Value,54.75,One year,25,No,0.21078348116023635
9138-EFSMO,High-Value,78.95,One year,26,No,0.21030521594297827
6258-NGCNG,Low-Value,23.5,Month-to-month,7,No,0.21023439165292757
7109-MFBYV,Low-Value,45.45,Month-to-month,26,No,0.2101270706766109
5201-USSQZ,High-Value,85.9,Month-to-month,26,No,0.21004582010977316
2023-VQFDL,Low-Value,19.0,Month-to-month,18,No,0.20963491764261444
9777-WJJPR,High-Value,88.65,Month-to-month,31,No,0.20930231368360008
3682-YEUWS,Low-Value,24.4,Month-to-month,10,No,0.20927106134147067
9554-DFKIC,Low-Value,54.45,Month-to-month,30,No,0.2090668666249371
0666-UXTJO,High-Value,85.2,Month-to-month,34,No,0.20900948281196294
5119-KEPFY,High-Value,95.0,Month-to-month,36,No,0.20888487162099345
3391-JSQEW,Low-Value,50.15,Month-to-month,40,No,0.20885439673548614
4109-CYRBD,Low-Value,51.6,Month-to-month,29,No,0.20824382401310007
8295-FHIVV,Low-Value,19.4,Month-to-month,7,No,0.20823106933739313
4189-NAKJS,Low-Value,51.55,One year,26,No,0.20762701066542644
5619-PTMIK,Low-Value,53.1,Month-to-month,46,No,0.2073619990408844
4770-QAZXN,Low-Value,19.45,Month-to-month,13,No,0.20712168589662508
0701-TJSEF,Low-Value,68.25,Month-to-month,9,No,0.20701433607863123
8780-RSYYU,Low-Value,19.2,Month-to-month,25,No,0.20601085200406632
6439-LAJXL,Low-Value,68.95,Month-to-month,9,No,0.20596708854763587
1353-LJWEM,Low-Value,60.9,Month-to-month,11,No,0.20589203477640694
1755-RMCXH,Low-Value,20.3,Month-to-month,2,No,0.20565427677812204
4012-ZTHBR,Low-Value,44.95,Month-to-month,21,No,0.2056416212578227
2186-QZEYA,Low-Value,58.55,Month-to-month,29,No,0.20556895340994086
7159-FVYPK,Low-Value,69.15,Month-to-month,3,No,0.20487586092479584
6979-TNDEU,Low-Value,19.2,Month-to-month,8,No,0.20483941395263625
1140-UKVZG,Low-Value,24.8,Month-to-month,17,No,0.20465384477616613
5206-XZZQI,High-Value,80.6,Month-to-month,53,No,0.20455698067335346
6968-MHOMU,Low-Value,45.0,One year,58,No,0.20452302474975442
9932-WBWIK,Low-Value,20.35,Month-to-month,11,No,0.2042092255306914
5527-ACHSO,High-Value,70.5,Month-to-month,11,No,0.20392397345723773
1222-LRYKO,Low-Value,26.35,Month-to-month,6,No,0.2037232903191377
2436-QBZFP,Low-Value,39.2,Month-to-month,22,No,0.20359939521161402
2227-JRSJX,High-Value,99.15,Month-to-month,21,No,0.20352876867991657
3597-MVHJT,High-Value,95.6,Month-to-month,27,No,0.2029184619306264
3847-BAERP,Low-Value,20.9,Month-to-month,10,No,0.20259616483451462
1958-RNRKS,Low-Value,49.9,Month-to-month,30,No,0.20249002271236594
5778-BVOFB,Low-Value,59.5,Month-to-month,9,No,0.20234514368415893
3806-YAZOV,Low-Value,18.8,Month-to-month,3,No,0.20225375550872826
7785-RDVIG,Low-Value,19.3,Month-to-month,3,No,0.20225375550872826
1376-HHBDV,Low-Value,48.8,Month-to-month,30,No,0.20189088302825173
8904-OPDCK,Low-Value,24.95,Month-to-month,54,No,0.20175064792707179
8059-UDZFY,High-Value,105.35,Month-to-month,33,No,0.20099918228217775
2061-VVFST,Low-Value,19.5,Month-to-month,37,No,0.20099712826615115
0141-YEAYS,High-Value,86.45,Month-to-month,27,No,0.20081713195765247
6345-HOVES,Low-Value,25.05,Month-to-month,34,No,0.200804028463025
4177-JPDFU,Low-Value,34.0,Month-to-month,12,No,0.2007039061663488
2796-UUZZO,High-Value,80.3,Month-to-month,63,No,0.200641461667469
3675-EQOZA,Low-Value,20.65,Month-to-month,5,No,0.20055045248780787
4283-IVYCI,Low-Value,64.95,Month-to-month,9,No,0.20051201619345133
0867-LDTTC,High-Value,75.15,Month-to-month,5,No,0.20046190979816894
9069-LGEUL,Low-Value,59.95,Month-to-month,23,No,0.2001259900110618
3318-ISQFQ,Low-Value,19.5,Month-to-month,20,No,0.20006307774146656
9092-GDZKO,Low-Value,24.85,Month-to-month,22,No,0.2000018150391849
0347-UBKUZ,Low-Value,19.9,Month-to-month,15,No,0.19983363404074894
7176-WIONM,Low-Value,49.85,Month-to-month,12,No,0.1997992993325283
8582-KRHPJ,Low-Value,35.0,Month-to-month,50,No,0.19963624025014012
4018-KJYUY,Low-Value,20.15,Month-to-month,22,No,0.19943263839338676
4926-UMJZD,Low-Value,49.2,Month-to-month,31,No,0.19907714215746825
7102-JJVTX,Low-Value,48.6,One year,9,No,0.1985382184158743
9633-DENPU,Low-Value,58.6,Month-to-month,47,No,0.19849101502846284
6164-HXUGH,Low-Value,19.85,Month-to-month,6,No,0.1983629448402188
2233-FAGXV,Low-Value,24.3,Month-to-month,5,No,0.19825449705992298
9504-DSHWM,Low-Value,59.2,Month-to-month,20,No,0.19810054132668442
2338-BQEZT,Low-Value,50.55,Month-to-month,55,No,0.19780460804818908
6773-LQTVT,Low-Value,35.65,Month-to-month,29,No,0.1977077065908275
3771-PZOBW,High-Value,90.7,Month-to-month,20,No,0.19741667500054538
9470-XCCEM,High-Value,89.65,Month-to-month,35,No,0.19725357630674395
0898-XCGTF,High-Value,96.5,One year,61,No,0.19715245522360875
5353-WILCI,Low-Value,56.05,Month-to-month,28,No,0.19696990655778
6937-GCDGQ,Low-Value,48.95,One year,19,No,0.19696980142402937
8815-LMFLX,Low-Value,25.4,Month-to-month,25,No,0.19685979573241155
2519-ERQOJ,Low-Value,54.6,Month-to-month,33,No,0.19684508066780526
3794-NFNCH,Low-Value,50.0,Month-to-month,30,No,0.1967398939768533
3824-RHKVR,Low-Value,19.7,Month-to-month,17,No,0.19665611796201085
4936-YPJNK,Low-Value,19.9,Month-to-month,10,No,0.19652738478097473
1028-FFNJK,High-Value,101.5,Month-to-month,30,No,0.1964761125256083
8996-ZROXE,Low-Value,53.5,One year,57,No,0.19630922801672832
4396-KLSEH,Low-Value,19.85,Month-to-month,4,No,0.19616948400909734
0851-DFJKB,Low-Value,58.95,Month-to-month,15,No,0.196148698337783
0603-OLQDC,Low-Value,69.85,Month-to-month,12,No,0.1958214036173443
1818-ESQMW,High-Value,89.2,Month-to-month,27,No,0.19574732195911454
2342-CKIAO,Low-Value,20.3,Month-to-month,2,No,0.1956526541102917
7032-LMBHI,Low-Value,64.65,One year,37,No,0.19553111512320734
7798-JVXYM,Low-Value,69.65,Month-to-month,14,No,0.19549854812932213
1049-FYSYG,Low-Value,35.65,Month-to-month,17,No,0.1953751901677771
9089-UOWJG,Low-Value,58.35,Month-to-month,12,No,0.1951136164217435
0822-QGCXA,High-Value,83.85,Month-to-month,27,No,0.19495331335963684
1465-LNTLJ,Low-Value,64.4,Month-to-month,8,No,0.19483492251232204
1194-HVAIF,High-Value,95.0,Month-to-month,27,No,0.19475236897196851
4568-TTZRT,Low-Value,20.4,Month-to-month,9,No,0.1946960336689794
1552-AAGRX,High-Value,106.4,Month-to-month,30,No,0.19450834374240394
9708-HPXWZ,Low-Value,45.4,Month-to-month,5,No,0.19446176969189957
6112-KTHFQ,Low-Value,19.3,Month-to-month,13,No,0.19440793657744102
9818-XQCUV,Low-Value,20.35,Month-to-month,2,No,0.19387062539824482
2974-GGUXS,High-Value,91.95,Month-to-month,36,No,0.19379673783277265
2582-FFFZR,Low-Value,50.6,Month-to-month,22,No,0.19369783678280933
7748-UMTRK,High-Value,101.3,Month-to-month,30,No,0.19369533242575482
9146-JRIOX,Low-Value,25.55,Month-to-month,14,No,0.19361391007999532
1104-TNLZA,High-Value,105.8,Month-to-month,28,No,0.19328091440856773
2585-KTFRE,High-Value,70.45,Month-to-month,1,No,0.1927940812982767
0816-TSPHQ,Low-Value,20.75,Month-to-month,2,No,0.19239551937165797
6734-CKRSM,Low-Value,20.0,Month-to-month,3,No,0.19235112043501912
1307-ATKGB,High-Value,89.55,Month-to-month,24,No,0.19218536747133502
3156-QLHBO,Low-Value,19.25,Month-to-month,2,No,0.1920476355612651
1183-CANVH,Low-Value,60.0,One year,23,No,0.19203656124856963
6234-PFPXL,High-Value,95.9,Month-to-month,22,No,0.19183618666707283
3345-JHUEO,Low-Value,20.2,Month-to-month,4,No,0.191686127906335
5712-VBOXD,Low-Value,20.15,Month-to-month,4,No,0.19115898699780465
3694-GLTJM,Low-Value,19.65,Month-to-month,5,No,0.19110886247464606
0607-DAAHE,Low-Value,19.75,Two year,53,Yes,0.19093203660303096
2107-FBPTK,High-Value,104.1,Month-to-month,30,No,0.1907848667716328
3128-YOVTD,High-Value,79.15,Month-to-month,51,No,0.19064341000981616
2960-NKRSO,High-Value,85.95,Month-to-month,24,No,0.19051918418326416
4104-PVRPS,Low-Value,53.6,Month-to-month,24,No,0.19024296913227762
2692-BUCFV,High-Value,101.45,Month-to-month,29,No,0.1902204755018052
0080-EMYVY,Low-Value,51.45,One year,14,No,0.1898998977208239
0310-VQXAM,Low-Value,19.85,Month-to-month,9,No,0.18980620967610004
2978-XXSOG,Low-Value,59.05,Month-to-month,22,No,0.18958143313827108
9931-KGHOA,Low-Value,55.0,Month-to-month,46,No,0.18945428934078687
1641-RQDAY,High-Value,100.4,Month-to-month,32,No,0.18910438758516357
9367-OIUXP,Low-Value,20.7,Month-to-month,4,No,0.1890030200850456
6559-PDZLR,High-Value,98.65,Month-to-month,26,No,0.1889229236536799
4692-NNQRU,High-Value,79.2,One year,21,No,0.18848160716825088
8573-CGOCC,Low-Value,19.75,Month-to-month,16,No,0.1884578924860487
3407-QGWLG,Low-Value,20.05,Month-to-month,3,No,0.18779024898764046
2393-DIVAI,Low-Value,20.0,Month-to-month,3,No,0.18764387123659698
1336-EZFZY,Low-Value,20.05,Month-to-month,4,No,0.18758213017590186
1043-YCUTE,Low-Value,25.15,Two year,56,Yes,0.18755013306686585
5294-DMSFH,High-Value,87.8,Month-to-month,29,No,0.18754114428712984
9591-YVTEB,Low-Value,44.85,Month-to-month,55,No,0.18752551257504885
4673-KKSLS,High-Value,87.6,Month-to-month,31,No,0.1873273157618189
0744-GKNGE,High-Value,86.8,Month-to-month,64,No,0.187210893671663
4686-UXDML,High-Value,99.85,Month-to-month,21,No,0.18719981317830584
4486-EFAEB,Low-Value,20.4,Month-to-month,13,No,0.1871874439255712
5626-MGTUK,High-Value,89.1,Month-to-month,20,No,0.18707824586855964
1452-XRSJV,Low-Value,51.05,Month-to-month,39,No,0.18696642532029079
9489-UTFKA,Low-Value,60.9,Month-to-month,8,No,0.18683340827776887
6035-BXTTY,Low-Value,54.65,Month-to-month,32,No,0.1867918967366412
1730-VFMWO,Low-Value,50.2,Month-to-month,34,No,0.18611782416532419
2732-ISEZX,Low-Value,20.5,Month-to-month,5,No,0.18559710950376662
4360-QRAVE,Low-Value,36.65,Month-to-month,37,No,0.18558079905075003
9643-YBLUR,Low-Value,69.05,Month-to-month,9,No,0.18524566462193537
1608-GMEWB,High-Value,93.9,Month-to-month,45,No,0.1851764431470786
1357-MVDOZ,Low-Value,59.65,Month-to-month,11,No,0.18511361642174345
3413-CSSTH,Low-Value,55.7,Month-to-month,41,No,0.18495327720840968
4986-MXSFP,Low-Value,20.0,Month-to-month,2,No,0.1849278343242325
2717-HVIZY,Low-Value,20.05,Month-to-month,8,No,0.1849006405700549
4869-EPIUS,High-Value,80.9,One year,56,No,0.18451907091846848
6878-GGDWG,Low-Value,19.4,Month-to-month,32,No,0.18438359427143014
3594-IVHJZ,Low-Value,20.45,Month-to-month,2,No,0.18395115858207714
8410-BGQXN,Low-Value,19.4,Month-to-month,4,No,0.18394742372284548
5702-SKUOB,Low-Value,19.6,Month-to-month,4,No,0.18394742372284548
2665-NPTGL,High-Value,98.1,Month-to-month,26,No,0.18375103899392564
2439-QKJUL,Low-Value,20.25,Month-to-month,5,No,0.18359164103835884
5562-YJQGT,Low-Value,20.35,Month-to-month,2,No,0.1834292192595969
4232-JGKIY,Low-Value,19.2,Month-to-month,1,No,0.1833958574263333
1431-CYWMH,Low-Value,19.05,Month-to-month,22,No,0.18317364326100383
5081-NWSUP,Low-Value,64.9,One year,10,No,0.18309698926319265
0774-IFUVM,Low-Value,65.15,Month-to-month,11,No,0.18279759670057266
8980-WQFWL,Low-Value,62.1,Month-to-month,35,No,0.1827922789815261
8070-AAWZP,Low-Value,34.25,Month-to-month,24,No,0.18246608242893225
6133-OZILE,Low-Value,35.2,Month-to-month,18,No,0.1820067133596599
8735-NBLWT,Low-Value,20.4,Month-to-month,9,No,0.18182815614196038
2521-NPUZR,High-Value,101.0,Two year,70,No,0.1817629468124755
0257-KXZGU,Low-Value,62.45,Month-to-month,32,No,0.18162709972871738
7392-YYPYJ,High-Value,100.65,Month-to-month,22,No,0.18156745140490205
7078-NVFAM,Low-Value,35.15,Month-to-month,32,No,0.18138516099836552
4833-QTJNO,High-Value,83.85,Month-to-month,67,No,0.18130828823514544
4623-ZKHLY,Low-Value,20.45,Month-to-month,22,No,0.18129977228147556
3865-ZYKAD,High-Value,84.9,Month-to-month,69,No,0.18118488983634717
0750-EKNGL,Low-Value,20.75,Month-to-month,7,No,0.1809532888032123
5442-BXVND,Low-Value,24.25,Month-to-month,33,No,0.18081043727294266
7658-UYUQS,High-Value,86.55,Month-to-month,21,No,0.18075523285562187
0118-JPNOY,High-Value,85.8,Month-to-month,26,No,0.18062688800846144
2410-CIYFZ,Low-Value,20.4,Month-to-month,2,No,0.18058205539609135
1215-FIGMP,High-Value,89.9,Month-to-month,60,No,0.18053847765208217
7874-ECPQJ,Low-Value,20.05,Month-to-month,4,No,0.18043204486897654
9052-DHNKM,Low-Value,61.55,One year,26,No,0.18023935525632281
6278-FEPBZ,Low-Value,20.25,Month-to-month,9,No,0.17963346285268603
6473-ULUHT,High-Value,84.9,Month-to-month,16,No,0.1795279304280578
9867-NNXLC,Low-Value,20.05,Month-to-month,22,No,0.1794142449316328
4391-LNRXK,High-Value,94.95,Month-to-month,22,No,0.1792415632218827
2887-JPYLU,Low-Value,45.2,Month-to-month,41,No,0.1791642192408659
6865-JZNKO,Low-Value,55.3,Month-to-month,30,No,0.1791186236693729
6907-CQGPN,Low-Value,34.3,Month-to-month,29,No,0.17903691941853403
2971-SGAFL,High-Value,78.75,Month-to-month,13,No,0.1790164279967553
3387-PLKUI,Low-Value,18.8,Month-to-month,13,No,0.17861702714054237
8746-OQQRW,Low-Value,25.25,Month-to-month,4,No,0.17830116532146265
6252-DFGTK,Low-Value,68.1,One year,37,No,0.17810850068418238
6476-EPYZR,Low-Value,20.5,Month-to-month,12,No,0.17793765400220585
7395-XWZOY,Low-Value,55.0,Month-to-month,20,No,0.17765556276436334
6261-LHRTG,Low-Value,54.75,Month-to-month,26,No,0.17716521062734092
3466-WAESX,Low-Value,69.1,Month-to-month,16,No,0.17661486375204116
8871-JLMHM,High-Value,90.2,Two year,68,No,0.17652960350369468
0208-BPQEJ,Low-Value,19.4,Month-to-month,12,No,0.17633526485837678
2621-UDNLU,Low-Value,20.85,Month-to-month,3,No,0.1761866325808386
1304-BCCFO,Low-Value,70.05,Month-to-month,9,No,0.17615723744047745
1866-ZSLJM,Low-Value,20.5,Month-to-month,21,No,0.17613419070200517
5886-VLQVU,High-Value,89.85,Month-to-month,35,No,0.1761135250309685
1518-OMDIK,Low-Value,44.55,Month-to-month,33,No,0.1760285354910433
1169-WCVAK,High-Value,88.8,Month-to-month,19,No,0.17592177320243954
9581-GVBXT,Low-Value,34.8,One year,59,No,0.17569446176821252
3750-RNQKR,Low-Value,19.45,Month-to-month,12,No,0.1756729861039585
5546-BYZSM,Low-Value,20.45,Month-to-month,41,No,0.17514626483309761
4701-MLJPN,Low-Value,55.25,Month-to-month,31,Yes,0.17490191362705257
6509-TSGWN,Low-Value,26.45,Month-to-month,37,No,0.17483782583403693
3920-HIHMQ,Low-Value,49.5,Month-to-month,26,No,0.17471349267625644
3724-UCSHY,Low-Value,19.55,Month-to-month,6,No,0.17451575461994664
9717-IOAAF,Low-Value,25.85,Two year,27,No,0.17410902902606257
7813-ZGGAW,High-Value,96.6,Month-to-month,31,No,0.17399395166116657
9479-HYNYL,High-Value,80.7,Two year,71,No,0.17354980215694688
6745-JEFZB,High-Value,91.5,Month-to-month,35,No,0.1735163614487831
6244-BESBM,High-Value,95.2,Two year,69,No,0.17347822605407498
6016-LVTJQ,Low-Value,20.65,Month-to-month,34,No,0.1729305047382274
4462-CYWMH,High-Value,89.8,Month-to-month,62,No,0.1728641420342167
6131-JLWZM,Low-Value,20.3,Month-to-month,13,No,0.1728413811807011
6377-KSLXC,Low-Value,19.95,Month-to-month,5,No,0.17275083167054275
7343-EOBEU,Low-Value,23.6,Month-to-month,3,No,0.1725042727059055
3181-MIZBN,Low-Value,19.75,Month-to-month,16,No,0.17245665323199877
1539-LNKHM,Low-Value,20.4,Month-to-month,12,No,0.17237216107506717
2603-HVKCG,High-Value,101.4,Month-to-month,31,No,0.1723552511853411
3003-CMDUU,High-Value,95.15,Month-to-month,25,No,0.1723355205591827
0058-EVZWM,High-Value,89.8,Month-to-month,55,No,0.17202001744389936
5136-GFPMB,High-Value,89.4,Month-to-month,54,No,0.17202001744389936
1422-DGUBX,High-Value,79.25,One year,32,No,0.17162150636390866
3486-KHMLI,Low-Value,24.7,Month-to-month,21,No,0.17157470282970474
5151-HQRDG,Low-Value,55.05,Month-to-month,37,No,0.17156631420254848
3323-CPBWR,High-Value,96.9,Month-to-month,23,No,0.1713461898332983
9101-NTIXF,Low-Value,19.4,Month-to-month,2,No,0.17111257999456447
0701-RFGFI,High-Value,95.4,Month-to-month,49,No,0.17050684147720196
3470-BTGQO,Low-Value,45.65,Month-to-month,21,No,0.17036960513684052
9904-EHEVJ,High-Value,91.35,Month-to-month,32,No,0.17032152196118538
3506-OVLKD,Low-Value,26.2,One year,35,No,0.17027225041040342
1385-TQOZW,Low-Value,20.45,Month-to-month,9,No,0.17018393902753662
6296-DDOOR,Low-Value,58.2,One year,19,No,0.16936414846189604
4945-RVMTE,Low-Value,59.55,Month-to-month,28,No,0.16935962122175538
4011-ARPHK,Low-Value,50.35,Month-to-month,27,No,0.16846544316354856
9025-ZRPVR,Low-Value,18.95,Month-to-month,9,Yes,0.1683654537068545
0114-RSRRW,Low-Value,19.95,Month-to-month,10,No,0.1679957268771588
1550-EENBN,High-Value,104.35,Month-to-month,31,No,0.16790988469844095
8319-QBEHW,Low-Value,39.95,One year,26,No,0.16786601936081985
2294-DMMUS,High-Value,70.45,Month-to-month,62,No,0.16781164718384514
2946-KIQSP,Low-Value,33.45,Month-to-month,35,No,0.16762175393556164
7795-CFOCW,Low-Value,42.3,One year,45,No,0.16723204870760747
0013-MHZWF,Low-Value,69.4,Month-to-month,9,No,0.16693587783368374
8878-RYUKI,Low-Value,59.45,Month-to-month,52,No,0.16682090237060865
1666-JZPZT,Low-Value,49.0,Month-to-month,27,No,0.16663901706389964
2439-LYPMQ,High-Value,102.6,Month-to-month,38,No,0.1664760833013778
2202-OUTMO,Low-Value,60.85,Month-to-month,34,No,0.16620953942244282
0212-ISBBF,Low-Value,50.35,Month-to-month,22,No,0.1661775282001595
4501-VCPFK,Low-Value,35.75,Month-to-month,26,No,0.16615069842459237
6128-AQBMT,Low-Value,53.95,Month-to-month,41,No,0.1661098777375728
7901-IIDQV,Low-Value,54.6,One year,24,No,0.16591839215971177
7714-YXSMB,High-Value,100.5,Month-to-month,26,No,0.1657642475644125
7854-EKTJL,Low-Value,19.6,Month-to-month,2,Yes,0.16565658272832742
3001-UNBTL,High-Value,103.95,Month-to-month,29,No,0.16556102429731548
7030-NJVDP,High-Value,89.25,Month-to-month,24,No,0.16549741108729688
9277-JOOMO,Low-Value,24.6,Month-to-month,3,No,0.1652582483803245
0215-BQKGS,High-Value,84.3,Month-to-month,30,No,0.16514528398323847
4397-FRLTA,Low-Value,20.15,Month-to-month,4,No,0.16512533210277053
5468-BPMMO,Low-Value,19.6,Month-to-month,46,No,0.1650489360343378
5917-HBSDW,Low-Value,19.35,Month-to-month,37,No,0.1650489360343378
4694-PHWFW,Low-Value,19.95,Month-to-month,8,No,0.16498049017879135
9522-BNTHX,Low-Value,56.25,Month-to-month,34,No,0.16496788575663981
2171-UDMFD,Low-Value,19.45,Month-to-month,32,No,0.16481830837049902
9046-DQMTP,Low-Value,20.75,Month-to-month,35,No,0.16481830837049902
1552-TKMXS,Low-Value,20.35,Month-to-month,42,No,0.16481830837049902
3061-BCKYI,Low-Value,19.9,Month-to-month,14,No,0.16453700585380943
3472-OAOOR,Low-Value,34.95,Month-to-month,19,No,0.1643347077850683
6040-CGACY,Low-Value,19.6,Month-to-month,15,No,0.1643226381677038
4732-RRJZC,Low-Value,20.25,Month-to-month,7,No,0.16416338509619355
3195-TQDZX,Low-Value,20.25,Month-to-month,3,No,0.1641469075401661
8378-LKJAF,High-Value,101.15,Month-to-month,38,No,0.16403174858481853
6147-CBCRA,Low-Value,20.05,Month-to-month,33,No,0.1639601874405472
7895-VONWT,Low-Value,48.25,Month-to-month,25,No,0.16365338847696972
3422-WJOYD,Low-Value,54.35,One year,28,No,0.16343127361136361
1697-BCSHV,Low-Value,66.8,Month-to-month,58,No,0.16341342213687093
0557-ASKVU,Low-Value,54.4,One year,18,No,0.16340053992582848
5898-IGSLP,High-Value,89.3,Month-to-month,31,No,0.16328779078311828
8328-SKJNO,Low-Value,40.65,One year,23,No,0.16328571123639024
0440-QEXBZ,Low-Value,50.15,Month-to-month,44,No,0.16314925288066345
2811-POVEX,High-Value,88.45,Month-to-month,23,No,0.1628125570096048
2308-STERM,Low-Value,19.4,Month-to-month,2,No,0.16279495812500813
9770-LXDBK,Low-Value,20.4,Month-to-month,3,No,0.1627222379712607
4430-YHXGG,Low-Value,25.45,Month-to-month,4,No,0.1627222379712607
8400-WZICQ,Low-Value,55.7,Month-to-month,55,No,0.16211328407489803
7682-AZNDK,High-Value,89.85,Month-to-month,34,No,0.1620502085866134
2957-JIRMN,High-Value,84.45,One year,62,No,0.1619253215948637
1170-SASML,High-Value,85.4,Month-to-month,69,No,0.16175696056005257
6131-FOYAS,Low-Value,59.6,Month-to-month,35,No,0.16166523470444902
9357-UJRUN,Low-Value,58.35,One year,24,No,0.16163869261601313
0842-IWYCP,Low-Value,44.95,Month-to-month,46,No,0.16163345804587237
9184-GALIL,Low-Value,20.45,Month-to-month,38,No,0.16149367624465827
9308-ANMVE,Low-Value,55.3,Month-to-month,47,No,0.16128909411462355
4998-IKFSE,High-Value,100.45,Month-to-month,30,No,0.16101125830313495
0396-HUJBP,Low-Value,19.3,Month-to-month,2,No,0.16092161876085267
3012-VFFMN,Low-Value,20.65,Month-to-month,7,No,0.1606659942060499
3530-CRZSB,Low-Value,20.65,Month-to-month,7,No,0.1606659942060499
8751-EDEKA,High-Value,89.9,Month-to-month,28,No,0.1605693189982891
8150-QUDFX,Low-Value,19.85,Month-to-month,2,No,0.16054741594007388
6578-KRMAW,High-Value,93.4,Month-to-month,32,No,0.16052399402371317
0484-JPBRU,Low-Value,25.25,Month-to-month,41,No,0.1603903084156403
1159-WFSGR,Low-Value,20.4,Month-to-month,16,No,0.16014693671522945
0130-SXOUN,High-Value,89.4,Month-to-month,66,No,0.15990327523712108
1045-LTCYT,Low-Value,21.05,Month-to-month,8,No,0.15969505011691953
2320-YKQBO,Low-Value,19.3,Month-to-month,7,No,0.1596468576166113
6103-QCKFX,Low-Value,56.25,Month-to-month,44,No,0.15951326907973817
8224-IVVPA,Low-Value,56.7,Month-to-month,27,No,0.15950603864422244
3307-TLCUD,Low-Value,34.4,Month-to-month,17,No,0.15939696836540865
5919-VCZYM,Low-Value,20.05,Month-to-month,2,No,0.15923038465934802
0002-ORFBO,Low-Value,65.6,One year,9,No,0.15906950474465228
4811-JBUVU,High-Value,89.9,Month-to-month,30,No,0.15861959910687165
0121-SNYRK,Low-Value,35.4,One year,50,No,0.15831846512429354
5144-PQCDZ,Low-Value,19.95,Month-to-month,4,No,0.15829430945418144
1345-GKDZZ,Low-Value,19.55,Month-to-month,6,No,0.15785210402579683
0366-NQSHS,Low-Value,19.35,Month-to-month,2,No,0.15763289142742626
0594-UFTUL,Low-Value,19.85,Month-to-month,13,No,0.15724664643189895
1421-HCERK,High-Value,105.7,Month-to-month,30,No,0.15718793150715052
1097-FSPVW,Low-Value,54.55,Month-to-month,42,No,0.15713287006636623
2809-ZMYOQ,High-Value,101.35,Month-to-month,32,No,0.15711810781209992
7746-AWNQW,Low-Value,35.75,Month-to-month,28,No,0.15708479152062782
6173-GOLSU,High-Value,94.65,Month-to-month,67,No,0.15703202892349935
1702-CCFNJ,Low-Value,61.35,Month-to-month,52,No,0.15675293274116953
5924-IFQTT,High-Value,72.8,Month-to-month,13,No,0.15675194400279463
4504-YOULA,Low-Value,59.45,Month-to-month,35,No,0.15667366605300923
2085-BOJKI,High-Value,96.65,One year,17,No,0.15660046951626685
4054-CUMIA,Low-Value,20.25,Month-to-month,18,No,0.1564335766346345
1237-WIYYZ,Low-Value,19.55,Month-to-month,18,No,0.1564335766346345
1038-RQOST,Low-Value,20.6,Month-to-month,19,No,0.1564335766346345
1850-AKQEP,Low-Value,20.35,Month-to-month,8,No,0.15637272438872354
7727-SHVZV,Low-Value,19.5,Month-to-month,9,No,0.1560936138965948
9788-YTFGE,Low-Value,19.95,Month-to-month,7,No,0.1557610498953733
3893-JRNFS,Low-Value,39.9,Month-to-month,68,No,0.15567165510777553
9972-NKTFD,Low-Value,54.65,Month-to-month,28,No,0.1555738163263486
7011-CVEUC,High-Value,95.7,Month-to-month,25,No,0.15549290323022713
9039-ZVJDC,Low-Value,19.1,Month-to-month,3,No,0.1552602401269965
0147-ESWWR,High-Value,101.25,Month-to-month,39,No,0.15525576712938058
5575-TPIZQ,High-Value,89.15,Month-to-month,46,No,0.15514889508564614
9837-FWLCH,Low-Value,19.2,Month-to-month,12,No,0.15514168461801206
7672-VFMXZ,Low-Value,55.7,Month-to-month,57,No,0.15510889226329977
2926-JEJJC,Low-Value,20.2,One year,8,No,0.15510733468176624
6635-CPNUN,High-Value,96.6,Month-to-month,28,No,0.15504263591051376
6671-NGWON,Low-Value,20.35,Month-to-month,7,No,0.1548775280627811
5774-XZTQC,Low-Value,20.45,Month-to-month,7,No,0.1548775280627811
1173-NOEYG,High-Value,90.15,Month-to-month,27,No,0.1548230402129308
7929-SKFGK,High-Value,114.3,Two year,70,No,0.15463382677613888
5624-RYAMH,Low-Value,19.5,Month-to-month,9,No,0.15457119173791956
9793-WECQC,High-Value,95.3,Month-to-month,23,No,0.15453246841176937
4931-TRZWN,High-Value,71.95,Month-to-month,13,No,0.1544188586566172
1472-TNCWL,High-Value,94.7,Month-to-month,36,No,0.15421064598802972
6211-WHMYA,Low-Value,43.85,Month-to-month,64,No,0.154157938577238
9967-ATRFS,Low-Value,19.9,Month-to-month,19,No,0.15387981697984343
2105-PHWON,High-Value,95.0,Month-to-month,33,No,0.15387675588902003
6088-BXMRG,High-Value,98.85,Month-to-month,32,No,0.15383499482204802
3752-CQSJI,Low-Value,20.45,Month-to-month,13,No,0.15360340896823474
1436-ZMJAN,Low-Value,67.8,Month-to-month,10,No,0.15342949198702838
2120-SMPEX,Low-Value,20.15,Month-to-month,25,No,0.1533597611965316
9822-WMWVG,High-Value,106.5,Month-to-month,41,No,0.15335610343665085
0519-DRGTI,Low-Value,20.35,Month-to-month,20,No,0.15329155732786115
7299-GNVPL,High-Value,84.4,Month-to-month,23,No,0.15313700845335496
9705-ZJBCG,Low-Value,54.15,One year,13,No,0.1530456098957479
5382-TEMLV,Low-Value,50.9,Month-to-month,45,No,0.15259882013906925
6908-VVYHM,High-Value,90.65,Month-to-month,65,No,0.1523978032578244
6233-HXJMX,High-Value,89.3,Month-to-month,45,No,0.15234398662680573
6036-TTFYU,Low-Value,19.6,Month-to-month,16,No,0.15223272462333473
7407-SUJIZ,Low-Value,20.6,Month-to-month,25,No,0.15215362022304246
9168-INPSZ,High-Value,104.15,Month-to-month,44,No,0.1514436055943007
0820-FNRNX,Low-Value,66.7,Month-to-month,17,No,0.15129267221181744
6481-ESCNL,High-Value,100.55,Month-to-month,29,No,0.15122929692482195
0829-XXPLX,High-Value,89.4,Month-to-month,20,No,0.1510273188660453
3466-RITXD,High-Value,92.4,Month-to-month,26,No,0.1508312627175471
3639-XJHKQ,Low-Value,60.6,Month-to-month,19,No,0.1508213566669553
6035-RIIOM,High-Value,97.2,Two year,54,No,0.1506988366635526
9555-SAHUZ,Low-Value,54.5,Month-to-month,38,No,0.15063955648039104
0980-PVMRC,Low-Value,50.85,Month-to-month,40,No,0.15056950505999936
0082-OQIQY,High-Value,94.2,Month-to-month,29,No,0.15041930266706255
5973-EJGDP,High-Value,87.35,Month-to-month,51,No,0.1503728647341642
3126-WQMGH,Low-Value,52.15,Month-to-month,49,No,0.15034845984279166
2126-GSEGL,High-Value,84.8,Two year,70,No,0.1502379872112844
3744-ZBHON,Low-Value,20.2,Month-to-month,3,No,0.1502049602840532
4646-QZXTF,High-Value,81.25,Month-to-month,7,No,0.15006556526324952
9577-WJVCQ,Low-Value,54.45,Month-to-month,68,No,0.14991980364563162
2303-PJYHN,Low-Value,19.85,Month-to-month,2,No,0.1497545191197451
4422-QVIJA,Low-Value,50.15,Month-to-month,35,No,0.1492163000661292
4785-NKHCX,Low-Value,20.05,Month-to-month,5,No,0.1490424124468648
2782-JEEBU,Low-Value,36.0,Month-to-month,21,No,0.14903551374032353
2625-TRCZQ,Low-Value,49.65,Month-to-month,51,No,0.1490198718731502
7010-ZMVBF,Low-Value,20.45,Month-to-month,18,No,0.14875505438927883
8709-KRDVL,High-Value,100.0,Month-to-month,33,No,0.14871095315641777
0468-YRPXN,High-Value,98.8,Month-to-month,29,No,0.14865140394706472
7426-GSWPO,High-Value,103.5,Month-to-month,64,No,0.14847229452628993
5372-FBKBN,Low-Value,20.75,Month-to-month,21,No,0.14815847099614524
9860-LISIZ,Low-Value,20.35,Month-to-month,34,No,0.1480537789106229
2039-JONDJ,Low-Value,55.45,One year,27,No,0.1478450178112028
7746-QYVCO,Low-Value,55.85,One year,16,No,0.14773974673534843
1482-OXZSY,High-Value,100.4,Month-to-month,30,No,0.14722527319703352
5537-UXXVS,Low-Value,19.25,Month-to-month,20,No,0.14721336243975958
9350-VLHMB,High-Value,89.55,Month-to-month,67,No,0.1471707051532691
9931-DCEZH,Low-Value,54.4,One year,28,No,0.1471662585827544
0530-IJVDB,High-Value,114.6,Two year,70,No,0.14713715238538597
0730-KOAVE,High-Value,94.3,Month-to-month,30,No,0.1470770251461447
1641-BYBTK,Low-Value,20.2,Month-to-month,6,No,0.14706110801009767
7803-XOCCZ,High-Value,84.05,Month-to-month,52,No,0.1468414082875617
4946-EDSEW,Low-Value,19.25,Month-to-month,11,Yes,0.1466547798825123
9508-ILZDG,High-Value,96.35,Month-to-month,34,No,0.146019287570404
4712-AUQZO,Low-Value,33.6,Month-to-month,18,No,0.14550772470908377
9921-EZKBY,High-Value,95.3,Month-to-month,33,No,0.1453194955166763
5240-CAOYT,High-Value,87.55,Month-to-month,57,No,0.1452628086055368
5628-RKIFK,High-Value,101.55,Month-to-month,49,No,0.14522361478516874
7041-TXQJH,Low-Value,40.2,Month-to-month,37,No,0.14520670651698533
4947-DSMXK,High-Value,97.7,Month-to-month,34,No,0.14511828748219638
5482-VXSXJ,High-Value,93.2,Month-to-month,22,No,0.14505659588369105
3354-OADJP,Low-Value,54.25,One year,8,No,0.14484992339814806
6701-DHKWQ,Low-Value,51.35,Two year,61,No,0.14472908536594814
4277-BWBML,Low-Value,19.95,Two year,72,No,0.1446636985917463
3761-FLYZI,High-Value,108.8,Month-to-month,65,No,0.14458332118650227
7074-STDCN,Low-Value,40.6,Month-to-month,39,No,0.14455759430611834
7677-SJJJK,Low-Value,19.9,One year,8,No,0.14446881151352672
5716-LIBJC,High-Value,104.15,One year,13,No,0.14434642735774436
2883-ILGWO,High-Value,104.9,Month-to-month,57,No,0.1440710226057095
3623-FQBOX,Low-Value,19.95,Month-to-month,21,No,0.14405240432452163
7449-HVPIV,High-Value,90.4,Month-to-month,55,No,0.143936602472168
6131-IUNXN,Low-Value,20.2,Month-to-month,19,No,0.14374619452032003
1394-SUIUH,High-Value,85.15,Month-to-month,44,No,0.1434691528171193
7622-FWGEW,High-Value,85.65,Two year,56,No,0.14323583615319047
7234-KMNRQ,Low-Value,19.0,Month-to-month,4,No,0.1432140334517783
4402-FTBXC,High-Value,89.8,Month-to-month,54,No,0.1427597965652678
7542-CYDDM,Low-Value,20.05,Month-to-month,18,No,0.14275478445492706
4526-ZJJTM,High-Value,88.4,Month-to-month,25,No,0.14267104302856304
2573-GYRUU,High-Value,91.05,Month-to-month,48,No,0.14252639110040255
5899-OUVKV,High-Value,94.5,Month-to-month,31,No,0.14244665779348983
3374-PZLXD,Low-Value,19.7,Month-to-month,34,No,0.14197980294447354
8800-ZKRFW,High-Value,107.5,Month-to-month,30,No,0.14197395477463687
6988-CJEYV,High-Value,98.7,Month-to-month,49,No,0.14196624206578257
8818-DOPVL,High-Value,104.45,Month-to-month,46,No,0.14172612054836997
5302-BDJNT,High-Value,95.5,Month-to-month,35,No,0.14168604761746334
0690-SRQID,Low-Value,19.65,Month-to-month,4,No,0.14160562070744645
2430-RRYUW,Low-Value,54.8,One year,66,No,0.1414482883720788
1356-MKYSK,High-Value,78.65,Month-to-month,6,No,0.1413371037839101
3190-FZATL,Low-Value,19.95,Month-to-month,14,No,0.1413347021472362
0434-CSFON,High-Value,100.5,Month-to-month,47,No,0.14095581089753353
2065-MMKGR,High-Value,71.0,One year,29,No,0.1406185079364302
2243-FNMMI,Low-Value,19.4,Month-to-month,20,No,0.1406022524378842
7048-GXDAY,High-Value,106.4,Month-to-month,39,No,0.14051254421450524
1094-BKOSX,Low-Value,51.0,One year,45,No,0.14049002697024274
5419-KLXBN,High-Value,89.15,Month-to-month,25,Yes,0.140292946660649
8681-ICONS,Low-Value,20.65,Month-to-month,29,No,0.14009818282165845
3011-WQKSZ,Low-Value,20.0,Month-to-month,19,No,0.14003040972910652
5539-HIVAK,Low-Value,25.7,Month-to-month,28,No,0.13998650506928964
4541-RMRLG,Low-Value,19.25,Month-to-month,7,Yes,0.13981940566303477
5837-LXSDN,Low-Value,58.85,One year,21,No,0.13978271986712268
0303-WMMRN,Low-Value,19.25,Month-to-month,5,No,0.13976998074626418
3717-LNXKW,High-Value,91.7,Month-to-month,38,No,0.1395891740176356
8383-SGHJU,Low-Value,59.4,One year,33,No,0.13957753524961822
7989-AWGEH,Low-Value,39.2,Month-to-month,49,No,0.1395407766339266
2675-DHUTR,High-Value,98.9,Month-to-month,58,No,0.13953151594806162
2055-SIFSS,Low-Value,51.65,Month-to-month,55,No,0.1394912027477775
8450-UYIBU,Low-Value,39.85,Month-to-month,35,No,0.1394195344647035
3638-DIMPH,Low-Value,43.8,One year,13,No,0.1394142245626469
2599-CZABP,Low-Value,44.6,One year,14,No,0.1394142245626469
5832-EXGTT,Low-Value,60.2,Month-to-month,29,No,0.13907463530497
6648-INWPS,Low-Value,20.15,Month-to-month,16,No,0.1389385393749829
7422-WNBTY,High-Value,93.35,Month-to-month,33,No,0.13893543172303743
1125-SNVCK,Low-Value,43.8,Month-to-month,49,No,0.13877455858667356
0420-HLGXF,High-Value,99.75,Month-to-month,39,No,0.1386178540547972
4450-MDZFX,High-Value,74.35,Month-to-month,60,No,0.13830933878575336
0201-MIBOL,High-Value,102.4,Two year,66,No,0.13828315960488666
7251-XFOIL,High-Value,89.2,Month-to-month,61,No,0.13825199101076588
6621-YOBKI,Low-Value,20.35,Month-to-month,5,No,0.13824226168000653
9294-TDIPC,Low-Value,20.2,Month-to-month,5,No,0.13824226168000653
1257-SXUXQ,Low-Value,19.45,Month-to-month,5,No,0.13824226168000653
0674-DGMAQ,High-Value,93.5,Month-to-month,32,No,0.1382098804301986
7047-YXDMZ,Low-Value,20.0,Month-to-month,21,No,0.13805213439016986
4830-FAXFM,Low-Value,24.1,Month-to-month,19,No,0.1373270411662313
5245-VDBUR,Low-Value,35.45,One year,52,No,0.1372772227353447
0895-LMRSF,Low-Value,64.9,One year,23,No,0.13723956779016674
9693-XMUOB,Low-Value,50.25,Month-to-month,59,No,0.1370984472726445
9364-YKUVW,Low-Value,19.8,Month-to-month,15,No,0.13691965822108965
0447-RXSGD,High-Value,99.65,Month-to-month,24,No,0.13678346634926133
8404-VLQFB,Low-Value,25.25,Month-to-month,15,No,0.13677281496622212
9313-QOLTZ,Low-Value,20.9,Month-to-month,26,No,0.1367190801855256
9046-JBFWA,Low-Value,19.15,Month-to-month,27,No,0.1367190801855256
9133-AYJZG,High-Value,98.7,Month-to-month,23,No,0.13669239962402238
2129-ALKBS,Low-Value,26.2,Month-to-month,40,No,0.1366297228272568
1035-IPQPU,High-Value,103.5,Month-to-month,63,No,0.1365542236755925
2452-KDRRH,High-Value,101.4,Month-to-month,67,No,0.13651402597047874
9681-KYGYB,High-Value,88.2,Month-to-month,49,No,0.13639100071490348
5110-CHOPY,Low-Value,53.6,Two year,60,No,0.13606474409160724
3545-CNWRG,High-Value,98.35,Month-to-month,49,No,0.13588082052912814
3898-GUYTS,High-Value,97.05,Month-to-month,45,No,0.1358319762566558
5846-QFDFI,High-Value,88.6,Month-to-month,33,No,0.1355971741817621
2716-GFZOR,High-Value,86.1,Month-to-month,43,No,0.13557785040561943
8457-XIGKN,Low-Value,19.6,Month-to-month,20,No,0.135569004997114
3077-RSNTJ,Low-Value,19.7,Month-to-month,6,No,0.13542857884186726
8033-ATFAS,Low-Value,59.85,Month-to-month,39,No,0.13533039429692992
2832-SCUCO,Low-Value,19.9,Month-to-month,2,No,0.13530633882579463
2164-SOQXL,Low-Value,20.05,Month-to-month,20,No,0.13482451149158256
2931-SVLTV,High-Value,110.1,Month-to-month,40,No,0.1347487372510759
6116-RFVHN,High-Value,100.45,Month-to-month,34,No,0.13455405896136732
6897-UUBNU,High-Value,89.65,Month-to-month,29,No,0.1340703431634243
8384-FZBJK,High-Value,100.6,Month-to-month,57,No,0.13395353046298006
5260-UMPWX,Low-Value,20.25,Month-to-month,26,No,0.1333436808342956
4114-QMKVN,Low-Value,68.75,One year,56,No,0.13303359466372178
7919-ZODZZ,Low-Value,65.9,One year,10,No,0.13287262618927256
6633-SYEUS,High-Value,83.2,Month-to-month,23,No,0.13260971022430326
6377-WHAOX,High-Value,106.15,Month-to-month,60,No,0.1325479309934305
9699-UBQFS,High-Value,94.5,Month-to-month,43,No,0.13228905986203685
3174-RKMOW,High-Value,109.95,Month-to-month,35,No,0.13201441808063086
3154-CFSZG,High-Value,90.05,Month-to-month,47,No,0.13174055761310893
5149-TGWDZ,High-Value,104.55,One year,21,No,0.1316970738500062
1666-JXLKU,High-Value,100.05,Month-to-month,37,No,0.13149032210418446
2874-YXVVA,High-Value,105.1,Month-to-month,34,No,0.13105212871270341
1877-HKBQX,Low-Value,54.6,One year,11,No,0.13076459610713284
9732-EQMWY,High-Value,99.4,Month-to-month,49,No,0.1302612463630667
8644-XYTSV,Low-Value,40.15,Month-to-month,42,No,0.13014991535801482
6599-GZWCM,High-Value,74.65,One year,13,No,0.13007995943239423
5478-JJVZK,Low-Value,60.9,Month-to-month,33,No,0.13003898919458443
9578-FOMUK,Low-Value,24.8,Month-to-month,15,No,0.1300113162554114
8782-LKFPK,High-Value,90.4,Month-to-month,44,No,0.129640720263803
8317-BVKSO,Low-Value,20.05,Month-to-month,14,No,0.1296078905752194
9373-WSLOY,Low-Value,50.0,Month-to-month,33,No,0.12953540707971972
0484-FFVBJ,Low-Value,64.85,One year,32,No,0.12940765696650405
2928-HLDBA,Low-Value,20.7,Month-to-month,6,No,0.12938871249116402
0376-OIWME,High-Value,93.6,Month-to-month,36,No,0.12937319879682685
0114-PEGZZ,High-Value,107.55,Month-to-month,33,No,0.12928216552780689
4332-MUOEZ,High-Value,94.3,One year,20,No,0.12913496489504372
7143-BQIBA,Low-Value,62.25,Month-to-month,10,No,0.12900275029708866
5331-RGMTT,High-Value,99.05,Month-to-month,54,No,0.12896663241686787
5647-FXOTP,High-Value,105.9,Month-to-month,60,No,0.12885291048406095
0707-HOVVN,High-Value,75.5,Two year,70,No,0.12877925335853416
9943-VSZUV,High-Value,75.7,Month-to-month,67,No,0.1287500723370307
1530-ZTDOZ,Low-Value,40.65,Month-to-month,49,No,0.1287285841177662
5012-YSPJJ,Low-Value,54.35,Month-to-month,31,No,0.12854836584971563
4203-QGNZA,Low-Value,20.25,Month-to-month,28,No,0.12833020460113562
0487-VVUVK,Low-Value,19.15,Month-to-month,25,No,0.12833020460113562
1751-NCDLI,High-Value,98.85,Month-to-month,46,No,0.12827139049419992
6030-REHUX,High-Value,110.85,Month-to-month,28,No,0.1281832514971024
5712-AHQNN,High-Value,91.65,Month-to-month,43,No,0.12790845997060363
8548-AWOFC,Low-Value,63.85,Month-to-month,66,No,0.1276919547064217
5649-RXQTV,High-Value,99.0,Month-to-month,51,No,0.12767426848787247
7610-TVOPG,Low-Value,26.35,Month-to-month,15,No,0.12762538467828027
6851-WEFYX,High-Value,100.8,Month-to-month,35,No,0.12761557083282635
5857-XRECV,Low-Value,20.5,One year,2,No,0.12754355751172575
6469-QJKZW,Low-Value,20.15,Month-to-month,4,No,0.12729839877061155
0516-QREYC,Low-Value,20.3,Month-to-month,24,No,0.12721112101455886
2458-EOMRE,Low-Value,64.05,Month-to-month,11,No,0.1269763683692486
2073-QBVBI,Low-Value,35.45,One year,41,No,0.12697095881245
2208-UGTGR,High-Value,98.6,Month-to-month,56,No,0.1268126649412321
5213-TWWJU,High-Value,91.0,Month-to-month,28,No,0.12677916284412385
4385-ZKVNW,Low-Value,54.9,Month-to-month,44,No,0.12672939224132349
8421-WZOOW,High-Value,95.3,Month-to-month,57,No,0.12665069860929687
2511-MORQY,Low-Value,54.9,One year,50,No,0.12642714505206126
8883-GRDWQ,Low-Value,54.0,One year,20,No,0.1262571985364233
2800-QQUSO,High-Value,100.3,Month-to-month,42,No,0.12618042635700236
2386-OWURY,High-Value,95.3,Month-to-month,58,No,0.12610746230476003
4803-LBYPN,Low-Value,20.8,Month-to-month,34,No,0.12608458263763872
8387-UGUSU,Low-Value,20.05,Month-to-month,15,No,0.12578003262360657
4719-UMSIY,Low-Value,19.65,Month-to-month,6,No,0.12572190559962176
3926-YZVVX,Low-Value,50.05,One year,41,No,0.12550828588895985
5055-MGMGF,High-Value,105.05,Month-to-month,65,No,0.12549631011015216
5982-FPVQN,High-Value,95.15,Month-to-month,37,No,0.12532025676990824
2267-WTPYD,High-Value,94.0,Month-to-month,57,No,0.12531271602029126
9074-KGVOX,Low-Value,39.45,Month-to-month,50,No,0.12497079204054921
7801-CEDNV,Low-Value,48.7,One year,27,No,0.12489073859369061
1833-TCXKK,High-Value,107.75,Month-to-month,45,No,0.12484424974727375
6502-KUGLL,Low-Value,59.45,Month-to-month,14,No,0.12479160000915178
5447-VYTKW,Low-Value,53.45,Month-to-month,27,No,0.12468607206854017
0089-IIQKO,High-Value,99.95,Month-to-month,39,No,0.12460776403876066
0899-LIIBW,High-Value,100.85,Month-to-month,34,No,0.12426427831145176
6064-PUPMC,Low-Value,57.2,One year,23,No,0.12389795447955354
3062-ICYZQ,High-Value,93.8,Month-to-month,51,No,0.1238721102959662
5118-MUEYH,High-Value,105.1,Month-to-month,48,No,0.12373399382621741
9971-ZWPBF,High-Value,108.9,Month-to-month,34,No,0.12367632000593319
2133-TSRRM,High-Value,105.35,Month-to-month,34,No,0.12357620241054593
2882-DDZPG,Low-Value,19.45,Month-to-month,12,No,0.12346378947010855
7284-ZZLOH,Low-Value,53.3,Two year,45,No,0.12345296354418908
6366-XIVKZ,Low-Value,63.15,Month-to-month,13,No,0.12329446784081607
2207-QPJED,High-Value,90.0,Month-to-month,37,No,0.1232644703879368
5312-UXESG,High-Value,98.05,Month-to-month,41,No,0.12305873588654245
5062-CJJKH,Low-Value,53.65,One year,25,No,0.12268901270431835
3932-IJWDZ,High-Value,103.65,Month-to-month,45,No,0.12263845678444475
4128-ETESU,High-Value,99.7,Month-to-month,47,No,0.12220996645989303
6752-APNJL,Low-Value,54.5,Month-to-month,42,No,0.12185033014180133
4840-ORQXB,High-Value,104.75,Month-to-month,56,No,0.12182959966438942
0111-KLBQG,High-Value,93.95,Month-to-month,32,No,0.1217128584689577
2792-VPPET,Low-Value,20.5,Month-to-month,3,No,0.1216645791556178
7968-QUXNS,Low-Value,18.95,Month-to-month,6,No,0.12163158046867999
6972-SNKKW,Low-Value,20.0,Month-to-month,6,No,0.12163158046867999
5955-EPOAZ,Low-Value,20.95,Month-to-month,6,No,0.12163158046867999
6490-FGZAT,Low-Value,20.65,Month-to-month,6,No,0.12163158046867999
7623-HKYRK,Low-Value,19.7,Month-to-month,6,No,0.12163158046867999
9313-CDOGY,Low-Value,19.6,Month-to-month,38,No,0.1216156360936761
7901-TBKJX,High-Value,101.05,Month-to-month,56,No,0.12156901272307577
4712-UYOOI,Low-Value,20.0,Month-to-month,20,No,0.12154740409607204
2080-CAZNM,High-Value,104.4,Month-to-month,41,No,0.121534136481257
9033-EOXWV,High-Value,74.05,One year,12,Yes,0.12149484294388581
6563-VNPMN,High-Value,85.7,Month-to-month,45,No,0.12145139358526989
4724-WXVWF,High-Value,95.4,Month-to-month,48,No,0.1214235956943136
1427-VERSM,High-Value,98.7,Month-to-month,56,No,0.12140191872471108
6847-KJLTS,High-Value,100.4,Month-to-month,58,No,0.12066324550057712
9469-WEJBT,High-Value,90.35,Month-to-month,37,No,0.12051120988982209
2252-ISRNH,High-Value,90.35,One year,9,No,0.12046325996711445
9501-UKKNL,Low-Value,51.7,Month-to-month,59,No,0.12043490578048419
1956-YIFGE,High-Value,100.05,One year,22,No,0.12022138075007627
2786-GCDPI,High-Value,104.95,Month-to-month,50,No,0.12018811505026968
6967-QIQRV,High-Value,101.9,One year,15,No,0.1199709763192012
3402-XRIUO,Low-Value,63.55,Month-to-month,22,No,0.11989678606674667
9688-YGXVR,High-Value,88.15,Month-to-month,44,No,0.11976419126844517
4418-LZMSV,Low-Value,61.8,Month-to-month,13,No,0.11975164090073966
5325-UWTWJ,High-Value,90.55,Month-to-month,31,No,0.1195597786552375
7233-DRTRF,High-Value,102.4,Month-to-month,63,No,0.1193823127547088
8671-KKKOS,Low-Value,45.55,Month-to-month,46,No,0.11924101268296289
4062-HBMOS,High-Value,103.05,Month-to-month,52,No,0.11920425378592236
2144-BFDSO,High-Value,108.75,Month-to-month,50,No,0.11862478445544979
6461-PPAXN,Low-Value,54.95,One year,35,No,0.1185971711828206
8785-CJSHH,High-Value,99.8,Month-to-month,60,No,0.11805288563209627
0096-FCPUF,Low-Value,64.5,Month-to-month,30,No,0.11800231773834334
5724-BIDBU,Low-Value,55.35,One year,49,No,0.11792766694637606
3146-JTQHR,Low-Value,19.6,One year,10,No,0.11791088934583448
4080-IIARD,High-Value,76.2,Month-to-month,13,No,0.11768587402679782
2851-MMUTZ,Low-Value,56.15,Month-to-month,27,No,0.11759853951079764
1735-XMJVH,Low-Value,19.35,Month-to-month,8,No,0.11759383081033928
2371-JUNGC,Low-Value,20.25,Month-to-month,11,No,0.11728889957320521
1386-ZIKUV,Low-Value,18.95,Month-to-month,7,No,0.11721428574156315
3588-WSTTJ,High-Value,99.05,Month-to-month,35,No,0.1171639112508894
5863-OOKCL,Low-Value,18.85,Month-to-month,10,No,0.11697654882110305
4464-JCOLN,Low-Value,19.85,One year,2,Yes,0.11684510703240258
6806-YDEUL,Low-Value,19.5,Month-to-month,6,No,0.11679646835739683
0689-DSXGL,High-Value,85.8,Month-to-month,52,No,0.1166324943802936
1852-XEMDW,Low-Value,65.05,Month-to-month,22,No,0.11655648452342843
2085-JVGAD,Low-Value,20.35,Month-to-month,37,No,0.11640402597958613
0098-BOWSO,Low-Value,19.4,Month-to-month,27,No,0.11637608493706823
0142-GVYSN,Low-Value,20.3,Month-to-month,26,No,0.11637608493706823
0536-BGFMZ,Low-Value,20.5,Month-to-month,28,No,0.11616714574872879
5949-HGVJL,High-Value,73.05,Month-to-month,26,No,0.11557641547317118
7839-NUIAA,Low-Value,59.8,Month-to-month,61,No,0.11557298045970384
5002-GCQFH,High-Value,93.85,Month-to-month,49,No,0.11515947713544188
2347-WKKAE,High-Value,94.4,Month-to-month,42,No,0.11481167815973434
2519-TWKFS,Low-Value,55.1,One year,25,No,0.11474733772738212
8535-SFUTN,High-Value,106.45,Month-to-month,61,No,0.11463260879988643
7129-AZJDE,High-Value,78.95,One year,34,No,0.11452812744025856
3164-YAXFY,Low-Value,53.75,Month-to-month,57,No,0.1144767108132993
0980-FEXWF,Low-Value,50.35,One year,26,No,0.11440645832683641
7956-XQWGU,Low-Value,19.4,Month-to-month,27,No,0.11435285551802561
6862-CQUMB,High-Value,96.1,Month-to-month,37,No,0.11419160513197722
1563-IWQEX,Low-Value,19.7,Month-to-month,12,No,0.11417981399979782
2969-WGHQO,Low-Value,69.45,One year,7,No,0.11402552600277771
0048-LUMLS,High-Value,91.2,One year,37,No,0.11357474328845242
4198-VFOEA,Low-Value,33.6,One year,12,No,0.11347438604763377
1051-EQPZR,Low-Value,19.6,Month-to-month,44,No,0.1129536062921982
9544-PYPSJ,High-Value,96.1,Month-to-month,62,No,0.11288355987919763
1784-BXEFA,Low-Value,20.55,Month-to-month,10,No,0.1128055814199422
8631-WUXGY,High-Value,99.8,Month-to-month,46,No,0.1126762885306815
9367-TCUYN,Low-Value,20.1,Month-to-month,12,No,0.11251137295029016
4007-NHVHI,High-Value,96.85,Month-to-month,56,No,0.11184655724279079
7954-MLBUN,High-Value,99.45,Two year,31,No,0.11174817380429344
6075-SLNIL,High-Value,95.1,Month-to-month,38,No,0.11165379242851191
4983-CLMLV,High-Value,102.7,Month-to-month,52,No,0.11085209926778865
1614-JBEBI,Low-Value,20.7,Month-to-month,8,No,0.11072440625865435
3352-ALMCK,High-Value,102.65,Month-to-month,40,No,0.11068386971925812
7982-VCELR,High-Value,94.8,Month-to-month,36,No,0.11043890115644146
2958-NHPPS,Low-Value,20.85,Month-to-month,23,No,0.1104176452717503
5025-GOOKI,Low-Value,18.9,Month-to-month,20,No,0.11026673603042764
5777-KJIRB,Low-Value,50.25,One year,40,No,0.10949692751870703
1932-UEDCX,High-Value,100.6,Month-to-month,33,No,0.10941288046976881
9169-BSVIN,High-Value,74.75,Month-to-month,12,No,0.10922572965384161
4879-GZLFH,High-Value,92.15,Month-to-month,42,No,0.10900168296315753
1469-LBJQJ,High-Value,105.2,Month-to-month,66,No,0.10898244423942743
8865-TNMNX,Low-Value,49.55,One year,10,No,0.10894702427595801
3162-ZJZFU,High-Value,92.55,Month-to-month,53,No,0.10875367239841385
7666-WKRON,High-Value,80.45,Two year,39,Yes,0.10834632858229064
5461-QKNTN,High-Value,94.3,Month-to-month,43,No,0.10833549966245241
6891-JPYFF,High-Value,105.25,Month-to-month,48,No,0.10825125471473411
4760-THGOT,High-Value,94.1,Month-to-month,43,No,0.1081279995791988
3528-HFRIQ,Low-Value,52.3,Month-to-month,71,No,0.10802907236402337
6522-YRBXD,High-Value,94.55,Month-to-month,35,No,0.10736295569814
4191-XOVOM,High-Value,105.4,Month-to-month,63,No,0.10732136381106962
7964-YESJC,Low-Value,66.3,Month-to-month,24,No,0.10698286999133813
5756-JYOJT,Low-Value,64.9,One year,11,No,0.10684474994011633
2475-MROZF,High-Value,95.0,Month-to-month,30,No,0.10680955688352628
1930-WNXSB,High-Value,92.85,Month-to-month,58,No,0.10672982956615229
1548-FEHVL,High-Value,106.2,Month-to-month,61,No,0.10641378433602623
9758-MFWGD,Low-Value,29.9,One year,48,No,0.10638337136198432
2550-AEVRU,Low-Value,53.45,One year,57,No,0.10631776852048132
3638-WEABW,Low-Value,59.9,Two year,58,No,0.1060549484592189
5339-TJFEK,High-Value,105.5,Month-to-month,62,No,0.10598605859527338
3005-TYFRD,High-Value,103.65,Month-to-month,55,No,0.10595400298681273
6353-BRMMA,High-Value,104.1,Month-to-month,54,No,0.10595400298681273
3587-PMCOY,High-Value,98.9,One year,10,No,0.10591507506567209
4835-YSJMR,Low-Value,49.8,Two year,39,No,0.10578888065188337
2483-XSSMZ,Low-Value,47.85,One year,39,No,0.10557350384935353
0177-PXBAT,High-Value,109.9,Month-to-month,33,No,0.1055162455367816
4123-FCVCB,High-Value,75.85,One year,12,No,0.10549007443351188
2259-OUUSZ,Low-Value,35.5,One year,7,No,0.10537728725855605
4188-FRABG,High-Value,103.05,Month-to-month,57,No,0.10537712698242696
6784-XYJAE,Low-Value,55.8,One year,36,No,0.10518129939866454
8812-ZRHFP,High-Value,86.45,One year,30,No,0.10516443788981279
0983-TATYJ,Low-Value,51.45,One year,33,No,0.10479965570917475
5337-IIWKZ,Low-Value,44.85,Month-to-month,34,No,0.10437074955528541
5186-PEIZU,Low-Value,19.25,Month-to-month,35,No,0.10411537020172482
1222-KJNZD,Low-Value,20.4,Month-to-month,40,No,0.10411537020172482
3850-OKINF,Low-Value,66.2,One year,71,No,0.10411402046122614
7789-CRUVC,High-Value,94.2,Month-to-month,61,No,0.10404610890381452
2277-DJJDL,High-Value,99.0,Month-to-month,60,No,0.1040236687191015
3970-XGJDU,Low-Value,19.2,Two year,62,No,0.10391539512509276
8668-KNZTI,Low-Value,53.75,One year,52,No,0.10388715740615184
0489-WMEMG,Low-Value,49.45,One year,23,No,0.10370064125483221
1703-MGIAB,Low-Value,69.0,Month-to-month,17,No,0.10369948588880944
5827-MWCZK,High-Value,96.95,Month-to-month,56,No,0.10369056723989724
8474-UMLNT,Low-Value,67.8,Month-to-month,13,No,0.10368090768328245
2669-OIDSD,High-Value,100.05,Month-to-month,48,No,0.10345143983379428
8756-RDDLT,Low-Value,44.95,Month-to-month,68,No,0.10336813933620452
0377-JBKKT,Low-Value,57.95,Month-to-month,22,No,0.10294638243568623
7799-DSEWS,Low-Value,68.35,Month-to-month,18,No,0.10278907322638857
0365-TRTPY,High-Value,91.2,Month-to-month,37,No,0.10258442710724579
1020-JPQOW,High-Value,90.55,Month-to-month,56,No,0.10237188827091108
4776-XSKYQ,Low-Value,30.25,One year,12,No,0.10223936441753595
2697-NQBPF,High-Value,105.35,Month-to-month,34,No,0.102084350740404
2359-KLTEK,High-Value,94.9,Month-to-month,41,No,0.10205146773947826
1685-BQULA,High-Value,93.4,Month-to-month,40,No,0.10205146773947826
5274-XHAKY,High-Value,94.3,Month-to-month,41,No,0.10205146773947826
8189-HBVRW,High-Value,90.8,Month-to-month,53,No,0.10195056491874192
1171-TYKUR,Low-Value,25.4,Month-to-month,47,No,0.1018859605255383
9776-OJUZI,High-Value,95.45,Month-to-month,65,No,0.10167330389099993
3887-PBQAO,Low-Value,25.9,One year,45,No,0.10146746837825249
5893-PYOLZ,High-Value,81.8,Two year,56,No,0.10138554879108982
9894-QMIMJ,Low-Value,55.8,One year,23,No,0.10132816152386467
1430-SFQSA,Low-Value,35.6,One year,29,No,0.10126925354709768
4999-IEZLT,Low-Value,29.45,One year,66,No,0.100934401286795
6303-KFWSL,Low-Value,55.25,One year,29,No,0.10086991478223166
6300-BWMJX,High-Value,93.35,Month-to-month,59,No,0.10045909239099765
4657-FWVFY,High-Value,96.35,Month-to-month,40,No,0.10044195361572349
3524-WQDSG,High-Value,99.3,Month-to-month,43,No,0.10044195361572349
7576-JMYWV,High-Value,110.2,Month-to-month,46,No,0.10022978989972225
8570-KLJYJ,Low-Value,54.45,One year,36,No,0.10019778884249893
3898-BSJYF,High-Value,73.55,One year,10,No,0.10015106782032684
3468-DRVQJ,Low-Value,70.3,One year,10,No,0.09962731638943664
8677-HDZEE,High-Value,105.45,Month-to-month,56,No,0.09955139732517063
4010-YLMVT,High-Value,106.6,Month-to-month,56,No,0.09955139732517063
9919-YLNNG,High-Value,103.8,Month-to-month,42,No,0.09955073733398624
5701-GUXDC,Low-Value,35.4,One year,26,No,0.09916522132888407
5131-PONJI,High-Value,90.4,Month-to-month,49,No,0.09904474778989165
9762-YAQAA,High-Value,81.4,One year,39,No,0.09902145457175994
3097-PYWXL,Low-Value,19.95,Month-to-month,4,No,0.09892647968578501
5961-VUSRV,Low-Value,19.35,One year,12,No,0.09819532702700189
2096-XOTMO,Low-Value,19.35,Month-to-month,16,No,0.09804950573990079
6510-UPNKS,Low-Value,24.8,One year,23,No,0.09786137924411646
1621-YNCJH,High-Value,106.05,Two year,36,No,0.09746277242155482
4891-NLUBA,Low-Value,61.45,Two year,61,No,0.09741377208686432
0943-ZQPXH,High-Value,92.95,Month-to-month,44,No,0.09730626776613986
5686-CMAWK,High-Value,86.75,One year,17,No,0.0969949547545548
9839-ETQOE,Low-Value,40.45,Month-to-month,43,No,0.09677980253548243
8963-MQVYN,Low-Value,20.55,Month-to-month,22,No,0.0964565396369408
8003-EWNDZ,Low-Value,21.2,Month-to-month,10,No,0.09640076349984802
1485-YDHMM,High-Value,93.25,Month-to-month,52,No,0.09627130654108411
5993-BQHEA,Low-Value,20.05,One year,12,No,0.0960981886555896
7105-MXJLL,Low-Value,60.7,One year,26,No,0.09587578363450845
1991-VOPLL,Low-Value,19.05,Month-to-month,9,No,0.09573180101926225
1353-GHZOS,Low-Value,59.75,One year,22,No,0.09528029113623603
4163-KIUHY,Low-Value,25.6,Month-to-month,35,No,0.09518541747144114
1984-GPTEH,Low-Value,25.15,Month-to-month,29,No,0.09518541747144114
7107-UBYKY,Low-Value,25.75,Month-to-month,35,No,0.09518541747144114
1013-QCWAM,High-Value,100.8,Month-to-month,66,No,0.09517378712702149
7595-EHCDL,Low-Value,50.6,Month-to-month,32,No,0.0951600757412847
4070-OKWVH,High-Value,94.6,Month-to-month,52,No,0.0951530247424233
7508-KBIMB,Low-Value,56.25,One year,24,No,0.09510180392523176
1744-JHKYS,Low-Value,24.7,Month-to-month,34,No,0.09484545041833874
6094-ZIVKX,Low-Value,54.45,One year,68,No,0.09477156625632366
8631-XVRZL,Low-Value,20.15,One year,9,No,0.0947219396376652
5160-UXJED,Low-Value,44.6,One year,17,No,0.09470712541983581
6967-PEJLL,Low-Value,40.2,One year,37,No,0.09448501782927801
3372-CDXFJ,Low-Value,24.5,One year,13,No,0.09434817438294597
1728-CXQBE,High-Value,94.25,Month-to-month,64,No,0.09433414211228998
7228-PAQPD,Low-Value,59.1,One year,14,No,0.09432389590167366
6953-PBDIN,High-Value,72.95,Two year,70,No,0.09421981742028283
9987-LUTYD,Low-Value,55.15,One year,13,No,0.09382464581374282
5067-WJEUN,Low-Value,54.2,Two year,67,No,0.09362091216367378
9220-CXRSC,Low-Value,61.4,Two year,69,No,0.09362091216367378
0221-NAUXK,Low-Value,19.95,One year,10,No,0.09350912829611663
3316-UWXUY,High-Value,93.5,Month-to-month,50,No,0.09330107580871343
8547-NSBBO,High-Value,96.75,Month-to-month,35,No,0.09320283479442322
2378-VTKDH,High-Value,104.35,Month-to-month,65,No,0.09294159969278307
3739-YBWAB,Low-Value,35.35,One year,36,No,0.09255673557218642
9467-ROOLM,Low-Value,19.05,Month-to-month,25,No,0.09252080170927274
3530-VWVGU,Low-Value,19.9,Month-to-month,22,No,0.09252080170927274
1760-CAZHT,Low-Value,20.8,Month-to-month,25,No,0.09252080170927274
7266-GSSJX,Low-Value,20.45,Month-to-month,11,No,0.09249194022136399
6082-GLJIX,Low-Value,19.25,Month-to-month,18,No,0.09239162579933023
2267-FPIMA,High-Value,94.4,Month-to-month,50,No,0.09172448859593212
4377-VDHYI,High-Value,90.8,One year,32,No,0.09166992605534771
9408-HRXRK,High-Value,105.15,Month-to-month,45,No,0.0914635503206123
2270-CHBFN,High-Value,95.1,Month-to-month,44,No,0.09143120724450132
0060-FUALY,High-Value,94.75,Month-to-month,59,No,0.09135811196522287
3521-HTQTV,Low-Value,26.1,Two year,34,No,0.09112291334596005
5630-IXDXV,High-Value,106.35,Month-to-month,47,No,0.0910424819545801
2432-TFSMK,High-Value,89.6,One year,18,No,0.0908953199900704
2703-AMTUL,Low-Value,53.65,One year,36,No,0.0906784297555396
0076-LVEPS,Low-Value,45.0,Month-to-month,29,No,0.09065366795400162
6627-CFOSN,High-Value,99.45,Month-to-month,59,No,0.09040782224132277
2233-TXSIU,Low-Value,44.45,One year,17,No,0.0903291463729935
9754-CLVZW,Low-Value,38.85,Month-to-month,26,No,0.09028395097360593
8050-WYBND,Low-Value,49.45,One year,22,No,0.08998769800352303
4918-FYJNT,High-Value,90.45,Month-to-month,55,No,0.08987118961288285
2150-WLKUW,Low-Value,63.9,One year,40,No,0.08965540191279635
4291-YZODP,Low-Value,20.05,One year,7,No,0.08954790802677863
8755-IWJHN,High-Value,95.35,Month-to-month,69,No,0.08954673136036298
5170-PTRKA,Low-Value,35.8,One year,49,No,0.08941083356325671
1110-KYLGQ,High-Value,108.25,Month-to-month,63,No,0.08935262697261927
8065-BVEPF,High-Value,99.1,Month-to-month,65,No,0.08934688241110196
4194-FJARJ,Low-Value,60.0,Two year,54,No,0.08924167232857809
8272-ONJLV,High-Value,95.7,One year,12,No,0.08892583764213569
2740-JFBOK,Low-Value,24.0,Month-to-month,10,No,0.08884923737194102
4619-EVPHY,High-Value,91.0,One year,20,No,0.08857794205380343
2351-RRBUE,Low-Value,20.65,One year,7,No,0.0885468881883317
2316-ESMLS,Low-Value,33.15,One year,12,No,0.08854423362092038
9309-BZGNT,Low-Value,29.8,One year,69,No,0.08854360921136006
9350-ZXYJC,Low-Value,25.3,Two year,4,No,0.08846084068041365
6168-YBYNP,High-Value,111.35,Month-to-month,59,No,0.08815369950943086
9058-HRZSV,High-Value,94.4,Month-to-month,65,No,0.08791104485917062
0523-VNGTF,Low-Value,50.5,Month-to-month,52,No,0.08788563393147383
0946-FKYTX,Low-Value,30.1,One year,52,No,0.08786929381895649
9503-XJUME,Low-Value,19.65,One year,52,No,0.08775889041597917
7470-DYNOE,Low-Value,61.1,One year,53,No,0.08764664250011471
1898-JSNDC,Low-Value,58.6,One year,39,No,0.08750697444084275
1680-VDCWW,Low-Value,19.8,One year,12,No,0.087460258766948
1985-MBRYP,Low-Value,19.65,Two year,43,No,0.08739291740443848
8350-NYMVI,Low-Value,41.1,Month-to-month,39,No,0.08728339383014097
9619-GSATL,Low-Value,55.45,One year,43,No,0.08690860887753173
8672-OAUPW,Low-Value,47.85,One year,51,No,0.08687087685212899
2959-EEXWB,Low-Value,50.9,Month-to-month,45,No,0.08686483685441936
4194-WHFCB,High-Value,96.65,Month-to-month,59,No,0.08686351869528637
4553-DVPZG,High-Value,101.35,Month-to-month,62,No,0.08674016871402125
0487-RPVUM,High-Value,99.4,Month-to-month,61,No,0.08665739990166686
3648-GZPHF,Low-Value,36.25,One year,32,No,0.08657973344709502
6416-JNVRK,Low-Value,55.65,One year,46,No,0.08640299198504182
5498-IBWPI,Low-Value,49.4,One year,66,No,0.08638418445663962
8198-RKSZG,High-Value,80.45,Month-to-month,14,No,0.08625910400980284
8898-KASCD,Low-Value,35.55,One year,39,No,0.08619636381524899
5804-HYIEZ,High-Value,106.05,Month-to-month,70,No,0.08613894531874024
8652-YHIYU,High-Value,79.5,One year,16,No,0.08588673965541924
1834-ABKHQ,Low-Value,50.95,One year,52,No,0.08575509091454055
3205-MXZRA,Low-Value,59.45,One year,26,No,0.08572637584868809
5315-CKEQK,Low-Value,51.0,One year,28,No,0.0851765228459354
9495-REDIY,Low-Value,40.65,One year,25,No,0.08516744345693535
1142-IHLOO,High-Value,87.55,One year,51,No,0.08515506705478754
5384-ZTTWP,Low-Value,19.8,Month-to-month,15,No,0.08506831953704702
0723-VSOBE,Low-Value,34.2,One year,45,No,0.0850042904680032
1853-ARAAQ,Low-Value,50.35,Month-to-month,26,No,0.08495899924425757
1929-ZCBHE,Low-Value,40.3,One year,47,No,0.08489916944962882
3800-LYTRK,Low-Value,55.7,One year,14,No,0.08449837271775365
9750-BOOHV,Low-Value,30.15,One year,32,No,0.08445610147547274
5003-OKNNK,Low-Value,20.35,One year,15,No,0.08444333736186288
6994-ORCWG,Low-Value,54.25,One year,14,No,0.08443782499385437
0128-MKWSG,Low-Value,45.8,Month-to-month,26,No,0.08436067899807127
9798-DRYDS,Low-Value,61.95,One year,17,No,0.0842594820471073
1536-YHDOE,Low-Value,62.1,One year,17,No,0.0842594820471073
0657-DOGUM,Low-Value,60.6,One year,48,No,0.08414586122290268
8592-PLTMQ,Low-Value,24.7,One year,64,No,0.08401126988129903
0967-BMLBD,Low-Value,20.0,One year,11,No,0.08393845208831573
3999-WRNGR,Low-Value,49.75,Month-to-month,60,No,0.08385752654999092
3413-DHLPB,High-Value,103.75,Month-to-month,60,No,0.08373886132806713
1337-BOZWO,Low-Value,46.4,One year,18,No,0.08363216937513851
7971-HLVXI,High-Value,84.5,Two year,72,No,0.08353888188706693
8044-BGWPI,Low-Value,21.15,Month-to-month,12,No,0.08346141835772024
8109-YUOHE,Low-Value,56.1,One year,17,No,0.08338060016110883
1346-PJWTK,High-Value,94.15,Month-to-month,61,No,0.08326747308960208
0104-PPXDV,Low-Value,50.3,One year,58,No,0.08322681165932481
1534-OULXE,Low-Value,49.7,One year,61,No,0.08322681165932481
5016-LIPDW,Low-Value,19.4,One year,57,No,0.08311246643224911
6968-URWQU,Low-Value,56.35,One year,43,No,0.08309761510150836
1915-OAKWD,Low-Value,19.3,One year,16,No,0.08303937320733543
4115-UMJFQ,Low-Value,35.75,One year,69,No,0.0829822439727842
7353-YOWFP,Low-Value,20.25,One year,7,No,0.08297251447830968
8029-XYPWT,High-Value,115.05,Two year,71,No,0.08291384924127705
0191-ZHSKZ,High-Value,74.75,Month-to-month,30,No,0.0828422837007377
9134-WYRVP,High-Value,86.35,One year,51,No,0.08240600053989258
4184-VODJZ,High-Value,91.35,One year,63,No,0.08235613286490553
9442-JTWDL,Low-Value,20.05,One year,11,No,0.08230029990096949
9817-APLHW,Low-Value,25.0,Month-to-month,12,No,0.08203114661210792
0661-KQHNK,Low-Value,19.0,One year,6,No,0.08200170789907821
7502-BNYGS,Low-Value,69.1,Month-to-month,46,No,0.08195034642513774
4220-TINQT,High-Value,106.35,Month-to-month,61,No,0.08194684530891191
7269-JISCY,Low-Value,45.05,One year,55,No,0.08180536790754336
9702-AIUJO,Low-Value,44.8,One year,50,No,0.08180536790754336
6874-SGLHU,High-Value,97.0,One year,30,No,0.08178373595655498
3450-WXOAT,Low-Value,45.2,Month-to-month,46,No,0.08175235529009166
7750-EYXWZ,Low-Value,60.65,One year,12,No,0.08133312268076877
2320-SLKMB,Low-Value,44.45,Month-to-month,26,No,0.0811844100041975
1131-ALZWV,Low-Value,24.6,One year,24,No,0.08116225558214825
0305-SQECB,Low-Value,36.05,One year,11,No,0.08091660050937728
0595-ITUDF,High-Value,91.8,Month-to-month,64,No,0.08083199551262515
2038-YSEZE,Low-Value,67.45,Month-to-month,29,No,0.08080504982644428
0550-DCXLH,High-Value,73.35,Month-to-month,13,No,0.08074978365128675
1855-AGAWH,High-Value,93.8,One year,31,No,0.08066181726159151
6374-AFWOX,Low-Value,65.65,Two year,46,No,0.08059709093157469
0756-MPZRL,Low-Value,33.7,One year,46,No,0.08045652811772604
8552-OBVRU,High-Value,104.5,Month-to-month,48,No,0.08021096391958302
9950-MTGYX,Low-Value,20.3,Two year,28,No,0.08004644953081405
4450-YOOHP,Low-Value,50.65,Month-to-month,39,No,0.080025816329487
9974-JFBHQ,High-Value,99.15,Month-to-month,64,No,0.07997642157063174
5756-OZRIO,Low-Value,64.05,One year,61,No,0.07984979001430466
1371-WEPDS,Low-Value,55.8,One year,40,No,0.07944921369421043
4860-YZGZM,Low-Value,20.0,Month-to-month,10,No,0.0792817501602435
9278-VZKCD,High-Value,109.1,Month-to-month,52,No,0.07913180557892463
9079-LWTFD,High-Value,100.75,Month-to-month,47,No,0.07910559972824953
8041-TMEID,High-Value,108.5,Two year,63,No,0.07900864758071117
7361-YPXFS,Low-Value,64.45,Month-to-month,28,No,0.07898980701871636
3466-BYAVD,Low-Value,69.5,Month-to-month,15,No,0.0786250143315812
6586-PSJOX,Low-Value,55.2,One year,15,No,0.07794574337616857
3605-JISKB,Low-Value,60.0,One year,55,No,0.07792133506193814
0230-UBYPQ,Low-Value,36.1,One year,63,No,0.07769070961647827
9575-IWCAZ,Low-Value,25.1,One year,6,No,0.07758148519443385
4851-BQDNX,High-Value,85.05,One year,40,No,0.07753640638574627
6202-DYYFX,High-Value,76.0,One year,22,No,0.07740200648176482
6195-MELTI,Low-Value,54.65,One year,57,No,0.07705339921762851
1488-SYSFC,Low-Value,20.65,Month-to-month,31,No,0.07697645757092306
8314-DPQHL,Low-Value,50.8,One year,9,No,0.07696015577356287
6710-HSJRD,High-Value,114.1,Month-to-month,61,No,0.07689511999971228
9938-EKRGF,High-Value,84.45,Month-to-month,15,No,0.07666132662845027
5448-VWNAM,High-Value,75.9,Month-to-month,19,No,0.07665815404655947
0899-WZRSD,High-Value,105.35,Month-to-month,56,No,0.07657804544720054
9040-KZVWO,High-Value,75.5,One year,26,No,0.07656927814168121
5199-FPUSP,Low-Value,34.05,One year,33,No,0.07652157906602733
7088-FBAWU,High-Value,74.55,Month-to-month,17,No,0.07649653744320649
3428-MMGUB,High-Value,89.55,Two year,60,No,0.07643557620376701
3401-URHDA,Low-Value,59.9,One year,51,No,0.07631058288357909
7989-VCQOH,High-Value,83.25,Month-to-month,18,No,0.07630974082641648
2040-VZIKE,High-Value,100.85,Month-to-month,49,No,0.07628192571665073
6917-YACBP,High-Value,89.75,Month-to-month,59,No,0.07627567406435164
5061-PBXFW,Low-Value,61.4,Month-to-month,32,No,0.07624592784073027
2226-ICFDO,High-Value,85.9,Two year,72,No,0.07622897475574673
9150-HEPMB,Low-Value,52.7,One year,56,No,0.07582987575875794
1397-XKKWR,Low-Value,35.3,One year,7,No,0.0757979729837101
7089-XXAYG,Low-Value,38.1,One year,25,No,0.07575711892531795
1216-BGTSP,High-Value,108.45,Month-to-month,45,No,0.07549216614801135
4537-CIBHB,Low-Value,20.25,One year,9,No,0.07538203232949052
8627-ZYGSZ,High-Value,78.9,One year,47,No,0.07526450531617036
7049-GKVZY,High-Value,79.85,One year,17,No,0.07512222004151581
4989-LIXVT,High-Value,95.9,Month-to-month,68,No,0.0750125088173204
2967-MXRAV,Low-Value,18.8,One year,1,No,0.07484477820892911
3863-QSTYI,Low-Value,64.65,Month-to-month,59,No,0.07478489281034494
6614-VBEGU,Low-Value,69.45,Month-to-month,24,No,0.07470735140991859
5176-LDKUH,High-Value,75.15,One year,48,No,0.07456288288988323
8207-VVMYB,Low-Value,26.0,Two year,70,No,0.07455649181925404
5018-LXQQG,Low-Value,66.3,Month-to-month,30,No,0.07454814872684787
1122-YJBCS,Low-Value,53.65,One year,69,No,0.07414304896261789
5968-XQIVE,High-Value,89.7,One year,72,No,0.0739058857990697
0369-ZGOVK,High-Value,70.4,One year,28,No,0.07373219932119862
5981-ZVXOT,High-Value,108.35,One year,35,No,0.07368584486199167
2758-RNWXS,High-Value,89.2,One year,35,No,0.07350523511633371
2550-QHZGP,Low-Value,19.5,One year,7,No,0.07297251447830969
0254-WWRKD,Low-Value,50.55,One year,67,No,0.0725045667497951
5343-SGUBI,High-Value,80.2,One year,52,No,0.07246982077926421
3179-GBRWV,Low-Value,64.95,Month-to-month,21,No,0.0724206547219342
5640-CAXOA,Low-Value,40.35,One year,30,No,0.07240738089547011
7279-NMVJC,Low-Value,19.9,One year,17,No,0.07235351581810356
8417-GSODA,High-Value,92.2,One year,28,No,0.07228063341475566
8752-IMQOS,Low-Value,20.1,One year,5,No,0.07218103486416344
9586-JGQKH,High-Value,105.4,Two year,64,No,0.07214365389109459
9498-FIMXL,Low-Value,19.2,One year,8,No,0.07184182857663089
5306-BVTKJ,Low-Value,55.8,One year,48,No,0.07177755092486493
2144-ESWKO,Low-Value,35.2,One year,43,No,0.07164838819349935
3482-ABPKK,Low-Value,54.3,One year,28,No,0.07134158781440787
1710-RCXUS,High-Value,90.35,One year,51,No,0.07118370747152702
1810-MVMAI,Low-Value,67.6,Month-to-month,30,No,0.07109662181018041
5136-RGMZO,High-Value,71.05,Month-to-month,31,No,0.07090464965510057
0895-LNKRC,Low-Value,19.45,One year,6,No,0.07086997427957485
7821-DPRQE,High-Value,107.7,Month-to-month,68,No,0.07081186469372475
2188-SXWVT,Low-Value,55.0,One year,34,No,0.07055018991787948
5046-NUHWD,Low-Value,45.0,Month-to-month,29,No,0.07009501698516435
5304-EFJLP,High-Value,111.65,Two year,72,No,0.0698502813396882
8099-MZPUJ,High-Value,111.8,Two year,48,No,0.06984453324978172
5127-BZENZ,Low-Value,65.2,One year,56,No,0.06981082097663577
1174-FGIFN,High-Value,90.45,One year,28,No,0.0697185904830258
4950-BDEUX,Low-Value,49.2,Month-to-month,35,No,0.06964784795690028
6598-RFFVI,Low-Value,19.3,One year,2,Yes,0.06960412093931173
0237-YFUTL,High-Value,109.65,Month-to-month,50,No,0.06949102285272228
9640-ZSLDC,Low-Value,60.6,One year,53,No,0.06936056302295075
9419-IPPBE,High-Value,90.15,One year,51,No,0.06901553324284432
6584-VQMYT,Low-Value,56.2,One year,27,No,0.06895762559153183
2858-EIMXH,High-Value,95.85,One year,53,No,0.06882893319051715
4808-YNLEU,Low-Value,62.15,One year,35,No,0.06878405011737604
1153-GNOLC,Low-Value,39.1,One year,33,No,0.06875801486597025
5307-UVGNB,Low-Value,48.7,Month-to-month,53,No,0.06867438462591907
3417-TSCIC,Low-Value,24.85,One year,29,No,0.06866098990106714
2746-DIJLO,Low-Value,56.3,One year,41,No,0.06851389710700517
6051-PTVNS,Low-Value,19.15,One year,55,No,0.0683050996941416
7009-PCARS,Low-Value,19.1,One year,55,No,0.0683050996941416
0289-IVARM,Low-Value,60.55,Month-to-month,35,No,0.06804079528065676
7995-ZHHNZ,Low-Value,56.1,One year,42,No,0.06801036833512808
8259-DZLIZ,Low-Value,53.85,One year,64,No,0.06786844495237312
6481-LXPWL,Low-Value,36.1,One year,56,No,0.06774578458801547
1357-BIJKI,High-Value,98.25,One year,50,No,0.0677064397318583
4032-RMHCI,Low-Value,35.4,One year,41,No,0.06768478116413386
6933-FHBZC,Low-Value,56.05,One year,26,No,0.06762133064974556
8124-NZVGJ,Low-Value,49.25,One year,6,No,0.06757609699661608
8679-LZBMD,High-Value,90.65,One year,44,No,0.06757362550641456
3703-TTEPD,Low-Value,65.35,Month-to-month,21,No,0.06741102065221734
7285-KLOTR,High-Value,78.85,One year,12,No,0.06740210111916069
7997-EASSD,High-Value,81.2,One year,63,No,0.06736647705769261
4445-KWOKW,Low-Value,60.15,One year,42,No,0.06733396946547682
0959-WHOKV,High-Value,99.0,One year,42,No,0.06723078930846724
4654-GGUII,Low-Value,40.2,One year,18,No,0.0670950566757064
3059-NGMXB,Low-Value,69.2,Month-to-month,14,No,0.06707400504379116
4544-RXFMG,Low-Value,43.45,One year,8,No,0.06672412106040959
6617-WLBQC,High-Value,81.85,One year,23,No,0.06596534202071629
7105-BENQF,Low-Value,64.85,One year,15,No,0.06589050500815499
5575-GNVDE,Low-Value,56.95,One year,34,No,0.06583263403235816
8100-HZZLJ,Low-Value,63.95,Month-to-month,43,No,0.06566139138871582
2809-ILCYT,Low-Value,26.8,One year,25,No,0.06561394998763066
6693-DJWTY,Low-Value,55.6,One year,35,No,0.06541002122236202
6778-JFCMK,Low-Value,50.6,One year,24,No,0.06533549926761589
7272-QDCKA,High-Value,100.2,One year,28,No,0.06531637424724017
6941-KXRRV,Low-Value,58.95,One year,48,No,0.06518534127565921
9137-UIYPG,High-Value,106.9,Month-to-month,35,No,0.06504828840626743
7872-BAAZR,Low-Value,19.55,One year,53,No,0.06496515876952492
0455-ENTCR,High-Value,85.25,Two year,66,No,0.06489637289103864
0303-UNCIP,Low-Value,65.0,One year,41,No,0.06488463133591353
1697-LYYYX,Low-Value,19.1,One year,61,No,0.06469835716575012
2361-FJWNO,Low-Value,36.0,One year,40,No,0.06458841179070066
8847-GEOOQ,Low-Value,60.2,Month-to-month,60,No,0.0645178126547601
5740-YHGTW,High-Value,97.55,Month-to-month,70,No,0.0643996124978075
1429-UYJSV,Low-Value,19.7,One year,12,No,0.06432154764155697
2480-EJWYP,High-Value,97.8,One year,58,No,0.06421236919178344
2680-XKKNJ,Low-Value,58.2,One year,8,No,0.06418011008085305
3160-TYXLT,Low-Value,46.3,Month-to-month,53,No,0.06414082993442838
2450-ZKEED,Low-Value,53.8,One year,11,No,0.06412642955929579
1729-VLAZJ,Low-Value,40.25,One year,10,No,0.06404682364422848
2402-TAIRZ,High-Value,80.05,One year,37,No,0.06395759976657613
9738-QLWTP,High-Value,81.9,One year,39,No,0.06395759976657613
1320-REHCS,High-Value,110.75,Month-to-month,52,No,0.06393010712911963
4393-RYCRE,High-Value,106.05,One year,44,No,0.06372404168989725
3657-COGMW,High-Value,108.1,Month-to-month,52,No,0.06345045413896465
9451-WLYRI,Low-Value,19.05,One year,53,No,0.06337115122119248
1061-PNTHC,High-Value,109.6,Month-to-month,56,No,0.06332884493442893
7130-YXBRO,High-Value,111.45,Month-to-month,48,No,0.06330814665442677
0222-CNVPT,Low-Value,48.8,Month-to-month,52,No,0.0632450340673297
2040-OBMLJ,High-Value,81.7,One year,31,No,0.06324322478808293
1024-KPRBB,High-Value,89.1,One year,38,No,0.06304328130982255
2985-JUUBZ,High-Value,74.55,Month-to-month,40,No,0.06273260628602825
8597-CWYHH,High-Value,94.35,One year,43,No,0.06234829595096377
6137-MFAJN,Low-Value,44.8,Month-to-month,48,No,0.061986626465028734
5360-LJCNJ,High-Value,105.15,Two year,71,No,0.06160653936033846
0298-XACET,Low-Value,50.2,Two year,52,No,0.06142652265694857
4981-FLTMF,Low-Value,65.2,Month-to-month,57,No,0.06142520520220016
7636-PEPNS,Low-Value,44.1,One year,58,No,0.06142235114966075
8468-EHYJA,High-Value,99.65,Month-to-month,57,No,0.0612611350230104
3340-QBBFM,Low-Value,54.1,One year,36,No,0.061220137561588804
7817-OMJNA,Low-Value,20.4,One year,14,No,0.061181839013405834
2592-HODOV,Low-Value,19.3,One year,13,No,0.061181839013405834
4616-EWBNJ,Low-Value,20.1,One year,16,No,0.061181839013405834
9565-JSNFM,High-Value,70.45,One year,38,Yes,0.06117317671112357
3823-KYNQY,Low-Value,24.95,One year,12,No,0.06108881917786202
4359-INNWN,Low-Value,20.05,One year,17,No,0.06098969221856487
4134-BSXLX,Low-Value,60.9,Month-to-month,28,No,0.060960981423330694
0308-IVGOK,Low-Value,40.4,One year,11,No,0.06090469760676005
6260-XLACS,Low-Value,19.7,One year,4,No,0.06070180891207021
7841-FCRQD,Low-Value,53.75,One year,33,No,0.06069246533684069
6061-GWWAV,Low-Value,70.2,One year,41,No,0.060624973215286974
0373-AIVNJ,Low-Value,39.55,One year,9,No,0.060483021336668635
2896-TBNBE,High-Value,80.8,One year,40,No,0.06023889081679873
7520-HQWJU,Low-Value,67.45,Month-to-month,66,No,0.06015239927488408
3633-CDBUW,High-Value,80.85,One year,17,No,0.060150433548332514
2522-WLNSF,Low-Value,64.2,One year,34,No,0.05967168216538143
3055-VTCGS,Low-Value,58.55,One year,63,No,0.05941548860266791
4923-ADWXJ,Low-Value,65.8,Month-to-month,25,No,0.05923108935228319
2877-VDUER,Low-Value,40.9,One year,35,No,0.05922202299457558
2522-AHJXR,High-Value,109.45,Month-to-month,60,No,0.0591368135002641
4524-QCSSM,Low-Value,44.65,Month-to-month,26,No,0.05910088023174809
1697-NVVGY,Low-Value,66.4,Month-to-month,19,No,0.059085943623868806
5115-SQAAU,Low-Value,25.6,Two year,69,No,0.059078387102059954
6476-YHMGA,High-Value,76.5,Month-to-month,15,No,0.05890970181844755
7036-ZZKBD,Low-Value,66.4,Month-to-month,31,No,0.05882453202153698
7322-OCWHC,High-Value,93.05,Two year,72,No,0.05839505529348941
7670-ZBPOQ,Low-Value,61.05,One year,58,No,0.05827490046670258
4957-SREEC,Low-Value,20.35,Two year,70,No,0.05806434006521296
0129-KPTWJ,High-Value,94.65,Month-to-month,72,No,0.05804022231458026
5397-NSKQG,Low-Value,50.9,Two year,67,No,0.057979154415786195
0380-NEAVX,High-Value,99.85,One year,34,No,0.05786771833058849
7691-KGKGP,Low-Value,65.0,Month-to-month,53,No,0.05786546290706391
5951-AOFIH,Low-Value,66.4,Month-to-month,33,No,0.057839479070681786
6726-WEXXK,High-Value,85.9,One year,27,No,0.05780322394403056
5808-TOTXO,Low-Value,20.55,One year,3,No,0.057479361243447616
2821-WARNZ,Low-Value,19.45,One year,49,No,0.05738608157846576
6746-WAUWT,Low-Value,19.7,One year,19,No,0.05718916313877596
8573-JGCZW,Low-Value,19.65,One year,17,No,0.057180738093501604
8884-MRNSU,Low-Value,19.9,One year,17,No,0.057180738093501604
6469-MRVET,Low-Value,20.2,One year,1,No,0.05716998971462131
7688-AWMDX,Low-Value,54.5,Two year,71,No,0.05716578813661122
3812-LRZIR,Low-Value,24.5,Two year,27,No,0.05712356726786884
3635-JBPSG,Low-Value,38.8,Two year,15,No,0.05710895788476228
8332-OSJDW,Low-Value,26.4,One year,12,No,0.057105635086396
9253-VIFJQ,Low-Value,67.05,One year,65,No,0.057100677402677
9518-IMLHK,High-Value,72.45,Month-to-month,31,No,0.057020042045655535
3714-XPXBW,High-Value,78.9,Month-to-month,37,No,0.05701462410714245
4697-LUPSU,Low-Value,20.2,One year,2,No,0.056845107032402566
8610-ZIKJJ,Low-Value,20.3,One year,2,No,0.056845107032402566
4703-MQYKT,Low-Value,19.6,Two year,21,No,0.05679283013744372
1866-NXPSP,High-Value,75.55,One year,36,No,0.056703345016133604
4223-BKEOR,Low-Value,64.85,One year,21,No,0.056557798438884616
4079-ULGFR,Low-Value,20.0,Month-to-month,16,No,0.05650856783986647
6924-TDGMT,Low-Value,20.55,One year,11,No,0.056396130792393695
4707-YNOQA,Low-Value,25.6,One year,34,No,0.05637141552635505
5397-TUPSH,High-Value,70.95,One year,65,No,0.05622532086781394
2924-KHUVI,High-Value,100.55,One year,56,No,0.056164741093948575
5393-HJZSM,High-Value,76.3,Month-to-month,32,No,0.05613932254669463
8851-RAGOV,High-Value,71.05,Month-to-month,25,No,0.05607537936579323
4328-VUFWD,Low-Value,59.3,One year,39,No,0.056013502534246806
4002-BQWPQ,High-Value,81.75,Month-to-month,25,No,0.05581222505134417
1696-MZVAU,Low-Value,25.25,One year,39,No,0.05580356770839647
5815-HGGHV,Low-Value,64.15,One year,20,No,0.05579793992176224
4806-DXQCE,High-Value,113.65,Two year,70,No,0.05558237922805074
7663-YJHSN,High-Value,103.95,Two year,72,No,0.05521289770008007
6873-UDNLD,Low-Value,67.45,Month-to-month,40,No,0.055196658052423714
5480-XTFFL,Low-Value,21.0,Two year,31,No,0.055031812265835284
2000-MPKCA,High-Value,107.75,One year,58,No,0.054867243749468345
4176-FXYBO,High-Value,109.55,Month-to-month,54,No,0.05469329886061956
4648-YPBTM,High-Value,73.9,Two year,53,No,0.054678547466771435
1096-ADRUX,High-Value,74.25,One year,66,No,0.05465739646141863
4547-FZJWE,Low-Value,59.45,One year,55,No,0.05464558673466475
3511-APPBJ,High-Value,99.95,One year,23,No,0.05463018102716322
6870-ECSHE,Low-Value,20.45,One year,2,No,0.05435133293214549
1698-XFZCI,High-Value,107.75,One year,61,No,0.054257667080710975
8263-OKETD,Low-Value,68.9,Month-to-month,20,No,0.05416056746196572
1936-CZAKF,Low-Value,49.65,Two year,49,No,0.054025923469675226
5198-HQAEN,High-Value,89.7,One year,35,No,0.053951807279002645
6174-NRBTZ,Low-Value,30.75,One year,46,No,0.05381737306499769
5236-XMZJY,Low-Value,59.65,Month-to-month,42,No,0.053767745946094465
9323-HGFWY,High-Value,101.9,One year,27,No,0.05372704413972141
9978-HYCIN,High-Value,84.95,One year,47,No,0.05369767707732665
7596-LDUXP,High-Value,85.15,One year,12,No,0.05365850699994611
3750-YHRYO,Low-Value,20.65,One year,7,No,0.05360249458879511
2923-ARZLG,Low-Value,19.7,One year,0,No,0.05359628599034189
3621-CHYVB,Low-Value,49.9,Month-to-month,57,No,0.053521803328118865
0080-OROZO,High-Value,99.25,One year,35,No,0.05351252222741041
6807-SIWJI,High-Value,104.85,One year,38,No,0.05351252222741041
9945-PSVIP,Low-Value,18.7,Two year,25,No,0.05342934322311265
8595-SIZNC,Low-Value,25.6,One year,22,No,0.05333557871963989
2001-EWBQU,High-Value,104.7,Two year,60,No,0.05318243130175597
3137-NYQQI,Low-Value,64.8,One year,17,No,0.05291986103364945
3780-DDGSE,High-Value,76.05,Month-to-month,35,No,0.052536177172610825
9473-CBZOP,Low-Value,59.0,One year,28,No,0.052528034116606726
4277-UDIEF,High-Value,81.0,Month-to-month,24,No,0.05251379242277699
6341-JVQGF,High-Value,81.15,One year,31,No,0.052279113511086175
0661-WCQNQ,Low-Value,56.25,One year,22,No,0.052229398005021445
2027-WKXMW,High-Value,108.75,Month-to-month,63,No,0.05219671822898308
8075-GXIUB,Low-Value,19.85,One year,9,No,0.052193677545036433
8788-DOXSU,Low-Value,61.35,One year,59,No,0.052165837641925845
7336-RLLRH,High-Value,80.85,One year,27,No,0.05215216972444334
8166-ORCHU,High-Value,93.55,One year,33,No,0.05198085225136565
9659-QEQSY,High-Value,115.65,Month-to-month,45,No,0.05195921174121856
4393-OBCRR,Low-Value,20.25,One year,3,No,0.05193949719430857
1074-AMIOH,High-Value,108.25,Month-to-month,53,No,0.05176641134343253
0549-CYCQN,High-Value,79.6,One year,51,No,0.05169820071839645
3572-UUHRS,Low-Value,18.85,One year,45,No,0.051637647342045984
3282-ZISZV,High-Value,83.7,One year,32,No,0.051505924440088675
3118-UHVVQ,Low-Value,25.8,Two year,68,No,0.05124317889299631
5322-ZSMZY,Low-Value,25.75,Two year,31,No,0.051235220469074534
8909-BOLNL,Low-Value,21.2,One year,3,No,0.05122563843396371
4815-TUMEQ,Low-Value,19.3,One year,10,No,0.05118865471829466
6537-OTKMY,Low-Value,50.75,One year,15,No,0.0511818514393886
6959-GQEGV,High-Value,75.95,Month-to-month,45,No,0.051129618251435804
5032-USPKF,High-Value,84.1,One year,38,No,0.05110072144711657
7108-DGVUU,High-Value,71.7,One year,21,No,0.05104581574910407
3224-DFQNQ,High-Value,89.0,One year,66,No,0.05091708142154444
9782-LGXMC,Low-Value,61.75,Month-to-month,49,No,0.05079603759716734
6663-JOCQO,High-Value,75.25,One year,31,No,0.05060488267395308
4039-PIMHX,Low-Value,49.8,Two year,49,No,0.050432526305455846
6994-FGRHH,High-Value,106.15,One year,70,No,0.050428043034144256
6067-NGCEU,High-Value,111.05,Month-to-month,65,No,0.05035146693213015
4667-QONEA,High-Value,74.85,One year,60,No,0.0503133104690135
7188-CBBBA,High-Value,95.5,One year,65,No,0.05030404912524899
0106-GHRQR,High-Value,71.4,Month-to-month,16,No,0.050206591112383306
6718-BDGHG,Low-Value,64.85,One year,43,No,0.050129415591331085
3727-OVPRY,Low-Value,25.7,One year,66,No,0.050127678786242386
9351-LZYGF,Low-Value,66.4,Month-to-month,42,No,0.05012077492804727
3038-PQIUY,Low-Value,66.15,Month-to-month,38,No,0.05012077492804727
2242-MFOTG,High-Value,80.1,One year,33,No,0.04997560447112744
7665-VIGUD,Low-Value,20.35,One year,10,No,0.04984520930696128
6092-QZVPP,High-Value,79.2,Month-to-month,36,No,0.04977189503343995
8849-PRIQJ,High-Value,109.4,One year,67,No,0.049722065410409896
7025-IWFHT,High-Value,89.55,One year,41,No,0.04955686662527821
3551-GAEGL,Low-Value,30.4,One year,34,No,0.04948352252424664
3170-GWYKC,High-Value,104.95,Month-to-month,60,No,0.04941635478338217
9013-AQORL,Low-Value,45.55,Month-to-month,48,No,0.049341432902888484
4139-JPIAM,Low-Value,44.45,Month-to-month,51,No,0.049341432902888484
4097-YODCF,High-Value,103.8,One year,34,No,0.04919136544772096
6171-ZTVYB,Low-Value,66.25,Month-to-month,43,No,0.04919074616658764
9470-RTWDV,High-Value,82.0,One year,26,No,0.04908381249724548
3086-RUCRN,High-Value,103.1,Month-to-month,66,No,0.04888449816169931
6440-DKQGE,Low-Value,64.5,One year,30,No,0.04888393104742485
3347-YJZZE,High-Value,80.1,Month-to-month,29,No,0.04876331144874634
9391-LMANN,High-Value,95.95,One year,53,No,0.04840911138469356
2673-ZALNP,Low-Value,19.9,One year,7,No,0.0482211834375547
8084-OIVBS,Low-Value,20.0,One year,11,No,0.04813307445919051
7661-CPURM,High-Value,87.7,One year,19,No,0.04809853116654809
6668-CNMFP,High-Value,89.35,One year,19,No,0.04809853116654809
9052-VKDUW,High-Value,109.4,Month-to-month,65,No,0.04794580622878547
7537-CBQUZ,High-Value,109.4,Month-to-month,63,No,0.04794580622878547
8495-LJDFO,High-Value,108.95,Month-to-month,64,No,0.04794580622878547
2615-YVMYX,High-Value,107.5,Month-to-month,71,No,0.04790421468066347
7245-JMTTQ,High-Value,111.5,One year,51,No,0.04789474567669012
7868-BGSZA,High-Value,80.2,One year,43,No,0.04778867607737502
8189-DUKMV,Low-Value,20.5,One year,4,No,0.047722241855067384
3807-BPOMJ,High-Value,94.75,One year,55,No,0.047591065330938764
0292-WEGCH,High-Value,86.2,Month-to-month,54,No,0.04753733323857365
9822-BIIGN,High-Value,71.85,Month-to-month,53,No,0.04751056853571144
8231-BSWXX,High-Value,79.05,One year,71,No,0.047427127838697875
4415-WNGVR,High-Value,79.2,One year,12,No,0.04740972119995575
7599-NTMDP,Low-Value,48.7,Two year,62,No,0.04732974020892394
1768-HNVGJ,Low-Value,70.05,Month-to-month,45,No,0.04724729951930625
3275-RHRNE,Low-Value,60.0,One year,28,No,0.04722430558043469
4950-HKQTE,Low-Value,26.25,Two year,22,No,0.04687451629295158
2587-EKXTS,High-Value,111.5,Month-to-month,44,No,0.046834321544099576
2252-JHJGE,High-Value,104.0,One year,61,No,0.046814476726976535
6478-HRRCZ,High-Value,70.5,One year,32,No,0.04673657310197038
2525-GVKQU,Low-Value,20.6,Two year,60,No,0.04670694667126286
0930-EHUZA,High-Value,76.35,One year,36,No,0.0467033450161336
7356-AYNJP,Low-Value,23.9,One year,4,No,0.046629324000542205
2616-UUTFK,High-Value,72.75,Month-to-month,33,No,0.04662308972330045
1154-HYWWO,High-Value,70.6,One year,38,No,0.04654766201826537
6823-SIDFQ,Low-Value,18.25,One year,28,No,0.04652450702351925
4024-CSNBY,High-Value,94.25,Two year,72,No,0.04648981606388819
7064-FRRSW,High-Value,99.0,One year,48,No,0.04645898910473807
1352-VHKAJ,High-Value,71.6,Month-to-month,27,No,0.04645790228782021
2192-CKRLV,Low-Value,49.2,Two year,72,No,0.04640119768164961
2812-ENYMO,Low-Value,54.55,One year,26,No,0.04638566280120023
2486-WYVVE,High-Value,79.3,One year,31,No,0.04635681928287615
9592-ERDKV,High-Value,79.25,One year,37,No,0.04628721014028206
9823-EALYC,High-Value,80.85,Two year,72,No,0.046217072031385885
5760-WRAHC,Low-Value,69.75,Month-to-month,22,No,0.046172280557980165
9924-JPRMC,High-Value,118.2,Two year,72,No,0.04615388891580107
7089-RKVSZ,Low-Value,24.4,One year,8,No,0.04611864323881987
7156-MXBJE,High-Value,85.1,One year,43,No,0.045904632064400826
7951-VRDVK,High-Value,85.85,One year,36,No,0.04586019519249143
7799-LGRDP,Low-Value,25.7,Two year,43,No,0.04585330421500335
8663-UPDGF,Low-Value,69.5,Month-to-month,26,No,0.045822452836680266
0134-XWXCE,High-Value,74.85,One year,44,No,0.045726985461668576
5067-XJQFU,High-Value,108.45,One year,66,No,0.04566444618345199
5174-ITUMV,High-Value,105.4,One year,67,No,0.0455422129159306
1057-FOGLZ,Low-Value,19.65,Month-to-month,18,No,0.04553468624112052
1492-QGCLU,High-Value,85.7,Month-to-month,53,No,0.04549705189481517
0723-FDLAY,High-Value,85.25,One year,44,No,0.04540819432601715
7964-ZRKKG,High-Value,88.4,One year,67,No,0.0452937216513763
4522-XRWWI,High-Value,80.45,One year,42,No,0.04520137274124319
9732-OUYRN,Low-Value,19.0,One year,49,No,0.04508651717457739
4942-VZZOM,Low-Value,66.15,One year,64,No,0.04506579369902268
9139-TWBAS,Low-Value,47.85,One year,26,No,0.04497977395353612
1389-WNUIB,High-Value,76.0,One year,20,No,0.044706711546684354
9912-OMZDS,High-Value,106.15,One year,59,No,0.04468637340558936
9481-IEBZY,High-Value,112.9,Month-to-month,72,No,0.044617243117614815
5380-XPJNZ,Low-Value,20.05,One year,38,No,0.04452718617733264
6486-LHTMA,High-Value,90.7,One year,31,No,0.04449043930265262
5985-TBABQ,High-Value,74.75,One year,32,No,0.0444573144658362
2812-REYAT,Low-Value,20.05,One year,49,No,0.04437828344684213
8204-TIFGJ,Low-Value,20.3,Month-to-month,23,No,0.04433896828223201
1015-JPFYW,Low-Value,19.45,One year,7,No,0.04430454754384042
7182-OVLBJ,High-Value,101.15,Two year,62,No,0.0441980788663044
9207-ZPANB,Low-Value,67.45,One year,37,No,0.04418963741140811
0979-MOZQI,Low-Value,39.0,Two year,62,No,0.04414764440626381
5269-NRGDP,High-Value,73.15,One year,42,No,0.04413058996909645
9000-PLFUZ,Low-Value,49.45,Two year,60,No,0.04402592346967522
1684-FLBGS,Low-Value,69.5,Month-to-month,23,No,0.043886935147003994
5671-RQRLP,High-Value,75.65,Two year,70,No,0.04378511560410984
1470-PSXNM,High-Value,93.65,One year,49,No,0.043777577005194405
7157-SMCFK,Low-Value,19.75,Two year,61,No,0.043666273286378315
9483-GCPWE,Low-Value,20.1,One year,9,No,0.043627259052219036
0750-EBAIU,High-Value,91.25,One year,52,No,0.043497344686179114
3229-USWAR,High-Value,79.95,One year,34,No,0.04347816233959474
3957-HHLMR,Low-Value,65.2,One year,70,No,0.04342168082667406
9917-KWRBE,High-Value,78.35,One year,41,No,0.04336569681351224
4501-UYKBC,Low-Value,69.1,One year,46,No,0.04332871948460853
3696-XRIEN,High-Value,82.5,One year,50,No,0.04321649920466907
6292-TOSSS,Low-Value,24.9,Two year,50,No,0.04319825538986711
8076-FEZKJ,Low-Value,19.5,One year,10,No,0.04316905010836957
6152-ONASV,Low-Value,58.25,One year,68,No,0.04310412206294358
6872-HXFNF,Low-Value,58.35,One year,64,No,0.04310412206294358
7184-LRUUR,Low-Value,65.25,One year,22,No,0.04308181136244873
7762-ONLJY,Low-Value,19.7,One year,6,No,0.04299261433021044
0840-DCNZE,High-Value,86.95,One year,47,No,0.042849324696349174
9805-FILKB,Low-Value,20.2,One year,46,No,0.042784275898509694
0048-PIHNL,Low-Value,20.45,One year,49,No,0.042784275898509694
9067-YGSCA,Low-Value,26.05,One year,70,No,0.042781210912617954
5204-HMGYF,High-Value,87.2,One year,49,No,0.04272215801674527
6576-FBXOJ,Low-Value,54.6,One year,17,No,0.04271449555877082
0323-XWWTN,Low-Value,26.4,Two year,3,No,0.042670140623511384
0725-CXOTM,High-Value,89.65,One year,36,No,0.042583619073377
3199-NPKCN,High-Value,111.25,One year,67,No,0.04237559753678547
0074-HDKDG,Low-Value,61.6,One year,25,No,0.04237496535068381
3067-SVMTC,Low-Value,55.9,One year,68,No,0.042351152207206706
8050-XGRVL,Low-Value,54.75,One year,62,No,0.042351152207206706
6388-TABGU,Low-Value,56.15,One year,62,No,0.042351152207206706
3982-JGSFD,Low-Value,20.35,One year,36,No,0.04233985243275641
6778-EICRF,High-Value,74.8,One year,24,No,0.042330284334821035
2862-JVEOY,Low-Value,19.15,One year,6,No,0.04220200734510558
7435-ZNUYY,Low-Value,20.6,One year,6,No,0.04220200734510558
9909-DFRJA,High-Value,95.85,One year,26,No,0.04216105621445494
5149-CUZUJ,High-Value,92.9,One year,28,No,0.04216105621445494
1271-UODNO,Low-Value,53.85,Two year,39,No,0.042099269381463314
6010-DDPPW,Low-Value,25.15,Two year,70,No,0.042098910877126056
6064-ZATLR,Low-Value,52.85,Two year,27,No,0.04202517289318696
0068-FIGTF,High-Value,78.2,One year,27,No,0.042011020122091666
1226-JZNKR,Low-Value,19.8,One year,8,No,0.042007620081221046
5125-CNDSP,Low-Value,40.6,One year,63,No,0.04197467186472214
4940-KHCWD,Low-Value,37.7,Two year,60,No,0.04195567770137052
2834-JKOOW,Low-Value,45.9,One year,15,No,0.04189509225998683
6749-UTDVX,High-Value,103.65,Two year,72,No,0.04187071130309719
8947-YRTDV,High-Value,94.8,One year,32,No,0.04184867855136997
1656-DRSMG,High-Value,109.85,Month-to-month,63,No,0.041679416761328116
8690-UPCZI,Low-Value,69.05,One year,29,No,0.04167777177243294
8970-ANWXO,High-Value,73.75,One year,23,No,0.04164873093217334
4186-ZBUEW,High-Value,70.7,One year,36,No,0.04162207353558919
4403-BWPAY,Low-Value,24.8,One year,14,No,0.04157086331978053
4747-LCAQL,High-Value,79.0,Month-to-month,25,No,0.04155258762550633
9774-NRNAU,High-Value,84.8,Month-to-month,27,No,0.04142621351972834
3043-SUDUA,Low-Value,19.9,Month-to-month,32,No,0.04130059756019308
6609-MXJHJ,Low-Value,25.1,Two year,30,No,0.041235220469074525
8587-XYZSF,Low-Value,50.55,Two year,67,No,0.04121307042186765
9102-OXKFY,Low-Value,54.15,Two year,59,No,0.04121307042186765
5135-RDDQL,Low-Value,50.65,Two year,63,No,0.04121307042186765
2474-LCNUE,High-Value,73.65,Month-to-month,23,No,0.0411823241265034
3724-BSCVH,Low-Value,20.45,One year,10,No,0.04117518441128247
4318-RAJVY,Low-Value,19.8,One year,10,No,0.04104371057612572
5014-WUQMG,High-Value,96.1,One year,47,No,0.041034501043052486
3537-RYBHH,Low-Value,67.45,Month-to-month,47,No,0.0410153560045477
4000-VGMQP,High-Value,78.95,One year,38,No,0.0409328861076234
6121-TNHBO,High-Value,83.0,One year,63,No,0.04090640174854704
6177-PEVRA,Low-Value,55.5,Two year,48,No,0.04085074211102176
8200-KLNYW,High-Value,80.9,One year,21,No,0.040842811951876196
7994-XIRTR,Low-Value,65.25,One year,54,No,0.040810822573074335
8138-EALND,Low-Value,19.75,Month-to-month,15,No,0.04080500070644615
1561-BWHIN,Low-Value,19.8,One year,19,No,0.04076882501271203
9821-BESNZ,High-Value,104.25,One year,66,No,0.040746265526760715
6840-RESVB,High-Value,84.8,One year,24,No,0.040655068156691045
9356-AXGMP,High-Value,110.7,One year,38,No,0.040536877030154274
8395-ETZKQ,Low-Value,19.5,One year,68,No,0.04037160894729039
4903-CNOZC,High-Value,70.9,One year,29,No,0.0402851121068866
4937-QPZPO,High-Value,99.9,One year,61,No,0.04025813386201857
4973-RLZVI,High-Value,74.65,One year,30,No,0.04024982674631744
4508-OEBEY,High-Value,75.5,One year,31,No,0.04024982674631744
6733-LRIZX,High-Value,108.95,Two year,35,No,0.04022593317348552
6266-QHOJZ,High-Value,89.85,One year,65,No,0.04019288171813718
9742-XOKTS,High-Value,89.55,One year,67,No,0.04019288171813718
6421-SZVEM,High-Value,82.85,One year,28,No,0.04018374898364167
4778-IZARL,High-Value,110.1,Two year,63,No,0.04017290695462103
4883-KCPZJ,Low-Value,25.25,Two year,22,No,0.039969626469294764
4644-PIZRT,High-Value,70.35,One year,17,No,0.039941787174680894
0584-BJQGZ,High-Value,78.35,Month-to-month,25,No,0.03982939816963769
8715-KKTFG,High-Value,103.3,One year,61,No,0.03981128245767798
1763-KUAAW,Low-Value,20.35,One year,18,No,0.039718063904676935
7975-TZMLR,High-Value,103.1,One year,47,No,0.03970139202887131
0628-CNQRM,Low-Value,67.5,One year,22,Yes,0.039519491093702126
0496-AHOOK,High-Value,74.4,One year,24,No,0.039519491093702126
8961-QDZZJ,High-Value,95.0,One year,57,No,0.03941078569001747
5966-EMAZU,High-Value,108.5,One year,64,No,0.03939529106566355
0297-RBCSG,Low-Value,65.35,One year,19,No,0.039388670744300865
5173-ZXXXL,Low-Value,19.95,One year,2,No,0.03934014132888722
3315-IKYZQ,Low-Value,50.8,One year,28,No,0.03932536896664709
9086-YJYXS,High-Value,77.2,One year,34,No,0.03922320486159109
5647-URDKA,Low-Value,19.7,Two year,8,No,0.03919010853936703
4016-BJKTZ,High-Value,108.9,Two year,25,No,0.039189169345747746
5832-TRLPB,High-Value,75.35,One year,29,No,0.03912783307720573
8409-WQJUX,Low-Value,54.2,One year,25,No,0.039045338980023915
3389-KTRXV,Low-Value,23.85,Two year,23,No,0.03902614702305821
0357-NVCRI,Low-Value,20.05,Month-to-month,25,No,0.03900128794242612
8294-UIMBA,High-Value,94.4,One year,30,No,0.03896656971850986
4700-UBQMV,High-Value,75.9,One year,21,No,0.0388240146180361
6284-KMNUF,High-Value,98.0,One year,56,No,0.0388129532744722
3896-ZVNET,Low-Value,24.7,Two year,24,No,0.03880150854635418
1752-OZXFY,Low-Value,59.8,One year,60,No,0.03878665932001315
1716-LSAMB,Low-Value,54.65,Two year,45,No,0.038643957805170125
0831-JNISG,Low-Value,19.8,Two year,71,No,0.03858778969831522
5619-XZZKR,Low-Value,19.95,One year,4,No,0.038519897056206294
9972-VAFJJ,High-Value,94.0,One year,53,No,0.0384212897614711
1036-GUDCL,High-Value,79.05,Month-to-month,60,No,0.03819524126783033
4636-OLWOE,Low-Value,61.0,One year,54,No,0.0381688227433312
2925-MXLSX,Low-Value,68.95,One year,30,No,0.03812894535584344
6023-GSSXW,Low-Value,61.45,Two year,69,No,0.03812009283713188
7163-OCEQI,High-Value,78.65,One year,22,No,0.038111582196807235
5975-BAICR,Low-Value,63.7,One year,36,No,0.03809000405698724
6217-TOWGS,High-Value,75.4,Month-to-month,17,No,0.03803437215704828
8879-ZKJOF,High-Value,79.85,One year,41,No,0.03802175506431565
0042-JVWOJ,Low-Value,19.6,One year,26,No,0.03801816324299103
5622-UEJFI,Low-Value,25.4,Two year,35,No,0.03801756539936187
9833-TGFHX,High-Value,97.1,One year,42,No,0.03799083740539128
2662-NNTDK,Low-Value,24.8,One year,65,No,0.037952782024830226
5954-BDFSG,High-Value,107.5,Two year,72,No,0.037934678856370856
2212-LYASK,Low-Value,45.85,One year,27,No,0.03789360469490851
0665-XHDJU,High-Value,99.4,Two year,72,No,0.037819548857569614
0233-FTHAV,High-Value,79.2,One year,60,No,0.03760061809897934
4355-CVPVS,High-Value,88.9,One year,56,No,0.037599225121492254
1137-DGOWI,Low-Value,70.25,One year,30,No,0.037591244298479556
2363-BJLSL,High-Value,80.4,Month-to-month,62,No,0.037534597604548366
3026-ATZYV,High-Value,75.1,One year,37,No,0.037527267257787156
7707-PYBBH,Low-Value,61.9,Month-to-month,40,No,0.03733515361290985
2408-PSJVE,Low-Value,61.9,Month-to-month,44,No,0.03733515361290985
0635-WKOLD,High-Value,70.75,One year,40,No,0.03733384088026678
2239-CFOUJ,Low-Value,20.4,One year,1,No,0.03706083273525063
4274-DRSQT,High-Value,88.9,One year,66,No,0.03705900653674483
8016-ZMGMO,High-Value,70.85,One year,66,No,0.03704323602327837
4525-VZCZG,High-Value,105.85,One year,54,No,0.03703007892439597
5829-NVSQN,Low-Value,68.75,One year,23,No,0.03688741847164524
3162-KKZXO,High-Value,100.15,One year,55,No,0.03682988961441418
6402-SSEJG,Low-Value,61.05,One year,25,No,0.0367370520192459
2272-JKMSI,High-Value,110.8,One year,62,No,0.036708966468565585
1360-JYXKQ,High-Value,99.1,One year,54,No,0.03666581807286683
6114-TCFID,Low-Value,39.5,One year,29,No,0.03665767415484709
5495-GPSRW,Low-Value,19.7,Two year,20,No,0.03662998602251643
7328-OWMOM,Low-Value,20.1,One year,31,No,0.03652450702351924
7325-ENZFI,Low-Value,40.3,One year,39,No,0.036515894142106424
6122-EFVKN,Low-Value,35.75,Two year,24,No,0.03643123773063635
4795-WRNVT,Low-Value,65.1,Month-to-month,40,No,0.036411007587071345
3410-MHHUM,High-Value,94.4,One year,44,No,0.03631505801852884
1480-IVEVR,High-Value,81.6,One year,35,No,0.036304931071177486
1092-WPIVQ,Low-Value,25.1,Two year,18,No,0.03628053173737033
4291-HYEBC,Low-Value,39.1,One year,28,No,0.03620217215105066
1544-JJMYL,Low-Value,69.35,One year,27,No,0.03619858463293322
5524-KHNJP,High-Value,74.75,One year,33,No,0.03612897549033913
1136-XGEQU,High-Value,84.15,One year,50,No,0.03609271653166221
8224-UAXBZ,Low-Value,45.35,One year,58,No,0.035895714260250636
3709-OIJEA,High-Value,85.2,One year,26,No,0.035856945379608415
1934-MKPXS,Low-Value,20.1,One year,33,No,0.03584214908868786
0384-RVBPI,Low-Value,64.4,Month-to-month,20,No,0.03581507639024071
6993-YCOBK,High-Value,110.6,Two year,60,No,0.035788717300623406
4826-DXMUP,High-Value,72.1,One year,35,No,0.03566625732838595
2055-BFOCC,High-Value,84.0,One year,63,No,0.03565152966069075
1982-FEBTD,Low-Value,25.6,Two year,23,No,0.03562704827644808
6821-JPCDC,High-Value,97.05,One year,48,No,0.03560742937011766
4003-OCTMP,Low-Value,64.0,One year,31,No,0.03559130219977939
6794-HKIAJ,High-Value,90.7,Month-to-month,62,No,0.03558605055115005
4057-FKCZK,High-Value,82.5,Two year,58,No,0.03556323402593952
5150-LJNSR,High-Value,98.05,One year,31,No,0.0355502935120351
6368-TZZDT,Low-Value,19.5,Two year,4,No,0.03552556499377456
7838-LAZFO,High-Value,78.8,One year,45,No,0.03550792189961784
8822-KNBHV,High-Value,83.45,One year,48,No,0.03550792189961784
3967-VQOGC,Low-Value,24.9,Two year,67,No,0.035505702364170694
1179-INLAT,Low-Value,19.45,One year,3,No,0.03547642058825781
7596-IIWYC,Low-Value,20.25,Two year,27,No,0.03543562208800465
1428-IEDPR,High-Value,109.3,Two year,52,No,0.03542317735533306
4795-UXVCJ,Low-Value,19.8,One year,26,No,0.03539780099090504
7137-NAXML,Low-Value,20.15,One year,23,No,0.03539780099090504
0975-UYDTX,High-Value,90.1,One year,26,No,0.03536449925863511
2673-CXQEU,High-Value,110.5,One year,56,No,0.035353965395982005
5049-MUBWG,High-Value,75.0,One year,26,No,0.03535091300997899
6362-QHAFM,High-Value,108.3,One year,42,No,0.035280997030666464
9938-ZREHM,High-Value,72.1,One year,37,No,0.03516981959000228
8071-SBTRN,High-Value,111.15,Two year,70,No,0.03515281707613501
8152-UOBNY,High-Value,106.8,One year,50,No,0.03512695313898242
8348-JLBUG,High-Value,80.3,One year,64,No,0.03510172616082289
8221-EQDGL,Low-Value,61.0,Month-to-month,35,No,0.03503585423530695
8745-PVESG,Low-Value,41.1,One year,57,No,0.03500192384679344
7945-HLKEA,Low-Value,64.75,One year,60,No,0.03485977594782797
6992-TKNYO,Low-Value,69.0,One year,38,No,0.0348104323348639
5913-INRQV,High-Value,90.15,One year,34,No,0.03476953336026506
8336-TAVKX,High-Value,78.45,Two year,72,No,0.0347087566310458
0956-ACVZC,High-Value,94.1,One year,54,No,0.034688402964711956
3352-RICWQ,Low-Value,19.75,Two year,9,No,0.03467445620299306
7813-TKCVO,Low-Value,20.35,One year,20,No,0.03456179459883353
6199-IWKGC,High-Value,100.25,One year,46,No,0.0345435539895014
9730-DRTMJ,High-Value,72.8,One year,32,No,0.03445828048958763
7572-KPVKK,High-Value,104.05,Two year,62,No,0.03440725495983049
7649-PHJVR,Low-Value,19.5,One year,11,No,0.03439039096442789
0607-MVMGC,High-Value,78.75,One year,45,No,0.03438592823050614
9814-AOUDH,Low-Value,19.5,Two year,53,No,0.03432888799972081
4023-RTIQM,Low-Value,50.4,One year,31,No,0.03431116344427788
5443-SCMKX,High-Value,94.3,One year,58,No,0.03430003032774095
2972-YDYUW,High-Value,94.7,One year,57,No,0.03430003032774095
9766-HGEDE,Low-Value,19.35,One year,17,No,0.034270213433905745
0969-RGKCU,Low-Value,19.8,One year,37,No,0.03424814154035542
5627-TVBPP,Low-Value,20.1,One year,35,No,0.03424814154035542
2650-GYRYL,Low-Value,19.45,One year,33,No,0.03424814154035542
7025-WCBNE,Low-Value,59.6,Two year,47,No,0.034233561370813397
1074-WVEVG,Low-Value,20.35,One year,59,No,0.034210102919184034
3397-AVTKU,Low-Value,60.0,Two year,43,No,0.03414929311038479
8033-VCZGH,High-Value,103.95,One year,50,No,0.03409159736443344
5035-PGZXH,High-Value,106.8,One year,56,No,0.03409159736443344
7722-CVFXN,High-Value,105.2,One year,54,No,0.03409159736443344
0440-MOGPM,High-Value,80.55,One year,41,No,0.03404416546351938
4957-TIALW,Low-Value,65.6,One year,15,No,0.03403618308802201
8731-WBBMB,High-Value,81.9,Month-to-month,26,No,0.0340348666683197
0219-QAERP,Low-Value,19.8,One year,30,No,0.034030732923262176
2996-XAUVF,Low-Value,40.05,Two year,70,No,0.034029381268727524
3733-UOCWF,High-Value,85.55,One year,61,No,0.03402733097859882
3298-QEICA,Low-Value,34.6,Two year,23,No,0.034016314237741346
0516-UXRMT,High-Value,92.05,One year,62,No,0.03385062540614625
2651-ZCBXV,High-Value,108.0,Two year,54,No,0.0337605534011873
8845-LWKGE,Low-Value,64.5,One year,30,No,0.03373162042435273
4121-AGSIN,Low-Value,24.5,One year,58,No,0.03367798749717186
8659-HDIYE,High-Value,74.65,Month-to-month,64,No,0.03360919233039415
6574-MCOEH,High-Value,79.15,One year,33,No,0.03360694075472041
2541-YGPKE,Low-Value,63.7,One year,42,No,0.03355097711644957
1282-IHQAC,Low-Value,44.05,One year,70,No,0.03349738760486607
5386-THSLQ,Low-Value,45.55,One year,66,No,0.03349738760486607
6250-CGGUN,High-Value,84.4,One year,54,No,0.033347732030007037
0931-MHTEM,High-Value,100.05,One year,54,No,0.03328789361217383
3057-VJJQE,Low-Value,55.25,Two year,35,No,0.033282097428626846
1133-KXCGE,Low-Value,20.1,One year,18,No,0.03325890076794186
3569-VLDHH,High-Value,75.1,One year,66,No,0.033245846147236906
4075-JFPGR,High-Value,93.5,One year,51,No,0.03324153852176758
8591-NXRCV,High-Value,74.65,Month-to-month,41,No,0.033178237687888565
1163-ONYEY,High-Value,74.55,Month-to-month,41,No,0.033178237687888565
1345-ZUKID,Low-Value,19.35,One year,14,No,0.03306841803275753
3692-JHONH,High-Value,106.5,One year,52,No,0.03303739777026089
1338-CECEE,Low-Value,68.5,One year,41,No,0.03303059829584626
2282-YGNOR,Low-Value,58.0,One year,29,No,0.0329716886341087
0757-WCUUZ,Low-Value,63.35,Two year,54,No,0.032856746011988694
8042-RNLKO,Low-Value,25.45,One year,66,No,0.032781210912617945
3078-ZKNTS,Low-Value,19.75,Two year,13,No,0.03276707703900632
1064-FBXNK,Low-Value,19.85,One year,1,No,0.03273887720438349
2519-LBNQL,High-Value,104.35,One year,60,No,0.032669164451886015
8738-JOKAR,Low-Value,67.7,One year,42,No,0.03263742021102626
1017-FBQMM,High-Value,106.05,One year,62,No,0.03261961530062399
0327-WFZSY,High-Value,100.0,One year,39,No,0.03259350753550049
4868-AADLV,High-Value,116.25,One year,66,No,0.032572695179844485
9233-PSYHO,High-Value,100.15,One year,45,No,0.032570457116513366
2577-GVSIL,High-Value,73.45,One year,35,No,0.032541378783319135
0536-ACXIP,High-Value,109.55,Two year,72,No,0.03252038942516998
1952-DVVSW,Low-Value,20.1,One year,10,No,0.03251329050704187
4137-JOPHL,High-Value,89.7,Two year,50,No,0.032433727296800864
1821-BUCWY,Low-Value,55.65,Two year,30,No,0.03242671046618778
9494-BDNNC,High-Value,95.3,One year,66,No,0.032415463409456086
0254-KCJGT,High-Value,81.4,One year,52,No,0.03240685986240436
3941-XTSKM,Low-Value,45.1,One year,42,No,0.03236341727806193
6838-YAUVY,High-Value,95.1,Two year,54,No,0.03221638436791919
0580-PIQHM,High-Value,101.6,One year,41,No,0.032127829768516206
7100-FQPRV,High-Value,71.9,One year,43,No,0.032100569534386614
0623-EJQEG,High-Value,93.55,One year,65,No,0.03201605661761578
3301-VKTGC,High-Value,85.5,One year,68,No,0.032006314906106226
8969-PRHFK,Low-Value,19.65,One year,18,No,0.03198708415043939
3566-CAAYU,Low-Value,49.85,Two year,64,No,0.03192262009425714
2293-IJWPS,High-Value,100.75,One year,57,No,0.03192148265242958
5734-EJKXG,High-Value,118.6,One year,61,No,0.031851112225198666
2911-IJORQ,High-Value,90.6,One year,37,No,0.031775499408871706
3407-JMJQQ,High-Value,109.0,Two year,71,No,0.031767474634472485
2001-MCUUW,High-Value,108.65,Two year,46,No,0.031698392169681615
3978-YNKDD,Low-Value,20.85,Two year,19,No,0.03167169432544073
7527-QNRUS,Low-Value,25.15,Two year,17,No,0.03162550958106997
7432-FFVAR,High-Value,90.95,One year,46,No,0.031616910925322095
3161-ONRWK,Low-Value,65.85,One year,60,No,0.03151768369313475
2898-MRKPI,High-Value,101.05,One year,68,No,0.03151700978131698
4311-QTTAI,Low-Value,19.35,One year,16,No,0.031517003878426535
9055-MOJJJ,Low-Value,65.8,One year,64,No,0.03151186404597227
7674-YTAFD,High-Value,79.95,One year,33,No,0.031496682414140297
6827-IEAUQ,Low-Value,66.15,One year,27,No,0.03148626515831074
0678-RLHVP,High-Value,105.55,Two year,53,No,0.03147941434853556
9362-MWODR,Low-Value,64.1,Month-to-month,40,No,0.031422431570551336
1535-VTJOQ,Low-Value,25.15,Two year,24,No,0.03139217778672911
5336-UFNZP,High-Value,107.45,One year,65,No,0.03137183003264225
5120-ZBLAI,High-Value,75.7,One year,50,No,0.0313458615092328
0071-NDAFP,Low-Value,25.5,Two year,25,No,0.0313145435201213
9178-JHUVJ,Low-Value,24.1,Two year,24,No,0.0313145435201213
6199-IPCAO,Low-Value,26.1,Two year,29,No,0.031235220469074523
8932-CZHRQ,High-Value,76.75,One year,68,No,0.031197210335436584
7338-ERIVA,Low-Value,45.05,One year,39,No,0.03119078881496107
0186-CAERR,High-Value,116.3,One year,71,No,0.031138248865953143
2371-KFUOG,High-Value,99.15,One year,58,No,0.031131389887563154
1573-LGXBA,High-Value,97.55,One year,57,No,0.031131389887563154
3096-WPXBT,High-Value,100.7,One year,61,No,0.031131389887563154
9867-JCZSP,Low-Value,20.75,One year,17,No,0.031074552335670427
3858-XHYJO,High-Value,105.75,One year,40,No,0.03100851253925534
8958-JPTRR,Low-Value,24.3,One year,56,No,0.03097053627414484
8915-NNTRC,High-Value,107.7,Two year,72,No,0.030949289945194677
1301-LOPVR,Low-Value,55.35,One year,29,No,0.030716891332446455
1370-GGAWX,High-Value,94.15,One year,46,No,0.030705263354090975
0422-UXFAP,High-Value,98.85,One year,51,No,0.030705263354090975
5820-PTRYM,Low-Value,68.45,One year,56,No,0.030701466135796274
5073-RZGBK,High-Value,80.05,One year,50,No,0.030532227859143345
6194-HBGQN,High-Value,81.15,One year,51,No,0.030532227859143345
0784-GTUUK,Low-Value,23.75,One year,62,No,0.03052952739320247
1599-EAHXY,Low-Value,23.95,One year,60,No,0.030520614699857035
7471-WNSUF,Low-Value,24.15,One year,60,No,0.030520614699857035
5989-OMNJE,Low-Value,57.6,One year,24,No,0.03028592784469088
2851-STERV,High-Value,73.0,One year,35,No,0.03027880331178477
9620-QJREV,Low-Value,20.55,One year,47,No,0.0302668016037748
2830-LEWOA,High-Value,103.9,One year,61,No,0.03023757891215921
3549-ZTMNH,Low-Value,24.0,Two year,12,No,0.03021473647462574
9825-YCXWZ,High-Value,101.1,One year,41,No,0.03021442683721304
1135-HIORI,High-Value,111.45,One year,64,No,0.030168173072247027
8499-BRXTD,Low-Value,20.1,One year,18,No,0.03014400312900267
6837-BJYDQ,Low-Value,19.6,One year,3,No,0.030072603081967318
0533-UCAAU,High-Value,71.1,One year,57,No,0.030055966907786686
9388-ZEYVT,Low-Value,44.15,One year,43,No,0.03004533663501657
9480-BQJEI,High-Value,92.3,One year,62,No,0.030019202470412513
3571-DPYUH,High-Value,94.7,One year,58,No,0.02988900593317207
5642-MHDQT,Low-Value,19.85,One year,53,No,0.02987495098982644
9170-ARBTB,Low-Value,19.6,One year,52,No,0.02987495098982644
7297-DVYGA,Low-Value,19.85,One year,51,No,0.02987495098982644
6161-ERDGD,High-Value,85.45,One year,71,No,0.029851597162413857
2706-QZIHY,Low-Value,25.2,Two year,15,No,0.02976095996986032
4378-MYPGO,High-Value,105.25,Two year,68,No,0.029720835486827663
7596-ZYWBB,Low-Value,59.6,Two year,65,No,0.029710402706739934
2005-DWQZJ,Low-Value,19.05,Two year,8,No,0.02969915318176017
8008-ESFLK,High-Value,110.5,One year,53,No,0.02969251365197148
1679-JRFBR,High-Value,108.15,One year,70,No,0.029692367008708684
6518-KZXCB,Low-Value,25.25,Two year,22,No,0.029668018270310955
2453-SAFNS,High-Value,72.1,One year,54,No,0.029580218952373144
7471-MQPOS,High-Value,72.9,One year,71,No,0.029572974830732707
1734-ZMNTZ,Low-Value,25.0,Two year,11,No,0.02957132704033523
4726-DLWQN,High-Value,70.35,Month-to-month,50,No,0.02954843787412311
3950-VPYJB,Low-Value,59.6,One year,57,No,0.029519317220121407
2400-FEQME,Low-Value,20.5,Two year,55,No,0.029462771031456808
7696-AMHOD,High-Value,78.0,One year,49,No,0.029410234190031633
4091-TVOCN,High-Value,78.75,One year,48,No,0.029410234190031633
8727-XDPUD,Low-Value,35.8,Two year,37,No,0.02939638681683321
0621-JFHOL,Low-Value,29.6,Two year,10,No,0.02938891880031637
2361-UPSND,High-Value,70.6,One year,46,No,0.02938607725551833
0565-JUPYD,High-Value,104.5,One year,63,No,0.029331260761759338
1347-KTTTA,High-Value,102.45,One year,64,No,0.029331260761759338
6950-TWMYB,High-Value,79.95,Two year,54,No,0.02930009793647526
8220-OCUFY,Low-Value,60.25,One year,21,No,0.02928505917523627
8564-LDKFL,High-Value,106.0,One year,40,No,0.029252764681445886
4419-UJMUS,High-Value,99.35,Two year,69,No,0.02924971782395583
1707-HABPF,High-Value,91.3,One year,46,No,0.029188473116279666
9541-ZPSEA,High-Value,80.35,Two year,68,No,0.02916193327298366
9386-LDCZR,High-Value,90.65,One year,43,No,0.029120563591648684
2325-WINES,High-Value,104.05,One year,32,No,0.029079114853941913
3498-LZGQZ,Low-Value,19.15,Two year,63,No,0.029077417490920455
9108-EQPNQ,Low-Value,26.1,Two year,10,No,0.029029045443965354
0670-ANMUU,High-Value,97.65,One year,71,No,0.029009435946528085
6265-SXWBU,High-Value,95.75,One year,69,No,0.029009435946528085
7080-TNUWP,High-Value,95.0,One year,70,No,0.029009435946528085
9786-IJYDL,High-Value,113.2,Two year,35,No,0.02892538815411156
4425-OWHWB,Low-Value,19.35,One year,20,No,0.028922438155389908
5074-FBGHB,High-Value,104.65,One year,64,No,0.02890496430727811
2333-KWEWW,Low-Value,20.05,Two year,18,No,0.028721238073419985
5593-SUAOO,High-Value,83.15,One year,24,No,0.028698893828096646
0862-PRCBS,High-Value,103.75,Two year,68,No,0.028656131107920976
8894-JVDCV,High-Value,115.05,One year,62,No,0.028625912068488243
4129-LYCOI,High-Value,104.0,Two year,67,No,0.02861964191917862
6837-HAEVO,High-Value,105.0,Two year,69,No,0.02861964191917862
3567-PQTSO,High-Value,105.25,One year,53,No,0.028613636290099942
5414-OFQCB,High-Value,90.45,Two year,57,No,0.028560806832635743
4626-OZDTJ,High-Value,78.65,One year,51,No,0.028509152163289773
6893-ODYYE,High-Value,90.1,One year,50,No,0.028436206641300386
7175-NTIXE,High-Value,76.15,Month-to-month,25,No,0.02843367780280372
5499-ECUTN,Low-Value,66.05,One year,47,No,0.02843049851434322
9500-WBGRP,Low-Value,19.1,Two year,69,No,0.028411401198522035
6980-CDGFC,Low-Value,20.85,One year,67,No,0.028405911314126345
0872-CASZJ,Low-Value,69.1,One year,59,No,0.02839971312496925
8777-PVYGU,Low-Value,64.3,One year,52,No,0.02839971312496925
4083-BFNYK,High-Value,95.0,One year,38,No,0.028395765188371277
1661-CZBAU,High-Value,70.95,One year,48,No,0.028371948255431264
3373-DIUUN,Low-Value,21.25,Two year,30,No,0.028298015463608436
6723-WSNTY,High-Value,108.1,One year,66,No,0.02827861097630412
3442-ZHHCC,High-Value,76.9,One year,68,No,0.028267961891164074
8659-IOOPU,High-Value,100.45,Two year,71,No,0.028250745892597937
1732-FEKLD,High-Value,94.75,One year,54,No,0.028237962812185987
1032-MAELW,High-Value,78.45,One year,68,No,0.028069543538585963
3129-AAQOU,Low-Value,25.6,Two year,19,No,0.028061707273510136
3727-OWVYD,Low-Value,61.2,One year,35,No,0.028061648946047943
5481-NTDOH,High-Value,107.05,One year,67,No,0.028057130732462635
2927-QRRQV,High-Value,94.65,One year,46,No,0.02796434930694613
2560-QTSBS,Low-Value,23.3,One year,72,No,0.027921286605017942
0345-XMMUG,High-Value,108.9,Two year,46,No,0.027899097703766754
3758-CKOQL,High-Value,107.0,One year,59,No,0.027834013342553657
7740-BTPUX,High-Value,113.6,Two year,55,No,0.027815110316593242
4827-LTQRJ,High-Value,110.6,One year,66,No,0.02771709082356422
4890-VMUAV,High-Value,71.5,One year,63,No,0.027624493375035922
7123-WQUHX,High-Value,95.0,One year,38,No,0.027570728279490014
4043-MKDTV,High-Value,105.25,Two year,71,No,0.027566601381971107
0667-NSRGI,Low-Value,69.55,One year,48,No,0.027513392581349442
4116-IQRFR,Low-Value,24.1,One year,4,No,0.027479361243447627
2988-QRAJY,High-Value,110.05,Two year,69,No,0.027464689063207964
3617-XLSGQ,High-Value,109.25,Two year,66,No,0.027464689063207964
5294-IMHHT,High-Value,97.75,One year,53,No,0.027458975505645185
5473-KHBPS,High-Value,95.7,One year,52,No,0.027458975505645185
4213-HKBJO,Low-Value,25.7,Two year,33,No,0.027450893077998594
8232-CTLKO,Low-Value,59.75,Two year,66,No,0.02743903686130378
2560-PPCHE,High-Value,105.05,One year,65,No,0.02739044643682142
8241-JUIQO,Low-Value,19.45,One year,61,No,0.02738223781741222
6925-BAYGL,Low-Value,25.1,Two year,53,No,0.027320354506679915
0269-XFESX,Low-Value,24.35,One year,23,No,0.027208186592569978
8469-SNFFH,High-Value,79.4,One year,70,No,0.0271750947171576
7607-QKKTJ,High-Value,95.0,One year,45,No,0.02717266834660797
2558-BUOZZ,High-Value,94.8,One year,47,No,0.02717266834660797
2379-GYFLQ,High-Value,94.9,One year,46,No,0.02717266834660797
1936-UAFEH,High-Value,110.25,Two year,68,No,0.02713970855249767
5825-XJOCM,Low-Value,64.4,One year,48,No,0.027080348356296007
1177-XZBJL,Low-Value,64.15,One year,53,No,0.027080348356296007
8184-WMOFI,High-Value,71.4,One year,62,No,0.02706913305571703
1004-NOZNR,High-Value,94.8,One year,56,No,0.027053387618084845
2690-DVRVK,Low-Value,20.55,One year,5,No,0.02699418781217461
0810-BDHAW,High-Value,78.4,One year,24,No,0.02693987686505087
8091-TTVAX,High-Value,100.35,One year,58,No,0.02689318515222123
4742-DRORA,High-Value,95.4,One year,60,No,0.02689318515222123
3908-MKIMJ,Low-Value,41.95,Two year,68,No,0.026889434480462736
5859-HZYLF,Low-Value,19.15,Two year,26,No,0.02684955038879846
9609-BENEA,Low-Value,69.0,One year,35,No,0.026830101673700632
7690-KPNCU,High-Value,73.05,One year,64,No,0.026801039666722527
5312-TSZVC,Low-Value,19.65,One year,15,No,0.026793523689633735
9060-HJJRW,Low-Value,56.4,One year,51,No,0.026768965106541615
9720-JJJOR,Low-Value,60.3,One year,41,No,0.026683294862520877
7103-IPXPJ,High-Value,99.4,One year,50,No,0.026663366888368584
6559-RAKOZ,High-Value,97.95,One year,49,No,0.026663366888368584
8999-EXMNO,Low-Value,20.15,Two year,19,No,0.026629986022516428
5753-QQWPW,Low-Value,59.9,One year,28,No,0.026615054881416543
8680-CGLTP,Low-Value,58.75,One year,29,No,0.026615054881416543
7673-LPRNY,High-Value,78.55,One year,23,No,0.026588396298809644
7663-ZTEGJ,High-Value,100.55,One year,29,No,0.026583500270196497
8268-YDIXR,High-Value,93.15,One year,56,No,0.026568118355185945
2798-NYLMZ,High-Value,108.55,Two year,71,No,0.026566871666012376
2888-ADFAO,Low-Value,21.3,Two year,47,No,0.02656318166324264
9513-DXHDA,High-Value,81.7,One year,27,No,0.02655411438066218
9128-CPXKI,High-Value,95.8,Two year,59,No,0.02655356435361091
2731-GJRDG,High-Value,109.55,One year,32,No,0.02653510723148492
5996-EBTKM,Low-Value,69.9,Two year,67,No,0.026445659311381705
3088-FVYWK,Low-Value,25.55,Two year,53,No,0.02635562818718193
8292-ITGYJ,Low-Value,24.65,Two year,45,No,0.02635562818718193
8807-OPMBM,Low-Value,25.65,Two year,55,No,0.02635562818718193
6407-GSJNL,Low-Value,24.95,Two year,51,No,0.02635562818718193
5939-SXWHM,Low-Value,26.3,Two year,48,No,0.02635562818718193
6813-GZQCG,Low-Value,24.65,Two year,45,No,0.02635562818718193
9650-VBUOG,Low-Value,25.05,Two year,38,No,0.02635562818718193
8234-GSZYK,Low-Value,26.45,Two year,43,No,0.02635562818718193
0732-OCQOC,Low-Value,25.05,Two year,52,No,0.02635562818718193
4521-WFJAI,Low-Value,25.95,Two year,56,No,0.02635562818718193
0463-TXOAK,Low-Value,25.6,Two year,52,No,0.02635562818718193
0318-ZOPWS,Low-Value,20.15,Two year,49,No,0.026329848255416965
1591-MQJTP,High-Value,93.65,One year,51,No,0.02632793143479983
7921-LMDFQ,High-Value,94.0,One year,51,No,0.02632793143479983
5223-UZAVK,High-Value,100.3,One year,64,No,0.026323496357998556
4636-TVXVG,Low-Value,19.95,One year,62,No,0.026301290387749275
0621-TSSMU,Low-Value,19.95,One year,56,No,0.026301290387749275
3712-PKXZA,Low-Value,20.55,One year,61,No,0.026301290387749275
7706-YLMQA,Low-Value,19.7,One year,70,No,0.026288515609532808
7293-LSCDV,Low-Value,19.25,Two year,60,No,0.026246172011036722
4682-BLBUC,High-Value,70.95,One year,44,No,0.026175079821327888
8550-XSXUQ,High-Value,70.55,One year,48,No,0.026151983256917727
3957-SQXML,Low-Value,24.95,Two year,34,No,0.0261301175327706
7016-NVRIC,High-Value,90.1,One year,29,No,0.02608121307749355
0743-HRVFF,Low-Value,56.15,One year,51,No,0.026070479393484294
1085-LDWAM,Low-Value,20.35,One year,69,No,0.02603448878397447
4302-ZYFEL,Low-Value,20.55,One year,69,No,0.02603448878397447
1813-JLKWR,Low-Value,19.8,One year,64,No,0.02603448878397447
8375-KVTHK,High-Value,100.3,One year,68,No,0.026028994641251576
9602-WCXPI,Low-Value,20.15,One year,50,No,0.026008805236069504
6765-MBQNU,Low-Value,26.0,One year,26,No,0.025995795160634553
7833-PKIHD,High-Value,76.4,One year,51,No,0.025976648194934365
1258-YMZNM,High-Value,110.5,One year,27,No,0.025966646641611177
2190-PHBHR,High-Value,94.45,Two year,72,No,0.0259596019015865
0654-PQKDW,High-Value,70.75,One year,62,No,0.025929561164174837
7251-LJBQN,High-Value,103.75,One year,40,No,0.02590493742514253
1810-BOHSY,High-Value,96.4,One year,51,No,0.02590085172910551
8265-HKSOW,High-Value,107.45,Two year,72,No,0.025899057191907306
5791-KAJFD,Low-Value,68.75,One year,56,No,0.025898716153426093
4560-WQAQW,Low-Value,68.7,One year,59,No,0.025898716153426093
6815-ABQFQ,High-Value,107.25,One year,56,No,0.025848735724663355
0859-YGKFW,Low-Value,20.05,One year,18,No,0.025848679503849618
9330-DHBFL,Low-Value,66.25,One year,23,No,0.025839196503816622
7153-CHRBV,Low-Value,59.3,One year,57,No,0.025819439812959942
1448-CYWKC,High-Value,105.2,One year,58,No,0.025804478648961782
6227-FBDXH,High-Value,99.5,One year,69,No,0.02580026904900233
9571-EDEBV,High-Value,98.65,One year,71,No,0.02580026904900233
8152-VETUR,High-Value,97.7,Two year,72,No,0.025794929593697592
0512-FLFDW,High-Value,100.5,One year,60,No,0.02576110272638329
5777-ZPQNC,Low-Value,20.15,One year,12,No,0.02575484977634674
8329-UTMVM,High-Value,104.65,One year,27,No,0.025740266108119157
9447-YPTBX,Low-Value,19.85,One year,50,No,0.025668270572531796
8430-TWCBX,Low-Value,20.7,One year,49,No,0.02564816778170465
8859-YSTWS,Low-Value,19.95,One year,48,No,0.02564816778170465
3079-BCHLN,Low-Value,19.9,One year,47,No,0.02564816778170465
1921-KYSAY,Low-Value,68.6,One year,41,No,0.02562476141875671
9251-WNSOD,High-Value,75.1,One year,67,No,0.02560697261207848
4086-ATNFV,Low-Value,60.8,One year,34,No,0.02558609647691917
1455-HFBXA,High-Value,91.6,Two year,52,No,0.025583876628481758
7445-WMRBW,High-Value,73.85,One year,48,No,0.025579903719017263
7047-FWEYA,High-Value,103.15,One year,46,No,0.025557891698505548
3606-SBKRY,Low-Value,50.05,One year,31,No,0.025523390332460358
9844-FELAJ,High-Value,107.9,One year,70,No,0.025495218993524887
6647-ZEDXT,High-Value,110.45,One year,30,No,0.02544670714234719
4374-YMUSQ,High-Value,116.25,One year,34,No,0.02540308472460835
8133-ANHHJ,High-Value,103.0,One year,49,No,0.025389029374504
9919-FZDED,High-Value,84.1,Two year,72,No,0.025342549019862704
1248-DYXUB,Low-Value,24.8,Two year,52,No,0.025341950775387076
8859-AXJZP,Low-Value,23.8,Two year,39,No,0.025341950775387076
4816-OKWNX,High-Value,103.4,One year,50,No,0.02532608846416498
6281-FKEWS,Low-Value,49.05,One year,44,No,0.025322061055422437
1950-KSVVJ,High-Value,113.3,One year,45,No,0.025307318600802667
5844-QVTAT,Low-Value,58.45,One year,33,No,0.025263301992267312
0254-FNMCI,High-Value,109.9,Two year,72,No,0.0252619917573381
4530-NDRKU,Low-Value,19.05,One year,42,No,0.025210546965711057
5440-VHLUL,High-Value,105.2,One year,69,No,0.02519453577646886
4877-TSOFF,High-Value,75.75,One year,55,No,0.025183695987282248
1741-WTPON,High-Value,115.85,Two year,56,No,0.02516759607689459
4730-AWNAU,Low-Value,60.7,One year,36,No,0.02513092788829652
4118-CEVPF,High-Value,110.8,One year,35,No,0.02510896646883596
3680-CTHUH,High-Value,116.6,One year,60,No,0.025081837465331512
2995-YWTCD,Low-Value,24.9,Two year,19,No,0.02505986040390803
9648-BCHKM,Low-Value,24.65,Two year,18,No,0.02505986040390803
8606-OEGQZ,Low-Value,25.3,Two year,18,No,0.02505986040390803
6810-VCAEX,Low-Value,39.65,One year,47,No,0.025001923846793436
1091-SOZGA,High-Value,99.8,One year,56,No,0.02497526479140445
1498-DQNRX,Low-Value,19.85,Month-to-month,29,No,0.024968496761857303
5203-XEHAX,Low-Value,64.35,One year,34,No,0.024778960244052555
3214-IYUUQ,High-Value,93.7,One year,61,No,0.024698723278663907
6728-VOIFY,High-Value,96.0,One year,63,No,0.024637443578770624
4854-SSLTN,Low-Value,59.5,Two year,2,No,0.024594703424468102
9534-NSXEM,Low-Value,20.65,One year,26,No,0.024585103794468818
4625-XMOYM,Low-Value,26.25,Two year,72,No,0.02455319019824216
1970-KKFWL,Low-Value,23.3,Two year,35,No,0.024521593223252886
8318-LCNBW,Low-Value,53.15,One year,35,No,0.02449662875082756
8433-WPJTV,High-Value,103.9,One year,65,No,0.0244933284249028
1297-VQDRP,High-Value,107.15,One year,68,No,0.0244933284249028
1925-LFCZZ,Low-Value,50.05,One year,55,No,0.024470393131008832
5726-CVNYA,Low-Value,19.85,Two year,8,No,0.024459563484262946
1830-GGFNM,High-Value,94.55,Two year,65,No,0.024444189941011923
6933-VLYFX,Low-Value,59.95,One year,31,No,0.02442834557264052
4423-JWZJN,High-Value,90.25,One year,64,No,0.02440099471599666
8819-ZBYNA,High-Value,109.1,Two year,58,No,0.024394208031357337
9330-VOFSZ,High-Value,110.8,Two year,60,No,0.024394208031357337
6754-WKSHP,Low-Value,25.35,One year,30,No,0.024346985955191167
4896-CPRPF,Low-Value,25.45,Two year,35,No,0.02429608256884156
6869-FGJJC,High-Value,79.6,One year,68,No,0.024279785016279098
6408-OTUBZ,High-Value,104.55,One year,66,No,0.02427800263603129
4323-ELYYB,Low-Value,20.0,One year,13,No,0.024270213433905743
2387-KDZQY,Low-Value,20.1,One year,17,No,0.024270213433905743
7609-NRNCA,Low-Value,19.55,One year,17,No,0.024270213433905743
0824-VWDPO,High-Value,96.75,One year,45,No,0.024266388823572557
8869-LIHMK,High-Value,115.1,Two year,64,No,0.02425622641025354
5802-ADBRC,High-Value,104.4,One year,50,No,0.024192871418028748
6543-JXSOO,Low-Value,57.75,One year,23,No,0.02416624557337933
7311-MQJCH,Low-Value,19.55,One year,5,No,0.02416003278615434
6900-RBKER,High-Value,89.45,Two year,52,No,0.024153482321780113
9127-QRZMH,Low-Value,59.85,One year,44,No,0.024151512501603748
7711-YIJWC,High-Value,84.9,One year,61,No,0.024130110047710325
0864-FVJNJ,High-Value,113.35,One year,64,No,0.024116529108284816
0486-LGCCH,Low-Value,19.65,Two year,11,No,0.02406642328630836
2230-XTUWL,Low-Value,19.55,Two year,48,No,0.0240375755046997
8510-TMWYB,Low-Value,59.8,Two year,54,No,0.02401638594513024
6681-ZSEXG,Low-Value,59.5,Two year,56,No,0.02401638594513024
5504-WSIUR,High-Value,90.25,One year,70,No,0.024012160477938332
8952-WCVCD,High-Value,104.45,One year,41,No,0.02392916085575479
4632-XJMEX,Low-Value,62.85,One year,53,No,0.023922975558981187
4872-VXRIL,Low-Value,64.65,One year,56,No,0.023922975558981187
8966-KZXXA,Low-Value,25.1,Two year,36,No,0.02386076732874726
3472-QPRCH,Low-Value,25.25,Two year,40,No,0.02386076732874726
0409-WTMPL,High-Value,110.65,One year,58,No,0.02385435120609315
9560-BBZXK,Low-Value,31.05,Two year,36,No,0.023753680780910176
5998-DZLYR,High-Value,94.35,Two year,61,No,0.023734218388361455
0516-OOHAR,High-Value,100.35,One year,28,No,0.023691168841806734
8213-TAZPM,High-Value,108.75,One year,69,No,0.02366931835657273
8069-RHUXK,Low-Value,35.7,Two year,67,No,0.023620679313148537
9670-BPNXF,Low-Value,62.55,One year,45,No,0.023593744723389137
2606-PKWJB,Low-Value,40.25,One year,40,No,0.023576608510504013
4282-MSACW,High-Value,117.2,One year,68,No,0.023537027963691615
3705-PSNGL,Low-Value,20.4,One year,45,Yes,0.02347422403605546
4683-WYDOU,High-Value,107.6,Two year,62,No,0.023461761312933694
0056-EPFBG,Low-Value,39.4,Two year,20,No,0.023389061715119827
9715-WZCLW,High-Value,97.2,Two year,71,No,0.023378808741311707
5996-NRVXR,High-Value,98.15,One year,40,No,0.023344766024214838
0471-ARVMX,High-Value,104.85,One year,62,No,0.02326036188007544
8711-LOBKY,Low-Value,19.85,Two year,59,No,0.023248873919456514
6465-GSRCL,High-Value,106.6,One year,67,No,0.023243021902091505
0020-JDNXP,Low-Value,61.25,One year,34,No,0.02314345248400277
9391-DXGGG,High-Value,89.15,One year,44,No,0.02313456491062872
0218-QNVAS,High-Value,100.55,One year,71,No,0.02310652509058122
5285-MVEHD,High-Value,105.6,One year,56,No,0.023097657875068112
2348-KCJLT,Low-Value,61.5,One year,44,No,0.02302581932774071
1095-WGNGG,High-Value,101.05,Two year,61,No,0.023020018486640714
4159-NAAIX,High-Value,97.45,Two year,63,No,0.023020018486640714
6685-GBWJZ,High-Value,70.8,One year,63,No,0.02299451318794787
4455-BFSPD,High-Value,101.15,One year,61,No,0.02292748235403332
8777-MBMTS,High-Value,105.85,Two year,65,No,0.02290627952303541
9847-HNVGP,Low-Value,19.95,One year,17,No,0.02287378911163967
6463-MVYRY,Low-Value,69.85,Two year,57,No,0.02280607857224388
8331-ZXFOE,High-Value,71.1,One year,58,No,0.02278507615312932
2030-BTZRO,Low-Value,20.4,Two year,6,No,0.022784589304044745
7247-XOZPB,High-Value,77.4,One year,53,No,0.02274575616459143
1335-MXCSE,Low-Value,55.25,Two year,55,No,0.022744569327627785
3283-WCWXT,Low-Value,25.4,Two year,6,No,0.02272890819913012
7925-PNRGI,High-Value,81.3,Month-to-month,45,No,0.022687713218655453
8905-IAZPF,High-Value,95.65,One year,69,No,0.022658309721959546
5906-DVAPM,High-Value,75.0,One year,55,No,0.022651913626365115
3585-YNADK,High-Value,74.6,One year,57,No,0.022651913626365115
7718-UPSKJ,High-Value,106.4,One year,69,No,0.022641283416301936
1090-PYKCI,High-Value,105.1,One year,69,No,0.022641283416301936
0829-DDVLK,Low-Value,20.1,One year,15,No,0.022621268428682628
1409-PHXTF,High-Value,110.45,Two year,54,No,0.02261450734813313
7244-KXYZN,Low-Value,20.45,One year,24,No,0.022534076799590252
6072-NUQCB,Low-Value,20.25,One year,22,No,0.022534076799590252
0835-DUUIQ,Low-Value,21.05,One year,24,No,0.022534076799590252
6297-NOOPG,High-Value,110.5,Two year,70,No,0.02252038942516998
5329-KRDTM,High-Value,77.35,Two year,72,No,0.02250658316215469
0575-CUQOV,High-Value,97.95,One year,60,No,0.02249894607451154
0513-RBGPE,Low-Value,62.8,Two year,37,No,0.02248296602208696
3716-LRGXK,High-Value,101.15,Two year,60,No,0.022478558352826538
5965-GGPRW,High-Value,105.25,Two year,72,No,0.022466049490160952
6906-MPARY,High-Value,89.6,One year,40,No,0.022440278262682932
1131-SUEKT,High-Value,98.45,One year,61,No,0.022337188311093374
5578-NKCXI,High-Value,99.25,One year,58,No,0.022337188311093374
4753-PADAS,High-Value,105.7,One year,67,No,0.022337188311093374
0330-BGYZE,High-Value,102.5,One year,60,No,0.022337188311093374
2057-BOYKM,High-Value,96.6,Two year,72,No,0.022260128264280143
7619-PLRLP,High-Value,74.1,One year,53,No,0.022254447543009738
0810-DHDBD,High-Value,74.0,One year,52,No,0.022254447543009738
6732-FZUGP,High-Value,94.9,One year,47,No,0.022251791762867137
8226-BXGES,High-Value,89.45,One year,64,No,0.022211309689547667
9677-AVKED,High-Value,84.6,One year,53,No,0.022192075805398
4227-OJHAL,High-Value,73.0,One year,68,No,0.022149629642662188
7103-ZGVNT,High-Value,73.7,One year,69,No,0.022149629642662188
9359-UGBTK,High-Value,72.35,One year,67,No,0.022149629642662188
9711-FJTBX,High-Value,85.85,One year,56,No,0.02214802225519017
1265-HVPZB,Low-Value,66.4,One year,59,No,0.022123034685400174
8292-FRFZQ,Low-Value,41.15,One year,39,No,0.022067689010476555
2676-SSLTO,Low-Value,66.15,Two year,49,No,0.02201642394585869
6603-QWSPR,High-Value,104.4,Two year,46,No,0.021928885724040326
8608-OZTLB,High-Value,74.05,One year,38,No,0.02187176538928808
2546-KZAAT,High-Value,75.4,One year,52,No,0.021864687791457404
4909-JOUPP,High-Value,109.7,Two year,72,No,0.021831324498780703
8565-HBFNN,High-Value,107.2,One year,69,No,0.021711254654842284
2056-EVGZL,High-Value,105.75,One year,68,No,0.021711254654842284
6546-OPBBH,Low-Value,23.95,One year,51,No,0.021700473282741002
8148-WOCMK,Low-Value,19.6,Two year,8,No,0.021684085540698766
8561-NMTBD,High-Value,112.35,One year,67,No,0.02166935698393719
6333-YDVLT,High-Value,110.0,One year,65,No,0.02166935698393719
7879-CGSFV,High-Value,100.9,One year,55,No,0.02166680695799057
9770-KXGQU,High-Value,98.6,One year,53,No,0.02166680695799057
2931-XIQBR,High-Value,103.05,One year,50,No,0.02166680695799057
6682-VCIXC,Low-Value,51.25,One year,43,No,0.021641068171829203
0786-IVLAW,High-Value,108.1,One year,66,No,0.021587048901867387
9968-FFVVH,Low-Value,68.8,One year,63,No,0.021517683693134754
2274-XUATA,Low-Value,63.1,Two year,72,No,0.02151614173450643
5214-NLTIT,High-Value,90.8,Two year,72,No,0.02148493060665968
4785-FCIFB,Low-Value,24.4,Two year,61,No,0.021484418729512993
1852-QSWCD,Low-Value,24.8,Two year,64,No,0.021484418729512993
7608-RGIRO,Low-Value,24.4,Two year,62,No,0.021484418729512993
7176-WRTNX,High-Value,114.95,Two year,70,No,0.02141467846077787
6047-SUHPR,Low-Value,59.8,One year,39,No,0.0214132366673602
4342-HFXWS,Low-Value,69.7,One year,48,No,0.021382969040462045
3021-VLNRJ,High-Value,70.8,One year,50,No,0.021382969040462045
8401-EMUWF,Low-Value,69.4,Month-to-month,42,No,0.021376551559423463
9896-UYMIE,High-Value,114.3,One year,66,No,0.021367118491308165
8707-RMEZH,High-Value,87.3,One year,69,No,0.02135551424811047
0206-TBWLC,High-Value,114.65,One year,54,No,0.02127190222613927
4500-HKANN,Low-Value,59.7,Two year,23,No,0.0212640693199302
3327-YBAKM,High-Value,96.9,One year,64,No,0.021260922045806745
7452-FOLON,Low-Value,25.45,One year,39,No,0.021259322187386943
8277-RVRSV,Low-Value,24.15,One year,33,No,0.021259322187386943
1960-UOTYM,High-Value,79.2,Two year,52,No,0.021256956057958094
7996-BPXHY,Low-Value,25.0,Two year,13,No,0.02125587508076139
8007-YYPWD,Low-Value,25.05,Two year,15,No,0.02125587508076139
6368-NWMCE,Low-Value,68.15,Month-to-month,38,No,0.021242805912298452
4323-OHFOW,High-Value,105.55,One year,70,No,0.021223958562324632
4654-DLAMQ,High-Value,97.0,One year,64,No,0.021223958562324632
7134-MJPDY,High-Value,102.85,One year,66,No,0.02122395856232463
9391-TTOYH,Low-Value,19.5,Month-to-month,23,No,0.02118081906568335
3487-EARAT,High-Value,74.1,One year,70,No,0.021170305809990048
4908-XAXAY,High-Value,89.85,One year,49,No,0.021146353793419673
1400-WIVLL,High-Value,107.95,Two year,57,No,0.021125112857906192
2530-FMFXO,High-Value,103.2,Two year,56,No,0.021125112857906192
9668-PUGNU,Low-Value,24.5,Two year,71,No,0.021117772556644793
2391-IPLOP,Low-Value,69.65,One year,50,No,0.02111088115189313
9114-AAFQH,Low-Value,65.65,One year,48,No,0.02111088115189313
9209-NWPGU,Low-Value,65.4,One year,44,No,0.02111088115189313
9289-LBQVU,Low-Value,70.15,One year,64,No,0.021095573026025594
9073-ZZIAY,High-Value,86.1,Two year,62,No,0.021074395182224065
5286-YHCVC,High-Value,104.8,Two year,72,No,0.021069541239812768
8097-OMULG,High-Value,76.75,One year,59,No,0.02106773783077695
3213-VVOLG,Low-Value,25.35,Two year,0,No,0.02100438983287419
2239-CGBUZ,Low-Value,60.5,One year,51,No,0.02099413970428893
4531-AUZNK,High-Value,95.15,One year,51,No,0.02098365728376138
3398-GCPMU,High-Value,89.55,Two year,72,No,0.020977197658106198
7921-BEPCI,Low-Value,59.75,Two year,72,No,0.020973366931256336
4685-TFLLS,Low-Value,19.8,One year,18,No,0.02095236860245968
6349-JDHQP,Low-Value,19.85,Two year,53,No,0.020943776451958652
6332-FBZRI,Low-Value,69.35,One year,67,No,0.020924122344851293
7850-THJMU,Low-Value,19.65,Two year,26,No,0.020899106137563767
5811-IWXYM,High-Value,101.25,One year,52,No,0.020819841302339933
1371-OJCEK,Low-Value,24.35,One year,48,No,0.020815082091833213
0804-YGEQV,Low-Value,24.45,One year,43,No,0.020815082091833213
4163-NCJAK,Low-Value,24.45,One year,46,No,0.020815082091833213
1360-XFJMR,High-Value,109.7,One year,67,No,0.020763038833537317
2692-AQCPF,High-Value,108.05,One year,65,No,0.020763038833537317
8028-PNXHQ,Low-Value,24.25,Two year,62,No,0.020736383355392143
6134-KWTBV,Low-Value,23.4,Two year,62,No,0.020736383355392143
2632-TACXW,Low-Value,23.65,Two year,62,No,0.020736383355392143
4837-QUSFT,High-Value,100.15,One year,65,No,0.020700469091364016
2197-OMWGI,Low-Value,53.0,Two year,68,No,0.020650803476754683
1169-SAOCL,High-Value,106.65,One year,49,No,0.02063150423489046
0853-NWIFK,High-Value,100.3,One year,45,No,0.020630364093517303
2332-TODQS,Low-Value,25.05,One year,48,No,0.020576964252555566
3251-YMVWZ,Low-Value,24.05,One year,53,No,0.020576964252555566
5313-FPXWG,Low-Value,24.6,One year,51,No,0.020576964252555566
5090-EMGTC,High-Value,100.05,Two year,59,No,0.0205423437893936
8769-KKTPH,High-Value,99.65,One year,63,No,0.020540358107953186
7781-EWARA,Low-Value,60.35,One year,70,No,0.020497797631641074
2639-UGMAZ,Low-Value,56.45,One year,71,No,0.020497074204299148
1442-OKRJE,High-Value,103.15,One year,66,No,0.02049666684443784
6719-FGEDO,High-Value,97.0,Two year,72,No,0.02045908797074418
0661-KBKPA,High-Value,78.75,One year,53,No,0.020345873547030734
8190-ZTQFB,Low-Value,51.35,One year,41,No,0.0203404784672583
9644-KVCNC,High-Value,92.15,One year,66,No,0.020340028043381298
4670-TABXH,High-Value,109.75,Two year,72,No,0.020324663743229346
1264-FUHCX,Low-Value,56.3,One year,49,No,0.02032110957804445
5063-IUOKK,Low-Value,19.75,Two year,13,No,0.020266839669836487
5668-MEISB,High-Value,106.1,Two year,72,No,0.02024938777261506
6568-POCUI,High-Value,95.2,Two year,45,No,0.02017823626475723
7524-VRLPL,High-Value,74.1,Two year,69,No,0.02015407662583549
6575-SUVOI,Low-Value,69.5,Month-to-month,25,No,0.02015106704325832
3580-GICBM,Low-Value,24.2,Two year,61,No,0.02008467100932138
5044-XDPYX,Low-Value,25.5,Two year,51,No,0.02007919099974823
2208-NKVVH,Low-Value,24.25,Two year,43,No,0.02007919099974823
6770-UAYGJ,Low-Value,25.25,Two year,49,No,0.02007919099974823
8219-VYBVI,Low-Value,25.0,Two year,39,No,0.02007919099974823
5249-QYHEX,Low-Value,24.8,Two year,40,No,0.02007919099974823
4652-ODEVH,Low-Value,24.45,Two year,45,No,0.02007919099974823
8532-UEFWH,Low-Value,25.75,Two year,52,No,0.02007919099974823
2263-SFSQZ,Low-Value,24.95,Two year,51,No,0.02007919099974823
2207-RYYRL,Low-Value,24.55,Two year,52,No,0.02007919099974823
3785-KTYSH,Low-Value,24.6,Two year,53,No,0.02007919099974823
6080-LNESI,Low-Value,24.75,Two year,51,No,0.02007919099974823
4779-ZGICK,Low-Value,23.55,Two year,48,No,0.02007919099974823
5968-HYJRZ,Low-Value,24.55,Two year,47,No,0.02007919099974823
8874-EJNSR,Low-Value,25.2,Two year,39,No,0.02007919099974823
3284-SVCRO,Low-Value,25.5,Two year,45,No,0.02007919099974823
5696-EXCYS,Low-Value,19.45,Two year,17,No,0.020072805703216533
0481-SUMCB,High-Value,102.15,One year,45,No,0.02007270263204671
0334-ZFJSR,Low-Value,66.05,One year,55,No,0.020041604121644366
2775-SEFEE,Low-Value,61.9,Two year,0,No,0.02000760179779096
3244-CQPHU,High-Value,110.1,Two year,72,No,0.020000923104312455
7663-CUXZB,High-Value,113.75,Two year,59,No,0.02
5149-QYTTU,High-Value,95.15,One year,71,No,0.019979702738683866
3423-HHXAO,Low-Value,19.5,One year,14,No,0.019971223253539738
5546-QUERU,Low-Value,19.95,One year,13,No,0.019971223253539738
0307-BCOPK,Low-Value,19.05,One year,16,No,0.019971223253539738
4378-BZYFP,Low-Value,20.5,One year,17,No,0.019971223253539738
3131-NWVFJ,Low-Value,19.55,One year,14,No,0.019971223253539738
5039-LZRQT,Low-Value,20.2,One year,13,No,0.019971223253539738
0422-OHQHQ,Low-Value,20.55,One year,15,No,0.019971223253539738
3721-CNZHX,Low-Value,19.8,One year,15,No,0.019971223253539738
2788-CJQAQ,Low-Value,19.45,One year,13,No,0.019971223253539738
5505-OVWQW,Low-Value,20.15,One year,17,No,0.019971223253539738
5989-AXPUC,High-Value,118.6,Two year,68,No,0.019966993108434476
2208-MPXIO,Low-Value,20.0,Two year,45,No,0.019952582826219523
3190-ITQXP,Low-Value,20.25,Two year,46,No,0.019952582826219523
3764-MNMOI,Low-Value,19.2,Two year,46,No,0.019952582826219523
2632-IVXVF,High-Value,111.75,Two year,68,No,0.019951169237533425
3096-YXENJ,High-Value,107.65,Two year,65,No,0.019951169237533425
5795-KTGUD,High-Value,110.8,Two year,68,No,0.019951169237533425
3766-EJLFL,High-Value,109.05,Two year,68,No,0.019951169237533425
7654-YWJUF,High-Value,84.25,One year,43,No,0.019929447728881597
5651-CRHKQ,High-Value,86.2,One year,41,No,0.019929447728881597
8639-NHQEI,High-Value,95.9,Two year,72,No,0.019875873185688803
0083-PIVIK,High-Value,81.25,One year,64,No,0.01985159716241385
8782-NUUOL,High-Value,79.0,One year,60,No,0.019839529384781646
9470-YFUYI,High-Value,71.0,One year,71,No,0.01983539683789076
2623-DRYAM,High-Value,101.75,One year,70,No,0.01983078360268688
1402-PTHGN,Low-Value,61.5,One year,18,No,0.01981457453519432
8838-GPHZP,Low-Value,20.6,Two year,63,No,0.019791852764690504
8748-HFWBO,Low-Value,19.9,One year,19,No,0.01977181195687545
7581-EBBOU,Low-Value,70.15,One year,60,No,0.019722665182092605
6848-YLDFR,High-Value,75.2,One year,58,No,0.019722665182092605
3658-QQJYD,High-Value,74.3,One year,62,No,0.019722665182092605
7554-NEWDD,Low-Value,25.7,Two year,10,No,0.019720920507594893
2027-DNKIV,Low-Value,58.75,One year,37,No,0.019703661868598607
0458-HEUZG,Low-Value,35.4,Two year,13,No,0.01968996522241739
0036-IHMOT,High-Value,103.7,One year,55,No,0.019667537289979404
1303-SRDOK,Low-Value,69.05,Two year,55,No,0.019620659074095128
7416-CKTEP,Low-Value,19.6,Two year,57,No,0.01960699969382467
7136-IHZJA,High-Value,71.35,Month-to-month,40,No,0.019605035262120554
3915-ODIYG,High-Value,71.75,One year,60,No,0.019522441222089737
5897-ZYEKH,High-Value,105.6,One year,67,No,0.01947977352431857
8512-WIWYV,Low-Value,20.35,One year,32,No,0.019446413031786035
6797-UCJHZ,High-Value,104.6,One year,66,No,0.01944007029917475
5195-KPUNQ,High-Value,96.75,One year,53,No,0.019434529886190894
3786-WOVKF,High-Value,106.85,One year,72,No,0.019405183696095115
6598-KELSS,Low-Value,43.05,One year,50,No,0.019366784212208544
0234-TEVTT,Low-Value,45.0,One year,48,No,0.019366784212208544
7029-IJEJK,Low-Value,44.1,One year,54,No,0.019366784212208544
9746-YKGXB,Low-Value,44.25,One year,52,No,0.019366784212208544
9365-CSLBQ,Low-Value,24.35,Two year,71,No,0.01935463787547788
7161-DFHUF,Low-Value,23.85,Two year,71,No,0.01935463787547788
2054-PJOCK,High-Value,80.55,One year,60,No,0.019342495301126608
5198-EFNBM,High-Value,90.65,One year,57,No,0.019334515113138547
6352-GIGGQ,High-Value,88.8,One year,67,No,0.019330713016170432
0310-SUCIN,High-Value,84.8,One year,71,No,0.019330713016170432
2434-EEVDB,High-Value,94.6,Two year,64,No,0.019330429448881126
5566-SOEZD,High-Value,80.65,One year,27,No,0.019309715554964236
5553-AOINX,High-Value,104.9,One year,66,No,0.019286619779575173
2284-VFLKH,High-Value,99.25,One year,49,No,0.01925597144007824
8910-ICHIU,High-Value,95.65,One year,46,No,0.01925597144007824
9154-QDGTH,High-Value,104.3,One year,43,No,0.019252764681445888
4295-YURET,High-Value,72.6,Two year,56,No,0.0192423182188736
9066-QRSDU,Low-Value,26.3,One year,69,No,0.019214788416335386
4627-MIHJH,High-Value,110.25,Two year,69,No,0.01921220162456247
5268-DSMNQ,High-Value,97.95,One year,62,No,0.019184730784367207
0326-VDYXE,High-Value,97.65,One year,70,No,0.01918260084027482
6519-ZHPXP,High-Value,108.3,Two year,72,No,0.01916032213316729
8760-ZRHKE,Low-Value,69.2,One year,71,No,0.01914247506649848
1217-VASWC,High-Value,100.55,One year,43,No,0.019140651022658856
4476-OSWTN,High-Value,110.55,One year,69,No,0.01911994863583331
9916-AYHTC,Low-Value,19.85,Two year,48,No,0.01910769928093385
5970-GHJAW,Low-Value,19.95,Two year,46,No,0.01910769928093385
6583-SZVGP,High-Value,108.1,Two year,48,No,0.019082288296565993
2806-MLNTI,High-Value,105.1,One year,52,No,0.019077682363064497
9570-KYEUA,High-Value,99.25,Two year,64,No,0.019052951939336836
6050-FFXES,High-Value,105.35,Two year,69,No,0.019052719352716494
6048-UWKAL,High-Value,105.4,Two year,69,No,0.01905103656751877
1178-PZGAB,Low-Value,20.25,One year,19,No,0.018993350964169497
2019-HDCZY,High-Value,102.6,Two year,63,No,0.018957578551374855
9402-CXWPL,High-Value,98.9,One year,70,No,0.018944396386920574
0181-RITDD,High-Value,108.15,Two year,62,No,0.018925388154111558
2808-CHTDM,Low-Value,25.1,Two year,23,No,0.018884371083735446
3460-TJBWI,Low-Value,24.2,Two year,24,No,0.018884371083735446
4609-KNNWG,Low-Value,19.9,Two year,27,No,0.018871346128960312
2266-SJNAT,High-Value,109.15,One year,72,No,0.018856000864900607
0743-HNPFG,Low-Value,69.75,One year,51,No,0.018851186679544916
1708-PBBOA,Low-Value,54.75,One year,42,No,0.018796586672738737
1401-FTHFQ,Low-Value,20.0,One year,23,No,0.018776391525243886
6100-FJZDG,Low-Value,20.05,One year,26,No,0.018776391525243886
6527-PZFPV,Low-Value,20.8,One year,24,No,0.018776391525243886
4567-AKPIA,High-Value,109.1,One year,41,No,0.018742043807579094
5792-JALQC,Low-Value,59.85,Two year,52,No,0.018723150234857752
4906-ZHGPK,High-Value,70.7,One year,54,No,0.01870574636384665
9746-MDMBK,High-Value,113.45,One year,47,No,0.018698421389840257
6655-LHBYW,High-Value,114.35,One year,50,No,0.018698421389840257
6103-LIANB,High-Value,99.5,Two year,59,No,0.018688155625481897
2725-IWWBA,Low-Value,56.9,One year,46,No,0.018678606178700263
4565-EVZMJ,Low-Value,58.9,One year,47,No,0.018678606178700263
6728-DKUCO,High-Value,104.15,One year,72,No,0.018656869747461693
7203-OYKCT,High-Value,104.95,One year,72,No,0.018656869747461693
4199-QHJNM,High-Value,102.9,Two year,67,No,0.01865421573610291
5872-OEQNH,Low-Value,44.45,One year,60,No,0.018630273203089832
2984-TBYKU,High-Value,104.9,Two year,72,No,0.018578281981123487
9070-BCKQP,High-Value,110.15,Two year,72,No,0.018571626271791243
7602-MVRMB,High-Value,110.45,Two year,72,No,0.018571626271791243
1841-YSJGV,High-Value,109.95,Two year,72,No,0.018571626271791243
1291-CUOCY,High-Value,110.6,Two year,72,No,0.018571626271791243
1545-JFUML,High-Value,99.0,Two year,71,No,0.018542885165178914
3653-NCRDJ,Low-Value,19.2,One year,43,No,0.01847852965830902
2330-PQGDQ,High-Value,84.2,One year,51,No,0.018463210793822557
7469-LKBCI,Low-Value,18.95,Two year,16,No,0.01844834906206087
6479-OAUSD,Low-Value,19.9,One year,25,No,0.018415754070879035
8966-OIQHG,Low-Value,20.75,One year,22,No,0.018415754070879035
9746-UGFAC,Low-Value,20.85,One year,22,No,0.018415754070879035
3125-RAHBV,Low-Value,20.3,One year,22,No,0.018415754070879035
3594-BDSOA,Low-Value,20.4,One year,24,No,0.018415754070879035
9621-OUPYD,Low-Value,20.2,One year,25,No,0.018415754070879035
6061-PQHMK,Low-Value,19.9,One year,25,No,0.018415754070879035
9347-AERRL,Low-Value,19.3,One year,23,No,0.018415754070879035
8173-RXAYP,Low-Value,19.7,Two year,24,No,0.018367634224885743
6859-QNXIQ,High-Value,113.1,Two year,72,No,0.018359954687382038
7244-QWYHG,Low-Value,44.45,One year,50,No,0.018357104043600032
8311-UEUAB,High-Value,75.5,Two year,67,No,0.01835514186361737
2805-EDJPQ,High-Value,99.75,One year,56,No,0.01833038450237718
2580-ASVVY,Low-Value,45.4,Two year,37,No,0.018322900853636907
1494-EJZDW,Low-Value,20.15,Two year,10,No,0.0181741156924795
1163-VIPRI,High-Value,109.3,Two year,65,No,0.018132311788058547
5917-RYRMG,Low-Value,19.8,One year,32,No,0.0180396508577375
1696-HXOWK,High-Value,95.65,One year,71,No,0.018017018585063965
1474-JUWSM,Low-Value,68.4,One year,58,No,0.01800856290888868
4304-XUMGI,High-Value,75.15,Two year,50,No,0.01797718769959207
2790-XUYMV,High-Value,85.45,One year,71,No,0.017964195246776483
8388-DMKAE,Low-Value,20.25,Two year,8,No,0.01796210619762078
9938-PRCVK,Low-Value,19.7,Two year,41,No,0.017945205094766457
5006-MXVRN,Low-Value,20.7,Two year,39,No,0.017945205094766457
9068-FHQHD,Low-Value,20.15,Two year,40,No,0.017945205094766457
0827-ITJPH,Low-Value,18.55,Two year,36,No,0.017945205094766457
1087-GRUYI,Low-Value,20.4,Two year,38,No,0.017945205094766457
0301-KOBTQ,Low-Value,20.05,Two year,32,No,0.017945205094766457
6265-FRMTQ,Low-Value,20.4,Two year,31,No,0.017945205094766457
5465-BUBFA,Low-Value,19.3,Two year,41,No,0.017945205094766457
0839-QNXME,Low-Value,19.4,Two year,30,No,0.017945205094766457
8908-SLFCJ,Low-Value,20.85,Two year,21,No,0.01786965838354977
6202-JVYEU,Low-Value,19.9,One year,9,No,0.017858521611937617
5256-SKJGO,Low-Value,54.6,Two year,64,No,0.017853985800707475
4644-OBGFZ,Low-Value,19.5,One year,55,No,0.017847018043062688
7820-ZYGNY,High-Value,90.45,One year,63,No,0.017839042546771856
6729-FZWSY,Low-Value,19.45,One year,67,No,0.01781820057249224
6242-SGYTS,High-Value,94.95,One year,62,No,0.017786978306257025
8853-TZDGH,High-Value,111.6,Two year,72,No,0.017782904792041258
7255-SSFBC,High-Value,112.25,Two year,72,No,0.017782904792041258
3696-DFHHB,Low-Value,25.5,Two year,68,No,0.017763316389277528
1088-CNNKB,High-Value,80.0,One year,63,No,0.017758319505538443
3259-KNMRR,High-Value,79.75,Two year,57,No,0.0176685475309329
1891-QRQSA,High-Value,111.6,Two year,64,No,0.017657394481621604
8405-IGQFX,High-Value,90.05,One year,63,No,0.017618241924943295
2495-TTHBQ,Low-Value,20.4,One year,4,No,0.017617390979615136
0266-CLZKZ,High-Value,105.65,Two year,67,No,0.01761689471770787
3197-NNYNB,High-Value,105.1,Two year,65,No,0.01761689471770787
0191-EQUUH,Low-Value,35.05,Two year,25,No,0.01760712716526726
3392-EHMNK,High-Value,94.1,Two year,67,No,0.017541981207976353
3115-JPJDD,High-Value,81.25,One year,59,No,0.01753681253296514
1599-MMYRQ,High-Value,81.45,One year,62,No,0.01753681253296514
2636-SJDOU,High-Value,84.3,One year,64,No,0.01753681253296514
7558-IMLMT,Low-Value,20.8,Two year,67,No,0.01753521536427223
6674-KVJHG,Low-Value,25.2,One year,11,No,0.017496485570761423
5201-CBWYG,Low-Value,24.8,One year,62,No,0.017487194165465677
7544-ZVIKX,High-Value,105.05,One year,58,No,0.017439270879469598
9548-ZMVTX,High-Value,90.45,Two year,72,No,0.01740011756361068
3108-PCCGG,High-Value,84.45,Two year,72,No,0.01736228875742137
4782-OSFXZ,High-Value,82.7,Two year,71,No,0.01736228875742137
2137-DQMEV,Low-Value,44.8,One year,68,No,0.017354219097627934
5514-YQENT,High-Value,111.15,Two year,41,No,0.017346467873624424
7566-DSRLQ,High-Value,110.15,Two year,72,No,0.017319786456709875
0835-JKADZ,High-Value,111.25,Two year,71,No,0.017319786456709875
3518-FSTWG,High-Value,109.55,Two year,72,No,0.017294108143316098
3186-AJIEK,High-Value,105.65,Two year,66,No,0.017236349563733027
6828-HMKWP,Low-Value,21.05,Two year,12,No,0.017228540046085247
3552-CTCYF,High-Value,104.8,Two year,63,No,0.017220073886292007
6616-AALSR,High-Value,104.3,Two year,65,No,0.017220073886292007
8466-PZBLH,High-Value,104.6,Two year,67,No,0.017220073886292007
5193-QLVZB,High-Value,104.75,Two year,63,No,0.017220073886292007
0960-HUWBM,High-Value,104.1,Two year,65,No,0.017220073886292007
2324-EFHVG,High-Value,104.4,Two year,64,No,0.017220073886292007
5055-BRMNE,High-Value,106.7,Two year,67,No,0.017220073886292007
5845-BZZIB,Low-Value,20.1,Two year,35,No,0.017212607811259457
8896-RAZCR,Low-Value,19.9,Two year,44,No,0.017212607811259453
0378-CJKPV,High-Value,112.1,Two year,72,No,0.017153895865123468
9424-CMPOG,Low-Value,19.6,Two year,9,No,0.01714507812954217
5774-QPLTF,Low-Value,20.35,One year,50,No,0.017082105336042933
0679-TDGAK,High-Value,75.5,One year,50,No,0.017079986849487718
9107-UKCKY,High-Value,79.8,One year,61,No,0.017079986849487718
7110-BDTWG,Low-Value,47.05,Two year,71,No,0.017070057380107428
9610-WCESF,Low-Value,43.9,Two year,67,No,0.017070057380107428
8465-SBRXP,High-Value,94.9,Two year,38,No,0.01703072675436905
2675-IJRGJ,Low-Value,19.65,Two year,53,No,0.017008584717410413
3777-XROBG,Low-Value,19.55,Two year,58,No,0.017008584717410413
9975-GPKZU,Low-Value,19.75,Two year,46,No,0.017002162604582646
9081-WWXKP,Low-Value,20.25,Two year,47,No,0.017002162604582646
3170-NMYVV,Low-Value,20.15,Two year,50,No,0.017002162604582646
7242-EDTYC,Low-Value,19.55,Two year,44,No,0.017002162604582646
5242-UOWHD,Low-Value,20.35,Two year,45,No,0.016988919191870587
9589-ABEPT,High-Value,92.45,Two year,69,No,0.01693683834984585
4389-UEFCZ,High-Value,105.5,Two year,72,No,0.016895623593794
3363-DTIVD,High-Value,105.55,Two year,71,No,0.016895623593794
4616-ULAOA,High-Value,110.8,Two year,65,No,0.01689053472308782
3022-BEXHZ,High-Value,111.2,Two year,67,No,0.01688905890865565
2595-KIWPV,Low-Value,19.7,Two year,27,No,0.01684955038879846
5317-FLPJF,Low-Value,61.35,Two year,66,No,0.01682884388823518
7277-KAMWT,Low-Value,20.0,Two year,13,No,0.016828751177899275
3736-BLEPA,High-Value,91.25,One year,28,No,0.016821506462754522
8107-RZLNV,High-Value,106.3,Two year,72,No,0.016803705289636123
6556-DBKZF,High-Value,76.05,Two year,71,No,0.01680113965434289
1354-YZFNB,Low-Value,19.55,Two year,4,No,0.016742067332765745
2176-OSJUV,Low-Value,65.15,Two year,71,No,0.01673405213233839
9229-RQABD,Low-Value,23.75,One year,18,No,0.016732846786303993
4480-MBMLB,High-Value,104.8,One year,36,No,0.01671250911398722
9659-ZTWSM,High-Value,107.35,One year,66,No,0.016682270006914614
2805-AUFQN,Low-Value,19.8,Two year,25,No,0.016660745092505973
0164-XAIRP,Low-Value,19.55,Two year,24,No,0.016660745092505973
0064-SUDOG,Low-Value,20.3,Two year,12,No,0.016657203485348288
1543-LLLFT,High-Value,98.3,One year,61,No,0.016600374860170627
1839-FBNFR,Low-Value,19.85,Two year,39,No,0.016563181663242645
8174-LNWMW,Low-Value,20.9,Two year,31,No,0.016563181663242645
3756-VNWDH,High-Value,100.75,One year,65,No,0.016478027921414028
1334-PDUKM,High-Value,86.45,One year,68,No,0.01646241735074107
2868-LLSKM,High-Value,83.65,One year,68,No,0.01646241735074107
0197-PNKNK,High-Value,84.45,One year,69,No,0.01646241735074107
5297-MDOIR,High-Value,81.15,One year,63,No,0.01646241735074107
8979-CAMGB,High-Value,102.1,One year,64,No,0.016452464753554902
2228-BZDEE,Low-Value,20.1,Two year,54,No,0.016443553610057168
7629-WFGLW,High-Value,95.65,One year,56,No,0.01642649021159875
1862-QRWPE,Low-Value,20.65,Two year,48,No,0.016402294949203547
0932-YIXYU,Low-Value,20.25,Two year,47,No,0.016402294949203547
0559-CKHUS,Low-Value,19.55,Two year,29,No,0.01638455378619146
9675-ICXCT,High-Value,80.8,Two year,72,No,0.0163446773988465
1229-RCALF,High-Value,115.0,One year,64,No,0.016275127681512003
6582-PLFUU,Low-Value,19.55,Two year,51,No,0.016268387959481087
9848-JQJTX,High-Value,100.9,Two year,72,No,0.016252842528017765
5781-BKHOP,High-Value,100.65,Two year,72,No,0.01621148998337234
8034-RYTVV,High-Value,84.25,One year,55,No,0.016188053542441204
8450-LUGUK,Low-Value,24.1,Two year,37,No,0.016183882051164597
5057-RKGLH,Low-Value,20.35,Two year,9,No,0.016172880943700382
7856-GANIL,High-Value,98.7,One year,45,No,0.01617140284002909
2789-CZANW,High-Value,110.3,Two year,64,No,0.016144329749589906
9405-GPBBG,High-Value,110.5,Two year,64,No,0.016144329749589906
3649-JPUGY,High-Value,88.6,Two year,72,No,0.016134842044728023
0459-SPZHJ,High-Value,83.5,Two year,63,No,0.016134842044728023
2211-RMNHO,High-Value,85.3,Two year,68,No,0.016134842044728023
2294-SALNE,High-Value,86.8,One year,23,No,0.016112626059930305
9593-CVZKR,Low-Value,24.45,Two year,56,No,0.016092653028549495
1767-CJKBA,Low-Value,25.1,Two year,66,No,0.016092653028549495
6651-RLGGM,Low-Value,26.3,Two year,67,No,0.016092653028549495
0603-TPMIB,Low-Value,25.45,Two year,59,No,0.016092653028549495
4018-PPNDW,Low-Value,24.1,Two year,61,No,0.016092653028549495
1705-GUHPV,Low-Value,24.2,Two year,63,No,0.016092653028549495
7503-EPSZW,Low-Value,24.05,Two year,64,No,0.016092653028549495
3913-RDSJZ,Low-Value,25.55,Two year,64,No,0.016092653028549495
9087-EYCPR,Low-Value,25.0,Two year,60,No,0.016092653028549495
9953-ZMKSM,Low-Value,25.25,Two year,63,No,0.016092653028549495
4458-KVRBJ,Low-Value,25.0,Two year,59,No,0.016092653028549495
6096-EGVTU,Low-Value,24.9,One year,64,No,0.016065325378246408
0936-NQLJU,Low-Value,20.65,Two year,41,No,0.016056497578731767
7753-USQYQ,Low-Value,64.2,One year,55,No,0.016048676065797792
1073-XXCZD,Low-Value,25.7,Two year,55,No,0.015953282747744178
4884-TVUQF,High-Value,101.3,Two year,57,No,0.01592511698293096
0356-OBMAC,High-Value,99.9,Two year,56,No,0.01592511698293096
4092-OFQZS,Low-Value,20.65,One year,20,No,0.01590688938273934
6340-DACFT,Low-Value,20.55,Two year,50,No,0.01589561086469267
7033-CLAMM,Low-Value,20.2,Two year,48,No,0.01589561086469267
3212-KXOCR,Low-Value,21.0,Two year,52,No,0.01589561086469267
7634-HLQJR,Low-Value,20.05,Two year,47,No,0.01589561086469267
1099-BTKWT,Low-Value,54.4,One year,68,No,0.015895392380053202
8920-NAVAY,High-Value,110.75,One year,62,No,0.015847507890078785
5442-PPTJY,Low-Value,19.7,Two year,12,No,0.015846930341099005
0308-GIQJT,High-Value,105.75,One year,71,No,0.01584138138853527
9200-NLNPD,Low-Value,54.05,One year,56,No,0.015813564607869302
1090-ESELR,High-Value,105.5,Two year,72,No,0.01575302094740504
4135-FRWKJ,High-Value,76.25,One year,55,No,0.015750580864697158
2014-MKGMH,High-Value,101.1,One year,46,No,0.0157219632400529
7305-ZWMAJ,Low-Value,20.7,One year,30,No,0.015688727757439666
5716-EZXZN,High-Value,99.05,Two year,65,No,0.015683504421300194
9411-TPQQV,Low-Value,54.55,One year,40,No,0.015675054850616307
2724-FJDYW,Low-Value,54.85,One year,39,No,0.015675054850616307
2773-OVBPK,High-Value,111.3,Two year,67,No,0.01567310074302211
7644-OMVMY,Low-Value,19.85,Two year,0,No,0.015672279141138376
4451-RWASJ,Low-Value,19.5,One year,15,No,0.015655667262046844
1784-EZDKJ,High-Value,106.8,One year,51,No,0.015583372262359231
8901-UPRHR,High-Value,109.2,Two year,72,No,0.01552526671168946
5562-BETPV,Low-Value,19.65,One year,1,No,0.015500834993567287
4825-FUREZ,Low-Value,20.25,Two year,42,No,0.015498917360353555
8917-SZTTJ,Low-Value,19.65,Two year,60,No,0.015474804636935839
7446-KQISO,High-Value,109.75,Two year,45,No,0.015468819877245776
6670-MFRPK,High-Value,79.2,Two year,69,No,0.015462225713242123
8067-NIOYM,Low-Value,21.1,Two year,24,No,0.015435622088004659
3070-FNFZQ,Low-Value,20.4,Two year,23,No,0.015435622088004659
0479-HMSWA,High-Value,105.45,Two year,26,No,0.015426536141945633
7337-CINUD,Low-Value,19.5,Two year,8,No,0.015419102724099935
5158-RIVOP,Low-Value,20.9,Two year,11,No,0.015371801087620658
2346-CZYIL,Low-Value,20.35,Two year,27,No,0.015371521758729807
9500-IWPXQ,High-Value,79.4,One year,61,No,0.015336067409003179
8480-PPONV,High-Value,115.55,Two year,62,No,0.015330838256141987
7017-VFHAY,High-Value,115.1,Two year,61,No,0.015330838256141987
2150-OEGBV,Low-Value,20.1,One year,27,No,0.01532809030307481
7061-OVMIM,Low-Value,19.55,One year,30,No,0.01532809030307481
5849-ASHZJ,Low-Value,20.05,One year,27,No,0.01532809030307481
5918-VUKWP,Low-Value,20.55,One year,32,No,0.01532809030307481
6922-NCEDI,Low-Value,21.2,One year,56,No,0.0152927647560556
9845-QOMAD,Low-Value,19.75,One year,14,No,0.015225998325223401
1272-ILHFG,Low-Value,19.65,One year,15,No,0.015225998325223401
1657-DYMBM,Low-Value,19.9,Two year,53,No,0.015150615402836291
0040-HALCW,Low-Value,20.4,Two year,54,No,0.015150615402836291
9257-AZMTZ,Low-Value,20.1,Two year,52,No,0.015150615402836291
2817-LVCPP,Low-Value,19.4,Two year,50,No,0.015150615402836291
1972-XMUWV,Low-Value,59.8,Two year,65,No,0.015144720393522236
4992-LTJNE,Low-Value,55.3,Two year,72,No,0.015020649216512756
2277-AXSDC,Low-Value,19.75,One year,32,No,0.01500636982260828
1269-FOYWN,Low-Value,20.0,One year,44,No,0.01500636982260828
7446-SFAOA,Low-Value,19.85,One year,37,No,0.01500636982260828
0129-QMPDR,Low-Value,20.5,One year,44,No,0.01500636982260828
0788-DXBFY,Low-Value,19.55,One year,58,No,0.015004682864511096
4049-ZPALD,High-Value,99.0,Two year,64,No,0.014970409939411216
2642-MAWLJ,Low-Value,20.25,Two year,36,No,0.014938725022086978
6551-VLJMV,Low-Value,20.05,Two year,34,No,0.014938725022086978
3451-VAWLI,Low-Value,19.7,Two year,35,No,0.014938725022086978
6479-SZPLM,Low-Value,19.45,Two year,36,No,0.014938725022086978
4884-LEVMQ,Low-Value,20.45,Two year,39,No,0.014938725022086978
0362-RAOQO,Low-Value,19.65,Two year,40,No,0.014938725022086978
7205-BAIAD,Low-Value,20.6,Two year,40,No,0.014938725022086978
7945-PRBVF,Low-Value,21.45,Two year,35,No,0.014938725022086978
4625-LAMOB,Low-Value,20.4,Two year,44,No,0.014938725022086978
2050-ONYDQ,Low-Value,26.0,Two year,65,No,0.014929161363257256
6370-ZVHDV,Low-Value,25.3,Two year,61,No,0.014929161363257256
8361-LBRDI,Low-Value,24.35,Two year,58,No,0.014929161363257256
9661-JALZV,Low-Value,24.7,Two year,58,No,0.014929161363257256
5995-LFTLE,Low-Value,25.3,Two year,58,No,0.014929161363257256
1241-EZFMJ,Low-Value,25.45,Two year,61,No,0.014929161363257256
4979-HPRFL,Low-Value,24.15,Two year,56,No,0.014929161363257256
8780-IHCRN,Low-Value,24.65,Two year,63,No,0.014929161363257256
7480-SPLEF,Low-Value,26.0,Two year,69,No,0.014929161363257256
7996-MHXLW,Low-Value,25.15,Two year,66,No,0.014929161363257256
2143-LJULT,Low-Value,25.25,Two year,67,No,0.014929161363257256
3027-YNWZU,Low-Value,25.0,Two year,64,No,0.014929161363257256
4335-BSMJS,Low-Value,25.8,Two year,62,No,0.014929161363257256
0485-ZBSLN,Low-Value,24.75,Two year,65,No,0.014929161363257256
5666-MBJPT,Low-Value,25.1,Two year,65,No,0.014929161363257256
2481-SBOYW,Low-Value,25.0,Two year,61,No,0.014929161363257256
9337-SRRNI,Low-Value,25.3,Two year,66,No,0.014929161363257256
6485-QXWWE,Low-Value,26.0,Two year,62,No,0.014929161363257256
9574-BOSMD,Low-Value,25.4,Two year,68,No,0.014929161363257256
7008-LZVOZ,Low-Value,25.3,Two year,66,No,0.014929161363257256
9150-KPBJQ,Low-Value,19.65,Two year,6,No,0.014919194441489042
9691-HKOVS,High-Value,90.15,One year,55,No,0.01491888180325847
0354-VXMJC,Low-Value,19.6,Two year,23,No,0.014915971874092784
3948-KXDUF,Low-Value,68.75,Two year,66,No,0.014912617640694696
9861-PDSZP,High-Value,108.05,Two year,72,No,0.014899365197857086
3134-DSHVC,High-Value,98.0,Two year,63,No,0.014894782941550205
4611-ANLQC,Low-Value,50.05,One year,60,No,0.014861133652948576
7036-TYDEC,High-Value,104.0,Two year,69,No,0.014810687794115353
9588-YRFHY,Low-Value,19.9,Two year,49,No,0.014777838308047877
4361-FEBGN,Low-Value,20.15,Two year,48,No,0.014777838308047877
4807-IZYOZ,Low-Value,20.65,Two year,51,No,0.014777838308047877
1306-RPWXZ,Low-Value,20.45,Two year,49,No,0.014777838308047877
6961-MJKBO,Low-Value,20.45,Two year,47,No,0.014777838308047877
7570-WELNY,High-Value,84.7,Two year,68,No,0.014727469986442842
0619-OLYUR,High-Value,111.9,Two year,72,No,0.014720794463163482
5027-YOCXN,High-Value,110.05,One year,51,No,0.014706627432915696
6198-PNNSZ,High-Value,109.8,One year,56,No,0.014706627432915696
7409-JURKQ,High-Value,111.8,One year,53,No,0.014706627432915696
0961-ZWLVI,High-Value,109.2,One year,49,No,0.014706627432915696
0103-CSITQ,High-Value,109.4,One year,57,No,0.014706627432915696
6008-NAIXK,Low-Value,55.45,One year,54,No,0.014691210829351747
0906-QVPMS,High-Value,115.15,Two year,72,No,0.014685618735508874
4893-GYUJU,Low-Value,19.35,One year,50,No,0.014666470868663715
3280-NMUVX,Low-Value,19.6,One year,34,No,0.014645732368243427
4487-ZYJZK,Low-Value,19.6,One year,38,No,0.014645732368243427
4980-URKXC,Low-Value,20.85,One year,36,No,0.014645732368243427
1686-STUHN,Low-Value,19.8,One year,42,No,0.014645732368243427
1776-SPBWV,Low-Value,20.1,One year,34,No,0.014645732368243427
6772-WFQRD,Low-Value,20.4,One year,40,No,0.014645732368243427
9067-SQTNS,Low-Value,20.6,One year,44,No,0.014645732368243427
8884-FEEWR,Low-Value,20.6,One year,35,No,0.014645732368243427
6188-UXBBR,Low-Value,20.25,One year,38,No,0.014645732368243427
1757-TCATG,Low-Value,20.05,One year,35,No,0.014645732368243427
5177-RVZNU,Low-Value,20.3,One year,37,No,0.014645732368243427
5986-WWXDV,Low-Value,19.35,One year,39,No,0.014645732368243427
8327-WKMIE,Low-Value,20.15,One year,37,No,0.014645732368243427
8314-HTWVE,Low-Value,19.85,Two year,7,No,0.014629028402943701
7789-HKSBS,High-Value,105.2,One year,42,No,0.01461902058266654
5681-LLOEI,High-Value,91.25,One year,43,No,0.014612037060941488
8966-SNIZF,Low-Value,19.45,Two year,70,No,0.014587621347040194
5751-USDBL,High-Value,81.0,Two year,46,No,0.014566709844084919
6229-UOLQL,Low-Value,52.0,One year,56,No,0.014411657757290008
9933-QRGTX,High-Value,97.2,Two year,60,No,0.01438555024620231
2581-VKIRT,Low-Value,65.5,One year,59,No,0.014377708425865339
5821-MMEIL,Low-Value,19.9,Two year,57,No,0.01432888799972082
4299-OPXEJ,Low-Value,19.55,Two year,56,No,0.01432888799972082
2236-HILPA,Low-Value,20.65,Two year,62,No,0.01432888799972082
4549-ZDQYY,Low-Value,57.95,One year,52,No,0.014320097779919112
6484-LATFU,Low-Value,24.55,Two year,68,No,0.014303040503273906
6917-FIJHC,Low-Value,26.0,Two year,72,No,0.014303040503273906
8774-GSBUN,Low-Value,25.4,Two year,72,No,0.014303040503273906
5854-KSRBJ,Low-Value,25.4,Two year,70,No,0.014303040503273906
4312-KFRXN,Low-Value,25.4,Two year,72,No,0.014303040503273906
6963-KQYQB,Low-Value,24.05,Two year,70,No,0.014303040503273906
9680-NIAUV,High-Value,109.7,Two year,72,No,0.014293557777279933
6999-CHVCF,High-Value,102.1,Two year,68,No,0.014278334300028681
7208-PSIHR,High-Value,104.3,Two year,70,No,0.014278334300028681
3489-VSFRD,Low-Value,60.25,One year,56,No,0.014251707641657556
2200-DSAAL,High-Value,80.65,Two year,68,No,0.014246009578060454
2405-LBMUW,Low-Value,50.7,One year,61,No,0.014241149304161049
3181-VTHOE,Low-Value,51.05,One year,70,No,0.014241149304161049
4702-HDRKD,Low-Value,49.35,One year,67,No,0.014241149304161049
5387-ASZNZ,Low-Value,63.85,One year,66,No,0.01422706256859022
5855-EIBDE,High-Value,106.65,Two year,49,No,0.014195355378194862
0020-INWCK,High-Value,95.75,Two year,71,No,0.014178658756953321
5171-EPLKN,Low-Value,19.85,Two year,27,No,0.01416352485422121
3120-FAZKD,Low-Value,24.05,Two year,54,No,0.014118574251984239
9392-XBGTD,Low-Value,20.6,Two year,27,No,0.014088611881802715
0248-PGHBZ,High-Value,92.45,Two year,67,No,0.014087692954946216
8597-CTXVJ,Low-Value,64.95,One year,70,No,0.014082382834917851
9803-FTJCG,Low-Value,66.85,One year,71,No,0.014082382834917851
6698-OXETB,Low-Value,20.4,Two year,11,No,0.014066423286308366
0854-UYHZD,Low-Value,19.55,Two year,13,No,0.014044132077540903
5014-GSOUQ,Low-Value,19.95,Two year,13,No,0.014044132077540903
1245-HARPS,Low-Value,20.4,Two year,14,No,0.014044132077540903
5451-MHQOF,Low-Value,24.45,One year,56,No,0.014039177967630998
2229-DPMBI,Low-Value,19.5,Two year,8,No,0.014004616498208215
1080-BWSYE,Low-Value,25.65,Two year,64,No,0.013959884096453348
4452-ROHMO,Low-Value,19.6,Two year,15,No,0.013908248155720978
4573-JKNAE,Low-Value,19.35,Two year,12,No,0.01390132829770322
8612-GXIDD,Low-Value,25.4,Two year,12,No,0.01385902012165733
6981-TDRFT,Low-Value,54.3,One year,44,No,0.01384982335619216
9769-TSBZE,Low-Value,66.0,Two year,70,No,0.013816273306968132
0868-VJRDR,High-Value,104.05,Two year,64,No,0.013758598987978482
8229-BUJHX,Low-Value,20.5,Two year,71,No,0.013749956222639864
4713-ZBURT,High-Value,99.7,Two year,45,No,0.013734165548281425
6223-DHJGV,Low-Value,20.65,One year,42,No,0.013694338979828103
1022-RKXDR,Low-Value,24.85,One year,41,No,0.013694338979828103
1897-RCFUM,Low-Value,24.2,One year,39,No,0.013694338979828103
7159-NOKYQ,High-Value,93.15,Two year,67,No,0.013669701061750899
1304-SEGFY,High-Value,97.85,Two year,72,No,0.013669701061750899
7765-LWVVH,High-Value,95.1,Two year,72,No,0.013669701061750899
3546-GHEAE,Low-Value,19.45,Two year,7,No,0.013658329457127314
2122-SZZZD,Low-Value,19.5,One year,44,No,0.013657485496744776
7369-TRPFD,Low-Value,18.8,One year,19,No,0.01365131152154967
8779-YIQQA,Low-Value,19.8,One year,21,No,0.01365131152154967
7779-ORAEL,High-Value,75.15,Two year,45,No,0.013629955266024165
4578-PHJYZ,Low-Value,68.75,One year,52,No,0.013627478919527035
2729-VNVAP,Low-Value,19.8,Two year,33,No,0.013618725987016647
3882-IYOIJ,High-Value,115.25,Two year,60,No,0.013618460133341625
7969-FFOWG,Low-Value,19.9,Two year,65,No,0.013614157213353654
6814-ZPWFQ,Low-Value,25.0,One year,51,No,0.013591806046975545
8313-AFGBW,High-Value,73.6,Two year,47,No,0.013586212068561422
5985-BEHZK,High-Value,105.0,One year,72,No,0.013582437607378841
8065-QBYTO,High-Value,99.65,One year,71,No,0.013582437607378841
0794-YVSGE,Low-Value,20.3,Two year,72,No,0.013566475293347136
0404-AHASP,Low-Value,19.7,Two year,72,No,0.013566475293347136
5146-YYFRZ,Low-Value,19.95,Two year,67,No,0.013566475293347136
9537-JALFH,Low-Value,19.9,Two year,69,No,0.013566475293347136
3635-QQRQD,Low-Value,20.05,Two year,62,No,0.013566475293347136
3976-HXHCE,Low-Value,19.3,Two year,72,No,0.013566475293347136
0264-CNITK,Low-Value,20.1,Two year,71,No,0.013566475293347136
7673-BQGKU,Low-Value,20.15,Two year,69,No,0.013566475293347136
0281-CNTZX,Low-Value,19.95,Two year,63,No,0.013566475293347136
1591-XWLGB,Low-Value,19.85,Two year,71,No,0.013566475293347136
5799-JRCZO,Low-Value,19.5,Two year,63,No,0.013566475293347136
8750-QWZAJ,Low-Value,19.8,Two year,70,No,0.013566475293347136
0825-CPPQH,Low-Value,19.1,Two year,71,No,0.013566475293347136
3642-BYHDO,Low-Value,19.9,Two year,71,No,0.013566475293347136
1052-QJIBV,Low-Value,19.9,Two year,71,No,0.013566475293347136
5324-KTGCG,Low-Value,20.85,One year,71,No,0.013560598785045565
7375-WMVMT,High-Value,95.5,Two year,71,No,0.013542362976949142
0052-DCKON,High-Value,115.8,One year,66,No,0.013537027963691614
2172-EJXVF,High-Value,105.9,One year,71,No,0.013535401775682944
0384-LPITE,Low-Value,62.05,One year,40,No,0.01352936952642375
3646-ITDGM,Low-Value,19.7,Two year,56,No,0.013484004454435143
8464-EETCQ,Low-Value,18.8,Two year,57,No,0.013484004454435143
1525-LNLOJ,Low-Value,63.3,Two year,66,No,0.013402075989985765
5266-PFRQK,Low-Value,20.85,One year,52,No,0.013390548744142451
6156-UZDLF,High-Value,87.15,One year,26,No,0.013382068633074833
9938-TKDGL,High-Value,99.55,Two year,68,No,0.013378808741311709
7730-CLDSV,High-Value,98.65,Two year,72,No,0.013378439541210181
6625-IUTTT,Low-Value,65.55,Two year,67,No,0.013358887416479679
8809-XKHMD,High-Value,100.55,Two year,72,No,0.013348795491179068
9031-ZVQPT,High-Value,108.2,Two year,72,No,0.013332308228211747
2419-FSORS,High-Value,108.4,Two year,72,No,0.013332308228211747
8249-THVEC,Low-Value,19.4,One year,51,No,0.013326087020483981
4825-XJGDM,Low-Value,43.7,One year,61,No,0.013324071405103255
9639-BUJXT,Low-Value,20.5,One year,63,No,0.013294021108841885
6248-BSHKG,Low-Value,20.4,One year,61,No,0.013294021108841885
6500-JVEGC,High-Value,101.35,One year,68,No,0.013287610016013663
8402-EIVQS,High-Value,100.9,One year,67,No,0.013287610016013663
9391-YZEJW,High-Value,94.0,One year,62,No,0.013236659025391173
3884-UEBXB,Low-Value,36.15,Two year,67,No,0.013227834298216435
5893-KCLGT,Low-Value,19.75,Two year,72,No,0.013219771150430422
0336-PIKEI,High-Value,74.4,Two year,72,No,0.013172507001208693
2091-GPPIQ,High-Value,78.95,Two year,72,No,0.013100269775761089
0742-LAFQK,High-Value,99.15,Two year,72,No,0.013086669468730733
3082-WQRVY,Low-Value,19.65,One year,14,No,0.013048033209529608
1790-NESIO,Low-Value,20.4,Two year,13,No,0.013047119021704318
0562-HKHML,Low-Value,23.9,Two year,71,No,0.013025784406044849
3612-YVGSJ,Low-Value,24.45,Two year,71,No,0.013025784406044849
1555-HAPSU,Low-Value,23.9,Two year,71,No,0.013025784406044849
8165-ZJRNM,Low-Value,23.75,Two year,72,No,0.013025784406044849
0454-OKRCT,High-Value,80.6,Two year,33,No,0.013016799521627216
0442-TDYUO,Low-Value,20.05,Two year,48,No,0.012998257625369125
7876-AEHIG,Low-Value,60.15,One year,51,No,0.012981937396704129
1843-TLSGD,Low-Value,20.85,Two year,13,No,0.012918807378484469
1084-MNSMJ,High-Value,85.5,Two year,51,No,0.012906279523035412
1053-MXTTK,High-Value,108.65,Two year,72,No,0.012905535256140695
3870-SPZSI,High-Value,113.05,Two year,70,No,0.012889784487364706
4393-GEADV,High-Value,114.75,Two year,70,No,0.012889784487364706
2040-XBAVJ,High-Value,114.45,Two year,72,No,0.012889784487364706
1043-UXOVO,High-Value,113.15,Two year,71,No,0.012889784487364706
9637-CDTKZ,High-Value,114.1,Two year,72,No,0.012889784487364706
4369-NYSCF,High-Value,75.75,One year,56,No,0.01287795924120879
9199-PWQVC,High-Value,79.7,One year,63,No,0.01287795924120879
3910-MRQOY,Low-Value,19.4,Two year,72,No,0.012871899957221756
9885-MFVSU,Low-Value,46.35,Two year,35,No,0.012846403950715108
9891-NQDBD,Low-Value,25.55,One year,28,No,0.012838422363319725
9866-OCCKE,High-Value,109.75,Two year,72,No,0.01281385887860151
7771-CFQRQ,Low-Value,63.8,Two year,47,No,0.012813557438482604
0263-FJTQO,High-Value,70.5,Two year,50,No,0.012813557438482604
4849-PYRLQ,High-Value,73.25,Two year,56,No,0.01280607857224388
2892-GESUL,Low-Value,19.35,Two year,18,No,0.01277680683653211
5124-EOGYE,Low-Value,20.45,Two year,31,No,0.01276875983999898
6928-ONTRW,Low-Value,19.7,Two year,72,No,0.01272159174806146
5730-DBDSI,Low-Value,19.7,Two year,66,No,0.01272159174806146
6848-HJTXY,Low-Value,19.45,Two year,64,No,0.01272159174806146
7941-RCJOW,Low-Value,19.55,Two year,65,No,0.01272159174806146
3973-SKMLN,Low-Value,19.9,Two year,71,No,0.01272159174806146
2848-YXSMW,Low-Value,19.4,Two year,72,No,0.01272159174806146
2626-VEEWG,Low-Value,19.4,Two year,67,No,0.01272159174806146
8347-GDTMP,Low-Value,19.45,Two year,64,No,0.01272159174806146
2181-TIDSV,Low-Value,19.95,Two year,68,No,0.01272159174806146
6621-NRZAK,Low-Value,20.0,Two year,63,No,0.01272159174806146
5569-IDSEY,High-Value,105.7,One year,71,No,0.01272051050194042
5542-NKVRU,Low-Value,20.75,Two year,42,No,0.012707512970395152
1557-EMYVT,High-Value,115.05,Two year,43,No,0.012699717992554833
6120-RJKLU,High-Value,79.95,Two year,62,No,0.012689016893487125
6736-DHUQI,High-Value,84.8,One year,67,No,0.012684703525210483
9777-IQHWP,High-Value,93.4,Two year,64,No,0.01262210646504017
7301-ABVAD,High-Value,86.6,Two year,72,No,0.012609166920480927
9140-CZQZZ,High-Value,79.6,Two year,68,No,0.012609166920480927
9227-UAQFT,Low-Value,19.75,Two year,16,No,0.012554018238097925
4056-QHXHZ,High-Value,107.45,Two year,72,No,0.012549950104717498
6445-TNRXS,High-Value,114.7,Two year,68,No,0.012520906489766054
5153-LXKDT,High-Value,110.2,Two year,68,No,0.012520389425169984
2272-WUSPA,High-Value,110.75,Two year,72,No,0.012520389425169984
8707-HOEDG,High-Value,110.2,Two year,70,No,0.012520389425169984
6308-CQRBU,High-Value,109.25,Two year,71,No,0.012520389425169984
3486-NPGST,Low-Value,19.55,One year,36,No,0.012513362440970953
1403-LKLIK,Low-Value,20.1,One year,33,No,0.012513362440970953
5684-FJVYR,High-Value,90.35,Two year,72,No,0.012495342396368687
3115-CZMZD,Low-Value,20.25,Two year,0,No,0.012471485608054078
2520-SGTTA,Low-Value,20.0,Two year,0,No,0.012471485608054078
0440-UEDAI,High-Value,94.45,One year,53,No,0.01242557830055115
5338-YHWYT,Low-Value,61.45,Two year,37,No,0.012371536798196437
5197-YPYBZ,Low-Value,25.25,Two year,12,No,0.012296931401268883
2907-ILJBN,Low-Value,20.6,One year,11,No,0.012277601212314528
1576-PFZIW,High-Value,105.35,Two year,70,No,0.0122658393942039
7134-HBPBS,High-Value,108.1,Two year,72,No,0.0122658393942039
3841-NFECX,High-Value,96.35,Two year,71,No,0.01226012826428014
6082-OQFBA,Low-Value,19.65,One year,23,No,0.01225488719928359
2749-CTKAJ,Low-Value,20.15,One year,22,No,0.01225488719928359
9617-UDPEU,Low-Value,19.25,One year,22,No,0.01225488719928359
3778-FOAQW,Low-Value,20.15,One year,24,No,0.01225488719928359
2878-RMWXY,High-Value,102.65,Two year,72,No,0.012246304512104456
1452-UZOSF,High-Value,106.1,Two year,72,No,0.012237601388595011
4598-ZADCK,Low-Value,53.6,One year,53,No,0.012110282498846204
1150-FTQGN,High-Value,94.15,One year,60,No,0.012095040278781475
3070-BDOQC,High-Value,99.65,Two year,60,No,0.0120838728499761
3642-GKTCT,High-Value,115.1,One year,61,No,0.012059049331787124
6614-FHDBO,High-Value,109.2,Two year,72,No,0.012028305992652312
9174-IHETN,High-Value,70.35,Two year,50,No,0.012016447794947099
8823-RLPWL,High-Value,110.65,Two year,72,No,0.01201330851327238
3705-RHRFR,High-Value,99.15,Two year,69,No,0.011994088858846435
5327-CNLUQ,High-Value,96.9,Two year,48,No,0.011946635115980183
3865-ZFZIB,Low-Value,19.65,Two year,19,No,0.011943000077669049
9548-LERKT,Low-Value,19.75,Two year,24,No,0.011920347436310548
6923-AQONU,Low-Value,20.9,Two year,23,No,0.011920347436310548
7267-FRMJW,Low-Value,20.1,Two year,25,No,0.011920347436310548
4335-UPJSI,Low-Value,19.75,Two year,24,No,0.011920347436310548
3458-IDMFK,Low-Value,20.75,Two year,25,No,0.011920347436310548
7977-HXJKU,Low-Value,19.6,Two year,21,No,0.011920347436310548
1395-WSWXR,Low-Value,20.75,Two year,24,No,0.011920347436310548
6689-VRRTK,High-Value,109.8,One year,44,No,0.011917297374371789
1309-XGFSN,High-Value,80.85,One year,52,No,0.011915282575881796
3865-YIOTT,High-Value,106.1,One year,72,No,0.01189584836343494
5529-GIBVH,Low-Value,20.15,Two year,47,No,0.011882515147970528
6196-HBOBZ,High-Value,99.35,Two year,65,No,0.011820684964772033
8873-TMKGR,Low-Value,19.1,One year,29,No,0.011799296053536251
4962-CHQPW,Low-Value,19.85,One year,29,No,0.011799296053536251
1998-VHJHK,Low-Value,19.15,One year,27,No,0.011799296053536251
5709-LVOEQ,High-Value,80.85,Two year,0,No,0.01175574785780945
9152-AMKAK,High-Value,80.25,Two year,6,No,0.01175574785780945
4075-WKNIU,High-Value,73.35,Two year,0,No,0.01175574785780945
5148-HKFIR,Low-Value,19.7,Two year,20,No,0.011747061663411624
8857-CUPFQ,Low-Value,19.25,Two year,63,No,0.011730949617296031
7167-PCEYD,Low-Value,19.8,Two year,67,No,0.011730949617296031
3279-DYZQM,Low-Value,19.45,Two year,71,No,0.011730949617296031
6345-FZOQH,Low-Value,19.9,Two year,69,No,0.011730949617296031
8043-PNYSD,Low-Value,19.55,Two year,63,No,0.011730949617296031
5346-BZCHP,Low-Value,19.4,Two year,69,No,0.011730949617296031
1298-PHBTI,High-Value,84.8,Two year,71,No,0.011715042816664235
6738-ISCBM,Low-Value,54.0,One year,44,No,0.01171435117558111
6993-YGFJV,High-Value,112.55,Two year,69,No,0.01167382632173117
9239-GZHZE,High-Value,113.65,Two year,72,No,0.01167382632173117
3520-FJGCV,High-Value,112.6,Two year,72,No,0.01167382632173117
7973-DZRKH,High-Value,90.95,Two year,66,No,0.011598211171333295
5743-KHMNA,Low-Value,25.55,Two year,71,No,0.011591881760170113
9402-ROUMJ,High-Value,100.25,One year,67,No,0.011522030918518097
3729-OWRVL,High-Value,110.35,Two year,65,No,0.01146068930329788
8050-DVOJX,High-Value,81.35,Two year,49,No,0.011443293712815989
2599-CIPQE,High-Value,109.3,Two year,71,No,0.011414678460777872
3831-YCPUO,High-Value,109.5,Two year,72,No,0.011414678460777872
3963-RYFNS,High-Value,116.45,Two year,72,No,0.011414678460777872
7055-JCGNI,High-Value,111.95,Two year,70,No,0.011414678460777872
2193-SFWQW,High-Value,111.95,Two year,72,No,0.011414678460777872
0266-GMEAO,High-Value,114.3,Two year,72,No,0.011414678460777872
3378-AJRAO,Low-Value,24.85,One year,44,No,0.011361749801682903
6374-NTQLP,High-Value,104.1,Two year,72,No,0.011360890630851312
0993-OSGPT,Low-Value,60.65,One year,68,No,0.011298226713897961
3740-RLMVT,Low-Value,60.95,One year,67,No,0.011298226713897961
8780-YRMTT,Low-Value,47.4,Two year,66,No,0.01127181661750246
5469-NUJUR,Low-Value,19.95,Two year,19,No,0.011267811049729999
4804-NCPET,Low-Value,20.2,Two year,19,No,0.011267811049729999
1223-UNPKS,Low-Value,20.05,Two year,20,No,0.011267811049729999
7691-XVTZH,High-Value,89.95,Two year,68,No,0.011243700619306917
2560-WBWXF,Low-Value,24.15,Two year,68,No,0.011231456334980345
1399-OUPJN,Low-Value,19.75,Two year,57,No,0.011231456334980345
7493-GVFIO,Low-Value,20.55,Two year,57,No,0.011231456334980345
5130-YPIRV,High-Value,72.0,Two year,62,No,0.011227519980960117
9695-IDRZR,High-Value,116.15,Two year,34,No,0.011224611965967997
4878-BUNFV,Low-Value,20.7,Two year,42,No,0.011185908190876736
3097-FQTVJ,Low-Value,20.0,Two year,41,No,0.011185908190876736
8646-JCOMS,High-Value,90.55,One year,66,No,0.011167814809884897
5789-LDFXO,Low-Value,24.6,One year,24,No,0.011162628359209656
2580-ATZSQ,Low-Value,61.35,One year,65,No,0.01115354698022559
2969-VAPYH,Low-Value,60.5,One year,67,No,0.01115354698022559
5795-BKOYE,Low-Value,59.1,One year,69,No,0.01115354698022559
9531-NSBMR,Low-Value,19.25,One year,36,No,0.01112544339911756
9824-QCJPK,Low-Value,20.0,One year,36,No,0.011116938118704865
5871-DGTXZ,Low-Value,19.8,One year,32,No,0.011116938118704865
6016-NXBNJ,Low-Value,19.15,One year,35,No,0.011116938118704865
4955-VCWBI,Low-Value,20.0,One year,43,No,0.011116938118704865
7601-DHFWZ,Low-Value,24.0,Two year,48,No,0.011103075244748233
2587-YNLES,Low-Value,20.1,Two year,6,No,0.011083404228464893
1699-TLDLZ,Low-Value,19.7,Two year,16,No,0.011045022451295817
1328-EUZHC,Low-Value,20.1,Two year,18,No,0.011045022451295817
1635-HDGFT,Low-Value,20.5,Two year,19,No,0.011045022451295817
3525-DVKFN,Low-Value,19.4,Two year,17,No,0.011045022451295817
3266-FTKHB,Low-Value,19.15,Two year,17,No,0.011045022451295817
5214-CHIWJ,Low-Value,20.3,One year,27,No,0.011025513207718812
5474-LAMUQ,Low-Value,20.1,One year,24,No,0.011025513207718812
8194-PEEBY,Low-Value,19.9,One year,24,No,0.011025513207718812
4821-WQOYN,Low-Value,20.1,Two year,72,No,0.010991299923180448
9764-REAFF,Low-Value,18.4,Two year,59,No,0.010991299923180448
5787-KXGIY,Low-Value,19.3,Two year,72,No,0.010991299923180448
2324-AALNO,Low-Value,24.55,One year,48,No,0.010959394404266081
1333-PBMXB,Low-Value,24.75,One year,54,No,0.010959394404266081
1709-EJDOX,Low-Value,19.75,Two year,47,No,0.010946585398259483
8309-PPCED,High-Value,110.45,Two year,72,No,0.010932780814707064
3597-YASZG,High-Value,104.45,Two year,70,No,0.01091913202599435
8982-NHAVY,High-Value,100.5,One year,27,No,0.010861000049105174
7349-ALMUX,Low-Value,65.6,Two year,37,No,0.010769569696283036
8984-HPEMB,High-Value,118.65,Two year,71,No,0.010746204973497915
4615-PIVVU,Low-Value,66.5,Two year,42,No,0.010737859894193302
8434-VGEQQ,Low-Value,20.55,Two year,61,No,0.01072477225046947
4933-IKULF,Low-Value,20.65,One year,17,No,0.010717121199974713
5196-WPYOW,Low-Value,60.05,One year,67,No,0.010681440206371122
9361-YNQWJ,Low-Value,24.4,One year,64,No,0.010645594506420832
9958-MEKUC,High-Value,103.95,Two year,72,No,0.010643720915576714
7758-UJWYS,Low-Value,40.55,Two year,34,No,0.010638157466894015
2314-TNDJQ,Low-Value,55.65,Two year,72,No,0.010588068428536483
6447-EGDIV,Low-Value,20.95,One year,31,No,0.010569922061971472
8398-TBIYD,High-Value,84.7,Two year,72,No,0.010553582116380505
5788-YPOEG,High-Value,84.75,Two year,34,No,0.010542657764404717
8261-GWDBQ,High-Value,116.05,Two year,60,No,0.010531441224602098
4304-TSPVK,High-Value,114.9,Two year,68,No,0.010530896999803424
0100-DUVFC,High-Value,104.8,One year,70,No,0.010508093004919278
2138-VFAPZ,Low-Value,19.7,Two year,14,No,0.010480329769981065
0374-FIUCA,Low-Value,20.4,Two year,65,No,0.010469043628606662
7083-MIOPC,Low-Value,20.25,Two year,72,No,0.010469043628606662
1060-ENTOF,High-Value,105.4,One year,67,No,0.010464656294183059
7710-JSYOA,High-Value,93.3,Two year,69,No,0.010453842019547998
8143-ETQTI,Low-Value,19.65,Two year,23,No,0.010436622184065871
7321-KKSDU,Low-Value,20.5,Two year,32,No,0.010416837577610503
9624-EGDEQ,Low-Value,19.8,Two year,37,No,0.010416837577610503
6425-JWTDV,Low-Value,19.25,Two year,48,No,0.010375499003071942
2511-ALLCS,Low-Value,24.3,Two year,35,No,0.010343244223050945
5278-PNYOX,High-Value,100.65,Two year,49,No,0.010334819354937165
1407-DIGZV,Low-Value,19.1,Two year,3,No,0.010323620573819555
0754-EEBDC,Low-Value,19.9,Two year,4,No,0.010270576908040152
7196-LIWRH,Low-Value,19.55,Two year,6,No,0.010270576908040152
5602-BVFMK,Low-Value,19.3,One year,12,No,0.010264531028692745
7401-JIXNM,High-Value,91.3,Two year,54,No,0.010252747396659833
2710-WYVXG,High-Value,71.1,Two year,3,No,0.010226023105942061
6418-PIQSP,High-Value,81.0,Two year,62,No,0.010218994306597378
2890-WFBHU,High-Value,79.85,One year,59,No,0.010213554356505004
2292-XQWSV,Low-Value,60.3,One year,40,No,0.010211114093289276
7516-GMHUV,High-Value,105.05,Two year,50,No,0.010145718977725739
7696-CFTAT,Low-Value,19.8,Two year,37,No,0.010121611303401145
9553-DLCLU,High-Value,88.95,Two year,13,No,0.010109846098144137
2000-DHJUY,High-Value,92.2,Two year,70,No,0.010087676932006422
2725-TTRIQ,High-Value,84.2,Two year,72,No,0.010087676932006422
6242-FEGFD,High-Value,96.6,Two year,66,No,0.010025432237110922
0402-OAMEN,Low-Value,24.45,Two year,72,No,0.010003430300927802
1820-DJFPH,Low-Value,24.05,Two year,72,No,0.010003430300927802
2469-DTSGX,High-Value,111.65,Two year,72,No,0.01
3258-SYSWS,High-Value,113.8,Two year,72,No,0.01
6480-YAGIY,High-Value,112.2,One year,45,No,0.009962379045454536
0784-ZQJZX,Low-Value,19.9,Two year,72,No,0.009962359544095786
1830-IPXVJ,Low-Value,19.75,Two year,61,No,0.009962359544095786
4829-ZLJTK,High-Value,112.4,Two year,72,No,0.009941331313172288
6766-HFKLA,High-Value,103.2,Two year,56,No,0.009937998523521306
8792-AOROI,Low-Value,65.5,Two year,8,No,0.009887831278399878
7018-FPXHH,Low-Value,59.8,Two year,56,No,0.009837937022132903
6696-YDAYZ,Low-Value,20.5,Two year,16,No,0.009818754777984343
7473-ZBDSN,Low-Value,18.8,Two year,14,No,0.009818754777984343
2266-FUBDZ,Low-Value,19.35,Two year,15,No,0.009818754777984343
3717-FDJFU,Low-Value,20.45,Two year,5,No,0.009805258301215472
0613-WUXUM,Low-Value,19.2,Two year,70,No,0.009791852764690506
1293-BSEUN,Low-Value,20.7,Two year,72,No,0.009791852764690506
8544-JNBOX,Low-Value,20.8,Two year,72,No,0.009791852764690506
7729-XBTWX,Low-Value,19.75,Two year,66,No,0.009791852764690506
3774-VBNXY,Low-Value,20.2,Two year,64,No,0.009791852764690506
7602-DBTOU,Low-Value,19.6,Two year,71,No,0.009791852764690506
9625-RZFUK,Low-Value,19.7,Two year,63,No,0.009791852764690506
1945-XISKS,Low-Value,19.65,Two year,67,No,0.009791852764690506
8022-BECSI,Low-Value,19.6,One year,22,No,0.009761113099026518
1403-GYAFU,Low-Value,20.05,Two year,70,No,0.009734325814614893
9625-QNLUX,High-Value,103.25,Two year,68,No,0.009720835486827664
5161-UBZXI,High-Value,106.35,Two year,69,No,0.009720835486827664
1215-EXRMO,Low-Value,20.55,Two year,50,No,0.009676944601047203
9173-IVZVP,Low-Value,20.9,Two year,53,No,0.009676944601047203
7268-WNTCP,Low-Value,20.45,Two year,62,No,0.009606999693824676
1955-IBMMB,Low-Value,20.2,Two year,59,No,0.009606999693824676
3457-PQBYH,Low-Value,20.3,Two year,58,No,0.009606999693824676
8755-OGKNA,Low-Value,19.5,Two year,57,No,0.009606999693824676
6685-XSHHU,Low-Value,20.95,Two year,60,No,0.009606999693824676
2418-TPEUN,Low-Value,19.8,Two year,56,No,0.009606999693824676
3154-HMWUU,Low-Value,20.5,Two year,60,No,0.009606999693824676
2075-PUEPR,Low-Value,19.35,Two year,55,No,0.009606999693824676
0704-VCUMB,Low-Value,20.25,Two year,61,No,0.009606999693824676
8540-ZQGEA,Low-Value,20.05,Two year,54,No,0.009606999693824676
8461-EFQYM,Low-Value,24.25,One year,38,No,0.009606001943873453
3547-LQRIK,Low-Value,26.9,One year,47,No,0.009606001943873453
1093-YSWCA,Low-Value,19.55,Two year,11,No,0.009555375082744398
1468-DEFNC,Low-Value,24.4,Two year,64,No,0.009460017451013467
6726-NNFWD,High-Value,89.45,Two year,71,No,0.009416542259913011
1619-YWUBB,Low-Value,24.95,Two year,68,No,0.00940506247602882
7340-KEFQE,Low-Value,34.2,Two year,51,No,0.009390579023240057
4698-KVLLG,Low-Value,19.6,Two year,51,No,0.009354016438275053
6505-OZNPG,Low-Value,63.4,Two year,6,No,0.009308358384447322
4815-YOSUK,High-Value,104.9,One year,72,No,0.00918419800839382
4774-HHGGS,Low-Value,19.05,Two year,30,No,0.009157183637362757
9585-KKMFD,Low-Value,20.0,Two year,41,No,0.009157183637362757
1063-DHQJF,High-Value,92.15,Two year,69,No,0.009147117914342232
2205-LPVGL,High-Value,89.85,One year,58,No,0.009119428854389086
8746-BFOAJ,Low-Value,20.5,One year,21,No,0.009098857056154373
0412-UCCNP,Low-Value,59.2,Two year,55,No,0.009071103440634849
6504-VBLFL,Low-Value,58.6,Two year,55,No,0.009071103440634849
1699-UOTXU,Low-Value,61.4,Two year,60,No,0.009071103440634849
7633-MVPUY,Low-Value,59.75,Two year,57,No,0.009071103440634849
1335-HQMKX,High-Value,101.35,One year,72,No,0.009058930491740674
5693-PIPCS,High-Value,99.65,Two year,41,No,0.009039783143671569
3523-BRGUW,Low-Value,19.3,One year,26,No,0.009003903364771889
8441-SHIPE,Low-Value,25.6,Two year,67,No,0.008994211732361243
2799-TSLAG,Low-Value,25.3,Two year,65,No,0.008994211732361243
3178-CIFOT,Low-Value,19.65,One year,23,No,0.008991704465421625
1231-YNDEK,Low-Value,19.15,Two year,58,No,0.008985742631683316
2428-HYUNX,Low-Value,19.35,Two year,44,No,0.008981239343486637
3580-HYCSP,High-Value,110.3,Two year,72,No,0.008943460003139062
3678-MNGZX,Low-Value,19.95,Two year,68,No,0.008844586987450996
5848-FHRFC,Low-Value,20.05,Two year,68,No,0.008844586987450996
2429-AYKKO,Low-Value,19.85,Two year,72,No,0.008844586987450996
6892-BOGQE,Low-Value,20.9,Two year,71,No,0.008844586987450996
2146-EGVDT,Low-Value,19.3,Two year,59,No,0.008844586987450996
0042-RLHYP,Low-Value,19.7,Two year,69,No,0.008844586987450996
3173-WSSUE,Low-Value,19.7,Two year,71,No,0.008844586987450996
7695-PKLCZ,Low-Value,20.5,Two year,68,No,0.008844586987450996
9800-OUIGR,Low-Value,20.0,Two year,66,No,0.008844586987450996
7606-BPHHN,Low-Value,19.8,Two year,72,No,0.008844586987450996
5656-JAMLX,Low-Value,19.85,Two year,62,No,0.008844586987450996
8232-UTFOZ,Low-Value,19.95,Two year,69,No,0.008844586987450996
7064-JHXCE,Low-Value,20.05,Two year,62,No,0.008844586987450996
0962-CQPWQ,Low-Value,20.3,Two year,62,No,0.008844586987450996
8747-UDCOI,Low-Value,19.35,Two year,65,No,0.008844586987450996
1166-PQLGG,Low-Value,19.55,Two year,72,No,0.008844586987450996
9972-EWRJS,Low-Value,19.25,Two year,67,No,0.008844586987450996
3308-DGHKL,Low-Value,19.3,Two year,69,No,0.008844586987450996
7876-DNYAP,Low-Value,19.8,Two year,69,No,0.008844586987450996
3274-NSDWE,Low-Value,19.6,Two year,68,No,0.008844586987450996
6060-QBMGV,Low-Value,19.85,Two year,70,No,0.008844586987450996
2984-RGEYA,Low-Value,19.75,Two year,69,No,0.008844586987450996
0464-WJTKO,Low-Value,20.1,Two year,72,No,0.008844586987450996
0505-SPOOW,Low-Value,19.8,Two year,70,No,0.008844586987450996
0640-YJTPY,Low-Value,21.0,Two year,72,No,0.008844586987450996
5902-WBLSE,Low-Value,20.15,Two year,70,No,0.008844586987450996
5699-BNCAS,Low-Value,24.65,Two year,71,No,0.00883905203560253
3452-FLHYD,Low-Value,20.95,One year,25,No,0.008830055386202225
9153-BTBVV,Low-Value,25.0,Two year,71,No,0.00875772673414984
4707-MAXGU,Low-Value,25.85,Two year,72,No,0.00875772673414984
2169-RRLFW,Low-Value,25.6,Two year,71,No,0.00875772673414984
4656-CAURT,Low-Value,23.95,Two year,69,No,0.00875772673414984
5220-AGAAX,Low-Value,24.0,Two year,68,No,0.00875772673414984
9430-NKQLY,Low-Value,25.1,Two year,72,No,0.00875772673414984
8237-ULIXL,Low-Value,24.85,Two year,72,No,0.00875772673414984
2509-TFPJU,Low-Value,25.75,Two year,72,No,0.00875772673414984
3261-CQXOL,Low-Value,25.45,Two year,71,No,0.00875772673414984
4195-PNGZS,Low-Value,24.45,Two year,69,No,0.00875772673414984
7115-IRDHS,Low-Value,24.65,Two year,72,No,0.00875772673414984
6734-PSBAW,Low-Value,23.55,Two year,72,No,0.00875772673414984
0394-YONDK,Low-Value,25.15,Two year,70,No,0.00875772673414984
8749-TZYEC,Low-Value,24.8,Two year,72,No,0.00875772673414984
6181-AXXYF,Low-Value,24.75,Two year,72,No,0.00875772673414984
5846-ABOBJ,Low-Value,24.45,Two year,71,No,0.00875772673414984
4443-EMBNA,Low-Value,24.75,Two year,71,No,0.00875772673414984
4565-NLZBV,Low-Value,24.65,Two year,71,No,0.00875772673414984
4193-IBKSW,Low-Value,24.75,Two year,72,No,0.00875772673414984
7014-ZZXAW,Low-Value,24.25,Two year,71,No,0.00875772673414984
6024-RUGGH,Low-Value,25.2,Two year,72,No,0.00875772673414984
4836-WNFNO,Low-Value,25.0,Two year,72,No,0.00875772673414984
6285-FTQBF,Low-Value,25.55,Two year,72,No,0.00875772673414984
3148-AOIQT,Low-Value,24.95,Two year,69,No,0.00875772673414984
6857-TKDJV,Low-Value,24.65,Two year,67,No,0.00875772673414984
1987-AUELQ,Low-Value,25.05,Two year,71,No,0.00875772673414984
0480-KYJVA,Low-Value,24.25,Two year,72,No,0.00875772673414984
4231-LZUYM,Low-Value,25.65,Two year,72,No,0.00875772673414984
2696-RZVZW,Low-Value,25.05,Two year,68,No,0.00875772673414984
6976-BWGLQ,Low-Value,25.2,Two year,72,No,0.00875772673414984
2961-VNFKL,Low-Value,25.95,Two year,71,No,0.00875772673414984
7096-ZNBZI,Low-Value,26.45,Two year,72,No,0.00875772673414984
5598-IKHQQ,Low-Value,25.45,Two year,72,No,0.00875772673414984
1926-QUZNN,Low-Value,25.25,Two year,72,No,0.00875772673414984
9397-TZSHA,Low-Value,24.6,Two year,69,No,0.00875772673414984
8224-KDLKN,Low-Value,25.0,Two year,72,No,0.00875772673414984
9964-WBQDJ,Low-Value,24.4,Two year,71,No,0.00875772673414984
4589-IUAJB,Low-Value,24.25,Two year,70,No,0.00875772673414984
0971-QIFJK,Low-Value,24.25,Two year,69,No,0.00875772673414984
2908-WGAXL,Low-Value,24.95,Two year,56,No,0.008743729420551488
5696-CEIQJ,High-Value,103.15,Two year,67,No,0.008741457092781074
5168-MQQCA,High-Value,108.5,One year,72,No,0.008715924039938434
6762-NSODU,Low-Value,19.4,Two year,46,No,0.008656216133712704
6603-YRDCJ,Low-Value,61.05,Two year,33,No,0.008641440936576395
6963-EZQEE,High-Value,88.55,Two year,70,No,0.008624691121787001
3219-JQRSL,High-Value,89.1,Two year,72,No,0.008624691121787001
6437-UDQJM,High-Value,84.1,Two year,72,No,0.008624691121787001
3146-MSEGF,High-Value,88.05,Two year,72,No,0.008624691121787001
0902-RFHOF,Low-Value,20.1,One year,38,No,0.008623164018447795
9507-HSMMZ,Low-Value,20.0,Two year,54,No,0.008611818055549338
5574-NXZIU,High-Value,109.2,Two year,63,No,0.008587217366880943
0420-TXVSG,Low-Value,66.1,Two year,66,No,0.008566120404630445
5095-ETBRJ,Low-Value,56.8,Two year,55,No,0.008566120404630445
7923-IYJWY,High-Value,116.1,Two year,67,No,0.008541431734639466
3324-OIRTO,High-Value,104.65,One year,71,No,0.008536862266514842
0442-ZXKVS,High-Value,115.6,One year,54,No,0.008529216741587367
7030-FZTFM,High-Value,110.9,Two year,72,No,0.00846450368509247
9802-CAQUT,High-Value,109.55,Two year,72,No,0.00846450368509247
1904-WAJAA,Low-Value,64.35,Two year,24,No,0.008430048811024746
0392-BZIUW,High-Value,105.0,Two year,72,No,0.008421106973509934
0401-WDBXM,High-Value,105.55,Two year,72,No,0.008421106973509934
6257-DTAYD,High-Value,104.15,Two year,71,No,0.008421106973509934
2696-ECXKC,High-Value,100.9,One year,55,No,0.008387505826890525
8514-VZHEB,Low-Value,19.5,Two year,59,No,0.008382650462662693
0621-CXBKL,Low-Value,18.7,Two year,53,No,0.008382650462662693
3507-GASNP,Low-Value,19.95,Two year,60,No,0.008382650462662693
8380-MQINP,Low-Value,20.3,Two year,55,No,0.008382650462662693
8727-JQFHV,Low-Value,20.75,Two year,57,No,0.008382650462662693
4990-ALDGW,Low-Value,20.75,Two year,57,No,0.008382650462662693
3620-EHIMZ,Low-Value,19.35,Two year,52,No,0.008382650462662693
2368-GAKKQ,High-Value,113.65,Two year,70,No,0.008359954687382038
2121-JAFOM,High-Value,115.55,Two year,72,No,0.008359954687382038
9258-CNWAC,High-Value,113.65,Two year,71,No,0.008359954687382038
3655-SNQYZ,High-Value,113.25,Two year,69,No,0.008359954687382038
5322-TEUJK,High-Value,114.6,Two year,71,No,0.008359954687382038
5183-KLYEM,High-Value,112.75,Two year,72,No,0.008359954687382038
8670-ERCJH,High-Value,113.4,Two year,72,No,0.008359954687382038
8207-DMRVL,High-Value,114.55,Two year,72,No,0.008359954687382038
3726-TBHQT,High-Value,114.0,Two year,71,No,0.008359954687382038
5038-ETMLM,High-Value,113.65,Two year,72,No,0.008359954687382038
3669-WHAFY,High-Value,115.15,Two year,71,No,0.008359954687382038
5161-XEUVX,High-Value,94.3,Two year,37,No,0.0083496791837001
1545-ACTAS,High-Value,99.7,One year,48,No,0.008290002967313262
1839-UMACK,Low-Value,25.05,One year,42,No,0.00827127917803915
8089-UZWLX,High-Value,104.05,Two year,71,No,0.008266815949164251
4367-NUYAO,Low-Value,25.75,Two year,0,No,0.008237709906703677
5914-GXMDA,Low-Value,19.3,One year,32,No,0.008185551492798749
9030-QGZNL,Low-Value,20.85,Two year,8,No,0.00815856729748341
0224-NIJLP,Low-Value,20.15,Two year,8,No,0.00815856729748341
8559-WNQZS,Low-Value,20.45,Two year,1,No,0.008118456320640078
1099-GODLO,Low-Value,20.35,Two year,1,No,0.008118456320640078
3662-FXJFO,Low-Value,20.5,Two year,54,No,0.00810514586973232
1241-FPMOF,Low-Value,19.65,Two year,52,No,0.00810514586973232
9504-YAZWB,Low-Value,20.25,Two year,53,No,0.00810514586973232
0023-UYUPN,Low-Value,25.2,One year,50,No,0.008054859884980867
3243-ZHOHY,Low-Value,20.1,One year,16,No,0.007958114904842783
9926-PJHDQ,High-Value,76.8,Two year,72,No,0.007930664110035252
3935-TBRZZ,Low-Value,25.7,One year,44,No,0.007917684430347273
4538-WNTMJ,Low-Value,24.95,One year,46,No,0.007917684430347273
0815-MFZGM,High-Value,99.0,Two year,42,No,0.007897882422858545
8098-TDCBU,Low-Value,25.25,Two year,42,No,0.00789484165041291
0057-QBUQH,Low-Value,25.1,Two year,43,No,0.00789484165041291
1722-LDZJS,Low-Value,20.2,One year,53,No,0.0078937929173527
2933-XEUJM,High-Value,79.2,Two year,46,No,0.007885501567709197
1574-DYCWE,Low-Value,19.95,Two year,51,No,0.00788145725034345
9371-BITHB,Low-Value,19.85,Two year,52,No,0.00788145725034345
7216-KAOID,Low-Value,19.5,One year,41,No,0.0078537553848429
9251-AWQGT,Low-Value,20.0,Two year,48,No,0.007732368774943904
0206-OYVOC,Low-Value,19.25,Two year,46,No,0.007732368774943904
0562-FGDCR,High-Value,74.55,Two year,72,No,0.007678807191150275
8181-YHCMF,Low-Value,60.3,Two year,68,No,0.0076652086900479465
0727-BNRLG,High-Value,97.65,Two year,69,No,0.007658012649289276
4686-GEFRM,High-Value,98.7,Two year,70,No,0.007658012649289276
1930-QPBVZ,High-Value,95.1,Two year,68,No,0.007658012649289276
3133-PZNSR,High-Value,97.75,Two year,72,No,0.007658012649289276
9801-NOSHQ,Low-Value,19.8,One year,23,No,0.007621315981517984
8763-KIAFH,Low-Value,20.55,One year,27,No,0.007621315981517984
4632-PAOYU,Low-Value,19.95,One year,22,No,0.007621315981517984
3556-BVQGL,Low-Value,20.0,One year,20,No,0.007621315981517984
3985-HOYPM,Low-Value,19.4,One year,26,No,0.007621315981517984
2320-TZRRH,Low-Value,19.5,One year,20,No,0.007621315981517984
1682-VCOIO,Low-Value,20.45,One year,23,No,0.007621315981517984
1964-SVLEA,Low-Value,19.7,One year,20,No,0.007621315981517984
1930-BZLHI,Low-Value,20.35,One year,21,No,0.007621315981517984
2466-FCCPT,Low-Value,19.7,One year,20,No,0.007621014876808825
6322-PJJDJ,High-Value,94.8,Two year,49,No,0.007607051053282117
0487-CRLZF,High-Value,74.45,Two year,49,No,0.007579996667081745
1371-DWPAZ,Low-Value,56.05,Two year,0,No,0.007561611232756849
6725-TPKJO,Low-Value,20.05,Two year,44,No,0.007557092810024988
5232-NXPAY,High-Value,74.45,Two year,47,No,0.007516401664953096
2796-NNUFI,Low-Value,19.95,Two year,46,No,0.007508680155555035
8701-DGLVH,Low-Value,20.45,Two year,51,No,0.007508680155555035
0386-CWRGM,Low-Value,19.4,Two year,46,No,0.007508680155555035
0506-YLVKJ,Low-Value,20.2,Two year,46,No,0.007508680155555035
9646-NMHXE,Low-Value,19.65,Two year,47,No,0.007508680155555035
9220-ZNKJI,High-Value,88.8,Two year,55,No,0.00749748397812123
7162-WPHPM,High-Value,71.6,Two year,58,No,0.007483584781510895
6551-ZCOTS,Low-Value,24.9,One year,33,No,0.007471888447236435
0019-GFNTW,Low-Value,45.05,Two year,56,No,0.00746139970917741
4872-JCVCA,Low-Value,47.6,Two year,71,No,0.00746139970917741
7816-VGHTO,Low-Value,40.55,Two year,6,No,0.007453458326775289
7492-TAFJD,Low-Value,38.55,Two year,7,No,0.007453458326775289
1832-PEUTS,High-Value,89.1,Two year,62,No,0.0074387194321021265
9541-PWTWO,High-Value,80.95,Two year,52,No,0.007406438805433128
8630-QSGXK,High-Value,75.2,Two year,51,No,0.007385334132038179
2017-CCBLH,Low-Value,20.0,Two year,8,No,0.007363792282907
2160-GPFXD,Low-Value,65.65,Two year,54,No,0.007351466629407748
3399-BMLVW,Low-Value,60.5,Two year,51,No,0.007351466629407748
4717-GHADL,High-Value,79.6,Two year,50,No,0.007342843803304479
1116-FRYVH,Low-Value,39.4,Two year,48,No,0.0073386004236703295
0229-LFJAF,Low-Value,69.65,Two year,72,No,0.007322860112964405
4737-AQCPU,High-Value,72.1,Two year,72,No,0.007322860112964405
6435-VWCCY,High-Value,92.7,Two year,65,No,0.007292604204634865
2499-AJYUA,High-Value,110.8,Two year,72,No,0.007278568760938618
1162-ECVII,High-Value,109.75,Two year,72,No,0.007278568760938618
8752-GHJFU,High-Value,92.0,One year,71,No,0.007246977384791106
6463-HHXJR,High-Value,100.5,Two year,71,No,0.007237057439981275
1325-USMEC,High-Value,99.35,Two year,70,No,0.007237057439981275
6176-YJWAS,High-Value,97.95,Two year,72,No,0.007237057439981275
8984-EYLLL,High-Value,105.25,Two year,64,No,0.007214808362602347
6000-UKLWI,Low-Value,20.15,Two year,41,No,0.007212607811259457
5804-JMYIO,Low-Value,19.75,Two year,39,No,0.007212607811259457
4933-BSAIP,Low-Value,19.1,Two year,40,No,0.007212607811259457
7815-PDTHL,Low-Value,20.2,Two year,35,No,0.007212607811259457
2300-RQGOI,Low-Value,20.05,Two year,38,No,0.007212607811259457
4635-EJYPD,Low-Value,18.95,Two year,32,No,0.007212607811259457
6619-RPLQZ,Low-Value,20.85,Two year,45,No,0.007212607811259457
1627-AFWVJ,Low-Value,19.4,Two year,29,No,0.007212607811259457
8577-QSOCG,Low-Value,20.2,Two year,38,No,0.007212607811259457
8215-NGSPE,Low-Value,20.0,Two year,42,No,0.007212607811259457
0582-AVCLN,Low-Value,20.3,Two year,38,No,0.007212607811259457
9631-RXVJM,Low-Value,19.25,Two year,35,No,0.007212607811259457
0625-AFOHS,Low-Value,20.2,Two year,29,No,0.007212607811259457
5231-FIQPA,Low-Value,19.85,Two year,41,No,0.007212607811259457
4716-MRVEN,Low-Value,20.0,One year,29,No,0.007165724835770646
7026-YMSBE,Low-Value,19.7,One year,30,No,0.007165724835770646
2829-HYVZP,Low-Value,19.8,One year,29,No,0.007165724835770646
2819-GWENI,Low-Value,19.9,One year,28,No,0.007165724835770646
9298-WGMRW,High-Value,115.5,Two year,72,No,0.007153895865123466
0428-AXXLJ,Low-Value,19.5,One year,25,No,0.007153893390236168
2451-YMUXS,Low-Value,64.55,Two year,67,No,0.0071248642098895145
4526-EXKKN,Low-Value,24.6,Two year,40,No,0.007113038879508177
5229-DTFYB,High-Value,98.8,Two year,41,No,0.007100004428436647
4584-LBNMK,Low-Value,24.7,One year,45,No,0.007004766960663779
2616-FLVQC,Low-Value,19.55,Two year,64,No,0.007003825494188597
2252-NKNSI,High-Value,85.15,Two year,52,No,0.006996604653977203
9418-RUKPH,Low-Value,19.95,Two year,38,No,0.0069889191918705885
8922-NPKBJ,Low-Value,19.35,Two year,42,No,0.0069889191918705885
1047-RNXZV,Low-Value,19.55,Two year,43,No,0.0069889191918705885
3721-WKIIL,Low-Value,19.6,Two year,27,No,0.0069889191918705885
8402-OOOHJ,Low-Value,20.65,Two year,41,No,0.0069889191918705885
1270-XKUCC,Low-Value,19.7,Two year,30,No,0.0069889191918705885
1106-HRLKZ,Low-Value,19.6,Two year,40,No,0.0069889191918705885
3769-MHZNV,Low-Value,20.1,Two year,33,No,0.0069889191918705885
4735-BJKOU,Low-Value,20.15,Two year,40,No,0.0069889191918705885
9710-NJERN,Low-Value,20.15,Two year,39,No,0.0069889191918705885
4641-FROLU,Low-Value,19.3,Two year,30,No,0.0069889191918705885
8917-FAEMR,Low-Value,19.85,Two year,37,No,0.0069889191918705885
9385-EHGDO,Low-Value,19.85,Two year,35,No,0.0069889191918705885
9475-NNDGC,High-Value,113.15,One year,71,No,0.006988576557285144
0106-UGRDO,High-Value,116.0,Two year,69,No,0.006988412896280943
7472-EQOAV,High-Value,86.7,One year,71,No,0.006980213291053874
8406-LNMHF,High-Value,82.95,One year,59,No,0.006980213291053874
3230-JCNZS,High-Value,99.0,Two year,71,No,0.006944918167400299
9558-IHEZX,High-Value,106.75,Two year,71,No,0.006899597413315162
8434-PNQZX,High-Value,78.45,Two year,42,No,0.006767729011064404
5549-ZGHFB,Low-Value,24.95,Two year,50,No,0.006752749743737962
8902-ZEOVF,Low-Value,20.05,One year,47,No,0.006723483754674198
7560-QRBXH,Low-Value,19.95,One year,48,No,0.006723483754674198
8191-XWSZG,Low-Value,20.65,One year,52,No,0.006723483754674198
4832-VRBMR,High-Value,103.15,One year,65,No,0.006679373742781734
5567-GZKQY,Low-Value,20.3,Two year,58,No,0.00666979486752798
2307-FYNNL,High-Value,109.05,Two year,65,No,0.006661292271757993
0019-EFAEP,High-Value,101.3,Two year,72,No,0.006649663359433625
6234-RAAPL,High-Value,99.9,Two year,72,No,0.006649663359433625
4822-LPTYJ,High-Value,103.75,Two year,72,No,0.006649663359433625
5447-WZAFP,High-Value,100.3,One year,53,No,0.006639782732026185
8957-THMOA,Low-Value,20.15,Two year,50,No,0.0065954201525059535
2192-OZITF,High-Value,73.55,Two year,45,No,0.006589731584317686
3280-MRDOF,Low-Value,69.1,Two year,30,No,0.006585817612819358
5327-XOKKY,High-Value,73.45,Two year,72,No,0.006566276801093887
8221-HVAYI,Low-Value,69.15,Two year,35,No,0.006565234406253402
0253-ZTEOB,High-Value,79.65,Two year,48,No,0.006555459350975079
1240-HCBOH,Low-Value,26.1,Two year,67,No,0.006529547883122274
5512-IDZEI,Low-Value,24.9,One year,46,No,0.006515531320229699
2452-MRMZF,Low-Value,25.7,Two year,72,No,0.006490693584453834
3836-FZSDJ,Low-Value,24.85,Two year,71,No,0.006490693584453834
6563-VRERX,Low-Value,20.6,One year,33,No,0.006483366900939262
1293-HHSHJ,Low-Value,21.1,One year,35,No,0.006483366900939262
1755-FZQEC,Low-Value,19.9,One year,39,No,0.006483366900939262
5519-TEEUH,Low-Value,20.15,One year,33,No,0.006483366900939262
8008-OTEZX,Low-Value,19.65,One year,35,No,0.006483366900939262
9509-MPYOD,Low-Value,20.75,One year,35,No,0.006483366900939262
7190-XHTWJ,Low-Value,19.3,One year,38,No,0.006483366900939262
8510-BBWMU,Low-Value,19.75,One year,41,No,0.006483366900939262
8717-VCTXJ,Low-Value,19.55,One year,42,No,0.006483366900939262
4518-FZBSX,Low-Value,20.25,One year,42,No,0.006483366900939262
0508-SQWPL,Low-Value,20.1,Two year,57,No,0.0064743783987550475
5924-SNGKP,Low-Value,20.25,One year,41,No,0.006471535455404785
1460-UZPRJ,Low-Value,19.95,Two year,60,No,0.006443553610057169
9084-OAYKL,Low-Value,20.8,Two year,58,No,0.006443553610057169
3359-DSRKA,Low-Value,19.85,Two year,58,No,0.006443553610057169
7717-BICXI,Low-Value,20.55,Two year,60,No,0.006443553610057169
6217-KDYWC,Low-Value,19.6,Two year,57,No,0.006443553610057169
6508-NJYRO,Low-Value,18.8,One year,15,No,0.006410288496297478
3557-HTYWR,High-Value,74.05,Two year,47,No,0.0063986291083083045
2578-JQPHZ,High-Value,100.1,Two year,44,No,0.006386909946547669
1834-WULEG,Low-Value,20.25,One year,24,No,0.006374135327373063
9739-JLPQJ,High-Value,117.5,Two year,72,No,0.0063699451974194065
7359-WWYJV,High-Value,114.45,Two year,72,No,0.0063699451974194065
5914-XRFQB,High-Value,115.8,Two year,72,No,0.0063699451974194065
3396-DKDEL,High-Value,115.15,Two year,70,No,0.0063699451974194065
4376-KFVRS,High-Value,114.05,Two year,72,No,0.0063699451974194065
8513-OLYGY,High-Value,115.8,Two year,72,No,0.0063699451974194065
3795-CAWEX,High-Value,116.55,Two year,70,No,0.0063699451974194065
7569-NMZYQ,High-Value,118.75,Two year,72,No,0.0063699451974194065
0017-IUDMW,High-Value,116.8,Two year,72,No,0.0063699451974194065
9788-HNGUT,High-Value,116.95,Two year,72,No,0.0063699451974194065
0675-NCDYU,High-Value,116.4,Two year,72,No,0.0063699451974194065
1488-PBLJN,High-Value,116.85,Two year,72,No,0.0063699451974194065
2223-GDSHL,High-Value,116.05,Two year,71,No,0.0063699451974194065
8975-SKGRX,High-Value,116.1,Two year,71,No,0.0063699451974194065
3258-ZKPAI,High-Value,116.6,Two year,72,No,0.0063699451974194065
8454-AATJP,High-Value,115.05,Two year,72,No,0.0063699451974194065
7771-ZONAT,Low-Value,56.75,Two year,22,No,0.006348521139352116
2351-BKRZW,High-Value,75.2,Two year,43,No,0.006346773801756403
4534-WGCIR,Low-Value,25.15,Two year,58,No,0.006243117688247909
7321-ZNSLA,Low-Value,40.55,Two year,13,No,0.006240368233370556
6898-RBTLU,High-Value,79.3,Two year,49,No,0.006225071246659687
7639-LIAYI,High-Value,79.75,Two year,52,No,0.006225071246659687
2072-ZVJJX,Low-Value,25.25,Two year,68,No,0.006160056706340975
5982-XMDEX,Low-Value,26.5,Two year,65,No,0.006160056706340975
0956-SYCWG,Low-Value,19.65,One year,13,No,0.006157440398687788
5075-JSDKI,Low-Value,24.45,Two year,59,No,0.0061437744192288255
2682-KEVRP,Low-Value,20.05,One year,22,No,0.006142491576334737
7225-IILWY,Low-Value,25.75,Two year,68,No,0.006040947104132209
1207-BLKSA,Low-Value,23.05,Two year,52,No,0.006040947104132209
8338-QIUNR,Low-Value,66.5,Two year,72,No,0.0060215075877428645
1266-NZYUI,Low-Value,66.85,Two year,72,No,0.0060215075877428645
9359-JANWS,Low-Value,58.9,Two year,65,No,0.0060215075877428645
6695-FRVEC,Low-Value,60.4,Two year,67,No,0.0060215075877428645
7306-YDSOI,Low-Value,59.75,Two year,69,No,0.0060215075877428645
7860-KSUGX,Low-Value,64.45,Two year,72,No,0.0060215075877428645
9499-XPZXM,Low-Value,64.75,Two year,72,No,0.0060215075877428645
5993-JSUWV,Low-Value,61.15,Two year,66,No,0.0060215075877428645
2954-PIBKO,Low-Value,64.15,Two year,69,No,0.0060215075877428645
7399-QHBJS,Low-Value,66.75,Two year,72,No,0.0060215075877428645
5320-BRKGK,High-Value,75.8,Two year,58,No,0.0060157046565084095
8295-KMENE,High-Value,76.45,Two year,59,No,0.0060157046565084095
3902-MIVLE,High-Value,75.7,Two year,63,No,0.006015704656508409
5370-IIVVL,High-Value,104.5,One year,37,No,0.0060045096296713315
8821-KVZKQ,Low-Value,58.4,One year,70,No,0.005986848738099679
9955-QOPOY,Low-Value,60.8,One year,69,No,0.005986848738099679
9236-NDUCW,Low-Value,35.1,Two year,21,No,0.005950827036542987
0013-SMEOE,High-Value,109.7,Two year,71,No,0.005944298594663781
6139-ZZRBQ,Low-Value,20.05,Two year,64,No,0.005831724106747303
3996-ZNWYK,Low-Value,19.8,Two year,71,No,0.005831724106747303
7515-LODFU,Low-Value,20.3,Two year,69,No,0.005831724106747303
1506-YJTYT,High-Value,73.85,Two year,45,No,0.005804116037351686
5406-KGRMX,Low-Value,24.55,Two year,71,No,0.0057565165089165015
5876-QMYLD,Low-Value,20.05,One year,23,No,0.00574435882626317
1439-LCGVL,Low-Value,19.2,One year,26,No,0.00574435882626317
7319-ZNRTR,Low-Value,19.6,One year,25,No,0.005734798374022181
6727-IOTLZ,High-Value,81.95,Two year,14,No,0.005707675440474511
9796-MVYXX,Low-Value,39.7,Two year,14,No,0.0056977104689658374
1866-DIOQZ,Low-Value,66.8,One year,71,No,0.005684610245470654
2804-ETQDK,Low-Value,20.55,Two year,66,No,0.005665640126479442
2388-LAESQ,High-Value,114.85,Two year,72,No,0.005663656763441165
6919-ELBGL,High-Value,114.95,Two year,72,No,0.005663656763441165
0780-XNZFN,Low-Value,20.65,Two year,57,No,0.005631903156173032
8345-MVDYC,High-Value,81.65,Two year,45,No,0.005617201732932295
9489-DEDVP,Low-Value,69.2,Two year,70,No,0.005578157573716054
2824-DXNKN,High-Value,71.45,Two year,72,No,0.005578157573716054
4915-BFSXL,Low-Value,68.95,Two year,70,No,0.005578157573716054
3500-NSDOA,High-Value,70.8,Two year,68,No,0.005578157573716054
3612-YUNGG,High-Value,109.2,Two year,64,No,0.005556040591295326
4751-ERMAN,High-Value,75.4,Two year,72,No,0.005443262077860691
4654-ULTTN,High-Value,74.8,Two year,70,No,0.005443262077860691
5781-RFZRP,High-Value,73.5,Two year,71,No,0.005443262077860691
6586-MYGKD,High-Value,76.95,Two year,70,No,0.005443262077860691
6870-ZWMNX,High-Value,76.1,Two year,70,No,0.005443262077860691
0536-ESJEP,High-Value,74.55,Two year,54,No,0.0053188873091716184
6166-YIPFO,Low-Value,64.7,Two year,72,No,0.00530103138895757
4111-BNXIF,Low-Value,59.55,Two year,67,No,0.00530103138895757
2302-OUZXB,High-Value,82.15,Two year,72,No,0.0052697042162120735
1265-BCFEO,High-Value,80.45,Two year,71,No,0.0052697042162120735
9481-WHGWY,High-Value,75.35,Two year,70,No,0.0052697042162120735
8205-VSLRB,High-Value,77.3,Two year,70,No,0.0052697042162120735
4366-CTOUZ,High-Value,100.2,Two year,50,No,0.005269214246217446
3308-JSGML,Low-Value,64.05,Two year,59,No,0.005254872087856282
8164-OCKUJ,Low-Value,20.6,Two year,59,No,0.005211276250335342
9755-JHNMN,Low-Value,67.4,Two year,49,No,0.0052068417630896325
3892-NXAZG,High-Value,114.05,Two year,72,No,0.005164575053555466
3810-DVDQQ,High-Value,117.6,Two year,72,No,0.005164575053555466
5375-XLDOF,High-Value,114.35,Two year,69,No,0.005164575053555466
0136-IFMYD,High-Value,109.95,Two year,69,No,0.005141934281632399
6734-FQAJX,High-Value,105.05,Two year,67,No,0.005141934281632399
7980-MHFLQ,Low-Value,24.9,Two year,72,No,0.005124334563805384
7138-GIRSH,Low-Value,69.5,Two year,50,No,0.005032827595718979
2123-VSCOT,High-Value,72.1,Two year,59,No,0.005032827595718979
1172-VIYBP,Low-Value,69.7,Two year,53,No,0.005032827595718979
6339-TBELP,High-Value,86.4,Two year,71,No,0.005022724794409516
8929-KSWIH,High-Value,99.3,Two year,25,No,0.005019045399056823
4513-CXYIX,High-Value,80.7,Two year,71,No,0.005018447339416544
3810-PJUHR,Low-Value,25.35,Two year,70,No,0.004996022920585534
0916-KNFAJ,Low-Value,69.9,Two year,61,No,0.004994143645152284
9565-FLVCG,Low-Value,69.55,Two year,65,No,0.004994143645152284
0813-TAXXS,High-Value,77.8,Two year,55,No,0.004992506113153186
9522-ZSINC,Low-Value,19.95,One year,13,No,0.004979999997215433
9488-FYQAU,High-Value,109.25,Two year,63,No,0.004917064598822429
2649-HWLYB,High-Value,76.15,Two year,65,No,0.004897932099863616
2612-PHGOX,High-Value,76.1,Two year,64,No,0.004897932099863616
0604-THJFP,High-Value,75.95,Two year,59,No,0.004897932099863616
1088-AUUZZ,High-Value,75.85,Two year,56,No,0.004897932099863616
1023-BQXZE,High-Value,74.35,Two year,57,No,0.004897932099863616
2661-GKBTK,High-Value,76.95,Two year,60,No,0.004897932099863616
9068-VPWQQ,High-Value,75.35,Two year,61,No,0.004897932099863616
7684-XSZIY,Low-Value,24.3,Two year,72,No,0.0048891638980512065
4176-RELJR,Low-Value,25.1,Two year,67,No,0.00484028847246425
1872-EBWSC,Low-Value,20.35,One year,29,No,0.004826308918827758
7552-KEYGT,Low-Value,19.55,Two year,27,No,0.004820664399023599
2927-CVULT,High-Value,104.05,Two year,53,No,0.004809835617797411
8085-MSNLK,High-Value,113.95,Two year,62,No,0.004799397031539888
5181-OABFK,Low-Value,61.3,Two year,56,No,0.004780499488591549
1206-EHBDD,High-Value,80.3,Two year,56,No,0.004727469986442842
8883-ANODQ,High-Value,84.4,Two year,68,No,0.004727469986442842
0014-BMAQU,High-Value,84.65,Two year,63,No,0.004727469986442842
4293-ETKAP,High-Value,79.4,Two year,65,No,0.004724374238214998
6754-LZUKA,High-Value,80.9,Two year,61,No,0.004724374238214998
6248-TKCQV,High-Value,80.6,Two year,70,No,0.004724374238214998
4737-HOBAX,High-Value,79.8,Two year,63,No,0.004724374238214998
5321-NTRKC,High-Value,79.85,Two year,66,No,0.004724374238214998
6013-BHCAW,High-Value,81.0,Two year,61,No,0.004724374238214998
9838-BFCQT,Low-Value,26.1,Two year,72,No,0.004635733784815319
8722-PRFDV,High-Value,77.55,Two year,71,No,0.004622713808493184
6518-PPLMZ,Low-Value,19.4,Two year,53,No,0.004588122146559115
9076-AXYIK,High-Value,102.1,Two year,64,No,0.004579793323210022
7868-TMWMZ,High-Value,110.0,Two year,60,No,0.0045698751330416855
3230-IUALN,High-Value,81.0,Two year,45,No,0.00456670984408492
4526-RMTLL,High-Value,76.15,Two year,8,No,0.004529209603436653
9845-PEEKO,High-Value,79.2,Two year,59,No,0.0045015357688667195
9281-CEDRU,Low-Value,64.1,Two year,68,No,0.0043967900149426125
3239-TPHPZ,Low-Value,20.05,Two year,12,No,0.004370774349410206
3508-CFVZL,High-Value,111.3,Two year,71,No,0.004302567120483762
4622-YNKIJ,High-Value,88.95,Two year,33,No,0.004247197352556374
5995-WWKKG,Low-Value,19.8,One year,37,No,0.004213533909874477
4709-LKHYG,Low-Value,20.0,One year,29,No,0.004213533909874477
2878-DHMIN,Low-Value,19.9,One year,35,No,0.004213533909874477
2845-KDHVX,Low-Value,68.3,Two year,64,No,0.0042085280981862825
9993-LHIEB,Low-Value,67.85,Two year,67,No,0.0042085280981862825
9091-WTUUY,Low-Value,69.25,Two year,64,No,0.0042085280981862825
5847-MXBEO,Low-Value,20.3,One year,22,No,0.0041481531484612085
8590-OHDIW,Low-Value,20.3,One year,38,No,0.004143950983996374
4119-ZYPZY,High-Value,106.8,Two year,71,No,0.004129090917355876
4742-TXUEX,Low-Value,19.3,Two year,47,No,0.004126434861726998
2068-WWXQZ,Low-Value,20.05,Two year,46,No,0.004126434861726998
7665-NKLAV,Low-Value,40.65,Two year,36,No,0.004118220568217566
9297-FVVDH,High-Value,84.5,Two year,57,No,0.004090325130941793
5093-FEGLU,Low-Value,19.65,Two year,47,No,0.004081184200414083
5678-VFNEQ,High-Value,104.1,One year,71,No,0.004008215049505386
5376-PCKNB,High-Value,104.45,One year,72,No,0.004008215049505386
4334-HOWRP,Low-Value,64.95,Two year,72,No,0.004003549657305277
9871-ELEYA,Low-Value,67.65,Two year,34,No,0.003994267265437203
7647-GYYKX,Low-Value,20.35,Two year,54,No,0.003978940338392108
3563-SVYLG,Low-Value,62.65,Two year,68,No,0.003876882721424748
8619-IJNDK,Low-Value,64.05,Two year,71,No,0.003876882721424748
8590-YFFQO,Low-Value,64.95,Two year,70,No,0.003876882721424748
3339-EAQNV,High-Value,97.25,One year,72,No,0.0038765129342233067
2245-ADZFJ,High-Value,80.55,Two year,31,No,0.003861449488028994
2664-XJZNO,High-Value,104.9,Two year,72,No,0.0038550030724688244
0853-TWRVK,High-Value,105.6,Two year,72,No,0.0038550030724688244
3174-AKMAS,Low-Value,64.2,Two year,46,No,0.0038514600369455375
7054-DMVAS,Low-Value,65.3,Two year,54,No,0.0038514600369455375
4568-KNYWR,Low-Value,63.25,Two year,52,No,0.0038514600369455375
0626-QXNGV,Low-Value,24.15,Two year,72,No,0.0038314252524666633
7711-GQBZC,Low-Value,24.7,Two year,71,No,0.0038314252524666633
6734-JDTTV,Low-Value,19.85,Two year,65,No,0.003829477092026077
7427-AUFPY,Low-Value,19.65,Two year,54,No,0.003829477092026077
1098-KFQEC,Low-Value,19.4,Two year,55,No,0.003829477092026077
2718-YSKCS,Low-Value,19.6,Two year,71,No,0.003829477092026077
2077-DDHJK,High-Value,70.9,Two year,68,No,0.0038172421810468743
0885-HMGPY,Low-Value,69.4,Two year,62,No,0.0038172421810468743
6897-RWMUB,Low-Value,68.05,Two year,61,No,0.0038172421810468743
3200-MNQTF,High-Value,70.9,Two year,67,No,0.0038172421810468743
1221-GHZEP,Low-Value,65.1,Two year,62,No,0.003812776086378844
3796-ENZGF,Low-Value,67.25,Two year,63,No,0.003812776086378844
7463-IFMQU,Low-Value,20.05,Two year,72,No,0.0038119720459717375
2569-WGERO,Low-Value,21.15,Two year,72,No,0.0038119720459717375
2007-QVGAW,Low-Value,19.35,Two year,68,No,0.0038119720459717375
6169-PPETC,Low-Value,20.5,Two year,35,No,0.003781139739182254
3454-JFUBC,Low-Value,20.0,Two year,68,No,0.0037488755426843246
8626-XHBIE,Low-Value,24.8,Two year,56,No,0.0036995105627369213
1779-PWPMG,High-Value,114.65,Two year,72,No,0.003673647273478534
8606-CIQUL,High-Value,115.75,Two year,72,No,0.003673647273478534
6904-JLBGY,High-Value,117.35,Two year,72,No,0.003673647273478534
5451-YHYPW,High-Value,115.75,Two year,72,No,0.003673647273478534
1131-QQZEB,Low-Value,23.95,Two year,71,No,0.0036565385584335654
5605-XNWEN,Low-Value,25.0,Two year,72,No,0.0036565385584335654
5334-AFQJB,Low-Value,25.1,Two year,72,No,0.0036565385584335654
1635-NZATJ,Low-Value,25.45,Two year,71,No,0.0036565385584335654
8735-SDUFN,Low-Value,24.3,Two year,72,No,0.0036565385584335654
0795-XCCTE,Low-Value,25.4,Two year,72,No,0.0036565385584335654
2384-OVPSA,Low-Value,20.2,Two year,38,No,0.003624546134150364
9348-ROUAI,High-Value,90.3,Two year,59,No,0.003613112181812328
7501-IWUNG,High-Value,73.8,Two year,61,No,0.003580026517279317
7073-QETQY,Low-Value,20.35,One year,66,No,0.0035605987850455645
0052-YNYOT,Low-Value,20.55,One year,67,No,0.0035605987850455645
3719-TDVQB,Low-Value,18.95,Two year,54,No,0.0035338493407777644
0440-EKDCF,Low-Value,60.15,Two year,62,No,0.0035086828710890914
5176-OLSKT,Low-Value,66.9,Two year,66,No,0.0035086828710890914
0531-XBKMM,Low-Value,65.7,Two year,66,No,0.0035086828710890914
7139-JZFVG,Low-Value,60.5,Two year,60,No,0.0035086828710890914
9372-TXXPS,Low-Value,59.85,Two year,60,No,0.0035086828710890914
7173-TETGO,High-Value,78.5,Two year,72,No,0.003482728665235926
2904-GGUAZ,High-Value,84.05,Two year,72,No,0.003482728665235926
1813-JYWTO,High-Value,80.45,Two year,72,No,0.003482728665235926
7564-GHCVB,High-Value,79.05,Two year,72,No,0.003482728665235926
1069-QJOEE,Low-Value,19.9,One year,25,No,0.003474224036055461
7109-CQYUZ,High-Value,89.25,Two year,52,No,0.003448937287440128
9194-GFVOI,High-Value,84.35,Two year,42,No,0.003448937287440128
8999-YPYBV,High-Value,84.35,Two year,45,No,0.003448937287440128
5129-HHMZC,High-Value,86.45,Two year,43,No,0.003448937287440128
0945-TSONX,High-Value,85.3,Two year,47,No,0.003448937287440128
5318-YKDPV,High-Value,79.15,Two year,43,No,0.003448937287440128
6516-NKQBO,High-Value,81.0,Two year,38,No,0.003448937287440128
8200-LGKSR,High-Value,83.2,Two year,71,No,0.0034464783193245115
9530-GRMJG,High-Value,84.1,Two year,70,No,0.0034464783193245115
6439-PKTRR,High-Value,80.7,Two year,70,No,0.0034464783193245115
5702-KVQRD,High-Value,82.55,Two year,71,No,0.0034464783193245115
9225-BZLNZ,High-Value,85.25,Two year,72,No,0.0034464783193245115
5010-IPEAQ,Low-Value,54.2,Two year,67,No,0.0034400810629946267
7114-AEOZE,Low-Value,19.85,Two year,60,No,0.003395319288933791
1302-TPUBN,Low-Value,19.35,Two year,66,No,0.003395319288933791
4817-KEQSP,Low-Value,19.85,Two year,71,No,0.003395319288933791
8285-ABVLB,Low-Value,19.85,Two year,70,No,0.003395319288933791
1089-XZWHH,Low-Value,19.7,Two year,24,No,0.003392155321309564
2335-GSODA,Low-Value,40.1,Two year,23,No,0.003389061715119826
7503-MIOGA,High-Value,89.85,Two year,72,No,0.0033698190339307194
0174-QRVVY,Low-Value,25.35,Two year,71,No,0.003362798342344185
5884-FBCTL,Low-Value,25.1,Two year,72,No,0.003362798342344185
3768-VHXQO,Low-Value,24.85,Two year,67,No,0.003362798342344185
4086-WITJG,Low-Value,19.7,Two year,71,No,0.0032967127407347485
5453-YBTWV,High-Value,101.1,Two year,70,No,0.003272445509838095
9028-LIHRP,High-Value,100.2,Two year,71,No,0.003272445509838095
9018-PCIOK,Low-Value,64.75,Two year,55,No,0.0032674461083817695
2607-DHDAK,Low-Value,19.8,Two year,72,No,0.003267007645713941
9565-AXSMR,Low-Value,19.2,Two year,52,No,0.0032488739194565124
0731-EBJQB,Low-Value,20.4,One year,52,No,0.003248713381644137
8092-NLTGF,Low-Value,24.75,Two year,72,No,0.003234486699124335
2097-YVPKN,Low-Value,25.75,Two year,65,No,0.0032310717989293527
8129-GMVGI,Low-Value,20.05,Two year,56,No,0.003166925560565194
5793-YOLJN,Low-Value,21.0,Two year,55,No,0.00313827255887736
4750-UKWJK,Low-Value,19.6,One year,37,No,0.0031214346635284325
0674-GCDXG,High-Value,71.9,Two year,63,No,0.003090755541541491
5846-NEQVZ,High-Value,70.85,Two year,71,No,0.003090755541541491
2753-JMMCV,High-Value,74.2,Two year,65,No,0.003090755541541491
5676-CFLYY,High-Value,73.35,Two year,71,No,0.003090755541541491
3470-OBUET,High-Value,74.0,Two year,67,No,0.003090755541541491
7197-VOJMM,Low-Value,69.2,Two year,67,No,0.003090755541541491
0771-CHWSK,High-Value,74.6,Two year,66,No,0.003090755541541491
0973-KYVNF,High-Value,70.65,Two year,72,No,0.003090755541541491
8039-ACLPL,Low-Value,68.75,Two year,72,No,0.003090755541541491
7010-BRBUU,Low-Value,24.1,Two year,72,No,0.003042062873751925
8859-DZTGQ,Low-Value,20.35,Two year,33,No,0.0030312075306679954
5208-FVQKB,Low-Value,67.95,Two year,70,No,0.003027160539412842
5176-LMJXE,Low-Value,20.55,Two year,47,No,0.0030155733574396106
7632-YUTXB,Low-Value,20.05,One year,25,No,0.0030107959894782642
1764-VUUMT,Low-Value,19.95,Two year,66,No,0.0030051249439084853
7649-SIJJF,High-Value,80.1,Two year,71,No,0.0030050900471039403
5915-ANOEI,High-Value,79.15,Two year,70,No,0.0030050900471039403
0895-UADGO,Low-Value,44.55,Two year,8,No,0.002999008149475493
1116-DXXDF,High-Value,100.45,Two year,39,No,0.002988292742925893
6867-ACCZI,Low-Value,52.5,Two year,24,No,0.00294622333401027
0397-ZXWQF,Low-Value,20.5,Two year,67,No,0.0029215398837290868
0320-DWVTU,High-Value,99.5,Two year,53,No,0.0029062795230354104
9224-VTYID,High-Value,90.5,Two year,47,No,0.0029062795230354104
6339-RZCBJ,High-Value,78.9,Two year,48,No,0.0029062795230354104
2404-JIBFC,High-Value,85.1,Two year,55,No,0.0029062795230354104
6418-HNFED,High-Value,83.25,Two year,51,No,0.0029062795230354104
7164-BPTUT,High-Value,89.55,Two year,57,No,0.0029062795230354104
7609-YBPXG,High-Value,87.1,Two year,54,No,0.0029062795230354104
3720-DBRWL,High-Value,83.85,Two year,51,No,0.0029062795230354104
6427-FEFIG,High-Value,78.6,Two year,24,No,0.002895164300723918
3082-YVEKW,High-Value,77.15,Two year,23,No,0.002895164300723918
1299-AURJA,Low-Value,24.7,Two year,70,No,0.0028741975633541196
5310-NOOVA,Low-Value,19.95,Two year,46,No,0.0028492120151424345
3891-NLXJB,Low-Value,40.55,Two year,37,No,0.0028464039507151077
6585-WCEWR,Low-Value,20.35,Two year,72,No,0.0028183599724957388
0016-QLJIS,High-Value,90.45,Two year,65,No,0.00278383040235134
2990-IAJSV,High-Value,92.0,Two year,72,No,0.00278383040235134
9297-EONCV,High-Value,91.35,Two year,72,No,0.00278383040235134
7005-CYUIL,High-Value,99.4,Two year,71,No,0.0027740819421732156
7601-GNDYK,Low-Value,19.6,Two year,35,No,0.0027662953710667986
9027-TMATR,High-Value,78.8,Two year,43,No,0.0027348255032735784
2516-XSJKX,High-Value,78.45,Two year,41,No,0.0027348255032735784
5614-DNZCE,Low-Value,64.9,Two year,58,No,0.0026358746222734336
6048-NJXHX,Low-Value,19.75,Two year,41,No,0.0026322941624466927
9798-OPFEM,Low-Value,21.1,Two year,46,No,0.0026322941624466927
0602-DDUML,Low-Value,69.75,Two year,57,No,0.002545425563544416
0270-THENM,Low-Value,69.85,Two year,72,No,0.002545425563544416
3913-FCUUW,High-Value,70.45,Two year,72,No,0.002545425563544416
4188-PCPIG,High-Value,70.35,Two year,57,No,0.002545425563544416
5707-ZMDJP,Low-Value,69.7,Two year,53,No,0.002545425563544416
0556-FJEGU,Low-Value,70.1,Two year,58,No,0.002545425563544416
6253-GNHWH,High-Value,71.1,Two year,71,No,0.002545425563544416
5296-BFCYD,Low-Value,20.1,Two year,46,No,0.002526972578449545
8628-MFKAX,High-Value,116.75,Two year,72,No,0.0024682771296145926
0907-HQNTS,High-Value,113.0,Two year,70,No,0.0024682771296145926
2987-BJXIK,High-Value,84.7,Two year,70,No,0.0024597600691068653
6614-YWYSC,Low-Value,25.0,Two year,61,No,0.0024465452032786266
7191-ADRGF,Low-Value,54.3,Two year,44,No,0.0024035655696055523
5656-MJEFC,Low-Value,48.15,Two year,42,No,0.0024035655696055523
7605-BDWDC,Low-Value,49.85,Two year,31,No,0.0024035655696055523
5583-EJXRD,Low-Value,54.05,Two year,44,No,0.0024035655696055523
2773-MADBQ,Low-Value,53.1,Two year,36,No,0.0024035655696055523
5356-KZCKT,Low-Value,24.45,Two year,58,No,0.002364667140022334
0572-ZJKLT,High-Value,99.65,Two year,46,No,0.0023629347231820352
8144-DGHXP,High-Value,80.6,Two year,54,No,0.0023287057626797192
3259-QMXUN,High-Value,86.1,Two year,58,No,0.0023287057626797192
5641-DMBFJ,High-Value,84.3,Two year,58,No,0.0023287057626797192
6901-GOGZG,High-Value,84.95,Two year,60,No,0.0023287057626797192
6691-CCIHA,High-Value,84.95,Two year,62,No,0.0023287057626797192
6625-FLENO,Low-Value,20.75,Two year,58,No,0.002317340971846105
9432-RUVSL,High-Value,102.5,Two year,48,No,0.0023003769261778616
2194-IIQOF,High-Value,89.3,Two year,71,No,0.0022559413774985906
5736-YEJAX,High-Value,79.45,Two year,69,No,0.0022559413774985906
6997-UVGOX,High-Value,85.45,Two year,71,No,0.0022559413774985906
6631-HMANX,High-Value,85.45,Two year,72,No,0.0022559413774985906
3873-WOSBC,Low-Value,25.6,Two year,67,No,0.002140608428391028
1167-OYZJF,Low-Value,20.05,Two year,67,No,0.0020134594561736483
4079-VTGLK,High-Value,74.85,Two year,30,No,0.0020107850757870188
4163-HFTUK,Low-Value,19.1,One year,51,No,0.001970668197258
5148-ORICT,High-Value,74.35,Two year,64,No,0.0019365005834186932
1139-WUOAH,Low-Value,53.35,Two year,57,No,0.0019346505166761186
6522-OIQSX,Low-Value,54.95,Two year,69,No,0.0019346505166761186
3745-HRPHI,Low-Value,54.65,Two year,66,No,0.0019346505166761186
6164-HAQTX,Low-Value,53.95,Two year,71,No,0.0019346505166761186
2589-AYCRP,Low-Value,19.75,One year,50,No,0.0019335040996140732
6419-ZTTLE,Low-Value,20.75,One year,23,No,0.0019230819771628746
2400-XIWIO,High-Value,90.1,Two year,71,No,0.0019177658648118446
5248-KWLAR,High-Value,90.35,Two year,71,No,0.0019177658648118446
7169-YWAMK,Low-Value,68.4,Two year,72,No,0.0019093879827680503
2296-DKZFP,High-Value,71.0,Two year,65,No,0.0019093879827680503
4178-EGMON,High-Value,88.0,Two year,70,No,0.0018378358850013358
1414-YADCW,High-Value,84.6,Two year,70,No,0.0018378358850013358
0847-HGRML,Low-Value,20.0,Two year,62,No,0.0018212723731386349
6980-IMXXE,Low-Value,20.2,Two year,69,No,0.0018212723731386349
9135-HSWOC,Low-Value,19.7,Two year,64,No,0.0018212723731386349
2545-LXYVJ,Low-Value,20.7,Two year,72,No,0.0018212723731386349
2346-LOCWC,Low-Value,20.5,Two year,58,No,0.0018212723731386349
4381-MHQDC,Low-Value,65.0,Two year,47,No,0.0018068963858805314
8990-YOZLV,Low-Value,66.9,Two year,69,No,0.0018068963858805314
4102-HLENU,Low-Value,65.65,Two year,67,No,0.0018068963858805314
4012-YCFAI,Low-Value,61.35,Two year,60,No,0.0018068963858805314
0902-XKXPN,Low-Value,20.2,Two year,69,No,0.0018037673270842956
2167-FQSTQ,High-Value,92.4,Two year,72,No,0.0017812278410009857
0795-LAFGP,High-Value,90.4,Two year,71,No,0.0017812278410009857
1642-HMARX,High-Value,91.7,Two year,68,No,0.0017812278410009857
2256-YLYLP,High-Value,72.95,Two year,68,No,0.0017728499589571916
6434-TTGJP,Low-Value,53.7,Two year,10,No,0.0017557478578094515
7021-XSNYE,Low-Value,49.65,Two year,7,No,0.0017557478578094515
4472-LVYGI,Low-Value,52.55,Two year,0,No,0.0017557478578094515
4994-OBRSZ,High-Value,76.1,Two year,14,No,0.0017557478578094515
0716-BQNDX,High-Value,93.75,Two year,57,No,0.0017456382971897534
2277-BKJKN,High-Value,99.2,Two year,71,No,0.0017456382971897534
9880-TDQAC,Low-Value,60.0,Two year,72,No,0.001737229081397728
7328-ZJAJO,Low-Value,19.5,Two year,59,No,0.0016929607299187852
8946-BFWSG,Low-Value,25.25,Two year,63,No,0.0016643670647363074
3410-YOQBQ,High-Value,79.2,Two year,31,No,0.00166043032104951
5803-NQJZO,Low-Value,67.8,Two year,72,No,0.0014583009644416373
8015-IHCGW,High-Value,115.5,Two year,72,No,0.0014530376322748318
2323-ARSVR,High-Value,111.05,Two year,67,No,0.0014530376322748318
2380-DAMQP,High-Value,115.15,Two year,72,No,0.0014530376322748318
8263-QMNTJ,High-Value,115.55,Two year,72,No,0.0014530376322748318
9127-FHJBZ,High-Value,114.0,Two year,72,No,0.0014530376322748318
0164-APGRB,High-Value,114.9,Two year,72,No,0.0014530376322748318
8879-XUAHX,High-Value,116.25,Two year,71,No,0.0014530376322748318
5135-GRQJV,High-Value,114.5,Two year,72,No,0.0013744234616220956
2253-KPMNB,Low-Value,46.25,Two year,69,No,0.0013660595771731205
0562-KBDVM,Low-Value,44.6,Two year,70,No,0.0013660595771731205
9286-BHDQG,Low-Value,45.25,Two year,72,No,0.0013660595771731205
7274-CGTOD,Low-Value,43.7,Two year,62,No,0.0013660595771731205
1676-MQAOA,High-Value,75.1,Two year,72,No,0.0013640580047709766
6384-VMJHP,High-Value,73.0,Two year,72,No,0.0013640580047709766
6087-YPWHO,Low-Value,68.15,Two year,72,No,0.0013640580047709755
5696-JVVQY,Low-Value,70.1,Two year,48,No,0.0013640580047709755
9786-YWNHU,Low-Value,63.55,Two year,63,No,0.0013640580047709755
7113-HIPFI,Low-Value,65.85,Two year,66,No,0.0013640580047709755
1265-ZFOSD,High-Value,81.3,Two year,64,No,0.0013419875124620734
0436-TWFFZ,High-Value,85.25,Two year,67,No,0.0013419875124620734
7233-PAHHL,High-Value,84.0,Two year,66,No,0.0013419875124620734
5766-FTRTS,High-Value,84.45,Two year,72,No,0.001341987512462073
1927-QEWMY,Low-Value,20.5,Two year,72,No,0.0013326715941485694
9715-SBVSU,Low-Value,61.4,Two year,14,No,0.0013282733113707198
6371-NZYEG,Low-Value,64.25,Two year,16,No,0.0013282733113707198
0739-UUAJR,Low-Value,53.8,Two year,72,No,0.0012718166175024587
1814-WFGVS,Low-Value,48.9,Two year,72,No,0.0012718166175024587
0848-SOMKO,Low-Value,48.4,Two year,70,No,0.0012718166175024587
3704-IEAXF,Low-Value,53.65,Two year,72,No,0.0012718166175024587
4312-GVYNH,Low-Value,49.85,Two year,70,No,0.0012718166175024587
3813-DHBBB,Low-Value,50.95,Two year,67,No,0.0012718166175024587
4859-ZSRDZ,Low-Value,55.5,Two year,58,No,0.0012718166175024587
0017-DINOC,Low-Value,45.2,Two year,54,No,0.0012432602916660413
4676-WLUHT,Low-Value,46.2,Two year,54,No,0.0012432602916660413
2235-EZAIK,High-Value,79.2,Two year,72,No,0.0012275199809601177
6288-CHQJB,Low-Value,69.95,Two year,54,No,0.0012275199809601168
1498-NHTLT,High-Value,86.75,Two year,59,No,0.0012109332060349272
2863-IMQDR,High-Value,89.65,Two year,61,No,0.0012109332060349272
9548-LIGTA,High-Value,81.05,Two year,61,No,0.0012054494886512147
9453-PATOS,High-Value,85.1,Two year,72,No,0.0012054494886512143
2900-PHPLN,Low-Value,19.55,Two year,70,No,0.0011976234157211713
4475-NVTLU,Low-Value,19.2,Two year,45,No,0.001192248723928152
0608-JDVEC,Low-Value,19.8,Two year,50,No,0.001192248723928152
4115-BNPJY,High-Value,75.55,Two year,29,No,0.001087987742401792
2088-IEBAU,High-Value,88.15,Two year,68,No,0.0010743951822240684
9995-HOTOH,Low-Value,59.0,Two year,63,No,0.0010743951822240684
8565-WUXZU,High-Value,84.8,Two year,72,No,0.0010539621193114985
8148-NLEGT,Low-Value,22.95,Two year,42,No,0.001047156282102319
5296-PSYVW,Low-Value,24.55,Two year,72,No,0.001047156282102319
6974-DAFLI,Low-Value,19.7,One year,55,No,0.001043656639253525
8174-TBVCF,High-Value,94.8,Two year,70,No,0.000963562908541494
1951-IEYXM,High-Value,90.6,Two year,72,No,0.0009310476145941984
5117-ZSMHQ,High-Value,89.9,Two year,71,No,0.0009310476145941984
1971-DTCZB,High-Value,90.95,Two year,72,No,0.0009310476145941984
3508-VLHCZ,High-Value,90.55,Two year,71,No,0.0009310476145941984
5727-MYATE,High-Value,90.8,Two year,72,No,0.0009310476145941984
0839-JTCUD,High-Value,89.9,Two year,66,No,0.0009310476145941984
0730-BGQGF,High-Value,90.3,Two year,71,No,0.0009310476145941984
3084-DOWLE,High-Value,92.0,Two year,72,No,0.0009310476145941984
5377-NDTOU,High-Value,91.05,Two year,71,No,0.0009310476145941984
7398-HPYZQ,High-Value,90.55,Two year,71,No,0.0009310476145941984
6122-LJADA,High-Value,90.15,Two year,70,No,0.0009310476145941984
3795-GWTRD,High-Value,75.55,Two year,63,No,0.0008187280267739014
7860-UXCRM,High-Value,74.5,Two year,63,No,0.0008187280267739014
6169-PGNCD,High-Value,74.3,Two year,57,No,0.0008187280267739014
4671-VJLCL,High-Value,79.85,Two year,63,No,0.0008187280267739014
0244-LGNFY,High-Value,92.65,Two year,72,No,0.0007945095907833397
1897-OKVMW,High-Value,90.6,Two year,64,No,0.0007945095907833397
6258-PVZWJ,High-Value,90.8,Two year,68,No,0.0007945095907833397
7975-JMZNT,High-Value,91.7,Two year,66,No,0.0007945095907833397
9778-OGKQZ,High-Value,92.0,Two year,72,No,0.0007945095907833397
4718-WXBGI,High-Value,91.95,Two year,72,No,0.0007945095907833397
3779-OSWCF,High-Value,93.2,Two year,71,No,0.0007945095907833397
2977-CEBSX,High-Value,90.05,Two year,66,No,0.0007945095907833397
4674-HGNUA,High-Value,89.9,Two year,71,No,0.0007945095907833397
7579-KKLOE,High-Value,91.25,Two year,71,No,0.0007945095907833397
8413-YNHNV,High-Value,90.65,Two year,69,No,0.0007945095907833397
5248-YGIJN,High-Value,90.25,Two year,72,No,0.0007945095907833397
8197-BFWVU,High-Value,93.25,Two year,72,No,0.0007945095907833397
3569-JFODW,High-Value,90.95,Two year,72,No,0.0007945095907833397
1568-LJSZU,High-Value,92.2,Two year,68,No,0.0007945095907833397
3227-WLKLI,High-Value,91.55,Two year,65,No,0.0007945095907833397
1227-UDMZR,High-Value,91.15,Two year,72,No,0.0007945095907833397
3967-KXAPS,High-Value,92.3,Two year,72,No,0.0007945095907833397
7898-PDWQE,High-Value,80.4,Two year,71,No,0.0007695449338143563
7560-QJAVJ,High-Value,79.6,Two year,70,No,0.0007695449338143563
9477-LGWQI,High-Value,80.15,Two year,70,No,0.0007695449338143563
9385-NXKDA,High-Value,82.65,Two year,72,No,0.0007695449338143563
7998-WNZEM,High-Value,80.6,Two year,71,No,0.0007695449338143563
3486-HOOGQ,High-Value,79.7,Two year,70,No,0.0007695449338143563
2234-EOFPT,High-Value,79.35,Two year,72,No,0.0007695449338143563
9114-DPSIA,High-Value,81.0,Two year,72,No,0.0007695449338143563
1027-LKKQQ,High-Value,80.45,Two year,72,No,0.0007695449338143563
8766-PAFNE,High-Value,79.1,Two year,71,No,0.0007695449338143563
2882-WDTBA,High-Value,75.75,Two year,69,No,0.0007695449338143563
9065-ZCPQX,High-Value,78.85,Two year,72,No,0.0007695449338143563
3429-IFLEM,High-Value,77.35,Two year,71,No,0.0007695449338143563
3071-MVJCD,High-Value,82.3,Two year,72,No,0.0007695449338143563
0988-AADSA,High-Value,80.85,Two year,72,No,0.0007695449338143563
9488-FVZCC,High-Value,79.5,Two year,72,No,0.0007695449338143563
4291-TPNFG,High-Value,82.3,Two year,72,No,0.0007695449338143563
7639-OPLNG,High-Value,79.25,Two year,70,No,0.0007695449338143563
4900-MSOMT,High-Value,80.2,Two year,72,No,0.0007695449338143563
6007-TCTST,High-Value,115.8,Two year,72,No,0.0007462049734979146
3911-RSNHI,Low-Value,61.4,Two year,71,No,0.0006628338991736598
4139-DETXS,Low-Value,64.45,Two year,72,No,0.0006628338991736598
1837-YQUCE,Low-Value,58.35,Two year,70,No,0.0006628338991736598
6614-YOLAC,Low-Value,58.65,Two year,71,No,0.0006628338991736598
8039-EQPIM,Low-Value,60.25,Two year,69,No,0.0006628338991736598
8165-CBKXO,Low-Value,56.75,Two year,66,No,0.0006628338991736598
4079-WWQQQ,Low-Value,65.55,Two year,72,No,0.0006628338991736598
8316-BBQAY,Low-Value,59.95,Two year,65,No,0.0006628338991736598
8819-WFGGJ,Low-Value,54.1,Two year,68,No,0.0006628338991736598
5275-PMFUT,Low-Value,64.8,Two year,72,No,0.0006628338991736598
8908-NMQTX,Low-Value,65.6,Two year,72,No,0.0006628338991736598
1459-QNFQT,Low-Value,59.5,Two year,70,No,0.0006628338991736598
5360-XGYAZ,Low-Value,65.65,Two year,72,No,0.0006628338991736598
6115-ZTBFQ,Low-Value,65.5,Two year,72,No,0.0006628338991736598
9443-JUBUO,Low-Value,65.25,Two year,72,No,0.0006628338991736598
8626-PTQGE,Low-Value,60.05,Two year,69,No,0.0006628338991736598
0214-JHPFW,Low-Value,57.8,Two year,70,No,0.0006628338991736598
2535-PBCGC,Low-Value,64.55,Two year,70,No,0.0006628338991736598
0301-FIDRB,Low-Value,63.8,Two year,72,No,0.0006628338991736598
6348-SNFUS,Low-Value,55.45,Two year,72,No,0.0006628338991736598
0774-RMNUW,Low-Value,59.7,Two year,71,No,0.0006628338991736598
0230-WEQUW,Low-Value,56.6,Two year,66,No,0.0006628338991736598
7781-HVGMK,Low-Value,65.2,Two year,72,No,0.0006628338991736598
1209-VFFOC,Low-Value,56.4,Two year,68,No,0.0006628338991736598
6283-GITPX,High-Value,76.9,Two year,71,No,0.0006330069100034976
5816-JMLGY,High-Value,80.4,Two year,70,No,0.0006330069100034976
2251-PYLPB,High-Value,79.55,Two year,72,No,0.0006330069100034976
1431-AIDJQ,High-Value,82.1,Two year,33,No,0.0005426577644047179
8208-EUMTE,Low-Value,54.85,Two year,16,No,0.0005426577644047179
4922-CVPDX,High-Value,73.5,Two year,26,No,0.0005426577644047179
9867-XOBQA,Low-Value,53.15,Two year,21,No,0.0005426577644047179
7037-MTYVW,High-Value,85.4,Two year,38,No,0.0005426577644047179
5840-NVDCG,Low-Value,68.25,Two year,16,No,0.0005426577644047179
4664-NJCMS,Low-Value,59.55,Two year,33,No,0.0005426577644047179
2999-AANRQ,High-Value,71.05,Two year,21,No,0.0005426577644047179
0942-KOWSM,High-Value,80.8,Two year,30,No,0.0005426577644047179
2498-XLDZR,High-Value,73.6,Two year,32,No,0.0005426577644047179
9928-BZVLZ,Low-Value,49.85,Two year,12,No,0.0005426577644047179
0526-SXDJP,Low-Value,42.1,Two year,72,No,0.0005370813407802174
0343-QLUZP,Low-Value,39.6,Two year,60,No,0.0005370813407802174
9674-EHPPG,Low-Value,40.4,Two year,46,No,0.0005370813407802174
3511-BFTJW,Low-Value,38.5,Two year,72,No,0.0005370813407802174
2162-FRZAA,Low-Value,39.35,Two year,63,No,0.0005370813407802174
8046-DNVTL,Low-Value,38.6,Two year,62,No,0.0005370813407802174
3933-DQPWX,Low-Value,39.7,Two year,50,No,0.0005370813407802174
8242-PDSGJ,Low-Value,39.15,Two year,70,No,0.0005370813407802174
7643-RCHXS,Low-Value,19.35,Two year,63,No,0.0004960802575507843
6855-VLGOS,Low-Value,20.55,Two year,72,No,0.0004960802575507843
5663-QBGIS,High-Value,98.35,Two year,72,No,0.00048449776342228385
0277-ORXQS,Low-Value,50.55,Two year,66,No,0.00044283838110955584
5126-RCXYW,Low-Value,46.0,Two year,54,No,0.00044283838110955584
6119-SPUDB,Low-Value,38.25,Two year,46,No,0.00044283838110955584
6723-CEGQI,Low-Value,45.25,Two year,65,No,0.00044283838110955584
3249-VHRIP,Low-Value,43.6,Two year,62,No,0.00044283838110955584
7963-SHNDT,Low-Value,39.1,Two year,52,No,0.00044283838110955584
5472-CVMDX,Low-Value,38.9,Two year,68,No,0.00044283838110955584
0567-XRHCU,Low-Value,43.95,Two year,69,No,0.00044283838110955584
4837-PZTIC,Low-Value,41.9,Two year,47,No,0.00044283838110955584
8882-TLVRW,Low-Value,39.1,Two year,69,No,0.00044283838110955584
7873-CVMAW,High-Value,88.55,Two year,72,No,0.00022421495581728123
5494-WOZRZ,High-Value,82.0,Two year,71,No,0.00022421495581728123
6885-PKOAM,High-Value,85.75,Two year,71,No,0.00022421495581728123
5197-LQXXH,High-Value,83.3,Two year,71,No,0.00022421495581728123
7101-HRBLJ,High-Value,83.7,Two year,72,No,0.00022421495581728123
0238-WHBIQ,High-Value,89.7,Two year,72,No,0.00022421495581728123
9135-MGVPY,High-Value,84.7,Two year,69,No,0.00022421495581728123
6695-AMZUF,High-Value,86.45,Two year,70,No,0.00022421495581728123
3938-YFPXD,High-Value,84.3,Two year,72,No,0.00022421495581728123
0383-CLDDA,High-Value,85.35,Two year,69,No,0.00022421495581728123
2378-YIZKA,High-Value,85.0,Two year,68,No,0.00022421495581728123
6365-HITVU,High-Value,87.25,Two year,71,No,0.00022421495581728123
5485-ITNPC,High-Value,85.9,Two year,66,No,0.00022421495581728123
8125-QPFJD,High-Value,84.9,Two year,72,No,0.00022421495581728123
8100-PNJMH,High-Value,88.85,Two year,68,No,0.00022421495581728123
5930-GBIWP,High-Value,81.5,Two year,69,No,0.00022421495581728123
1187-WILMM,High-Value,89.4,Two year,63,No,0.00022421495581728123
8661-BOYNW,High-Value,84.4,Two year,72,No,0.00022421495581728123
4006-HKYHO,High-Value,86.7,Two year,63,No,0.00022421495581728123
2040-LDIWQ,High-Value,84.2,Two year,65,No,0.00022421495581728123
2990-OGYTD,High-Value,86.15,Two year,67,No,0.00022421495581728123
6408-WHTEF,High-Value,89.4,Two year,72,No,0.00022421495581728123
0078-XZMHT,High-Value,85.15,Two year,72,No,0.00022421495581728123
9339-FIIJL,High-Value,85.95,Two year,72,No,0.00022421495581728123
0909-SELIE,High-Value,80.8,Two year,61,No,0.00022421495581728123
5394-MEITZ,High-Value,80.6,Two year,60,No,0.00022421495581728123
5457-COLHT,High-Value,80.65,Two year,69,No,0.00022421495581728123
0744-BIKKF,High-Value,86.65,Two year,72,No,0.00022421495581728123
6916-HIJSE,High-Value,84.85,Two year,65,No,0.00022421495581728123
8374-UULRV,High-Value,86.05,Two year,72,No,0.00022421495581728123
4827-DPADN,High-Value,83.3,Two year,72,No,0.00022421495581728123
8414-OOEEL,High-Value,79.5,Two year,66,No,0.00022421495581728123
5980-BDHPY,High-Value,87.1,Two year,72,No,0.00022421495581728123
3654-ARMGP,High-Value,88.65,Two year,61,No,0.00022421495581728123
5003-XZWWO,High-Value,84.2,Two year,71,No,0.00022421495581728123
9110-HSGTV,High-Value,82.45,Two year,69,No,0.00022421495581728123
6461-SZMCV,High-Value,87.95,Two year,71,No,0.00022421495581728123
8645-KOMJQ,High-Value,81.95,Two year,69,No,0.00022421495581728123
6701-YVNQG,High-Value,88.7,Two year,72,No,0.00022421495581728123
5680-LQOGP,High-Value,82.45,Two year,68,No,0.00022421495581728123
8060-HIWJJ,High-Value,86.55,Two year,64,No,0.00022421495581728123
6479-VDGRK,High-Value,85.3,Two year,72,No,0.00022421495581728123
4723-BEGSG,High-Value,86.65,Two year,72,No,0.00022421495581728123
3262-EIDHV,High-Value,84.7,Two year,72,No,0.00022421495581728123
3050-RLLXC,High-Value,81.25,Two year,56,No,0.00022421495581728123
9435-JMLSX,High-Value,86.1,Two year,71,No,0.00022421495581728123
3638-VBZTA,High-Value,86.5,Two year,68,No,0.00022421495581728123
8218-FFJDS,High-Value,86.4,Two year,72,No,0.00022421495581728123
3889-VWBID,High-Value,82.85,Two year,68,No,0.00022421495581728123
6656-GULJQ,High-Value,83.55,Two year,72,No,0.00022421495581728123
6732-VAILE,High-Value,85.95,Two year,70,No,0.00022421495581728123
0363-SVHYR,High-Value,86.85,Two year,71,No,0.00022421495581728123
9415-ZNBSX,High-Value,89.0,Two year,70,No,0.00022421495581728123
7508-DQAKK,High-Value,86.4,Two year,64,No,0.00022421495581728123
9795-NREXC,High-Value,85.0,Two year,64,No,0.00022421495581728123
9489-JMTTN,High-Value,89.75,Two year,72,No,8.76769320064224e-05
9227-YBAXE,High-Value,82.5,Two year,65,No,8.76769320064224e-05
8390-FESFV,High-Value,84.5,Two year,62,No,8.76769320064224e-05
6369-MCAKO,High-Value,89.05,Two year,68,No,8.76769320064224e-05
4077-HWUYD,High-Value,87.55,Two year,72,No,8.76769320064224e-05
3544-FBCAS,High-Value,83.6,Two year,72,No,8.76769320064224e-05
5248-RPYWW,High-Value,90.15,Two year,72,No,8.76769320064224e-05
1775-KWJKQ,High-Value,89.85,Two year,72,No,8.76769320064224e-05
4973-MGTON,High-Value,84.4,Two year,71,No,8.76769320064224e-05
7408-OFWXJ,High-Value,89.8,Two year,72,No,8.76769320064224e-05
3166-PNEOF,High-Value,86.45,Two year,61,No,8.76769320064224e-05
4701-LKOZD,High-Value,89.75,Two year,70,No,8.76769320064224e-05
0379-DJQHR,High-Value,81.35,Two year,67,No,8.76769320064224e-05
0123-CRBRT,High-Value,88.1,Two year,61,No,8.76769320064224e-05
8146-QQKZH,High-Value,81.85,Two year,71,No,8.76769320064224e-05
5879-HMFFH,High-Value,88.05,Two year,72,No,8.76769320064224e-05
2925-VDZHY,High-Value,88.7,Two year,72,No,8.76769320064224e-05
2176-LVPNX,High-Value,89.85,Two year,71,No,8.76769320064224e-05
1568-BEKZM,High-Value,90.05,Two year,70,No,8.76769320064224e-05
6741-QRLUP,High-Value,80.3,Two year,63,No,8.76769320064224e-05
8690-ZVLCL,High-Value,88.0,Two year,68,No,8.76769320064224e-05
2885-HIJDH,High-Value,86.9,Two year,69,No,8.76769320064224e-05
5997-OPVFA,High-Value,89.05,Two year,72,No,8.76769320064224e-05
7722-VJRQD,Low-Value,60.95,Two year,72,No,0.0
5862-BRIXZ,Low-Value,60.75,Two year,46,No,0.0
9242-TKFSV,Low-Value,65.1,Two year,72,No,0.0
5227-JSCFE,Low-Value,46.35,Two year,71,No,0.0
6762-QVYJO,Low-Value,59.75,Two year,58,No,0.0
8404-VIOMB,Low-Value,62.5,Two year,66,No,0.0
8204-YJCLA,Low-Value,64.8,Two year,72,No,0.0
0336-KXKFK,Low-Value,61.2,Two year,72,No,0.0
3474-BAFSJ,Low-Value,57.5,Two year,57,No,0.0
8571-ZCMCX,Low-Value,60.0,Two year,47,No,0.0
9888-ZCUMM,Low-Value,60.05,Two year,64,No,0.0
5762-TJXGK,Low-Value,58.75,Two year,52,No,0.0
5456-ITGIC,Low-Value,64.45,Two year,72,No,0.0
8106-GWQOK,Low-Value,60.0,Two year,38,No,0.0
7826-VVKWT,High-Value,96.55,Two year,24,No,0.0
0114-IGABW,Low-Value,58.25,Two year,71,No,0.0
7131-ZQZNK,Low-Value,59.85,Two year,60,No,0.0
4254-QPEDE,Low-Value,66.25,Two year,52,No,0.0
8169-SAEJD,Low-Value,56.55,Two year,69,No,0.0
9906-NHHVC,Low-Value,53.5,Two year,65,No,0.0
1194-BHJYC,Low-Value,62.15,Two year,61,No,0.0
0769-MURVM,Low-Value,65.7,Two year,72,No,0.0
6549-BTYPG,Low-Value,60.8,Two year,60,No,0.0
0361-HJRDX,Low-Value,64.35,Two year,68,No,0.0
5982-PSMKW,High-Value,91.1,Two year,23,No,0.0
8670-MEFCP,High-Value,92.9,Two year,36,No,0.0
5115-GZDEL,Low-Value,67.2,Two year,72,No,0.0
4967-WPNCF,Low-Value,63.7,Two year,72,No,0.0
6203-HBZPA,Low-Value,63.9,Two year,52,No,0.0
