customerID,value_segment,MonthlyCharges,Contract,tenure,Churn,churn_probability
3791-LGQCY,High-Value,100.65,Month-to-month,56,Yes,0.99919885
1723-HKXJQ,High-Value,101.75,Month-to-month,42,Yes,0.9987772
5130-IEKQT,High-Value,105.95,Month-to-month,25,Yes,0.9985084
9158-VCTQB,High-Value,113.6,Month-to-month,41,Yes,0.99832624
8651-ENBZX,High-Value,106.0,One year,60,Yes,0.99820256
1502-XFCVR,High-Value,106.45,One year,58,Yes,0.9981981
0354-WYROK,High-Value,98.9,Month-to-month,31,Yes,0.99808335
7752-XUSCI,High-Value,105.9,Month-to-month,60,Yes,0.99807763
5469-CTCWN,High-Value,106.0,One year,61,Yes,0.99804074
5287-QWLKY,High-Value,105.1,Month-to-month,71,Yes,0.9979243
8443-WVPSS,High-Value,99.85,Month-to-month,10,Yes,0.9977946
6845-RGTYS,High-Value,98.75,Month-to-month,47,Yes,0.99771047
9898-KZQDZ,High-Value,94.55,Month-to-month,40,Yes,0.99769586
3318-OSATS,High-Value,95.45,Month-to-month,35,Yes,0.99768376
1455-UGQVH,High-Value,98.5,Month-to-month,10,Yes,0.99757993
8199-ZLLSA,High-Value,118.35,One year,67,Yes,0.99755067
6402-ZFPPI,High-Value,102.8,Month-to-month,25,Yes,0.9975248
9497-QCMMS,High-Value,93.55,Month-to-month,1,Yes,0.9974981
2408-TZMJL,High-Value,110.15,One year,59,Yes,0.99739057
2302-ANTDP,High-Value,117.45,Month-to-month,48,Yes,0.99729186
3988-RQIXO,High-Value,91.3,Month-to-month,1,Yes,0.9972677
4289-DTDKW,High-Value,101.3,Month-to-month,40,Yes,0.9971649
1450-GALXR,High-Value,98.5,Month-to-month,10,Yes,0.997115
5748-RNCJT,High-Value,106.5,Two year,69,Yes,0.9970673
2720-WGKHP,High-Value,94.0,Month-to-month,2,Yes,0.9969585
3640-PHQXK,High-Value,89.9,Month-to-month,31,Yes,0.99690044
9134-CEQMF,High-Value,89.5,Month-to-month,7,Yes,0.9968964
1323-OOEPC,High-Value,98.4,Month-to-month,53,Yes,0.99687105
2659-VXMWZ,High-Value,111.3,One year,67,Yes,0.99684465
7547-EKNFS,High-Value,95.25,Month-to-month,42,Yes,0.99683726
7055-VKGDA,High-Value,105.4,One year,54,Yes,0.9968177
4391-RESHN,High-Value,104.05,Month-to-month,23,Yes,0.99680746
3424-NMNBO,High-Value,108.85,One year,58,Yes,0.996738
9565-DJPIB,High-Value,89.6,Month-to-month,4,Yes,0.9966594
6664-FPDAC,High-Value,111.95,One year,56,Yes,0.9964405
1984-FCOWB,High-Value,109.5,One year,70,Yes,0.9964324
6646-VRFOL,High-Value,103.85,Month-to-month,53,Yes,0.996415
1550-LOAHA,High-Value,84.15,Month-to-month,32,Yes,0.9964115
7209-JCUDS,High-Value,94.9,Month-to-month,10,Yes,0.99639785
0093-XWZFY,High-Value,104.5,Month-to-month,40,Yes,0.9963457
7957-RYHQD,High-Value,79.2,Month-to-month,40,Yes,0.9963347
0311-UNPFF,High-Value,88.8,Month-to-month,26,Yes,0.9962741
0320-JDNQG,High-Value,99.85,Month-to-month,23,Yes,0.99623835
0348-SDKOL,High-Value,102.1,Month-to-month,58,Yes,0.9962063
6769-DCQLI,High-Value,105.0,One year,52,Yes,0.9960658
0578-SKVMF,High-Value,83.3,Month-to-month,22,Yes,0.99603266
0655-RBDUG,High-Value,98.05,Month-to-month,7,Yes,0.99592245
7124-UGSUR,High-Value,104.4,One year,61,Yes,0.995869
3990-QYKBE,High-Value,92.5,Month-to-month,37,Yes,0.9957917
4612-THJBS,High-Value,104.75,One year,56,Yes,0.99573463
4658-HCOHW,High-Value,102.8,Month-to-month,21,Yes,0.99562246
2657-ALMWY,High-Value,84.95,Month-to-month,26,Yes,0.9956151
1374-DMZUI,High-Value,94.3,Month-to-month,4,Yes,0.99561334
9574-RKJIF,High-Value,94.4,Month-to-month,30,Yes,0.99559116
4192-GORJT,High-Value,94.45,Month-to-month,5,Yes,0.995565
6583-QGCSI,High-Value,88.05,Month-to-month,50,Yes,0.99553216
0639-TSIQW,High-Value,102.95,Month-to-month,67,Yes,0.9954997
4446-BZKHU,High-Value,105.55,Month-to-month,61,Yes,0.9954645
9170-GYZJC,High-Value,79.9,Month-to-month,41,Yes,0.995464
9025-AOMKI,High-Value,93.55,Month-to-month,6,Yes,0.995301
7861-UVUFT,High-Value,84.3,Month-to-month,15,Yes,0.99518013
0866-QLSIR,Low-Value,64.4,One year,34,Yes,0.9951709
7317-GGVPB,High-Value,108.6,Two year,71,Yes,0.99514234
4902-OHLSK,High-Value,98.65,Month-to-month,29,Yes,0.99511874
7067-KSAZT,High-Value,106.25,One year,65,Yes,0.99508166
4021-RQSNY,High-Value,98.5,Month-to-month,29,Yes,0.99505323
3957-LXOLK,High-Value,106.15,Month-to-month,28,Yes,0.9950505
8374-XGEJJ,High-Value,101.0,Month-to-month,43,Yes,0.9950311
5419-JPRRN,High-Value,101.45,Month-to-month,1,Yes,0.9949115
4789-KWMXN,High-Value,110.85,One year,47,Yes,0.99489516
2430-USGXP,High-Value,101.05,Month-to-month,24,Yes,0.9948738
5299-RULOA,High-Value,100.25,Month-to-month,10,Yes,0.994846
0363-QJVFX,High-Value,108.15,Month-to-month,32,Yes,0.9947843
5440-FLBQG,High-Value,108.4,Two year,69,Yes,0.9947365
2889-FPWRM,High-Value,117.8,One year,72,Yes,0.9947213
0011-IGKFF,High-Value,98.0,Month-to-month,13,Yes,0.9945773
2722-VOJQL,High-Value,105.65,One year,64,Yes,0.9945657
0310-MVLET,High-Value,99.15,Month-to-month,61,Yes,0.99453413
1866-RZZQS,High-Value,98.4,Month-to-month,41,Yes,0.9945116
0939-YAPAF,High-Value,100.25,Month-to-month,35,Yes,0.9944502
8168-UQWWF,High-Value,97.85,Month-to-month,11,Yes,0.9944483
5498-TXHLF,High-Value,87.45,Month-to-month,34,Yes,0.9943989
1195-OIYEJ,High-Value,91.1,Month-to-month,13,Yes,0.9943604
5569-OUICF,High-Value,101.3,Month-to-month,28,Yes,0.99434
6179-GJPSO,High-Value,108.15,Month-to-month,43,Yes,0.9943236
7599-FKVXZ,High-Value,106.15,Month-to-month,42,Yes,0.99430853
8992-JQYUN,Low-Value,50.35,Month-to-month,1,Yes,0.9943078
1513-XNPPH,High-Value,89.4,Month-to-month,12,Yes,0.99428236
3319-DWOEP,High-Value,95.75,Month-to-month,6,Yes,0.99426234
6543-XRMYR,High-Value,99.7,Month-to-month,30,Yes,0.9942503
6900-PXRMS,High-Value,105.75,Month-to-month,26,Yes,0.9941902
3757-NJYBX,High-Value,106.35,Month-to-month,32,Yes,0.9941737
3049-SOLAY,High-Value,95.2,Month-to-month,3,Yes,0.99413425
9710-ZUSHQ,High-Value,106.75,Month-to-month,37,Yes,0.9939908
8625-AZYZY,High-Value,104.65,Month-to-month,24,Yes,0.99398685
9518-RWHZL,High-Value,100.05,One year,64,Yes,0.99397933
1894-IGFSG,High-Value,89.25,Month-to-month,22,Yes,0.9939433
6661-HBGWL,High-Value,104.75,Month-to-month,42,Yes,0.9937815
4124-MMETB,High-Value,94.65,Month-to-month,22,Yes,0.99375474
7079-QRCBC,High-Value,98.75,Month-to-month,24,Yes,0.99370956
9851-QXEEQ,High-Value,104.7,Month-to-month,41,Yes,0.9936945
9172-ANCRX,High-Value,98.7,Month-to-month,10,Yes,0.99369353
4817-VYYWS,High-Value,100.2,Month-to-month,30,Yes,0.99359655
0345-HKJVM,High-Value,89.3,Month-to-month,6,Yes,0.99355125
5949-XIKAE,High-Value,83.55,Month-to-month,8,Yes,0.99354583
4853-RULSV,High-Value,104.0,Two year,70,Yes,0.99353117
7136-RVDTZ,Low-Value,45.25,One year,70,Yes,0.9934556
4566-GOLUK,High-Value,107.35,Month-to-month,47,Yes,0.9934496
6319-IEJWJ,High-Value,90.2,Month-to-month,20,Yes,0.99344915
3001-CBHLQ,High-Value,104.9,Month-to-month,32,Yes,0.99334705
2612-RANWT,High-Value,100.15,Month-to-month,12,Yes,0.9933067
3419-SNJJD,High-Value,105.25,Month-to-month,65,Yes,0.99325526
7207-RMRDB,High-Value,105.5,Month-to-month,65,Yes,0.9931933
3976-BWUCK,High-Value,94.1,Month-to-month,30,Yes,0.9930916
1902-XBTFB,High-Value,89.4,Month-to-month,22,Yes,0.9930856
9512-UIBFX,High-Value,95.15,Month-to-month,18,Yes,0.9930728
3473-XIIIT,High-Value,100.0,Month-to-month,16,Yes,0.9930576
6518-LGAOV,High-Value,105.0,Month-to-month,38,Yes,0.9929958
4315-MURBD,High-Value,98.9,Month-to-month,12,Yes,0.99299085
6338-AVWCY,Low-Value,40.15,Month-to-month,3,Yes,0.9929871
3259-FDWOY,High-Value,106.0,Two year,71,Yes,0.9929173
8802-UNOJF,High-Value,83.8,Month-to-month,12,Yes,0.9927422
2519-FAKOD,High-Value,99.25,Month-to-month,38,Yes,0.9927335
3331-HQDTW,High-Value,109.8,Month-to-month,34,Yes,0.992694
7979-CORPM,High-Value,90.55,Month-to-month,24,Yes,0.9926916
3571-RFHAR,High-Value,109.15,Month-to-month,65,Yes,0.992679
0329-GTIAJ,High-Value,97.9,Month-to-month,3,Yes,0.99265844
0107-YHINA,High-Value,99.75,Month-to-month,1,Yes,0.99264914
7228-OMTPN,High-Value,88.45,Month-to-month,4,Yes,0.99263567
7005-CCBKV,High-Value,84.4,Month-to-month,6,Yes,0.99260664
4361-BKAXE,High-Value,114.5,Month-to-month,41,Yes,0.99259263
5609-CEBID,High-Value,94.1,Month-to-month,20,Yes,0.99257255
3027-ZTDHO,High-Value,89.9,Month-to-month,1,Yes,0.99251324
1444-VVSGW,High-Value,115.65,One year,70,Yes,0.9925035
9057-SIHCH,High-Value,96.6,Month-to-month,3,Yes,0.9924695
0637-UBJRP,High-Value,84.05,Month-to-month,13,Yes,0.9924414
8884-ADFVN,High-Value,101.95,Month-to-month,7,Yes,0.99241626
8623-TMRBY,High-Value,84.2,Month-to-month,51,Yes,0.9923645
8565-CLBZW,High-Value,89.85,Month-to-month,24,Yes,0.99235004
4187-CINZD,High-Value,95.25,One year,46,Yes,0.9922443
2462-XIIJB,High-Value,92.5,Month-to-month,5,Yes,0.99220145
6481-OGDOO,High-Value,90.6,One year,67,Yes,0.99217504
3902-FOIGH,High-Value,101.35,Month-to-month,12,Yes,0.9920604
5099-BAILX,High-Value,110.75,Month-to-month,43,Yes,0.9920535
5380-WJKOV,High-Value,106.35,Month-to-month,34,Yes,0.99200565
0576-WNXXC,High-Value,95.55,Month-to-month,27,Yes,0.9919858
3685-YLCMQ,High-Value,104.65,One year,58,Yes,0.99197793
3838-OZURD,High-Value,105.0,Month-to-month,66,Yes,0.99183935
2834-JRTUA,High-Value,108.05,Two year,71,Yes,0.99181587
0461-CVKMU,High-Value,83.8,Month-to-month,23,Yes,0.9917721
4228-ZGYUW,High-Value,90.05,Month-to-month,4,Yes,0.9917243
2114-MGINA,High-Value,89.8,Month-to-month,14,Yes,0.99172103
2929-ERCFZ,High-Value,94.2,Month-to-month,8,Yes,0.991719
0654-HMSHN,High-Value,104.4,Month-to-month,21,Yes,0.99171114
1567-DSCIC,High-Value,94.0,Month-to-month,8,Yes,0.9916476
4322-RCYMT,High-Value,75.8,One year,68,Yes,0.99160576
3207-OYBWH,High-Value,95.25,Month-to-month,57,Yes,0.99157786
2003-CKLOR,High-Value,99.5,Month-to-month,66,Yes,0.9915108
5981-ITEMU,High-Value,97.1,Month-to-month,40,Yes,0.99148446
1228-FZFRV,High-Value,105.95,Month-to-month,50,Yes,0.99145585
2982-VPSGI,High-Value,94.0,Month-to-month,11,Yes,0.9914193
4919-IKATY,High-Value,84.5,Month-to-month,5,Yes,0.99140745
5515-AKOAJ,High-Value,100.1,Month-to-month,54,Yes,0.9913907
0193-ESZXP,High-Value,105.5,One year,58,Yes,0.99137294
5052-PNLOS,High-Value,105.35,Month-to-month,3,Yes,0.9913325
6425-YQLLO,High-Value,105.95,One year,66,Yes,0.9912855
8999-BOHSE,High-Value,89.7,Month-to-month,11,Yes,0.9912834
3737-GCSPV,High-Value,96.2,Month-to-month,11,Yes,0.9912668
8559-CIZFV,High-Value,77.5,One year,21,Yes,0.9912628
4143-HHPMK,High-Value,85.35,Month-to-month,52,Yes,0.9912493
3158-MOERK,High-Value,96.0,Month-to-month,2,Yes,0.99119145
6683-VLCTZ,High-Value,98.55,Month-to-month,20,Yes,0.99109066
4250-ZBWLV,High-Value,108.45,One year,68,Yes,0.9910857
8634-CILSZ,High-Value,104.7,One year,69,Yes,0.991011
4844-JJWUY,High-Value,86.0,Month-to-month,1,Yes,0.9909435
6394-MFYNG,High-Value,107.4,Month-to-month,48,Yes,0.9908592
9846-GKXAS,High-Value,90.8,Month-to-month,9,Yes,0.9908064
4307-KTUMW,High-Value,93.9,Month-to-month,53,Yes,0.9907047
1522-VVDMG,High-Value,89.75,Month-to-month,7,Yes,0.9906661
2027-FECZV,High-Value,106.7,Month-to-month,12,Yes,0.9906365
2265-CYWIV,High-Value,99.6,Month-to-month,4,Yes,0.99062306
6899-PPEEA,High-Value,96.55,Month-to-month,37,Yes,0.99062306
7295-JOMMD,High-Value,98.1,Month-to-month,4,Yes,0.9905438
0823-HSCDJ,Low-Value,49.15,Month-to-month,52,Yes,0.9905245
4077-CROMM,High-Value,104.2,Month-to-month,31,Yes,0.99046344
2403-BCASL,High-Value,111.95,One year,41,Yes,0.9903741
2034-GDRCN,High-Value,90.4,Month-to-month,2,Yes,0.9902644
2012-NWRPA,High-Value,99.55,Month-to-month,11,Yes,0.9902299
0486-HECZI,High-Value,96.75,Month-to-month,55,Yes,0.9902138
5219-YIPTK,High-Value,104.4,Month-to-month,33,Yes,0.9902104
7641-EUYET,High-Value,100.7,Month-to-month,46,Yes,0.9901128
3104-OWCGK,High-Value,90.95,One year,60,Yes,0.99006337
2845-HSJCY,High-Value,87.25,Month-to-month,14,Yes,0.989962
0871-URUWO,High-Value,102.25,Month-to-month,13,Yes,0.98995286
2952-QAYZF,High-Value,85.3,Month-to-month,5,Yes,0.98991746
7694-VLBWQ,High-Value,104.1,One year,67,Yes,0.9898482
6907-NZZIJ,High-Value,99.15,Month-to-month,36,Yes,0.98980284
3606-TWKGI,High-Value,106.9,Month-to-month,13,Yes,0.9896902
9600-UDOPK,High-Value,94.05,Month-to-month,30,Yes,0.98966295
6615-NGGZJ,High-Value,100.55,Month-to-month,14,Yes,0.9896236
6302-JGYRJ,High-Value,79.45,One year,31,Yes,0.98961496
5955-ERIHD,High-Value,94.7,Month-to-month,18,Yes,0.989604
0324-BRPCJ,High-Value,100.2,Month-to-month,68,Yes,0.98953456
9572-MTILT,High-Value,106.75,Month-to-month,59,Yes,0.9892301
7279-BUYWN,High-Value,113.2,Month-to-month,41,Yes,0.98919195
4958-XCBDQ,High-Value,101.4,Month-to-month,35,Yes,0.9891775
8714-EUHJO,High-Value,91.15,Month-to-month,31,Yes,0.98916966
7969-AULMZ,High-Value,97.35,Month-to-month,21,Yes,0.9890366
4710-FDUIZ,High-Value,100.3,One year,56,Yes,0.989007
8722-NGNBH,Low-Value,40.0,Month-to-month,5,Yes,0.98892117
8397-MVTAZ,High-Value,100.05,Month-to-month,34,Yes,0.9888998
7632-MNYOY,High-Value,110.9,One year,66,Yes,0.9888903
7450-NWRTR,High-Value,99.45,Month-to-month,12,Yes,0.9888059
4597-NUCQV,High-Value,101.25,Month-to-month,24,Yes,0.9887509
3374-LXDEV,High-Value,89.4,Month-to-month,13,Yes,0.9887249
7526-BEZQB,High-Value,96.05,Month-to-month,12,Yes,0.98871815
4484-GLZOU,High-Value,105.05,Month-to-month,52,Yes,0.98870414
4550-VBOFE,High-Value,102.95,Month-to-month,70,Yes,0.9886347
7218-HKQFK,High-Value,94.2,Month-to-month,2,Yes,0.9886142
2568-OIADY,High-Value,99.5,Month-to-month,37,Yes,0.98852926
4822-NGOCH,High-Value,84.45,Month-to-month,13,Yes,0.9884758
0691-JVSYA,High-Value,94.85,One year,53,Yes,0.98847455
8914-RBTSB,High-Value,93.8,Month-to-month,31,Yes,0.98846346
2082-OJVTK,High-Value,89.2,Month-to-month,29,Yes,0.9884052
6393-WRYZE,High-Value,97.65,Month-to-month,34,Yes,0.98835725
8708-XPXHZ,High-Value,94.2,Month-to-month,42,Yes,0.988336
5073-WXOYN,Low-Value,50.8,Month-to-month,60,Yes,0.9883309
2845-AFFTX,High-Value,99.8,Month-to-month,41,Yes,0.98826784
0875-CABNR,High-Value,84.6,Month-to-month,10,Yes,0.98821056
3090-HAWSU,High-Value,111.6,Two year,61,Yes,0.98817074
0596-BQCEQ,High-Value,100.15,Month-to-month,62,Yes,0.98806447
4523-WXCEF,High-Value,101.1,Month-to-month,59,Yes,0.9880006
5747-PMBSQ,High-Value,92.5,Month-to-month,10,Yes,0.9879929
1193-RTSLK,High-Value,83.9,Month-to-month,38,Yes,0.9879655
6328-ZPBGN,High-Value,95.15,Month-to-month,11,Yes,0.98794556
3804-RVTGV,High-Value,103.85,Month-to-month,50,Yes,0.9878507
6289-CPNLD,High-Value,73.9,One year,33,Yes,0.98781514
9889-TMAHG,High-Value,100.3,Month-to-month,8,Yes,0.98781186
4039-HEUNW,High-Value,96.5,Month-to-month,36,Yes,0.98772115
4285-GYRQC,High-Value,86.25,Month-to-month,7,Yes,0.9877024
5281-BUZGT,High-Value,90.85,Month-to-month,36,Yes,0.9876101
0897-FEGMU,High-Value,99.5,Month-to-month,11,Yes,0.9875503
3621-CEOVK,High-Value,100.2,Month-to-month,14,Yes,0.9875284
0963-ZBDRN,High-Value,96.2,Month-to-month,32,Yes,0.987515
7780-OTDSO,High-Value,99.4,Month-to-month,18,Yes,0.9875044
1571-SAVHK,High-Value,99.95,Month-to-month,12,Yes,0.9874835
9658-WYUFB,High-Value,94.4,Month-to-month,17,Yes,0.9873997
9412-GHEEC,High-Value,104.8,Month-to-month,40,Yes,0.98739386
8840-DQLGN,High-Value,100.5,Month-to-month,35,Yes,0.98733854
1624-WOIWJ,High-Value,84.7,Month-to-month,10,Yes,0.98729837
2660-EMUBI,High-Value,95.35,Month-to-month,10,Yes,0.98726267
1891-UAWWU,High-Value,90.8,Month-to-month,20,Yes,0.9872105
3018-TFTSU,High-Value,81.7,Month-to-month,12,Yes,0.9871236
6771-XWBDM,High-Value,104.5,Month-to-month,57,Yes,0.9870575
9420-LOJKX,High-Value,99.1,Month-to-month,15,Yes,0.9870538
6769-DYBQN,High-Value,85.0,Month-to-month,46,Yes,0.9870309
0917-EZOLA,High-Value,104.15,Two year,72,Yes,0.9869328
8290-YWKHZ,High-Value,93.2,Month-to-month,32,Yes,0.98689634
8337-UPOAQ,High-Value,89.8,Month-to-month,10,Yes,0.9868879
8429-XIBUM,High-Value,101.35,Month-to-month,22,Yes,0.9868863
3351-NQLDI,High-Value,94.35,One year,67,Yes,0.9867589
6777-TGHTM,High-Value,106.95,One year,53,Yes,0.9866758
8111-SLLHI,High-Value,105.65,Month-to-month,39,Yes,0.98665684
1309-BXVOQ,High-Value,106.1,Month-to-month,21,Yes,0.98665535
4373-MAVJG,High-Value,90.9,Month-to-month,14,Yes,0.98662555
3445-HXXGF,Low-Value,45.3,Month-to-month,58,Yes,0.9864537
4248-HCETZ,High-Value,79.65,Month-to-month,30,Yes,0.9864464
4154-AQUGT,High-Value,89.05,Month-to-month,13,Yes,0.9863875
4078-SAYYN,High-Value,100.75,Month-to-month,11,Yes,0.98638153
0135-NMXAP,High-Value,89.75,Month-to-month,12,Yes,0.98635393
5959-BELXA,High-Value,96.15,Month-to-month,32,Yes,0.9863024
8749-JMNKX,High-Value,93.8,Month-to-month,51,Yes,0.9863014
0023-XUOPT,High-Value,94.1,Month-to-month,13,Yes,0.986093
2454-RPBRZ,High-Value,98.1,Month-to-month,12,Yes,0.986005
3336-JORSO,High-Value,110.45,Month-to-month,33,Yes,0.9859707
5293-WXJAK,High-Value,104.05,Month-to-month,11,Yes,0.98596364
8510-AWCXC,High-Value,100.8,Month-to-month,13,Yes,0.9859368
2869-ADAWR,High-Value,89.3,Month-to-month,45,Yes,0.9858991
6892-XPFPU,High-Value,104.25,Month-to-month,24,Yes,0.98582655
3045-XETSH,High-Value,94.85,Month-to-month,10,Yes,0.98568547
2027-OAQQC,Low-Value,49.05,Month-to-month,43,Yes,0.98565525
2249-YPRNG,High-Value,105.85,Month-to-month,20,Yes,0.98565465
7614-QVWQL,Low-Value,51.8,One year,49,Yes,0.9856367
3398-FSHON,High-Value,91.3,Month-to-month,12,Yes,0.98549116
3886-CERTZ,High-Value,109.25,One year,72,Yes,0.9854885
7549-MYGPK,High-Value,100.55,Month-to-month,63,Yes,0.9854649
1236-WFCDV,High-Value,90.45,Month-to-month,14,Yes,0.9853754
7881-INRLC,High-Value,100.85,Month-to-month,45,Yes,0.98534286
9651-GTSAQ,High-Value,106.1,One year,53,Yes,0.9852998
4355-HBJHH,High-Value,79.7,Two year,67,Yes,0.9852905
9661-ACXBS,High-Value,105.2,Month-to-month,42,Yes,0.9852895
2460-FPSYH,Low-Value,55.8,Month-to-month,40,Yes,0.98520744
6173-ITPWD,High-Value,83.35,Month-to-month,47,Yes,0.9851924
6990-YNRIO,High-Value,108.65,Two year,65,Yes,0.9851584
3143-JQEGI,High-Value,88.35,Month-to-month,13,Yes,0.9846808
2189-UXTKY,High-Value,79.2,Month-to-month,22,Yes,0.9846364
0970-ETWGE,High-Value,89.55,Month-to-month,1,Yes,0.9845725
9445-SZLCH,High-Value,97.35,Month-to-month,36,Yes,0.9844732
9809-IMGCQ,High-Value,96.7,Month-to-month,22,Yes,0.9843466
1075-BGWOH,High-Value,98.75,Month-to-month,16,Yes,0.9843439
8937-RDTHP,High-Value,84.6,Month-to-month,1,Yes,0.98407584
6032-KRXXO,High-Value,90.25,Month-to-month,30,Yes,0.98400766
6688-UZPWD,High-Value,102.0,Month-to-month,11,Yes,0.9837247
2180-DXNEG,High-Value,96.0,Month-to-month,12,Yes,0.98370266
8079-XRJRS,High-Value,89.75,One year,65,Yes,0.98367834
6804-GDMOI,High-Value,106.6,Two year,61,Yes,0.9836753
9330-IJWIO,High-Value,100.35,Month-to-month,13,Yes,0.98366827
1626-ERCMM,High-Value,94.55,Month-to-month,20,Yes,0.9836225
6635-MYYYZ,High-Value,85.35,One year,30,Yes,0.9835218
2856-NNASM,High-Value,89.55,Month-to-month,43,Yes,0.9834626
5178-LMXOP,High-Value,95.1,Month-to-month,1,Yes,0.9833386
0877-SDMBN,High-Value,103.95,One year,54,Yes,0.98331314
8017-LXHFA,High-Value,94.75,Month-to-month,23,Yes,0.9832523
5136-KCKGI,High-Value,103.7,One year,33,Yes,0.98320687
5385-SUIRI,High-Value,104.2,Month-to-month,52,Yes,0.9829144
6386-SZZKH,High-Value,107.95,Two year,49,Yes,0.9828789
6270-OMFIW,High-Value,94.4,One year,60,Yes,0.98277587
0886-QGENL,High-Value,101.25,Month-to-month,27,Yes,0.9826728
4094-NSEDU,High-Value,94.25,Month-to-month,21,Yes,0.9825812
9300-AGZNL,High-Value,94.0,Month-to-month,1,Yes,0.9825676
9647-ERGBE,High-Value,100.05,Month-to-month,30,Yes,0.98245966
2684-EIWEO,High-Value,91.7,Month-to-month,30,Yes,0.9823515
4009-ALQFH,High-Value,99.5,Month-to-month,25,Yes,0.98232275
9189-JWSHV,High-Value,93.55,Month-to-month,24,Yes,0.98228294
4701-AHWMW,Low-Value,54.55,Month-to-month,55,Yes,0.98222524
0689-NKYLF,High-Value,83.2,Month-to-month,13,Yes,0.9821816
8267-ZNYVZ,High-Value,103.75,One year,33,Yes,0.9821815
8631-NBHFZ,High-Value,79.4,Two year,66,Yes,0.9819947
1400-MMYXY,High-Value,105.9,Month-to-month,3,Yes,0.9819918
3934-HXCFZ,High-Value,99.25,Month-to-month,23,Yes,0.9819704
8818-XYFCQ,High-Value,99.55,Month-to-month,32,Yes,0.98196304
7739-LAXOG,High-Value,91.05,Month-to-month,32,Yes,0.9818994
8922-LIEGH,High-Value,89.7,Month-to-month,25,Yes,0.98182076
5520-FVEWJ,High-Value,84.5,Month-to-month,12,Yes,0.98179513
9360-AHGNL,High-Value,109.55,One year,43,Yes,0.9817716
2357-COQEK,High-Value,103.3,Month-to-month,28,Yes,0.981612
0979-PHULV,High-Value,99.45,Month-to-month,69,Yes,0.9815637
8019-ENHXU,High-Value,99.45,Month-to-month,42,Yes,0.9815066
2685-SREOM,High-Value,89.1,Month-to-month,25,Yes,0.98129475
5154-VEKBL,Low-Value,58.5,Month-to-month,9,Yes,0.98129225
2153-MREFK,High-Value,99.2,One year,37,Yes,0.98128295
8844-TONUD,High-Value,96.65,Month-to-month,13,Yes,0.981222
3393-FMZPV,High-Value,100.25,Month-to-month,25,Yes,0.981202
5364-EVNIB,High-Value,79.8,Month-to-month,13,Yes,0.9811529
2359-QWQUL,High-Value,104.7,One year,39,Yes,0.9811287
9221-OTIVJ,High-Value,104.85,Month-to-month,14,Yes,0.98111284
5519-YLDGW,High-Value,103.9,Month-to-month,21,Yes,0.98108554
8775-LHDJH,High-Value,90.6,Month-to-month,1,Yes,0.98100555
2150-UWTFY,Low-Value,61.15,Month-to-month,22,Yes,0.9809698
4720-VSTSI,High-Value,84.8,Month-to-month,44,Yes,0.9808528
7142-HVGBG,High-Value,103.0,Month-to-month,43,Yes,0.9808185
5366-IJEQJ,High-Value,88.7,Month-to-month,20,Yes,0.98065037
6365-MTGZX,High-Value,96.0,Month-to-month,24,Yes,0.9805093
7783-YKGDV,High-Value,99.7,Month-to-month,12,Yes,0.98038715
2886-KEFUM,High-Value,107.5,One year,63,Yes,0.98025584
5883-GTGVD,High-Value,99.95,Month-to-month,19,Yes,0.98011935
2034-CGRHZ,High-Value,102.95,Month-to-month,24,Yes,0.98009676
2141-RRYGO,Low-Value,68.65,Month-to-month,4,Yes,0.97982866
9961-JBNMK,High-Value,96.8,Month-to-month,21,Yes,0.97973204
6521-YYTYI,High-Value,93.3,Month-to-month,1,Yes,0.9797131
8149-RSOUN,High-Value,93.85,Month-to-month,1,Yes,0.9797131
2840-XANRC,High-Value,93.15,Month-to-month,24,Yes,0.9796815
2929-QNSRW,High-Value,98.25,One year,56,Yes,0.97942126
1644-IRKSF,High-Value,93.8,One year,33,Yes,0.97936845
8739-WWKDU,High-Value,89.5,Month-to-month,25,Yes,0.9793474
8809-RIHDD,High-Value,103.4,Two year,72,Yes,0.9793442
3092-IGHWF,High-Value,87.4,One year,67,Yes,0.9793046
3656-TKRVZ,Low-Value,55.35,Month-to-month,3,Yes,0.97914577
0727-BMPLR,High-Value,100.0,One year,55,Yes,0.979106
3058-HJCUY,High-Value,102.6,One year,41,Yes,0.9790684
0236-HFWSV,High-Value,93.35,Month-to-month,15,Yes,0.9789919
5167-ZFFMM,High-Value,90.85,Month-to-month,1,Yes,0.9789063
9912-GVSEQ,High-Value,93.85,Month-to-month,26,Yes,0.978874
0201-OAMXR,High-Value,115.55,One year,70,Yes,0.97885716
0125-LZQXK,High-Value,101.35,Month-to-month,15,Yes,0.9788511
4735-ASGMA,High-Value,98.35,Month-to-month,26,Yes,0.9788503
2037-XJFUP,High-Value,95.8,One year,33,Yes,0.97875106
6595-YGXIT,High-Value,88.95,Month-to-month,25,Yes,0.97866017
5797-APWZC,High-Value,90.6,Month-to-month,1,Yes,0.97856474
2725-KXXWT,High-Value,90.75,Month-to-month,1,Yes,0.97856474
7294-TMAOP,High-Value,90.55,Month-to-month,1,Yes,0.97856474
7274-RTAPZ,High-Value,90.55,Month-to-month,1,Yes,0.97856474
2533-QVMSK,High-Value,94.1,Two year,61,Yes,0.9783382
8624-GIOUT,Low-Value,59.75,Month-to-month,49,Yes,0.9782803
9058-MJLZC,High-Value,94.6,Month-to-month,24,No,0.9781245
4913-EHYUI,High-Value,104.55,One year,56,Yes,0.9781194
0295-PPHDO,High-Value,95.45,Month-to-month,1,Yes,0.9780491
3190-XFANI,High-Value,100.6,One year,49,Yes,0.97799647
6857-VWJDT,High-Value,95.65,Month-to-month,1,Yes,0.9778944
1658-BYGOY,High-Value,95.45,Month-to-month,18,Yes,0.97770506
3927-NLNRY,High-Value,94.25,One year,53,Yes,0.97748226
9725-SCPZG,High-Value,90.85,Month-to-month,1,Yes,0.97747254
2091-MJTFX,Low-Value,51.2,Month-to-month,30,Yes,0.97745603
4873-ILOLJ,High-Value,90.35,Month-to-month,24,Yes,0.9773816
1112-CUNAO,High-Value,89.85,Month-to-month,15,Yes,0.97711015
4971-PUYQO,High-Value,94.55,Month-to-month,27,Yes,0.9770448
2189-WWOEW,High-Value,85.9,Month-to-month,15,Yes,0.97696906
0406-BPDVR,High-Value,101.5,One year,54,Yes,0.9768188
8118-LSUEL,High-Value,106.4,Month-to-month,23,Yes,0.9766684
6005-OBZPH,High-Value,89.15,Month-to-month,26,Yes,0.97666276
8868-WOZGU,High-Value,105.7,Month-to-month,28,Yes,0.9763243
3647-GMGDH,High-Value,94.7,Month-to-month,22,Yes,0.9762657
0611-DFXKO,High-Value,89.0,Month-to-month,20,Yes,0.9760158
0022-TCJCI,Low-Value,62.7,One year,45,Yes,0.97587377
3132-TVFDZ,Low-Value,44.85,Month-to-month,57,Yes,0.97579837
7240-FQLHE,High-Value,99.75,Month-to-month,18,Yes,0.97558063
2479-BRAMR,High-Value,83.75,Month-to-month,41,Yes,0.97528887
4910-GMJOT,High-Value,94.6,Month-to-month,1,Yes,0.9752079
3870-MQAMG,High-Value,110.35,One year,54,Yes,0.9751829
8008-HAWED,Low-Value,50.75,Month-to-month,14,Yes,0.97517073
2514-GINMM,High-Value,79.5,Month-to-month,1,Yes,0.97506535
5393-RXQSZ,High-Value,79.6,Month-to-month,1,Yes,0.97506535
3806-DXQOM,Low-Value,33.65,Month-to-month,4,Yes,0.9747251
4385-GZQXV,High-Value,94.45,Month-to-month,16,Yes,0.9744154
9601-BRXPO,High-Value,104.95,Month-to-month,25,Yes,0.9743522
1918-ZBFQJ,High-Value,79.25,Month-to-month,13,Yes,0.9743129
5174-RNGBH,Low-Value,66.25,Month-to-month,9,Yes,0.9742784
0148-DCDOS,High-Value,94.7,Month-to-month,25,Yes,0.9742123
9079-YEXQJ,High-Value,111.1,Month-to-month,54,Yes,0.9742085
8610-WFCJF,High-Value,95.6,Month-to-month,49,Yes,0.9741502
6413-XKKPU,High-Value,89.4,Month-to-month,17,Yes,0.97411627
5192-EBGOV,High-Value,85.7,Month-to-month,1,Yes,0.9741154
4826-XTSOH,High-Value,86.05,Month-to-month,1,Yes,0.9741154
0115-TFERT,High-Value,111.2,Month-to-month,21,Yes,0.97400993
6567-HOOPW,High-Value,79.2,Month-to-month,1,Yes,0.9739808
8393-DLHGA,High-Value,95.9,Month-to-month,25,Yes,0.9739491
5655-JSMZM,High-Value,96.2,Month-to-month,49,Yes,0.97368854
3178-FESZO,High-Value,100.25,Month-to-month,1,Yes,0.9735835
1069-XAIEM,High-Value,85.05,Month-to-month,1,Yes,0.9734138
6331-LWDTQ,High-Value,72.15,Month-to-month,10,Yes,0.9734081
2187-LZGPL,Low-Value,40.1,Month-to-month,7,Yes,0.9733253
9101-BWFSS,High-Value,108.55,One year,50,Yes,0.97311157
8063-RJYNF,High-Value,94.25,Month-to-month,16,Yes,0.97281873
9526-JAWYF,High-Value,89.8,Month-to-month,26,Yes,0.972661
9600-NAXZN,High-Value,101.4,Month-to-month,43,Yes,0.9726457
7029-RPUAV,High-Value,100.45,Month-to-month,17,Yes,0.97256356
3753-TSEMP,High-Value,88.15,Month-to-month,15,Yes,0.9725379
6559-ILWKJ,Low-Value,49.35,Two year,71,Yes,0.9721572
7562-GSUHK,High-Value,93.2,Month-to-month,16,Yes,0.9720496
9692-TUSXH,High-Value,96.05,Month-to-month,18,Yes,0.97204494
9300-RENDD,High-Value,79.95,Month-to-month,1,Yes,0.9719812
1113-IUJYX,High-Value,105.95,One year,14,Yes,0.9719411
3540-RZJYU,High-Value,86.2,Month-to-month,15,Yes,0.9717899
9948-YPTDG,High-Value,79.45,Month-to-month,38,Yes,0.97171897
6097-EQISJ,High-Value,102.45,One year,66,Yes,0.9717074
2325-ZUSFD,Low-Value,70.1,One year,57,Yes,0.9716371
2794-XIMMO,Low-Value,60.45,One year,53,Yes,0.9713831
1771-OADNZ,High-Value,95.9,Month-to-month,29,Yes,0.9711311
4423-YLHDV,High-Value,104.4,Month-to-month,21,Yes,0.97110736
7587-AOVVU,High-Value,100.75,Month-to-month,27,No,0.97096
8580-AECUZ,High-Value,79.1,Month-to-month,1,Yes,0.97095674
0520-FDVVT,High-Value,102.35,One year,35,Yes,0.97093654
8182-BJDSI,High-Value,89.95,Month-to-month,28,Yes,0.9707529
6646-QVXLR,High-Value,103.75,One year,62,Yes,0.97071564
9172-JITSM,High-Value,90.8,Month-to-month,26,Yes,0.97037965
5277-ZLOOR,High-Value,85.55,Month-to-month,2,Yes,0.970247
2545-EBUPK,High-Value,84.05,Month-to-month,2,No,0.970247
6680-NENYN,High-Value,104.6,Two year,43,Yes,0.9702454
5572-ZDXHY,High-Value,84.3,Month-to-month,22,Yes,0.97001284
9253-QXKBE,High-Value,94.45,Month-to-month,29,Yes,0.97001135
8276-MQBYC,High-Value,97.8,Month-to-month,51,Yes,0.970009
8337-MSSXB,High-Value,86.3,Month-to-month,14,Yes,0.96996564
1761-AEZZR,High-Value,79.55,Month-to-month,1,Yes,0.9698489
7594-RQHXR,High-Value,79.6,Month-to-month,1,Yes,0.9698489
9019-QVLZD,High-Value,79.55,Month-to-month,1,Yes,0.9698489
9885-CSMWE,High-Value,78.45,Month-to-month,1,Yes,0.96982276
2868-MZAGQ,High-Value,79.25,Month-to-month,1,Yes,0.9696518
8740-CRYFY,High-Value,78.95,Month-to-month,1,Yes,0.9696518
5960-WPXQM,High-Value,79.05,Month-to-month,1,Yes,0.9696518
0895-DQHEW,High-Value,104.3,Month-to-month,54,Yes,0.969516
3005-NFMTA,High-Value,98.8,Month-to-month,55,Yes,0.9694216
1285-OKIPP,High-Value,79.9,Month-to-month,1,Yes,0.96929306
8058-INTPH,High-Value,79.65,Month-to-month,1,Yes,0.96929306
0495-RVCBF,High-Value,79.7,Month-to-month,1,Yes,0.96929306
1448-PWKYE,High-Value,80.0,Month-to-month,1,Yes,0.96929306
5494-HECPR,High-Value,80.25,Month-to-month,1,Yes,0.96929306
6397-JNZZG,Low-Value,55.55,Month-to-month,43,Yes,0.9691073
3009-JWMPU,High-Value,96.75,One year,62,Yes,0.96904624
2108-XWMPY,Low-Value,35.45,Month-to-month,3,Yes,0.9688691
0634-SZPQA,High-Value,90.05,Month-to-month,23,Yes,0.96885866
1271-SJBGZ,Low-Value,43.65,Month-to-month,12,Yes,0.9688128
7892-POOKP,High-Value,104.8,Month-to-month,28,Yes,0.9686326
7530-HDYDS,High-Value,84.25,Month-to-month,38,Yes,0.96858025
1597-LHYNC,High-Value,95.0,Month-to-month,26,Yes,0.96829164
8035-BUYVG,Low-Value,42.35,One year,40,Yes,0.9682672
1265-XTECC,High-Value,96.55,One year,68,Yes,0.9682567
5294-CDGWY,Low-Value,59.3,One year,51,Yes,0.9681796
1792-UXAFY,High-Value,89.15,Month-to-month,17,Yes,0.9681789
5919-TMRGD,High-Value,79.35,Month-to-month,1,Yes,0.9678363
6986-IJDHX,High-Value,86.3,Month-to-month,39,Yes,0.9678022
7825-ECJRF,High-Value,106.6,Month-to-month,19,Yes,0.9677922
6100-QQHEB,High-Value,92.55,Month-to-month,17,Yes,0.9677806
8327-LZKAS,High-Value,107.55,One year,43,Yes,0.9677454
2719-BDAQO,High-Value,93.85,Month-to-month,17,Yes,0.9670442
3768-NLUBH,High-Value,100.6,Month-to-month,57,Yes,0.9669153
2817-NTQDO,Low-Value,45.55,Month-to-month,13,Yes,0.9668879
4325-NFSKC,High-Value,90.6,Month-to-month,19,Yes,0.9663981
7851-WZEKY,High-Value,95.15,Month-to-month,2,Yes,0.9663724
4558-FANTW,High-Value,91.85,Month-to-month,17,Yes,0.9662684
1150-WFARN,High-Value,108.75,Two year,67,Yes,0.96618974
5493-SDRDQ,Low-Value,55.1,Month-to-month,2,Yes,0.9659285
1095-JUDTC,High-Value,95.05,Month-to-month,47,Yes,0.9658477
0447-BEMNG,Low-Value,45.3,Month-to-month,48,Yes,0.9656943
0637-YLETY,High-Value,95.6,Month-to-month,16,Yes,0.9655979
5364-XYIRR,High-Value,94.65,Month-to-month,51,Yes,0.96510214
2777-PHDEI,High-Value,78.05,Month-to-month,1,Yes,0.9648269
6372-RFVNS,High-Value,78.8,Month-to-month,1,Yes,0.9648269
8945-GRKHX,High-Value,78.65,Month-to-month,1,Yes,0.9648269
2979-SXESE,High-Value,94.4,Month-to-month,17,Yes,0.9646873
5649-VUKMC,High-Value,95.5,One year,12,Yes,0.9642237
1891-FZYSA,High-Value,89.95,Month-to-month,69,Yes,0.9642076
3049-NDXFL,High-Value,85.8,Month-to-month,1,Yes,0.9639305
9874-QLCLH,High-Value,104.2,Month-to-month,17,Yes,0.9638772
0365-BZUWY,High-Value,102.55,Month-to-month,17,No,0.9638772
5240-IJOQT,High-Value,74.7,Month-to-month,1,Yes,0.9637143
8603-IJWDN,High-Value,86.6,Month-to-month,1,Yes,0.9636328
6686-YPGHK,High-Value,85.5,Month-to-month,47,Yes,0.963278
0117-LFRMW,Low-Value,40.2,Month-to-month,37,Yes,0.9632753
7206-GZCDC,Low-Value,69.25,Month-to-month,1,Yes,0.9631579
4433-JCGCG,High-Value,101.0,Month-to-month,46,Yes,0.96304065
9507-EXLTT,High-Value,79.35,Month-to-month,1,Yes,0.9630131
2311-QYMUQ,High-Value,89.45,Month-to-month,16,Yes,0.9630106
2011-TRQYE,Low-Value,33.5,Month-to-month,18,Yes,0.9629027
4713-LZDRV,High-Value,79.6,Month-to-month,2,Yes,0.96284896
1264-BYWMS,High-Value,96.8,Month-to-month,55,Yes,0.96270365
9282-IZGQK,High-Value,85.0,Month-to-month,1,Yes,0.96265817
6086-ESGRL,High-Value,80.15,Month-to-month,1,Yes,0.96257895
9124-LHCJQ,High-Value,85.45,Month-to-month,1,Yes,0.96255577
3871-IKPYH,Low-Value,69.1,Month-to-month,1,Yes,0.9624884
5539-TMZLF,Low-Value,69.75,Month-to-month,1,Yes,0.9624884
8375-DKEBR,Low-Value,69.6,Month-to-month,1,Yes,0.9624884
5550-VFRLC,Low-Value,69.85,Month-to-month,1,Yes,0.9624884
8062-YBDOE,Low-Value,69.65,Month-to-month,1,Yes,0.9624884
4871-JTKJF,Low-Value,69.65,Month-to-month,1,Yes,0.9624884
2506-TNFCO,Low-Value,69.55,Month-to-month,1,Yes,0.9624884
0679-IDSTG,Low-Value,69.25,Month-to-month,1,Yes,0.9624884
2636-ALXXZ,Low-Value,69.6,Month-to-month,1,Yes,0.9624884
0946-CLJTI,High-Value,98.7,Month-to-month,58,Yes,0.9622095
8821-XNHVZ,High-Value,80.05,Month-to-month,1,Yes,0.96217996
7493-TPUWZ,High-Value,79.15,Month-to-month,1,Yes,0.9620623
3658-KIBGF,Low-Value,54.9,Month-to-month,1,Yes,0.9619767
2254-DLXRI,High-Value,79.15,Month-to-month,1,No,0.96189153
9248-OJYKK,High-Value,76.45,Month-to-month,1,Yes,0.96175975
0259-GBZSH,High-Value,85.65,Month-to-month,2,Yes,0.96158147
7503-ZGUZJ,High-Value,84.65,Month-to-month,1,Yes,0.9615535
0137-OCGAB,High-Value,80.2,Month-to-month,1,Yes,0.9614915
6467-CHFZW,High-Value,99.35,Month-to-month,47,Yes,0.9610586
9728-FTTVZ,Low-Value,69.2,Month-to-month,1,Yes,0.96081877
7660-HDPJV,Low-Value,69.2,Month-to-month,1,Yes,0.96081877
1820-TQVEV,Low-Value,69.55,Month-to-month,1,Yes,0.96081877
7248-VZQLC,High-Value,85.2,Month-to-month,47,Yes,0.96026367
1624-NALOJ,High-Value,89.8,Month-to-month,5,Yes,0.95977706
2898-LSJGD,Low-Value,55.95,One year,21,Yes,0.95957416
8098-LLAZX,High-Value,95.45,Month-to-month,4,Yes,0.9593333
8949-JTMAY,High-Value,98.6,Month-to-month,29,Yes,0.95930094
2867-UIMSS,High-Value,80.5,Month-to-month,1,Yes,0.9584494
5186-SAMNZ,Low-Value,69.5,Month-to-month,1,Yes,0.95830774
4598-XLKNJ,High-Value,98.5,Month-to-month,25,Yes,0.95818734
2995-UPRYS,High-Value,99.2,One year,40,Yes,0.95818305
5236-PERKL,High-Value,112.95,Two year,57,Yes,0.9581198
7225-CBZPL,High-Value,94.8,Month-to-month,17,No,0.957596
5020-ZSTTY,High-Value,82.45,One year,54,Yes,0.9575386
2195-ZRVAX,High-Value,85.3,Month-to-month,47,Yes,0.95710695
2225-ZRGSG,High-Value,93.9,Two year,70,Yes,0.9566983
9625-QSTYE,High-Value,81.15,Month-to-month,13,Yes,0.9566815
6581-NQCBA,Low-Value,49.95,Month-to-month,16,Yes,0.956439
7089-IVVAZ,High-Value,103.35,Month-to-month,8,Yes,0.95621866
2165-VOEGB,High-Value,105.2,One year,46,Yes,0.9558834
3348-CFRNX,High-Value,92.35,Month-to-month,28,Yes,0.9558314
9090-SGQXL,High-Value,105.3,Month-to-month,68,Yes,0.95581573
6599-RCLCJ,High-Value,109.55,Month-to-month,47,Yes,0.95580465
2609-IAICY,High-Value,77.15,Month-to-month,1,Yes,0.9556378
6960-HVYXR,High-Value,76.0,Month-to-month,1,Yes,0.9556378
7470-MCQTK,Low-Value,48.75,Month-to-month,13,Yes,0.95529777
4548-SDBKE,High-Value,85.2,Month-to-month,5,Yes,0.9549767
4829-AUOAX,High-Value,96.05,Month-to-month,46,Yes,0.9547771
3521-SYVOR,Low-Value,64.75,Month-to-month,37,Yes,0.9544768
7120-RFMVS,High-Value,84.5,Month-to-month,1,Yes,0.95441973
4952-YSOGZ,High-Value,85.95,Month-to-month,4,Yes,0.9542044
6034-ZRYCV,Low-Value,54.2,Two year,72,Yes,0.95406437
2004-OCQXK,High-Value,81.95,Month-to-month,1,Yes,0.9538755
5196-SGOAK,High-Value,75.7,Month-to-month,1,Yes,0.95378804
7595-EUIVN,High-Value,75.8,Month-to-month,1,Yes,0.95378804
6894-LFHLY,High-Value,75.75,Month-to-month,1,Yes,0.95378125
3296-SILRA,High-Value,76.4,Month-to-month,1,Yes,0.9535974
8580-QVLOC,High-Value,92.45,Two year,72,Yes,0.9535967
8161-QYMTT,High-Value,94.1,Month-to-month,7,No,0.9534247
2530-ENDWQ,High-Value,93.7,Two year,71,Yes,0.95339584
0687-ZVTHB,High-Value,72.45,One year,65,Yes,0.953386
9614-RMGHA,High-Value,91.85,Month-to-month,65,Yes,0.9531724
1527-SXDPN,High-Value,96.25,Two year,52,Yes,0.95299953
6457-USBER,High-Value,80.8,Month-to-month,1,Yes,0.95291674
0318-QUUOB,High-Value,80.55,Month-to-month,1,Yes,0.95291674
2018-QKYGT,High-Value,81.05,Month-to-month,1,No,0.95291674
7439-DKZTW,High-Value,80.55,Month-to-month,1,No,0.95291674
4614-NUVZD,High-Value,81.1,Month-to-month,1,Yes,0.95291674
3776-EKTKM,Low-Value,36.45,Month-to-month,1,Yes,0.95285755
5271-YNWVR,High-Value,113.15,Two year,68,Yes,0.952789
5766-XQXMQ,Low-Value,68.85,Month-to-month,29,Yes,0.9527147
5536-RTPWK,High-Value,99.05,Month-to-month,49,Yes,0.9527026
9921-ZVRHG,High-Value,80.45,Month-to-month,14,Yes,0.95245486
7665-TOALD,Low-Value,69.6,Month-to-month,1,Yes,0.95162404
3716-BDVDB,Low-Value,69.1,Month-to-month,1,Yes,0.95162404
1447-GIQMR,Low-Value,69.15,Month-to-month,1,Yes,0.95162404
5134-IKDAY,Low-Value,69.8,Month-to-month,1,Yes,0.95162404
4550-EVXNY,Low-Value,69.65,Month-to-month,1,Yes,0.95162404
7254-IQWOZ,Low-Value,69.65,Month-to-month,1,Yes,0.95162404
3428-XZMAZ,Low-Value,69.35,Month-to-month,1,Yes,0.95162404
4603-JANFB,Low-Value,69.85,Month-to-month,1,Yes,0.95162404
6457-GIRWB,Low-Value,69.35,Month-to-month,1,Yes,0.95162404
4806-HIPDW,Low-Value,68.95,Month-to-month,1,Yes,0.95162404
4510-HIMLV,Low-Value,69.8,Month-to-month,1,Yes,0.95162404
6502-MJQAE,Low-Value,69.6,Month-to-month,1,Yes,0.95162404
0488-GSLFR,Low-Value,69.5,Month-to-month,1,Yes,0.95162404
8166-ZZTFS,High-Value,80.55,Two year,66,Yes,0.95153415
6261-RCVNS,High-Value,73.9,One year,42,Yes,0.9514258
1143-NMNQJ,High-Value,85.7,Month-to-month,2,Yes,0.951192
5013-SBUIH,High-Value,109.65,Two year,50,Yes,0.95111394
9578-VRMNM,Low-Value,65.2,Month-to-month,16,Yes,0.95087284
4912-PIGUY,High-Value,84.6,Month-to-month,1,No,0.95061845
1833-VGRUM,High-Value,74.2,Month-to-month,1,Yes,0.9500938
3254-YRILK,High-Value,88.2,Month-to-month,19,Yes,0.95007336
1899-VXWXM,High-Value,106.1,One year,48,Yes,0.9497377
1481-ZUWZA,High-Value,94.5,Month-to-month,28,Yes,0.9494214
4628-CTTLA,Low-Value,39.3,Month-to-month,57,Yes,0.9493655
0691-IFBQW,High-Value,110.0,One year,46,Yes,0.9492192
6818-WOBHJ,High-Value,89.6,Month-to-month,68,Yes,0.9489645
4102-OQUPX,High-Value,74.4,Month-to-month,1,Yes,0.9488122
4501-EQDRN,Low-Value,69.7,Month-to-month,1,Yes,0.9486906
1084-UQCHV,Low-Value,69.75,Month-to-month,1,Yes,0.9486906
5590-BYNII,High-Value,100.75,Month-to-month,22,Yes,0.9484672
0504-HHAPI,High-Value,88.3,Month-to-month,27,Yes,0.9479943
0623-IIHUG,Low-Value,41.9,Month-to-month,21,Yes,0.9479243
0786-VSSUD,Low-Value,39.0,Month-to-month,16,Yes,0.94791085
4110-PFEUZ,Low-Value,69.55,Month-to-month,1,Yes,0.947543
7908-QCBCA,Low-Value,69.4,Month-to-month,1,Yes,0.947543
1086-LXKFY,Low-Value,69.1,Month-to-month,1,Yes,0.947543
5884-GCYMI,Low-Value,69.4,Month-to-month,1,Yes,0.947543
8775-ERLNB,High-Value,74.3,Month-to-month,1,No,0.94696426
8372-JUXUI,High-Value,74.35,Month-to-month,1,Yes,0.9466428
8816-VXNZD,High-Value,75.1,Month-to-month,1,Yes,0.9466428
2632-UCGVD,High-Value,100.05,Month-to-month,66,Yes,0.9460765
9223-UCPVT,High-Value,94.4,Month-to-month,1,Yes,0.9457417
3006-XIMLN,High-Value,94.2,Month-to-month,2,Yes,0.9457108
2856-HYAPG,Low-Value,68.65,Month-to-month,1,Yes,0.94544476
6416-TVAIH,Low-Value,68.5,Month-to-month,1,Yes,0.94544476
8086-OVPWV,High-Value,80.2,Month-to-month,2,Yes,0.94507486
5828-AVIPD,High-Value,100.95,One year,19,Yes,0.94490874
7774-OJSXI,High-Value,103.45,One year,31,Yes,0.94476485
5889-JTMUL,High-Value,95.05,Month-to-month,50,Yes,0.94382703
9412-ARGBX,High-Value,95.5,Two year,48,Yes,0.94366384
2737-YNGYW,High-Value,80.55,Month-to-month,2,Yes,0.9435872
2074-GKOWZ,High-Value,89.55,Month-to-month,2,Yes,0.94338596
7903-CMPEY,High-Value,80.3,Month-to-month,1,Yes,0.9426686
5299-SJCZT,High-Value,101.55,Month-to-month,3,Yes,0.9425248
5275-SQEIZ,High-Value,80.85,Month-to-month,1,Yes,0.9422362
6015-VVHHE,High-Value,83.15,Month-to-month,5,Yes,0.94200075
7721-JXEAW,Low-Value,41.05,Month-to-month,59,Yes,0.94191444
0643-OKLRP,High-Value,80.35,Month-to-month,47,Yes,0.94151103
6029-WTIPC,High-Value,101.1,Month-to-month,37,Yes,0.9413352
8972-HJWNV,High-Value,84.55,Month-to-month,7,Yes,0.94030166
4659-NZRUF,High-Value,95.15,Month-to-month,19,Yes,0.939909
4274-OWWYO,High-Value,74.35,Month-to-month,1,Yes,0.9395413
6496-SLWHQ,High-Value,105.0,Month-to-month,3,Yes,0.939435
3494-JCHRQ,Low-Value,70.05,Month-to-month,1,Yes,0.9392146
2262-SLNVK,Low-Value,70.1,Month-to-month,1,No,0.9392146
4702-IOQDC,Low-Value,70.1,Month-to-month,1,Yes,0.9392146
2656-TABEH,High-Value,100.2,Month-to-month,4,Yes,0.9391171
4988-IQIGL,High-Value,75.35,Month-to-month,1,Yes,0.93911153
0684-AOSIH,High-Value,95.0,Month-to-month,1,Yes,0.9387191
0565-IYCGT,High-Value,78.6,One year,69,Yes,0.93823826
5376-DEQCP,High-Value,70.6,Month-to-month,1,Yes,0.93820024
3551-HUAZH,High-Value,74.4,Month-to-month,1,Yes,0.9379824
0723-DRCLG,High-Value,74.45,Month-to-month,1,Yes,0.9379824
6326-MTTXK,High-Value,100.85,Month-to-month,8,Yes,0.937312
0280-XJGEX,High-Value,103.7,Month-to-month,49,Yes,0.93711686
9514-JDSKI,Low-Value,40.2,Month-to-month,1,Yes,0.9370621
6474-FVJLC,High-Value,86.0,Month-to-month,2,Yes,0.93666804
3186-BAXNB,High-Value,91.7,Month-to-month,1,Yes,0.9364447
4106-HADHQ,High-Value,80.0,One year,39,Yes,0.93626034
0378-XSZPU,Low-Value,60.3,One year,58,Yes,0.93591154
1157-BQCUW,High-Value,74.95,Month-to-month,1,Yes,0.9354759
7180-PISOG,High-Value,74.5,Month-to-month,1,Yes,0.9354759
5834-ASPWA,High-Value,75.45,Month-to-month,1,Yes,0.9354759
4415-IJZTP,High-Value,74.5,Month-to-month,1,Yes,0.9354759
9787-XVQIU,High-Value,75.3,Month-to-month,1,Yes,0.9354759
6358-LYNGM,High-Value,74.9,Month-to-month,1,Yes,0.9354759
1452-VOQCH,High-Value,75.1,Month-to-month,1,No,0.9354759
0612-RTZZA,Low-Value,25.25,Month-to-month,1,Yes,0.93538225
1768-ZAIFU,Low-Value,25.2,Month-to-month,1,Yes,0.93538225
9492-TOKRI,High-Value,90.0,Month-to-month,18,Yes,0.9353518
7409-KIUTL,High-Value,71.0,Month-to-month,1,Yes,0.93531686
9190-MFJLN,High-Value,95.9,Month-to-month,19,Yes,0.9352204
7486-KSRVI,High-Value,100.0,One year,43,Yes,0.93517035
1010-DIAUQ,High-Value,96.5,Month-to-month,5,Yes,0.9350857
4750-ZRXIU,High-Value,84.6,Month-to-month,4,Yes,0.9349273
9878-TNQGW,High-Value,80.95,Month-to-month,2,Yes,0.9347334
6230-BSUXY,High-Value,85.0,Month-to-month,1,Yes,0.93459415
6175-IRFIT,High-Value,78.75,Month-to-month,5,No,0.9343379
3198-VELRD,High-Value,84.75,Month-to-month,3,Yes,0.9342502
4831-EOBFE,High-Value,94.65,Month-to-month,29,Yes,0.93419814
1724-BQUHA,High-Value,89.5,Month-to-month,5,Yes,0.93391204
6161-UUUTA,High-Value,79.9,Month-to-month,3,Yes,0.9333094
0515-YPMCW,High-Value,70.45,Month-to-month,1,Yes,0.93306637
3143-ILDAL,High-Value,94.45,Month-to-month,56,Yes,0.9330601
7024-OHCCK,High-Value,93.85,Month-to-month,2,Yes,0.93217754
3422-LYEPQ,High-Value,71.0,Month-to-month,1,Yes,0.93208224
1977-STDKI,High-Value,73.0,Month-to-month,1,Yes,0.9320027
5318-IXUZF,High-Value,87.15,Month-to-month,2,Yes,0.93182236
3427-GGZZI,High-Value,89.1,Month-to-month,19,No,0.93156356
4441-NIHPT,High-Value,74.3,Month-to-month,13,Yes,0.93156046
0471-LVHGK,High-Value,73.0,One year,41,Yes,0.93129903
1628-BIZYP,High-Value,85.0,Month-to-month,1,No,0.93093246
8761-NSOBC,High-Value,100.55,Month-to-month,44,Yes,0.93085456
6979-ZNSFF,High-Value,87.05,Month-to-month,8,Yes,0.9307528
0616-ATFGB,Low-Value,25.05,Month-to-month,1,Yes,0.9305963
0023-HGHWL,Low-Value,25.1,Month-to-month,1,Yes,0.9305963
7932-WPTDS,Low-Value,24.8,Month-to-month,1,Yes,0.9305963
1862-SKORY,Low-Value,39.3,Month-to-month,40,Yes,0.9303812
6284-AHOOQ,High-Value,90.5,Month-to-month,22,Yes,0.9301633
7943-RQCHR,High-Value,94.75,Month-to-month,9,Yes,0.9300495
8739-XNIKG,High-Value,84.0,Month-to-month,5,No,0.9300114
4234-XTNEA,High-Value,79.95,Month-to-month,2,No,0.92942697
2612-RRIDN,High-Value,81.0,Month-to-month,4,Yes,0.92821544
7548-SEPYI,High-Value,96.25,Month-to-month,5,Yes,0.92812085
5480-TBGPH,High-Value,99.3,Month-to-month,24,Yes,0.9279581
8779-QRDMV,Low-Value,39.65,Month-to-month,1,Yes,0.9276392
6513-EECDB,High-Value,73.55,Month-to-month,1,Yes,0.9273615
8473-VUVJN,High-Value,73.65,Month-to-month,1,Yes,0.9273615
8382-SHQEH,High-Value,84.9,Month-to-month,8,Yes,0.9269584
9488-HGMJH,High-Value,71.15,Month-to-month,1,Yes,0.9267046
8621-MNIHH,High-Value,94.25,Month-to-month,34,Yes,0.926348
6110-OHIHY,High-Value,79.25,Month-to-month,3,Yes,0.92617136
8593-WHYHV,High-Value,85.3,Month-to-month,3,Yes,0.92617136
1587-FKLZB,High-Value,99.5,Month-to-month,66,Yes,0.9259216
6772-KSATR,High-Value,81.7,Month-to-month,1,Yes,0.9258038
2276-YDAVZ,High-Value,75.1,Month-to-month,3,Yes,0.9257396
9804-ICWBG,Low-Value,69.9,Month-to-month,1,Yes,0.92534393
5583-SXDAG,Low-Value,70.0,Month-to-month,1,Yes,0.92534393
5875-YPQFJ,Low-Value,69.9,Month-to-month,1,Yes,0.92534393
5542-TBBWB,Low-Value,69.9,Month-to-month,1,No,0.92534393
7153-OANIO,Low-Value,69.95,Month-to-month,1,Yes,0.92534393
0328-GRPMV,Low-Value,70.1,Month-to-month,1,Yes,0.92534393
1853-UDXBW,Low-Value,70.0,Month-to-month,1,Yes,0.92534393
7056-IMHCC,High-Value,101.9,Month-to-month,53,Yes,0.92510116
1465-VINDH,High-Value,102.1,Month-to-month,10,Yes,0.92470545
1389-CXMLU,High-Value,91.05,Month-to-month,3,Yes,0.92440045
5380-AFSSK,High-Value,93.9,Month-to-month,5,Yes,0.92428327
1846-XWOQN,Low-Value,70.15,Month-to-month,1,Yes,0.9242298
3746-EUBYR,High-Value,74.6,Month-to-month,1,Yes,0.9241657
7615-ESMYF,Low-Value,44.6,Month-to-month,2,Yes,0.9241364
6861-XWTWQ,High-Value,99.25,Month-to-month,7,Yes,0.92400277
2748-MYRVK,High-Value,99.9,One year,63,Yes,0.9236845
4628-WQCQQ,High-Value,85.15,One year,35,Yes,0.92357785
2506-CLAKW,High-Value,98.15,Month-to-month,6,Yes,0.9233577
4488-KQFDT,High-Value,103.95,One year,61,No,0.9233178
2446-BEGGB,High-Value,98.25,Month-to-month,6,Yes,0.9233152
8042-JVNFH,High-Value,71.35,Month-to-month,1,Yes,0.9228154
0511-JTEOY,High-Value,71.1,Month-to-month,1,Yes,0.9228154
6502-HCJTI,High-Value,94.7,Month-to-month,7,Yes,0.92266315
3276-HDUEG,High-Value,75.05,Month-to-month,1,Yes,0.9225144
3834-XUIFC,High-Value,85.2,Month-to-month,7,Yes,0.9224889
2982-IHMFT,High-Value,74.45,Month-to-month,1,Yes,0.92247635
3992-YWPKO,High-Value,109.9,Month-to-month,6,Yes,0.922396
9053-JZFKV,High-Value,116.2,Two year,67,Yes,0.92221814
1415-YFWLT,High-Value,89.3,Month-to-month,1,Yes,0.92133534
4822-RVYBB,High-Value,100.6,Month-to-month,8,Yes,0.9212223
3097-NQYSN,High-Value,86.85,Month-to-month,2,Yes,0.92109424
7314-OXENN,High-Value,82.0,Month-to-month,2,Yes,0.9209825
3177-LASXD,High-Value,71.35,Month-to-month,1,Yes,0.9209573
2920-RNCEZ,Low-Value,69.95,Month-to-month,1,No,0.9209492
5458-CQJTA,High-Value,74.8,Two year,65,Yes,0.9208883
5204-QZXPU,Low-Value,39.65,Month-to-month,19,Yes,0.9208083
8433-WXGNA,High-Value,75.7,Month-to-month,2,Yes,0.9206174
9944-HKVVB,High-Value,95.1,Month-to-month,3,Yes,0.9205753
3387-VATUS,High-Value,94.85,Month-to-month,5,Yes,0.9203498
9444-JTXHZ,High-Value,76.2,Month-to-month,1,Yes,0.92029655
6910-HADCM,High-Value,76.35,Month-to-month,1,Yes,0.92029655
4803-AXVYP,High-Value,99.55,Month-to-month,38,Yes,0.92012304
2474-BRUCM,High-Value,101.85,Month-to-month,40,Yes,0.92000145
5244-IRFIH,High-Value,94.5,Month-to-month,33,Yes,0.91996765
9546-CQJSU,High-Value,91.4,Month-to-month,2,Yes,0.91941285
9381-NDKME,Low-Value,40.65,Month-to-month,24,Yes,0.91937476
3066-RRJIO,Low-Value,69.95,Month-to-month,1,Yes,0.9192339
1062-LHZOD,Low-Value,69.9,Month-to-month,1,Yes,0.9192339
7234-FECYN,High-Value,101.35,Month-to-month,8,Yes,0.91917914
8348-HFYIV,Low-Value,49.25,Month-to-month,2,Yes,0.9190758
3643-AHCFP,High-Value,95.6,Month-to-month,7,Yes,0.91854185
2969-QWUBZ,Low-Value,51.4,Month-to-month,2,No,0.9184307
1496-GGSUK,Low-Value,25.7,Month-to-month,1,Yes,0.91835046
0661-XEYAN,Low-Value,25.8,Month-to-month,1,Yes,0.91835046
2382-BCKQJ,High-Value,100.15,One year,62,Yes,0.9181648
9050-QLROH,High-Value,90.7,Month-to-month,18,Yes,0.91756654
8380-PEFPE,High-Value,71.65,Month-to-month,1,Yes,0.9174196
1031-IIDEO,High-Value,70.85,Month-to-month,1,Yes,0.9174196
1640-PLFMP,Low-Value,70.25,Month-to-month,1,No,0.9174196
4759-TRPLW,High-Value,70.4,Month-to-month,1,Yes,0.9174196
3244-DCJWY,Low-Value,70.25,Month-to-month,1,Yes,0.9174196
2446-PLQVO,Low-Value,70.3,Month-to-month,1,Yes,0.9174196
1915-IOFGU,High-Value,70.5,Month-to-month,1,Yes,0.9174196
7465-ZZRVX,High-Value,70.35,Month-to-month,1,No,0.9174196
6653-CBBOM,Low-Value,70.3,Month-to-month,1,Yes,0.9174196
2645-QTLMB,High-Value,94.25,Month-to-month,7,Yes,0.9172892
2990-HWIML,High-Value,89.5,Month-to-month,6,Yes,0.9171928
6229-LSCKB,High-Value,79.7,Month-to-month,6,No,0.91705906
5561-NWEVX,High-Value,79.2,Month-to-month,2,Yes,0.9170436
1583-IHQZE,High-Value,112.95,Month-to-month,12,Yes,0.9170385
4847-TAJYI,High-Value,89.35,Month-to-month,6,No,0.91661495
6702-OHFWR,Low-Value,43.3,Month-to-month,1,Yes,0.9165173
7133-VBDCG,High-Value,79.85,Month-to-month,25,Yes,0.9163357
0231-LXVAP,High-Value,75.9,Month-to-month,1,Yes,0.9162231
0533-BNWKF,High-Value,85.45,Month-to-month,55,Yes,0.9160276
3192-NQECA,High-Value,110.0,Two year,68,Yes,0.915824
1925-TIBLE,High-Value,86.5,Month-to-month,7,Yes,0.9158022
0196-VULGZ,High-Value,84.35,Month-to-month,6,Yes,0.9157245
2321-OMBXY,High-Value,80.3,One year,38,Yes,0.9157062
7563-BIUPC,High-Value,80.6,Month-to-month,5,Yes,0.91563135
2930-UOTMB,Low-Value,65.25,Month-to-month,31,Yes,0.9155669
7216-EWTRS,High-Value,100.8,Month-to-month,1,Yes,0.9154485
3329-WDIOK,Low-Value,50.6,Month-to-month,3,Yes,0.9150084
4489-SNOJF,High-Value,72.25,Month-to-month,35,Yes,0.9147951
2834-SPCJV,High-Value,84.1,Month-to-month,52,Yes,0.9147889
3811-VBYBZ,High-Value,99.8,Month-to-month,7,Yes,0.9146067
2619-WFQWU,Low-Value,70.15,Month-to-month,1,Yes,0.9145216
1200-TUZHR,High-Value,85.2,Month-to-month,8,No,0.91448766
9399-APLBT,High-Value,74.7,Month-to-month,1,Yes,0.914149
9840-EFJQB,High-Value,74.35,Month-to-month,1,No,0.914149
3765-JXVKY,High-Value,74.7,Month-to-month,1,Yes,0.914149
5054-IEXZT,High-Value,75.35,Month-to-month,1,Yes,0.914149
7480-QNVZJ,High-Value,95.7,Month-to-month,50,Yes,0.9138664
6356-ELRKD,High-Value,95.6,Month-to-month,1,Yes,0.913721
3068-OMWZA,High-Value,88.8,Month-to-month,1,Yes,0.9132161
6108-OQZDQ,High-Value,97.95,Month-to-month,4,Yes,0.91314703
4905-JEFDW,Low-Value,41.6,One year,11,Yes,0.91303164
9894-EZEWG,High-Value,74.3,Month-to-month,1,Yes,0.91203225
5567-WSELE,High-Value,94.6,Month-to-month,3,Yes,0.91193426
5597-GLBUC,High-Value,85.45,Month-to-month,1,Yes,0.91131234
2968-SSGAA,High-Value,100.6,Month-to-month,10,Yes,0.91089207
3874-EQOEP,High-Value,95.0,Month-to-month,7,Yes,0.91075075
2157-MXBJS,High-Value,75.3,One year,13,Yes,0.9107446
9985-MWVIX,Low-Value,70.15,Month-to-month,1,Yes,0.91072375
5087-SUURX,Low-Value,39.05,Month-to-month,18,Yes,0.9107083
3707-GNWHM,High-Value,74.25,Month-to-month,1,Yes,0.91014224
6345-ULYRW,High-Value,88.4,One year,44,Yes,0.91010666
7938-OUHIO,High-Value,98.7,Month-to-month,3,Yes,0.91009027
2013-SGDXK,High-Value,84.3,Month-to-month,1,Yes,0.90992415
3091-FYHKI,Low-Value,35.45,Month-to-month,1,Yes,0.9098526
3841-CONLJ,Low-Value,35.0,Month-to-month,1,No,0.9098526
5378-IKEEG,Low-Value,35.75,Month-to-month,1,Yes,0.9098526
0375-HVGXO,Low-Value,34.7,Month-to-month,1,Yes,0.9098526
0841-NULXI,Low-Value,35.55,Month-to-month,1,Yes,0.9098526
7854-FOKSF,Low-Value,35.9,Month-to-month,1,Yes,0.9098526
7890-VYYWG,Low-Value,36.45,Month-to-month,3,Yes,0.90922695
2202-CUYXZ,High-Value,84.85,Month-to-month,1,Yes,0.9090678
6877-TJMBR,High-Value,84.8,Month-to-month,1,Yes,0.9090678
1122-JWTJW,High-Value,70.65,Month-to-month,1,Yes,0.9090017
8040-MNRTF,High-Value,71.1,Month-to-month,1,No,0.9090017
1980-KXVPM,High-Value,75.05,Month-to-month,3,Yes,0.9089903
9249-FXSCK,High-Value,111.25,One year,52,Yes,0.9089721
2911-UREFD,Low-Value,55.9,Month-to-month,39,Yes,0.9087646
6101-IMRMM,High-Value,94.5,Month-to-month,6,Yes,0.9087291
6210-KBBPI,High-Value,99.45,Month-to-month,9,Yes,0.9087182
2789-HQBOU,High-Value,80.35,Month-to-month,3,No,0.90860605
7459-RRWQZ,Low-Value,64.65,Month-to-month,15,Yes,0.9084417
6437-UKHMV,High-Value,79.7,Month-to-month,7,Yes,0.9080761
9317-WZPGV,High-Value,79.75,Month-to-month,2,Yes,0.90731204
0748-RDGGM,High-Value,109.5,One year,70,Yes,0.90724623
1273-MTETI,High-Value,88.85,Month-to-month,4,Yes,0.90724206
9451-LPGOO,High-Value,86.8,Month-to-month,7,Yes,0.90723956
2237-ZFSMY,High-Value,95.55,One year,39,Yes,0.90714604
1981-INRFU,High-Value,79.75,Month-to-month,2,Yes,0.90709466
8357-EQXFO,High-Value,95.35,Month-to-month,7,Yes,0.90701336
0637-KVDLV,High-Value,76.5,Month-to-month,2,Yes,0.9069291
5057-LCOUI,Low-Value,50.75,Month-to-month,39,Yes,0.9065306
7683-CBDKJ,Low-Value,65.45,Month-to-month,14,Yes,0.9063749
5032-MIYKT,High-Value,70.7,Month-to-month,1,No,0.9063533
6140-QNRQQ,High-Value,71.55,Month-to-month,1,Yes,0.9063533
0151-ONTOV,High-Value,70.9,Month-to-month,1,Yes,0.9063533
0519-XUZJU,High-Value,70.75,Month-to-month,1,Yes,0.9063533
0968-GSIKN,High-Value,70.8,Month-to-month,1,Yes,0.9063533
5940-AHUHD,High-Value,70.6,Month-to-month,1,Yes,0.9063533
9617-INGJY,High-Value,70.6,Month-to-month,1,No,0.9063533
4143-OOBWZ,High-Value,81.3,Month-to-month,5,Yes,0.9060944
7779-LGOVN,High-Value,86.65,Month-to-month,10,Yes,0.9060506
3247-ZVOUO,High-Value,85.55,Month-to-month,10,Yes,0.9060506
0133-BMFZO,High-Value,86.25,Month-to-month,2,Yes,0.9060037
9897-KXHCM,High-Value,80.3,Month-to-month,3,Yes,0.9056793
0697-ZMSWS,High-Value,85.65,Month-to-month,4,Yes,0.90567076
3878-AVSOQ,High-Value,71.25,Month-to-month,1,No,0.9051751
0021-IKXGC,High-Value,72.1,Month-to-month,1,No,0.9051751
8644-XLFBW,High-Value,71.65,Month-to-month,1,Yes,0.9051751
3489-HHPFY,High-Value,84.05,Month-to-month,2,No,0.90492874
1254-IZEYF,High-Value,99.95,Month-to-month,31,Yes,0.9048657
3722-WPXTK,High-Value,88.35,Month-to-month,1,Yes,0.9047753
7273-TEFQD,Low-Value,41.15,Month-to-month,3,Yes,0.9044609
0219-YTZUE,High-Value,84.8,Month-to-month,4,Yes,0.9044054
0754-UKWQP,High-Value,95.85,Month-to-month,2,Yes,0.9043088
6618-RYATB,High-Value,79.55,Month-to-month,1,Yes,0.9040992
2038-LLMLM,High-Value,103.85,Month-to-month,48,No,0.90391374
2683-BPJSO,High-Value,84.45,Month-to-month,29,Yes,0.9038882
8058-JMEQO,High-Value,84.45,Month-to-month,9,Yes,0.90368706
3585-ISXZP,High-Value,95.65,Month-to-month,8,Yes,0.90336514
2205-YMZZJ,High-Value,84.8,Month-to-month,7,Yes,0.9031821
4248-QPAVC,High-Value,85.35,Month-to-month,17,Yes,0.9031789
4184-TJFAN,High-Value,88.3,Month-to-month,3,Yes,0.9024369
3677-IYRBF,Low-Value,30.4,Month-to-month,2,Yes,0.9023609
3167-SNQPL,High-Value,101.15,Month-to-month,38,No,0.9022011
4439-JMPMT,High-Value,85.75,Month-to-month,5,Yes,0.9020313
8000-REIQB,Low-Value,69.95,Month-to-month,1,Yes,0.9018907
9603-OAIHC,Low-Value,70.05,Month-to-month,1,No,0.9018907
6313-GIDIT,Low-Value,54.45,Month-to-month,53,Yes,0.90177524
5180-UCIIQ,Low-Value,40.05,Month-to-month,22,Yes,0.9014225
4791-QRGMF,High-Value,99.5,One year,59,Yes,0.90105736
1343-EHPYB,High-Value,103.4,Month-to-month,63,Yes,0.90071315
7330-WZLNC,High-Value,90.8,Month-to-month,5,Yes,0.90041023
6630-UJZMY,High-Value,83.25,Month-to-month,4,No,0.8999173
0702-PGIBZ,High-Value,101.7,Month-to-month,4,Yes,0.8998682
9050-IKDZA,High-Value,81.5,Month-to-month,2,No,0.89956707
1866-OBPNR,High-Value,74.6,Month-to-month,1,No,0.89950216
9305-CDSKC,High-Value,99.65,Month-to-month,8,Yes,0.8994034
5842-POCOP,High-Value,88.9,Month-to-month,5,Yes,0.899054
6892-EZDTG,High-Value,91.65,Month-to-month,4,Yes,0.898801
4060-LDNLU,High-Value,96.2,Month-to-month,7,No,0.8984401
4529-CKBCL,High-Value,80.2,Month-to-month,2,Yes,0.8982665
7817-BOQPW,High-Value,75.55,Month-to-month,2,Yes,0.8981234
3249-ZPQRG,High-Value,78.45,Month-to-month,4,Yes,0.897972
0742-NXBGR,High-Value,82.3,Month-to-month,1,Yes,0.89791036
4587-VVTOX,High-Value,105.3,Month-to-month,6,Yes,0.8971978
6127-ISGTU,High-Value,84.95,Month-to-month,16,Yes,0.8971604
9259-PACGQ,Low-Value,62.65,Month-to-month,34,Yes,0.8970054
9250-WYPLL,High-Value,75.55,Month-to-month,5,Yes,0.89669186
5922-ABDVO,High-Value,89.65,Month-to-month,19,Yes,0.8965916
8481-YYXWG,High-Value,89.35,Month-to-month,5,Yes,0.8959423
8183-ONMXC,High-Value,80.75,Month-to-month,2,Yes,0.89580506
9495-SKLKD,High-Value,95.95,Month-to-month,45,No,0.8957937
4424-TKOPW,High-Value,93.85,Month-to-month,2,Yes,0.895706
4210-QFJMF,High-Value,79.15,Month-to-month,4,Yes,0.8956307
6969-MVBAI,High-Value,90.1,Month-to-month,9,No,0.8952226
3462-BJQQA,High-Value,89.75,Month-to-month,6,No,0.89510363
9907-SWKKF,Low-Value,25.05,Month-to-month,1,Yes,0.8947781
5383-MMTWC,High-Value,84.0,Month-to-month,8,Yes,0.89441794
7760-OYPDY,High-Value,80.65,Month-to-month,2,Yes,0.893891
9689-PTNPG,High-Value,80.25,Month-to-month,2,Yes,0.893891
2737-WFVYW,Low-Value,45.25,Month-to-month,2,Yes,0.89380467
8943-URTMR,High-Value,79.65,Month-to-month,2,Yes,0.8934277
0880-TKATG,High-Value,101.15,Month-to-month,4,Yes,0.892804
4626-GYCZP,High-Value,93.85,Month-to-month,7,Yes,0.8926967
1725-IQNIY,High-Value,109.75,Two year,54,Yes,0.8925535
2485-ITVKB,Low-Value,35.1,Month-to-month,2,Yes,0.8924171
3519-ZKXGG,High-Value,75.85,Month-to-month,3,Yes,0.8921968
5644-PDMZC,High-Value,89.5,Month-to-month,2,Yes,0.8921178
8258-GSTJK,High-Value,77.0,Month-to-month,3,Yes,0.8918421
8051-HJRLT,High-Value,70.55,Month-to-month,1,Yes,0.8917683
9605-WGJVW,Low-Value,70.2,Month-to-month,1,No,0.8917683
1363-TXLSL,Low-Value,70.3,Month-to-month,1,Yes,0.8917683
1941-HOSAM,High-Value,90.1,Month-to-month,1,No,0.89142805
2761-OCIAX,High-Value,74.7,Month-to-month,2,Yes,0.89115
1569-TTNYJ,High-Value,78.75,Month-to-month,5,Yes,0.89113593
0480-BIXDE,High-Value,96.8,Month-to-month,19,No,0.891122
8945-MUQUF,High-Value,94.8,One year,51,Yes,0.8907114
9801-GDWGV,High-Value,103.45,Month-to-month,39,Yes,0.89044726
9367-WXLCH,High-Value,84.5,Month-to-month,8,Yes,0.89030665
4514-GFCFI,High-Value,84.75,Month-to-month,16,Yes,0.8901515
7198-GLXTC,High-Value,79.0,Month-to-month,2,Yes,0.8900157
4581-SSPWD,High-Value,75.8,Month-to-month,3,Yes,0.8899664
4652-NNHNY,High-Value,73.85,Month-to-month,16,Yes,0.88987094
2919-HBCJO,High-Value,76.65,Month-to-month,4,Yes,0.88972664
2642-DTVCO,High-Value,85.05,Month-to-month,9,Yes,0.88946486
4273-MBHYA,High-Value,89.35,Month-to-month,1,No,0.8892895
8413-VONUO,High-Value,95.65,Month-to-month,2,Yes,0.8888363
4695-WJZUE,High-Value,88.55,Month-to-month,2,Yes,0.8886875
7398-SKNQZ,High-Value,94.9,Month-to-month,3,No,0.8885472
2239-JALAW,High-Value,103.25,One year,58,Yes,0.8884896
0812-WUPTB,High-Value,70.85,Month-to-month,1,Yes,0.8884867
1114-CENIM,Low-Value,55.0,Month-to-month,54,Yes,0.88848037
7359-SSBJK,Low-Value,70.2,Two year,64,Yes,0.88825697
3325-FUYCG,High-Value,106.1,One year,28,Yes,0.8882495
3801-HMYNL,High-Value,89.15,Month-to-month,1,Yes,0.8878005
0306-JAELE,High-Value,96.1,Month-to-month,5,Yes,0.8876984
9965-YOKZB,High-Value,83.85,Month-to-month,9,Yes,0.8875978
7394-FKDNK,High-Value,89.45,Month-to-month,9,Yes,0.8868549
5482-PLVPE,Low-Value,24.35,Month-to-month,2,Yes,0.8867291
4927-WWOOZ,High-Value,91.45,Month-to-month,2,No,0.88656116
7363-QTBIW,High-Value,79.75,Month-to-month,9,No,0.8862929
8734-DKSTZ,High-Value,85.95,Month-to-month,10,No,0.8862929
0195-IESCP,High-Value,85.25,Month-to-month,10,Yes,0.8862929
0397-GZBBC,High-Value,93.85,Month-to-month,59,Yes,0.88626164
2691-NZETQ,High-Value,85.35,Month-to-month,9,Yes,0.88615113
7379-FNIUJ,High-Value,100.2,Month-to-month,2,No,0.88612074
7577-SWIFR,High-Value,89.25,Month-to-month,1,No,0.885976
1455-ESIQH,High-Value,89.1,Month-to-month,1,Yes,0.885976
6941-PMGEP,High-Value,80.0,Month-to-month,5,Yes,0.8847615
2369-UAPKZ,High-Value,104.1,Month-to-month,5,Yes,0.88473094
4236-XPXAV,High-Value,99.15,Month-to-month,5,Yes,0.884306
0378-TOVMS,High-Value,85.8,Month-to-month,3,Yes,0.88429517
0235-KGSLC,High-Value,85.55,Month-to-month,1,Yes,0.8838829
6956-SMUCM,High-Value,99.0,Month-to-month,3,Yes,0.8838726
2951-QOQTK,High-Value,80.8,Month-to-month,4,Yes,0.8837635
8861-HGGKB,High-Value,86.45,Month-to-month,10,Yes,0.8836198
6996-KNSML,High-Value,74.9,Month-to-month,1,Yes,0.8832828
3217-FZDMN,High-Value,94.45,Month-to-month,8,Yes,0.8828517
3727-RJMEO,High-Value,82.85,Month-to-month,6,Yes,0.882819
4013-TLDHQ,High-Value,78.25,Month-to-month,19,Yes,0.88275707
9909-IDLEK,High-Value,96.8,Month-to-month,20,No,0.8815064
7495-OOKFY,High-Value,80.65,Month-to-month,8,Yes,0.8814331
0781-LKXBR,High-Value,100.5,Month-to-month,9,Yes,0.8809866
0362-ZBZWJ,High-Value,84.9,Month-to-month,36,Yes,0.8809167
6376-GAHQE,High-Value,77.85,Month-to-month,4,Yes,0.8806342
4929-XIHVW,High-Value,95.5,Month-to-month,2,No,0.88025534
0822-GAVAP,Low-Value,34.7,Month-to-month,2,Yes,0.87963563
8414-MYSHR,High-Value,91.4,Month-to-month,5,Yes,0.879483
8752-STIVR,High-Value,79.0,Month-to-month,4,Yes,0.8793671
2959-MJHIC,High-Value,80.35,Month-to-month,4,Yes,0.8793671
5729-KLZAR,High-Value,80.85,Month-to-month,4,Yes,0.8793671
3763-GCZHZ,High-Value,104.05,One year,66,Yes,0.8792395
3440-JPSCL,High-Value,99.95,Month-to-month,6,Yes,0.8790853
0390-DCFDQ,High-Value,70.45,Month-to-month,1,Yes,0.878768
9681-OXGVC,High-Value,100.5,Month-to-month,5,Yes,0.87842304
9835-ZIITK,High-Value,110.85,One year,66,Yes,0.8779965
5138-WVKYJ,High-Value,98.55,Month-to-month,10,Yes,0.8774467
4086-YQSNZ,High-Value,80.4,Month-to-month,3,Yes,0.877255
0337-CNPZE,High-Value,106.3,Month-to-month,41,Yes,0.87684184
8591-TKMZH,High-Value,111.1,Two year,59,No,0.8768354
6038-GCYEC,Low-Value,54.15,Month-to-month,24,Yes,0.876749
0334-GDDSO,High-Value,81.35,Month-to-month,3,Yes,0.8762259
6168-WFVVF,Low-Value,70.3,Month-to-month,3,Yes,0.8762259
2984-AFWNC,High-Value,95.4,Month-to-month,3,No,0.8760804
4445-ZJNMU,High-Value,99.3,Month-to-month,9,No,0.8758611
6890-PFRQX,Low-Value,69.5,Month-to-month,18,No,0.8757303
4631-OACRM,High-Value,79.4,Month-to-month,15,Yes,0.8754951
9095-HFAFX,High-Value,81.0,Month-to-month,5,Yes,0.87502563
1704-NRWYE,High-Value,80.85,Month-to-month,9,Yes,0.874768
9274-CNFMO,High-Value,74.95,Month-to-month,4,Yes,0.8746905
7576-OYWBN,High-Value,76.05,Month-to-month,3,Yes,0.8746905
5698-BQJOH,High-Value,94.4,Month-to-month,9,Yes,0.87458533
8080-DDEMJ,Low-Value,45.1,Month-to-month,1,Yes,0.874569
6172-FECYY,High-Value,84.5,Month-to-month,49,Yes,0.8745356
9231-ZJYAM,High-Value,78.85,Month-to-month,4,Yes,0.8744147
1731-TVIUK,High-Value,93.5,Month-to-month,4,Yes,0.87440485
7734-DBOAI,Low-Value,40.1,Month-to-month,1,Yes,0.87397885
5868-YWPDW,High-Value,84.2,Month-to-month,6,Yes,0.8739568
6689-TCZHQ,High-Value,78.95,Month-to-month,5,Yes,0.87388587
8309-IEYJD,High-Value,70.6,Month-to-month,1,No,0.87305135
2636-OHFMN,Low-Value,48.55,Month-to-month,4,Yes,0.8730218
1555-DJEQW,High-Value,114.2,Two year,70,Yes,0.8726411
5569-KGJHX,High-Value,85.35,Month-to-month,9,Yes,0.8723967
9102-IAYHT,High-Value,85.45,Month-to-month,17,Yes,0.87216645
1678-FYZOW,High-Value,79.4,Month-to-month,3,Yes,0.8720768
7638-QVMVY,High-Value,79.0,Month-to-month,7,Yes,0.87195283
2026-TGDHM,High-Value,79.3,Month-to-month,7,Yes,0.87195283
0925-VYDLG,High-Value,75.25,Month-to-month,3,Yes,0.8717054
6786-OBWQR,High-Value,80.85,Month-to-month,5,No,0.8716613
4806-KEXQR,High-Value,79.9,Month-to-month,4,Yes,0.87160254
9837-BMCLM,High-Value,78.5,Month-to-month,3,Yes,0.87160254
1689-MRZQR,High-Value,78.3,Month-to-month,34,Yes,0.87117946
2516-VQRRV,High-Value,75.45,Month-to-month,2,Yes,0.8710589
9474-PHLYD,Low-Value,59.45,Month-to-month,15,Yes,0.8709545
1842-EZJMK,High-Value,103.7,Month-to-month,50,Yes,0.8704373
1342-JPNKI,High-Value,86.05,Month-to-month,10,Yes,0.8701434
8808-ELEHO,High-Value,81.25,Month-to-month,8,Yes,0.8698342
5089-IFSDP,High-Value,109.45,Two year,58,Yes,0.869129
2674-MIAHT,High-Value,80.3,Month-to-month,4,No,0.86899096
8225-BTJAU,High-Value,79.25,Month-to-month,10,Yes,0.86852646
6137-NICCO,High-Value,94.05,Month-to-month,6,No,0.868229
8687-BAFGU,High-Value,74.0,Month-to-month,1,No,0.8680708
9763-PDTKK,High-Value,94.4,Month-to-month,4,Yes,0.8680198
6407-UTSLV,High-Value,83.8,Month-to-month,2,No,0.8675177
8361-LTMKD,High-Value,74.4,Month-to-month,4,Yes,0.8673644
4277-PVRAN,High-Value,80.1,Month-to-month,8,Yes,0.8663057
6645-MXQJT,High-Value,97.1,Month-to-month,2,No,0.86626995
6357-JJPQT,High-Value,80.5,Month-to-month,3,No,0.86625224
1184-PJVDB,High-Value,79.95,Month-to-month,10,Yes,0.866062
0581-BXBUB,High-Value,72.75,Month-to-month,4,No,0.8659455
7881-EVUAD,Low-Value,42.6,Month-to-month,2,Yes,0.86581624
0722-TROQR,High-Value,74.9,Month-to-month,4,Yes,0.86576533
0013-EXCHZ,High-Value,83.9,Month-to-month,3,Yes,0.86521006
8212-DJRCH,High-Value,90.35,Month-to-month,5,No,0.86472553
7181-BQYBV,High-Value,102.45,Month-to-month,1,Yes,0.8645096
3389-YGYAI,High-Value,105.5,Month-to-month,8,Yes,0.86438
5445-UTODQ,High-Value,81.1,Month-to-month,7,Yes,0.86432403
3703-VAVCL,High-Value,90.0,Month-to-month,2,Yes,0.864049
2865-TCHJW,High-Value,89.2,Month-to-month,4,Yes,0.86404335
3565-UNOCC,High-Value,99.05,Month-to-month,29,Yes,0.8638699
0407-BDJKB,High-Value,95.75,Month-to-month,60,Yes,0.8634386
5019-GQVCR,High-Value,84.85,Month-to-month,43,No,0.86325663
7541-YLXCL,Low-Value,65.4,One year,36,Yes,0.86319804
6185-TASNN,Low-Value,46.3,Month-to-month,1,No,0.863154
3422-GALYP,High-Value,79.45,Month-to-month,2,No,0.86308676
7242-QZLXF,Low-Value,25.3,Month-to-month,1,Yes,0.8628246
1564-NTYXF,High-Value,82.0,Month-to-month,13,Yes,0.862596
2215-ZAFGX,High-Value,85.5,Month-to-month,9,No,0.8624587
8931-GJJIQ,High-Value,83.3,Month-to-month,9,Yes,0.8624587
9334-GWGOW,High-Value,74.85,Month-to-month,7,No,0.8619394
0325-XBFAC,High-Value,94.7,Month-to-month,8,Yes,0.8618545
9389-ACWBI,Low-Value,69.95,Month-to-month,5,No,0.8618
2379-ENZGV,High-Value,84.85,Month-to-month,6,Yes,0.8617274
7762-URZQH,High-Value,106.05,Two year,66,Yes,0.8615609
8178-EYZUO,High-Value,93.7,Month-to-month,46,Yes,0.86148626
5339-PXDVH,High-Value,90.65,Month-to-month,4,No,0.8613636
5276-KQWHG,Low-Value,69.6,Month-to-month,2,Yes,0.8613325
6000-APYLU,High-Value,80.8,Month-to-month,9,Yes,0.86119854
2799-ARNLO,Low-Value,69.35,Month-to-month,5,No,0.861135
5956-VKDTT,High-Value,74.35,Month-to-month,5,Yes,0.861135
3855-ONCAR,High-Value,78.9,Month-to-month,4,No,0.86102355
1740-CSDJP,Low-Value,35.25,Month-to-month,1,Yes,0.86088896
5502-RLUYV,High-Value,103.95,Month-to-month,69,Yes,0.86064804
2279-AXJJK,High-Value,95.65,Month-to-month,52,No,0.86036414
3754-DXMRT,Low-Value,44.15,Month-to-month,2,Yes,0.86025167
8780-IXSTS,High-Value,90.1,Month-to-month,6,Yes,0.8601786
2037-SGXHH,High-Value,94.65,Month-to-month,38,Yes,0.85998046
0840-DFEZH,High-Value,75.35,Month-to-month,7,No,0.8598343
5229-PRWKT,High-Value,86.55,Month-to-month,8,Yes,0.85972345
7379-POKDZ,Low-Value,70.3,Month-to-month,3,Yes,0.85942423
2815-CPTUL,Low-Value,70.25,Month-to-month,5,Yes,0.8593496
9430-FRQOC,High-Value,87.1,Month-to-month,4,Yes,0.8588812
2272-QAGFO,High-Value,74.3,Month-to-month,14,Yes,0.8587709
4741-WWJQZ,High-Value,80.15,Month-to-month,2,No,0.85852385
6705-LXORM,Low-Value,70.05,Month-to-month,5,No,0.85841006
3223-DWFIO,Low-Value,69.35,Month-to-month,4,No,0.85839766
7074-IEVOJ,High-Value,79.4,Month-to-month,3,Yes,0.85839766
2055-PDADH,High-Value,70.4,Month-to-month,3,Yes,0.85839766
6235-VDHOM,Low-Value,28.45,Month-to-month,5,Yes,0.8583402
4813-HQMGZ,High-Value,90.25,Month-to-month,8,No,0.85831714
1579-KLYDT,High-Value,90.45,Month-to-month,7,Yes,0.85806674
3191-CSNMG,High-Value,80.7,Month-to-month,3,No,0.8580238
7488-MXJIV,High-Value,85.65,Month-to-month,4,Yes,0.8580238
2472-OVKUP,High-Value,91.0,Month-to-month,6,Yes,0.8580023
5889-LFOLL,High-Value,84.6,Month-to-month,13,Yes,0.85792404
6198-ZFIOJ,High-Value,75.6,Month-to-month,5,No,0.85790473
9840-DVNDC,High-Value,80.5,Month-to-month,6,Yes,0.8578021
4951-UKAAQ,High-Value,88.95,Month-to-month,4,Yes,0.8577543
3751-KTZEL,Low-Value,35.05,Month-to-month,1,Yes,0.8576194
9940-RHLFB,High-Value,75.3,Month-to-month,1,Yes,0.85755306
1602-IJQQE,High-Value,75.35,Month-to-month,4,Yes,0.85751605
9490-DFPMD,High-Value,84.65,Month-to-month,42,Yes,0.85700035
4145-UQXUQ,High-Value,92.1,Month-to-month,8,Yes,0.8566458
7112-OPOTK,Low-Value,68.25,Month-to-month,33,Yes,0.8561218
7137-RYLPP,High-Value,85.7,Month-to-month,37,Yes,0.85603344
2718-GAXQD,Low-Value,46.0,Month-to-month,4,Yes,0.8559302
4404-HIBDJ,High-Value,74.3,One year,25,Yes,0.85582966
5804-LEPIM,High-Value,70.35,Month-to-month,2,Yes,0.8557911
0258-NOKBL,High-Value,90.4,Month-to-month,3,No,0.85520947
9940-HPQPG,High-Value,91.75,Month-to-month,9,Yes,0.85462594
3370-HXOPH,High-Value,76.1,Month-to-month,3,No,0.8545128
3318-NMQXL,High-Value,92.0,Month-to-month,3,No,0.85450506
7598-UAASY,High-Value,76.4,Month-to-month,2,Yes,0.8536838
1304-NECVQ,High-Value,78.55,Month-to-month,2,Yes,0.8536778
1334-FJSVR,Low-Value,24.25,Month-to-month,1,Yes,0.85361665
2424-WVHPL,High-Value,74.7,Month-to-month,1,No,0.85359025
3672-YITQD,High-Value,84.1,Month-to-month,36,Yes,0.85358113
4585-HETAI,High-Value,73.75,Month-to-month,4,Yes,0.85355663
5570-PTWEH,High-Value,75.15,Month-to-month,3,Yes,0.8532133
5349-IECLD,High-Value,94.95,Month-to-month,2,Yes,0.8530291
4229-CZMLL,High-Value,74.9,Month-to-month,6,Yes,0.85296524
5168-MSWXT,High-Value,94.75,Month-to-month,8,No,0.85244226
8111-RKSPX,High-Value,72.2,Month-to-month,4,Yes,0.852101
7786-WBJYI,High-Value,77.95,Month-to-month,4,Yes,0.852101
8132-YPVBX,High-Value,85.95,Month-to-month,6,No,0.8519777
1196-AMORA,High-Value,73.6,Month-to-month,7,Yes,0.8516516
6918-UMQCG,High-Value,80.2,Month-to-month,5,No,0.8516231
4174-LPGTI,Low-Value,66.5,One year,41,Yes,0.8516135
9667-EQRXU,Low-Value,40.3,Month-to-month,30,Yes,0.8514173
3496-LFSZU,High-Value,70.5,Month-to-month,4,No,0.8513496
4749-OJKQU,High-Value,75.65,Month-to-month,4,No,0.8513496
7693-LCKZL,High-Value,80.15,Month-to-month,5,Yes,0.8513496
7341-LXCAF,High-Value,74.65,Month-to-month,4,Yes,0.8513496
0876-WDUUZ,High-Value,85.4,Month-to-month,5,Yes,0.8511729
2260-USTRB,Low-Value,70.2,Month-to-month,2,Yes,0.851165
6352-TWCAU,High-Value,86.45,Month-to-month,35,Yes,0.8508453
7586-ZATGZ,High-Value,84.9,Month-to-month,40,No,0.850808
9633-XQABV,Low-Value,70.25,Month-to-month,3,No,0.84982467
0404-SWRVG,High-Value,74.4,Month-to-month,3,Yes,0.84982467
0302-JOIVN,High-Value,101.15,Month-to-month,8,Yes,0.84968114
7931-PXHFC,Low-Value,62.3,One year,38,Yes,0.84967685
5980-NOPLP,High-Value,96.1,Month-to-month,44,Yes,0.84941614
0094-OIFMO,High-Value,95.0,Month-to-month,11,Yes,0.84934217
0719-SYFRB,Low-Value,61.65,Month-to-month,12,Yes,0.8490929
8185-UPYBR,High-Value,75.5,Month-to-month,6,Yes,0.8488211
3877-JRJIP,Low-Value,59.85,Month-to-month,1,Yes,0.84824485
5673-FSSMF,Low-Value,60.15,Month-to-month,1,Yes,0.84824485
3904-UKFRE,High-Value,80.1,Month-to-month,4,No,0.8475275
4636-QRJKY,High-Value,80.5,Month-to-month,6,Yes,0.84738994
8266-VBFQL,High-Value,90.4,Month-to-month,4,No,0.84733963
1197-BVMVG,High-Value,74.45,Month-to-month,4,No,0.8472853
0644-OQMDK,High-Value,70.65,Month-to-month,4,No,0.8472853
4919-MOAVT,Low-Value,69.65,Month-to-month,3,Yes,0.84698826
0685-MLYYM,High-Value,70.75,Month-to-month,2,Yes,0.8461249
7590-VHVEG,Low-Value,29.85,Month-to-month,1,No,0.8454153
8665-UTDHZ,Low-Value,30.2,Month-to-month,1,Yes,0.8454153
8242-SOQUO,High-Value,84.7,Month-to-month,5,No,0.8452982
5760-FXFVO,High-Value,78.95,Month-to-month,6,No,0.8450558
9741-YLNTD,High-Value,87.95,Month-to-month,6,No,0.8445266
0772-GYEQQ,High-Value,88.35,Month-to-month,3,Yes,0.8444427
6166-ILMNY,Low-Value,69.75,Month-to-month,2,Yes,0.84440774
6712-OAWRH,High-Value,91.25,Month-to-month,26,Yes,0.84433836
3536-IQCTX,High-Value,85.3,Month-to-month,32,Yes,0.84392095
9058-CBREO,Low-Value,50.55,Month-to-month,1,Yes,0.8438553
9696-RMYBA,High-Value,80.1,Month-to-month,5,No,0.8436866
7831-QGOXH,High-Value,85.2,Month-to-month,18,Yes,0.84364605
0018-NYROU,Low-Value,68.95,Month-to-month,5,No,0.84336156
7538-GWHML,Low-Value,69.65,Month-to-month,2,Yes,0.84335303
4290-BSXUX,High-Value,79.65,Month-to-month,3,Yes,0.84317726
6298-QDFNH,High-Value,79.35,Month-to-month,22,Yes,0.8431553
1320-HTRDR,High-Value,75.5,Month-to-month,3,Yes,0.84282833
8128-YVJRG,High-Value,79.65,Month-to-month,7,Yes,0.842604
4090-KPJIP,High-Value,74.95,Month-to-month,3,No,0.8426001
9306-CPCBC,High-Value,74.25,Month-to-month,3,Yes,0.8426001
8676-TRMJS,High-Value,75.0,Month-to-month,3,Yes,0.84243464
4983-CCWMC,Low-Value,69.6,Month-to-month,3,No,0.84243464
1803-BGNBD,Low-Value,54.3,Month-to-month,12,No,0.84232116
6424-ELEYH,High-Value,74.75,Month-to-month,3,Yes,0.84208715
0432-CAJZV,High-Value,90.7,Month-to-month,3,No,0.84167373
8010-EZLOU,High-Value,80.2,Month-to-month,15,Yes,0.84163177
3797-VTIDR,Low-Value,23.45,Month-to-month,1,Yes,0.8415543
0564-JJHGS,High-Value,95.5,Month-to-month,9,Yes,0.84150314
2123-AGEEN,High-Value,84.35,Month-to-month,7,No,0.84115714
2672-DZUOY,Low-Value,25.15,Month-to-month,1,Yes,0.84112257
0988-JRWWP,Low-Value,54.2,Month-to-month,3,No,0.8409945
6711-FLDFB,High-Value,74.9,Month-to-month,7,Yes,0.8409232
0122-OAHPZ,High-Value,73.85,Month-to-month,7,Yes,0.8409232
3420-YJLQT,High-Value,79.55,Month-to-month,2,No,0.8408143
4763-PGDPO,High-Value,70.4,Month-to-month,4,Yes,0.8405739
2135-DQWAQ,High-Value,85.3,Month-to-month,5,No,0.8404779
6435-SRWBJ,High-Value,82.75,Month-to-month,5,No,0.840416
3916-NRPAP,High-Value,85.7,Month-to-month,3,No,0.84011686
7823-JSOAG,High-Value,74.5,Month-to-month,3,No,0.84010834
6680-WKXRZ,High-Value,74.4,Month-to-month,3,Yes,0.84003794
7479-NITWS,High-Value,89.35,Month-to-month,7,Yes,0.8396639
0220-EBGCE,High-Value,85.85,Month-to-month,2,Yes,0.8394773
5419-CONWX,High-Value,99.8,Month-to-month,4,Yes,0.83888334
8642-GVWRF,High-Value,79.7,Month-to-month,2,Yes,0.8386808
1976-CFOCS,Low-Value,46.0,Month-to-month,1,Yes,0.83861935
0947-IDHRQ,High-Value,80.3,Month-to-month,7,Yes,0.8385205
2608-BHKFN,Low-Value,70.05,Month-to-month,4,Yes,0.8384932
2672-HUYVI,High-Value,91.1,Month-to-month,6,Yes,0.83816606
7568-PODML,Low-Value,45.3,Month-to-month,1,Yes,0.83816314
5708-EVONK,High-Value,93.4,Month-to-month,58,Yes,0.8380854
5028-GZLDO,High-Value,70.7,Month-to-month,2,Yes,0.8380773
4510-PYUSH,Low-Value,57.15,Month-to-month,38,Yes,0.8377599
6741-EGCBI,High-Value,90.5,Month-to-month,30,No,0.83775395
9576-ANLXO,Low-Value,69.55,Month-to-month,3,Yes,0.8375135
9398-MMQTO,High-Value,74.45,Month-to-month,3,No,0.8375135
9850-OWRHQ,High-Value,74.1,Month-to-month,3,Yes,0.8375135
5043-TRZWM,High-Value,75.55,Month-to-month,1,No,0.837354
4137-BTIKL,High-Value,90.75,Month-to-month,2,No,0.8372691
3106-ULWFW,High-Value,85.2,Month-to-month,8,Yes,0.8372443
7580-UGXNC,Low-Value,54.85,Month-to-month,2,Yes,0.83721536
9606-PBKBQ,High-Value,85.0,Month-to-month,32,Yes,0.83672005
4587-NUKOX,High-Value,79.1,Month-to-month,3,Yes,0.83670795
5649-ANRML,High-Value,95.1,Month-to-month,2,Yes,0.83600557
4512-ZUIYL,Low-Value,70.0,Month-to-month,2,Yes,0.83600134
9799-CAYJJ,Low-Value,69.3,Month-to-month,2,No,0.8358028
0402-CQAJN,High-Value,101.9,Month-to-month,37,Yes,0.83575445
4706-DGAHW,Low-Value,45.2,Month-to-month,1,No,0.8352959
4629-NRXKX,High-Value,70.4,Month-to-month,2,Yes,0.8351913
9237-HQITU,High-Value,70.7,Month-to-month,2,Yes,0.8351913
2080-GKCWQ,High-Value,74.95,Month-to-month,2,No,0.8351913
2897-DOVND,Low-Value,69.8,Month-to-month,2,No,0.8351913
5712-PTIWW,High-Value,79.85,Month-to-month,2,Yes,0.83506775
6856-RAURS,High-Value,74.9,Month-to-month,2,No,0.8346445
0495-ZBNGW,High-Value,79.9,Month-to-month,5,Yes,0.834185
8120-JDCAM,Low-Value,69.55,Month-to-month,4,No,0.8337088
4482-EWFMI,Low-Value,69.7,Month-to-month,2,No,0.83340055
8263-JQAIK,Low-Value,24.45,Month-to-month,2,Yes,0.83330774
3074-GQWYX,High-Value,75.9,Month-to-month,5,Yes,0.83327985
3376-BMGFE,High-Value,70.9,Month-to-month,4,Yes,0.83326954
4029-HPFVY,Low-Value,70.3,Month-to-month,3,No,0.8332273
9026-RNUJS,Low-Value,50.35,Month-to-month,5,Yes,0.8332226
0529-ONKER,High-Value,75.65,Month-to-month,15,Yes,0.8325487
3721-CNEYS,High-Value,70.95,Month-to-month,2,Yes,0.8322897
5442-BHQNG,High-Value,70.35,Month-to-month,2,No,0.8322897
4795-KTRTH,High-Value,81.0,Month-to-month,5,Yes,0.8322699
8399-YNDCH,Low-Value,60.05,Month-to-month,21,Yes,0.831536
7508-MYBOG,High-Value,86.1,Month-to-month,14,Yes,0.83122206
2058-DCJBE,Low-Value,69.75,Month-to-month,5,Yes,0.83080155
0330-IVZHA,Low-Value,69.95,Month-to-month,5,Yes,0.83080155
9747-DDZOS,High-Value,73.5,Month-to-month,1,Yes,0.83071125
7365-BVCJH,Low-Value,24.4,Month-to-month,1,No,0.8306443
3413-BMNZE,Low-Value,45.25,Month-to-month,1,No,0.8306371
4193-ORFCL,Low-Value,45.1,Month-to-month,1,Yes,0.83061904
6993-OHLXR,Low-Value,68.95,Month-to-month,2,Yes,0.8302387
9828-AOQLM,Low-Value,45.7,Month-to-month,1,Yes,0.830166
2135-RXIHG,Low-Value,45.65,Month-to-month,1,Yes,0.830166
7825-GKXMW,Low-Value,45.8,Month-to-month,1,Yes,0.830166
7359-PTSXY,Low-Value,45.75,Month-to-month,1,Yes,0.830166
6128-CZOMY,Low-Value,45.65,Month-to-month,1,Yes,0.830166
6047-YHPVI,Low-Value,69.7,Month-to-month,5,Yes,0.8300454
6077-BDPXA,Low-Value,70.15,Month-to-month,3,No,0.82999134
0455-XFASS,Low-Value,69.55,Month-to-month,3,No,0.82999134
7245-NIIWQ,Low-Value,69.85,Month-to-month,3,No,0.82999134
4450-DLLMH,High-Value,71.3,Month-to-month,2,No,0.82960474
4854-CIDCF,High-Value,73.85,Month-to-month,3,No,0.82934815
3070-DVEYC,High-Value,73.75,Month-to-month,7,Yes,0.8289815
9717-QEBGU,Low-Value,70.3,Month-to-month,2,No,0.82862043
5442-UTCVD,High-Value,91.85,Month-to-month,3,Yes,0.82857436
4607-CHPCA,High-Value,90.4,One year,25,Yes,0.82852334
9174-FKWZE,Low-Value,19.45,Month-to-month,1,Yes,0.8284629
7571-YXDAD,High-Value,74.9,Month-to-month,2,Yes,0.82817096
2983-ZANRP,High-Value,73.55,Month-to-month,2,Yes,0.82817096
4729-XKASR,Low-Value,24.75,Month-to-month,1,Yes,0.828136
8083-YTZES,High-Value,74.35,Month-to-month,4,Yes,0.82783604
9408-SSNVZ,Low-Value,70.15,Month-to-month,4,Yes,0.82783604
3932-CMDTD,High-Value,105.65,One year,4,Yes,0.8276433
5600-KTXFM,Low-Value,69.95,Month-to-month,2,No,0.8276052
1565-RHDJD,High-Value,84.05,Month-to-month,4,Yes,0.82756954
1618-CFHME,High-Value,75.9,Month-to-month,2,Yes,0.8274058
6390-DSAZX,High-Value,73.6,Month-to-month,1,Yes,0.82740474
2468-SJFLM,High-Value,74.3,Month-to-month,1,No,0.82740474
6060-DRTNL,High-Value,84.85,Month-to-month,5,Yes,0.8271185
2362-IBOOY,High-Value,84.75,Month-to-month,36,Yes,0.8268407
3750-CKVKH,Low-Value,67.75,Month-to-month,2,Yes,0.82677823
5552-ZNFSJ,Low-Value,45.3,Month-to-month,1,Yes,0.82670444
1963-SVUCV,Low-Value,45.3,Month-to-month,1,Yes,0.82670444
1612-EOHDH,Low-Value,45.15,Month-to-month,1,Yes,0.82670444
5077-DXTCG,Low-Value,45.3,Month-to-month,1,Yes,0.82670444
2082-CEFLT,Low-Value,45.6,Month-to-month,1,Yes,0.82670444
5095-AESKG,High-Value,91.5,Month-to-month,3,Yes,0.8266664
1226-IENZN,High-Value,78.75,Month-to-month,16,No,0.82647157
3583-EKAPL,Low-Value,55.0,Month-to-month,1,Yes,0.8263339
5909-ECHUI,Low-Value,56.25,Month-to-month,1,Yes,0.8260897
4800-CZMPC,High-Value,103.25,One year,48,Yes,0.82600754
4554-YGZIH,High-Value,90.05,Month-to-month,49,Yes,0.82585734
8873-GLDMH,High-Value,73.85,Month-to-month,6,No,0.8255569
6432-TWQLB,High-Value,85.4,Month-to-month,5,Yes,0.8255211
3453-RTHJQ,Low-Value,69.1,Month-to-month,6,No,0.8253237
5832-XKAES,Low-Value,69.8,Month-to-month,2,Yes,0.82518137
6221-AVQYL,High-Value,73.25,Month-to-month,2,Yes,0.82518137
5159-YFPKQ,High-Value,75.8,Month-to-month,2,Yes,0.8251772
7249-WBIYX,High-Value,85.6,Month-to-month,10,Yes,0.8251482
7511-YMXVQ,Low-Value,45.4,Month-to-month,9,Yes,0.82505286
8325-QRPZR,High-Value,75.15,Month-to-month,7,No,0.8249756
4770-UEZOX,High-Value,74.75,Month-to-month,2,No,0.82472354
2568-BRGYX,Low-Value,70.2,Month-to-month,4,Yes,0.82459074
4208-UFFGW,Low-Value,44.95,Month-to-month,2,Yes,0.8238247
5028-HTLJB,Low-Value,20.05,Month-to-month,1,Yes,0.82330436
4369-HTUIF,High-Value,85.15,Month-to-month,6,Yes,0.8231886
6877-LGWXO,High-Value,78.55,Month-to-month,18,Yes,0.8228227
9450-TRJUU,High-Value,83.15,Month-to-month,35,No,0.82282156
8627-EHGIP,Low-Value,53.95,One year,44,Yes,0.8224121
6961-VCPMC,High-Value,80.4,Month-to-month,46,Yes,0.82218695
9822-OAOVB,Low-Value,55.45,Month-to-month,1,No,0.82217366
5501-TVMGM,Low-Value,55.25,Month-to-month,1,No,0.82217366
3063-QFSZL,Low-Value,55.4,Month-to-month,1,Yes,0.82217366
6629-CZTTH,Low-Value,55.7,Month-to-month,1,Yes,0.8221392
8835-VSDSE,High-Value,70.7,Month-to-month,2,Yes,0.8218998
4816-JBHOV,Low-Value,44.7,Month-to-month,2,Yes,0.8216841
2077-MPJQO,High-Value,75.4,Month-to-month,7,No,0.821573
5153-RTHKF,High-Value,85.35,Month-to-month,34,No,0.8214172
6311-UEUME,High-Value,78.9,Month-to-month,29,Yes,0.821304
9391-EOYLI,High-Value,80.45,Month-to-month,12,Yes,0.82123667
2754-XBHTB,High-Value,77.65,Month-to-month,9,Yes,0.8209809
3793-MMFUH,High-Value,95.05,Month-to-month,13,Yes,0.8207415
7994-UYIVZ,High-Value,85.65,Month-to-month,8,No,0.8207241
3717-OEAUQ,High-Value,70.7,Month-to-month,2,No,0.8206395
4566-NECEV,High-Value,96.55,Month-to-month,5,No,0.82059485
1324-NLTJE,Low-Value,55.0,Month-to-month,15,Yes,0.8204527
0617-AQNWT,Low-Value,47.85,Two year,64,Yes,0.8202912
2325-NBPZG,High-Value,74.55,Month-to-month,3,No,0.8199584
4351-QLCSU,Low-Value,55.0,Month-to-month,1,Yes,0.8199093
8417-FMLZI,High-Value,83.55,Month-to-month,6,Yes,0.81990725
4884-ZTHVF,High-Value,87.1,Month-to-month,8,No,0.8198884
6275-YDUVO,High-Value,86.2,Month-to-month,2,Yes,0.8198747
7912-SYRQT,High-Value,75.1,Month-to-month,7,Yes,0.81985855
2688-BHGOG,High-Value,79.55,Month-to-month,9,No,0.8196082
9643-AVVWI,High-Value,80.0,Month-to-month,3,No,0.81946975
3269-ATYWD,High-Value,95.65,Month-to-month,39,Yes,0.81945175
8622-ZLFKO,High-Value,90.75,Month-to-month,6,No,0.81938
7854-EDSSA,Low-Value,59.0,Month-to-month,22,Yes,0.8193754
4572-DVCGN,High-Value,80.25,Month-to-month,10,Yes,0.81877255
5143-EGQFK,Low-Value,29.65,Month-to-month,10,Yes,0.81809884
5697-GOMBF,Low-Value,35.9,Month-to-month,28,No,0.81776905
2868-SNELZ,High-Value,80.6,Month-to-month,2,Yes,0.81773216
9685-WKZGT,High-Value,74.95,Month-to-month,14,Yes,0.81757915
0225-ZORZP,High-Value,84.3,Month-to-month,3,No,0.817209
6207-WIOLX,Low-Value,58.6,Month-to-month,25,Yes,0.81708914
2862-PFNIK,Low-Value,24.7,Month-to-month,1,No,0.81703126
3908-BLSYF,High-Value,83.9,Month-to-month,6,Yes,0.81669027
2495-INZWQ,Low-Value,44.55,Month-to-month,4,Yes,0.81622463
1268-ASBGA,High-Value,85.35,Month-to-month,16,Yes,0.81607777
2750-BJLSB,High-Value,103.7,One year,47,No,0.81544495
2024-BASKD,High-Value,74.6,Month-to-month,1,Yes,0.81508493
5835-BEQEU,High-Value,76.95,Month-to-month,3,Yes,0.8148995
3292-PBZEJ,High-Value,111.4,Month-to-month,11,No,0.81480813
6331-EWIEB,High-Value,85.25,Month-to-month,20,Yes,0.81472105
2984-MIIZL,High-Value,74.8,Month-to-month,4,Yes,0.8142809
3966-HRMZA,High-Value,75.05,Month-to-month,3,No,0.81425136
0067-DKWBL,Low-Value,49.25,Month-to-month,2,Yes,0.81424195
4299-SIMNS,High-Value,81.15,Month-to-month,9,No,0.8140904
3317-HRTNN,Low-Value,45.7,Month-to-month,5,Yes,0.81398255
0508-OOLTO,High-Value,71.65,Month-to-month,2,No,0.8138488
5091-HFAZW,High-Value,91.15,Month-to-month,2,No,0.81369317
2397-BRLOM,High-Value,80.45,Month-to-month,8,Yes,0.8133626
6400-BWQKW,High-Value,79.05,Month-to-month,6,Yes,0.8132025
1078-TDCRN,Low-Value,30.75,Month-to-month,3,No,0.8130141
7044-YAACC,Low-Value,70.2,Month-to-month,4,No,0.8129747
5813-UECBU,High-Value,83.85,Month-to-month,33,Yes,0.8128632
4115-NZRKS,High-Value,89.15,Month-to-month,7,No,0.81272846
1475-VWVDO,High-Value,74.9,Month-to-month,7,No,0.8127087
8443-ZRDBZ,High-Value,76.05,Month-to-month,4,Yes,0.8121148
9620-ENEJV,High-Value,70.55,Month-to-month,6,No,0.81203467
1658-TJVOA,High-Value,74.1,Month-to-month,6,No,0.8117634
9957-YODKZ,High-Value,80.8,Month-to-month,6,No,0.8117634
7481-ATQQS,High-Value,90.85,Month-to-month,49,Yes,0.8113545
7326-RIGQZ,Low-Value,69.8,Month-to-month,6,No,0.8109857
7321-VGNKU,High-Value,70.35,Month-to-month,2,No,0.81040025
7394-LWLYN,Low-Value,70.15,Month-to-month,2,No,0.81040025
2778-OCLGR,Low-Value,39.1,Month-to-month,24,Yes,0.8103767
5564-NEMQO,High-Value,75.3,Month-to-month,1,Yes,0.81034154
5923-GXUOC,High-Value,104.4,Month-to-month,10,Yes,0.81020015
7675-OZCZG,Low-Value,45.0,Month-to-month,3,Yes,0.8095623
5027-QPKTE,Low-Value,69.35,Month-to-month,7,Yes,0.80907816
8720-RQSBJ,Low-Value,44.0,Month-to-month,1,No,0.8087532
2792-LSHWX,High-Value,83.4,Month-to-month,1,No,0.8087416
9714-EDSUC,High-Value,94.9,Month-to-month,4,No,0.8087191
9314-IJWSQ,High-Value,84.8,Month-to-month,14,No,0.80867827
5399-ZIMKF,High-Value,74.65,Month-to-month,5,No,0.8085781
1251-STYSZ,High-Value,80.25,Month-to-month,4,No,0.80826956
7641-TQFHN,High-Value,100.55,Two year,39,No,0.80817646
2876-GZYZC,High-Value,85.95,Month-to-month,13,No,0.80811626
3235-ETOOB,High-Value,74.5,Month-to-month,8,Yes,0.8080149
1260-TTRXI,Low-Value,54.3,Month-to-month,4,Yes,0.80790746
0872-NXJYS,High-Value,79.55,Month-to-month,9,Yes,0.8077403
0674-EYYZV,Low-Value,54.65,Month-to-month,1,No,0.8076418
4395-PZMSN,High-Value,85.55,Month-to-month,5,No,0.8074407
3550-SAHFP,High-Value,83.35,Month-to-month,33,Yes,0.80731755
8541-QVFKM,High-Value,73.5,Month-to-month,8,No,0.8066941
5649-TJHOV,Low-Value,36.5,Month-to-month,27,Yes,0.8066845
4291-SHSBH,Low-Value,69.55,Month-to-month,7,No,0.8059865
2207-NHRJK,Low-Value,50.8,Month-to-month,1,Yes,0.80586433
4317-VTEOA,Low-Value,50.75,Month-to-month,1,Yes,0.80586433
0843-WTBXE,High-Value,85.45,Month-to-month,53,Yes,0.805789
8706-HRADD,Low-Value,43.55,Month-to-month,21,No,0.8057326
0923-PNFUB,High-Value,83.75,Month-to-month,3,Yes,0.80543846
3411-WLRSQ,High-Value,74.6,Month-to-month,3,No,0.80535334
3138-BKYAV,High-Value,85.35,Month-to-month,6,Yes,0.8052156
4505-EXZHB,High-Value,74.4,Month-to-month,6,Yes,0.805071
5485-WUYWF,Low-Value,66.4,Month-to-month,2,Yes,0.8046889
7993-PYKOF,High-Value,75.0,Month-to-month,8,Yes,0.80450296
1589-AGTLK,Low-Value,45.35,Month-to-month,3,Yes,0.80426913
2154-KVJFF,High-Value,79.75,Month-to-month,15,Yes,0.8041631
3488-PGMQJ,High-Value,74.5,Month-to-month,8,Yes,0.80392766
5216-WASFJ,High-Value,84.85,Month-to-month,31,No,0.8034954
2344-JMOGN,High-Value,94.85,Month-to-month,9,Yes,0.80295706
6496-JDSSB,High-Value,80.0,Month-to-month,8,No,0.8029082
7858-GTZSP,High-Value,86.55,Month-to-month,12,No,0.8025351
7613-LLQFO,High-Value,84.45,Month-to-month,12,Yes,0.8025351
5351-QESIO,Low-Value,24.2,Month-to-month,1,No,0.80243707
1447-PJGGA,High-Value,95.25,Two year,57,Yes,0.801823
5685-IIXLY,High-Value,83.6,Month-to-month,5,Yes,0.80123353
6982-UQZLY,Low-Value,20.85,Month-to-month,1,Yes,0.80120665
8485-GJCDN,Low-Value,69.05,Month-to-month,5,Yes,0.8008546
8837-VVWLQ,High-Value,84.95,Month-to-month,8,Yes,0.8007092
1322-AGOQM,Low-Value,30.3,Month-to-month,46,Yes,0.80034673
4342-HENTK,High-Value,70.65,Month-to-month,2,Yes,0.80021244
4059-IIEBK,High-Value,78.55,Month-to-month,7,No,0.8000878
3797-FKOGQ,High-Value,86.2,Month-to-month,11,No,0.80008703
6158-HDPXZ,Low-Value,25.35,Month-to-month,1,No,0.7990393
0388-EOPEX,High-Value,74.4,Month-to-month,2,Yes,0.79892
0004-TLHLJ,High-Value,73.9,Month-to-month,4,Yes,0.7984089
0709-TVGUR,High-Value,74.55,Month-to-month,9,Yes,0.7981415
2079-FBMZK,Low-Value,69.25,Month-to-month,6,Yes,0.79726493
6633-MPWBS,Low-Value,49.2,Month-to-month,5,Yes,0.7970026
4030-VPZBD,Low-Value,30.9,Month-to-month,2,Yes,0.7969455
7145-FEJWU,High-Value,105.3,Month-to-month,12,No,0.7965928
7130-VTEWQ,High-Value,75.75,Month-to-month,8,Yes,0.79655784
5119-NZPTV,Low-Value,70.1,Month-to-month,2,No,0.79561424
4547-KQRTM,High-Value,80.05,Month-to-month,10,Yes,0.795181
1746-TGTWV,High-Value,75.35,Month-to-month,1,No,0.794561
2575-GFSOE,Low-Value,69.0,Month-to-month,7,Yes,0.79412115
0224-RLWWD,Low-Value,44.3,Month-to-month,2,No,0.7938634
3798-EPWRR,Low-Value,43.95,Month-to-month,2,No,0.7938634
3144-AUDBS,Low-Value,49.15,Month-to-month,6,Yes,0.79373574
9734-YWGEX,High-Value,98.3,Month-to-month,9,Yes,0.79309577
6317-YPKDH,Low-Value,29.95,Month-to-month,1,Yes,0.79305327
4074-SJFFA,Low-Value,54.75,Month-to-month,1,Yes,0.79248995
7235-NXZCP,High-Value,74.85,Month-to-month,2,Yes,0.79215837
2232-DMLXU,Low-Value,55.2,Month-to-month,1,Yes,0.7920944
4727-MCYZG,Low-Value,55.55,Month-to-month,1,No,0.7920944
3518-PZXZQ,Low-Value,55.3,Month-to-month,1,No,0.7920944
0727-IWKVK,High-Value,79.9,Month-to-month,9,Yes,0.79197973
1910-FMXJM,High-Value,80.4,Month-to-month,36,No,0.7919742
2754-SDJRD,High-Value,100.15,Month-to-month,8,No,0.79192793
8066-POXGX,Low-Value,35.1,Month-to-month,13,Yes,0.7919272
2398-YPMUR,Low-Value,70.15,Month-to-month,13,Yes,0.79187787
6458-CYIDZ,High-Value,80.7,Month-to-month,5,No,0.7911703
7851-FLGGQ,Low-Value,44.65,Month-to-month,1,Yes,0.79092133
3627-FHKBK,High-Value,75.3,Month-to-month,1,Yes,0.7907263
2800-VEQXM,High-Value,74.75,Month-to-month,3,No,0.7906686
3034-ZBEQN,Low-Value,34.7,One year,48,Yes,0.7905936
3199-XGZCY,High-Value,75.25,Month-to-month,8,No,0.790492
5357-TZHPP,High-Value,84.4,Month-to-month,9,Yes,0.7901268
1261-FWTTE,Low-Value,34.65,Month-to-month,23,No,0.7898919
5295-PCJOO,Low-Value,49.4,Month-to-month,4,Yes,0.78974646
3030-YDNRM,High-Value,74.85,Month-to-month,8,No,0.789068
9121-PHQSR,High-Value,85.05,Month-to-month,16,No,0.78785086
4132-KALRO,High-Value,100.85,Month-to-month,4,No,0.7876408
7384-GHBPI,Low-Value,35.15,Month-to-month,3,Yes,0.78729725
9947-OTFQU,High-Value,74.4,Month-to-month,15,Yes,0.78675723
2754-VDLTR,High-Value,95.2,Month-to-month,10,Yes,0.78675467
5208-HFSBT,Low-Value,55.05,Month-to-month,2,Yes,0.7859651
1016-DJTSV,Low-Value,69.7,Month-to-month,8,No,0.785768
4132-POCZS,Low-Value,39.9,Month-to-month,52,No,0.7857523
7296-PIXQY,Low-Value,70.2,Month-to-month,14,No,0.7855917
9752-ZNQUT,Low-Value,48.6,Month-to-month,1,No,0.7853447
2209-XADXF,Low-Value,25.25,Month-to-month,1,No,0.78526723
2103-ZRXFN,Low-Value,50.75,Month-to-month,1,No,0.78500885
3594-UVONA,High-Value,85.95,One year,35,Yes,0.78491926
7055-HNEOJ,Low-Value,55.8,Month-to-month,3,No,0.7841706
0807-ZABDG,Low-Value,55.1,Month-to-month,3,Yes,0.7841706
9637-EIHEQ,Low-Value,50.8,Month-to-month,1,Yes,0.7841129
1508-DFXCU,High-Value,81.45,Month-to-month,12,No,0.78406125
5439-WIKXB,High-Value,94.55,Month-to-month,41,No,0.78398216
5288-AHOUP,High-Value,78.5,Month-to-month,11,No,0.78389233
5940-NFXKV,High-Value,83.65,Month-to-month,19,Yes,0.7837728
5696-QURRL,Low-Value,45.05,Month-to-month,1,Yes,0.7830666
8699-ASUFO,High-Value,74.4,Month-to-month,7,Yes,0.7827216
6080-TCMYC,High-Value,81.2,Month-to-month,40,No,0.7823249
7354-OIJLX,High-Value,75.85,Month-to-month,9,No,0.78208196
6651-AZVTJ,High-Value,99.8,Month-to-month,49,Yes,0.78105277
2364-UFROM,High-Value,70.4,One year,30,No,0.78063565
8778-LMWTJ,High-Value,74.85,Month-to-month,9,No,0.7805552
6339-YPSAH,High-Value,73.8,Month-to-month,9,No,0.7805552
2962-XPMCQ,Low-Value,45.15,Month-to-month,2,Yes,0.7803438
7129-CAKJW,High-Value,80.05,Month-to-month,17,No,0.7802523
0221-WMXNQ,High-Value,75.35,Month-to-month,4,No,0.7800786
7377-DMMRI,Low-Value,47.8,Month-to-month,2,Yes,0.7800555
8584-KMVXD,High-Value,75.6,Month-to-month,8,No,0.7797453
5261-QSHQM,Low-Value,24.45,Month-to-month,4,Yes,0.7794892
3420-ZDBMA,High-Value,71.45,Month-to-month,5,No,0.7789731
1219-NNDDO,High-Value,76.85,Month-to-month,9,No,0.77891475
1875-QIVME,High-Value,104.4,Month-to-month,2,Yes,0.77864087
2091-RFFBA,High-Value,73.9,Month-to-month,31,Yes,0.77851224
0265-EDXBD,High-Value,74.9,Month-to-month,32,Yes,0.77851224
4282-YMKNA,High-Value,74.75,Month-to-month,9,Yes,0.7783164
1965-AKTSX,High-Value,78.95,Month-to-month,14,Yes,0.7782933
3338-CVVEH,High-Value,94.55,Month-to-month,12,No,0.776872
8903-XEBGX,Low-Value,55.3,Month-to-month,2,No,0.77610314
4846-WHAFZ,High-Value,76.5,Month-to-month,37,Yes,0.77588093
8696-JKZNU,High-Value,76.25,Month-to-month,37,Yes,0.77588093
0722-SVSFK,High-Value,100.4,Month-to-month,7,No,0.7755492
4929-BSTRX,Low-Value,53.55,Month-to-month,1,Yes,0.77550334
2386-LAHRK,Low-Value,53.5,Month-to-month,1,Yes,0.77550334
8634-MPHTR,High-Value,100.05,Month-to-month,47,Yes,0.7753423
4201-JMNGR,Low-Value,55.8,Month-to-month,1,Yes,0.7749827
1730-ZMAME,High-Value,79.5,Month-to-month,32,No,0.77498084
6127-IYJOZ,Low-Value,45.85,Month-to-month,1,No,0.77415335
7054-LGEQW,Low-Value,45.95,Month-to-month,1,Yes,0.77409476
4237-RLAQD,Low-Value,45.85,Month-to-month,1,Yes,0.77409476
0887-HJGAR,Low-Value,45.7,Month-to-month,1,Yes,0.77409476
5133-POWUA,Low-Value,45.8,Month-to-month,1,No,0.77409476
5103-MHMHY,Low-Value,45.95,Month-to-month,1,Yes,0.77409476
3165-HDOEW,Low-Value,45.85,Month-to-month,1,Yes,0.77409476
9117-SHLZX,Low-Value,45.7,Month-to-month,1,Yes,0.77409476
3946-JEWRQ,High-Value,95.2,One year,47,No,0.7740545
2905-KFQUV,High-Value,70.4,Month-to-month,2,No,0.7740401
3398-ZOUAA,Low-Value,69.1,Month-to-month,21,Yes,0.77285516
0793-TWELN,High-Value,80.15,Month-to-month,4,No,0.7727737
0587-DMGBH,Low-Value,49.85,Month-to-month,8,Yes,0.772652
8519-QJGJD,High-Value,75.35,Month-to-month,14,Yes,0.7724628
6366-ZGQGL,Low-Value,24.8,Month-to-month,1,Yes,0.77207226
9191-MYQKX,High-Value,75.15,Month-to-month,7,Yes,0.7719481
1077-HUUJM,High-Value,71.05,Month-to-month,7,No,0.77172464
8087-LGYHQ,High-Value,94.05,Month-to-month,9,No,0.7712527
7410-YTJIK,High-Value,75.45,Month-to-month,7,Yes,0.7710121
2955-BJZHG,High-Value,80.85,Month-to-month,17,Yes,0.77079517
9851-KIELU,High-Value,110.1,Month-to-month,10,Yes,0.77010244
6032-IGALN,Low-Value,25.1,Month-to-month,1,Yes,0.7699367
2538-OIMXF,Low-Value,24.7,Month-to-month,1,No,0.7699367
4367-NHWMM,Low-Value,24.9,Month-to-month,1,No,0.7699367
3312-ZWLGF,High-Value,79.3,Month-to-month,29,No,0.7698672
5047-LHVLY,Low-Value,50.15,Month-to-month,1,Yes,0.7698373
9244-ZVAPM,Low-Value,45.6,Month-to-month,1,No,0.7698072
6582-OIVSP,Low-Value,45.3,Month-to-month,1,No,0.7698072
5692-FPTAH,Low-Value,45.4,Month-to-month,1,Yes,0.7698072
7754-IXRMC,Low-Value,45.35,Month-to-month,1,No,0.7698072
7252-NTGSS,Low-Value,45.15,Month-to-month,1,No,0.7698072
7065-YUNRY,Low-Value,45.3,Month-to-month,1,Yes,0.7698072
2833-SLKDQ,Low-Value,45.05,Month-to-month,1,Yes,0.7698072
3566-HJGPK,Low-Value,45.55,Month-to-month,1,No,0.7698072
2275-RBYQS,Low-Value,45.4,Month-to-month,1,No,0.7698072
3669-OYSJI,Low-Value,46.2,Month-to-month,1,Yes,0.76968384
7593-XFKDI,Low-Value,46.3,Month-to-month,1,Yes,0.768732
6860-YRJZP,High-Value,74.05,Month-to-month,9,No,0.7685482
3987-KQDDU,High-Value,75.6,Month-to-month,9,No,0.76702005
5233-GEEAX,Low-Value,29.4,Month-to-month,8,Yes,0.76695174
9611-CTWIH,High-Value,89.45,Month-to-month,3,Yes,0.7665674
2478-EEWWM,Low-Value,44.3,Month-to-month,59,No,0.7663243
0870-VEMYL,Low-Value,53.85,Month-to-month,5,Yes,0.7662419
2320-JRSDE,Low-Value,19.9,Month-to-month,1,Yes,0.7661394
2696-NARTR,High-Value,73.85,Month-to-month,11,Yes,0.76546407
5931-FLJJF,Low-Value,70.1,Month-to-month,7,Yes,0.76542354
3926-CUQZX,Low-Value,45.1,Month-to-month,1,Yes,0.765338
3097-NNSPB,Low-Value,49.05,Month-to-month,2,Yes,0.765338
4088-YLDSU,High-Value,104.15,One year,55,Yes,0.7652173
4412-YLTKF,High-Value,78.05,Month-to-month,27,Yes,0.76457053
5948-UJZLF,Low-Value,49.25,Month-to-month,2,No,0.7643736
9992-UJOEL,Low-Value,50.3,Month-to-month,2,No,0.7643736
8107-KNCIM,High-Value,75.1,Month-to-month,14,No,0.76410747
6907-FLBER,Low-Value,54.3,Month-to-month,1,No,0.764043
0506-LVNGN,High-Value,75.55,Month-to-month,5,Yes,0.7637879
6240-EURKS,Low-Value,35.0,Month-to-month,18,Yes,0.7635636
4853-OITSN,High-Value,89.15,Month-to-month,5,No,0.76343834
5228-EXCET,High-Value,80.85,Month-to-month,13,Yes,0.763208
0928-XUTSN,High-Value,80.5,Month-to-month,13,No,0.763208
4398-HSCJH,Low-Value,63.6,Month-to-month,3,Yes,0.7631571
8617-ENBDS,High-Value,73.6,Month-to-month,3,No,0.76315284
8104-OSKWT,High-Value,79.8,Month-to-month,12,No,0.76313543
3148-BLQJT,Low-Value,20.1,Month-to-month,1,Yes,0.7628512
1000-AJSLD,Low-Value,20.1,Month-to-month,1,Yes,0.7628512
1934-SJVJK,Low-Value,20.15,Month-to-month,1,Yes,0.7628512
1240-KNSEZ,Low-Value,20.1,Month-to-month,1,Yes,0.7628512
4897-QSUYC,Low-Value,20.15,Month-to-month,1,Yes,0.7628512
5022-JNQEQ,High-Value,75.85,Month-to-month,9,No,0.7627025
6711-VTNRE,High-Value,87.55,Month-to-month,36,Yes,0.7625124
2277-VWCNI,Low-Value,48.75,Month-to-month,4,No,0.76175463
4061-UKJWL,Low-Value,45.45,Month-to-month,3,No,0.7617317
4671-LXRDQ,Low-Value,45.0,Month-to-month,2,Yes,0.76162523
0224-HJAPT,Low-Value,47.15,Month-to-month,5,Yes,0.76144886
6204-IEUXJ,High-Value,80.1,Month-to-month,3,Yes,0.76087505
4112-LUEIZ,High-Value,89.5,Month-to-month,10,Yes,0.7607796
6048-QBXKL,Low-Value,56.55,Month-to-month,2,No,0.7607565
9269-CQOOL,Low-Value,54.7,Month-to-month,3,Yes,0.7606993
4678-DVQEO,Low-Value,52.2,Month-to-month,1,Yes,0.76044273
5027-XWQHA,Low-Value,44.75,Month-to-month,6,Yes,0.7601297
3999-QGRJH,Low-Value,69.7,Month-to-month,8,Yes,0.75995576
2528-HFYZX,High-Value,76.45,Month-to-month,17,Yes,0.7594007
2722-JMONI,Low-Value,49.55,Month-to-month,1,Yes,0.7589274
9185-TQCVP,High-Value,85.15,Month-to-month,14,Yes,0.7588341
8286-AFUYI,Low-Value,47.95,Month-to-month,1,No,0.75880027
9552-TGUZV,High-Value,75.0,Month-to-month,8,No,0.7587666
2956-GGUCQ,High-Value,78.85,Month-to-month,24,Yes,0.75872076
0570-BFQHT,High-Value,80.55,Month-to-month,9,No,0.75851
3481-JHUZH,High-Value,80.25,Month-to-month,41,No,0.75844866
0818-OCPZO,High-Value,81.45,Month-to-month,27,Yes,0.758322
4301-VVZKA,High-Value,75.4,Month-to-month,16,No,0.7581317
2880-FPNAE,High-Value,74.2,Month-to-month,2,No,0.75732607
5879-SESNB,High-Value,75.25,Month-to-month,11,No,0.7573186
8035-PWSEV,High-Value,89.25,Month-to-month,6,No,0.75713736
9560-ARGQJ,High-Value,81.0,Month-to-month,16,Yes,0.7571233
0641-EVBOJ,High-Value,82.3,Month-to-month,3,No,0.756923
8654-DHAOW,Low-Value,54.15,Month-to-month,2,No,0.756799
5605-IYGFG,Low-Value,69.85,Month-to-month,7,No,0.7567013
3799-ISUZQ,Low-Value,69.95,Month-to-month,7,Yes,0.7567013
4140-MUHUG,High-Value,86.85,Month-to-month,3,Yes,0.7564426
3023-GFLBR,High-Value,86.15,Month-to-month,33,Yes,0.75640196
9944-AEXBM,High-Value,85.65,Month-to-month,32,No,0.75640196
9039-RBEEE,Low-Value,48.95,Month-to-month,39,Yes,0.756388
9631-XEYKE,Low-Value,50.4,Month-to-month,3,No,0.7563392
9136-ALYBR,Low-Value,24.45,Month-to-month,1,Yes,0.75612485
9895-VFOXH,Low-Value,24.4,Month-to-month,1,No,0.75612485
3439-GVUSX,Low-Value,24.4,Month-to-month,1,No,0.75612485
6689-KXGBO,Low-Value,50.55,Month-to-month,1,Yes,0.7560002
7767-UXAGJ,Low-Value,50.45,Month-to-month,1,Yes,0.7560002
0431-APWVY,High-Value,90.1,One year,28,Yes,0.75545126
8260-NGFNY,Low-Value,25.2,Month-to-month,1,Yes,0.7550149
5141-ZUVBH,High-Value,93.0,Month-to-month,9,No,0.7549417
0927-LCSMG,High-Value,74.65,Month-to-month,7,Yes,0.7547463
3914-FDRHP,High-Value,86.25,Month-to-month,9,No,0.75470656
7426-RHZGU,High-Value,95.9,Month-to-month,9,No,0.7544573
8063-GBATB,High-Value,85.25,Month-to-month,27,Yes,0.7530916
3223-WZWJM,High-Value,83.95,Month-to-month,26,Yes,0.75303775
8854-CCVSQ,High-Value,80.65,Month-to-month,18,Yes,0.7526199
4959-JOSRX,Low-Value,44.6,Month-to-month,2,Yes,0.7525502
2842-JTCCU,Low-Value,46.05,Month-to-month,2,Yes,0.7525502
7841-TZDMQ,Low-Value,46.0,Month-to-month,2,Yes,0.7525502
2070-FNEXE,High-Value,76.45,Month-to-month,7,Yes,0.7521298
0524-IAVZO,High-Value,85.0,Month-to-month,30,Yes,0.7520818
3372-KWFBM,High-Value,86.6,Month-to-month,16,Yes,0.75180286
8919-FYFQZ,Low-Value,30.35,Month-to-month,44,Yes,0.7513803
7964-VEXDG,High-Value,80.35,Month-to-month,21,No,0.75131243
7703-ZEKEF,High-Value,81.0,Month-to-month,23,Yes,0.75131243
8993-IZEUX,Low-Value,69.15,Month-to-month,7,No,0.7510177
7967-HYCDE,High-Value,70.7,Month-to-month,8,No,0.7510177
4432-ADRLB,Low-Value,44.65,Month-to-month,2,Yes,0.7508866
0187-QSXOE,High-Value,89.0,Month-to-month,7,No,0.7499867
4343-EJVQB,High-Value,74.35,Month-to-month,7,No,0.7486204
3071-VBYPO,High-Value,89.85,Month-to-month,3,No,0.7485238
8364-TRMMK,Low-Value,50.65,Month-to-month,3,Yes,0.74758077
7802-EFKNY,Low-Value,24.95,Month-to-month,5,Yes,0.7474972
9355-NPPFS,High-Value,78.8,Month-to-month,26,No,0.7462092
4695-VADHF,Low-Value,57.45,Month-to-month,18,Yes,0.7460391
4283-FUTGF,High-Value,79.85,Month-to-month,19,Yes,0.74574023
5669-SRAIP,Low-Value,39.5,Month-to-month,5,Yes,0.7456364
1636-NTNCO,Low-Value,50.95,Month-to-month,4,No,0.745448
0032-PGELS,Low-Value,30.5,Month-to-month,1,Yes,0.745385
3538-WZPHD,Low-Value,29.6,Month-to-month,3,Yes,0.74535185
5650-YLIBA,High-Value,81.15,Month-to-month,31,No,0.7452134
3969-GYXEL,High-Value,76.4,Month-to-month,11,No,0.744374
6905-NIQIN,Low-Value,50.65,Month-to-month,1,Yes,0.7442328
5543-QDCRY,Low-Value,56.4,Month-to-month,4,No,0.7441911
2408-WITXK,Low-Value,34.7,Month-to-month,10,Yes,0.7436476
9992-RRAMN,High-Value,85.1,Month-to-month,22,Yes,0.7435397
7534-BFESC,High-Value,76.1,Month-to-month,24,Yes,0.74336916
7028-DVOIQ,High-Value,99.05,Month-to-month,35,Yes,0.7431286
1092-GANHU,High-Value,76.65,Month-to-month,17,Yes,0.74287194
0958-YHXGP,Low-Value,69.9,Month-to-month,7,No,0.74277276
1395-OFUWC,Low-Value,29.3,Month-to-month,43,No,0.7416313
9526-BIHHD,Low-Value,29.7,Month-to-month,1,Yes,0.74070024
1428-GTBJJ,High-Value,74.55,Month-to-month,11,Yes,0.7406642
4503-BDXBD,High-Value,74.95,Month-to-month,11,Yes,0.7406642
1907-UBQFC,High-Value,72.85,Month-to-month,10,Yes,0.73976713
7483-IQWIB,High-Value,92.95,Month-to-month,37,No,0.7397568
3194-ORPIK,High-Value,84.4,Month-to-month,50,Yes,0.7395254
3370-GQEAL,High-Value,85.45,Month-to-month,30,No,0.7392672
1816-FLZDK,Low-Value,29.15,Month-to-month,1,No,0.7392489
3230-WYKIR,High-Value,82.0,One year,18,Yes,0.73913145
4781-ZXYGU,Low-Value,20.15,Month-to-month,1,No,0.7387389
7853-GVUDZ,Low-Value,20.15,Month-to-month,1,Yes,0.7387389
2057-ZBLPD,High-Value,86.5,Month-to-month,21,Yes,0.73854506
9540-JYROE,Low-Value,70.1,Month-to-month,8,Yes,0.73853654
7924-GJZFI,Low-Value,69.3,Month-to-month,25,No,0.7378495
9365-SRSZE,High-Value,70.55,Month-to-month,27,No,0.7378495
0168-XZKBB,High-Value,86.85,Month-to-month,19,No,0.7378186
8637-XJIVR,High-Value,78.95,Month-to-month,12,Yes,0.7377111
6178-KFNHS,High-Value,78.3,Month-to-month,12,Yes,0.7377111
1391-UBDAR,High-Value,72.9,Month-to-month,11,No,0.7377111
5373-SFODM,High-Value,85.25,Month-to-month,36,Yes,0.73715264
8974-OVACP,Low-Value,20.15,Month-to-month,1,No,0.73698777
3512-IZIKN,Low-Value,65.3,Two year,70,Yes,0.7367165
5968-VXZLG,Low-Value,46.6,Month-to-month,2,No,0.73613644
4223-WOZCM,Low-Value,49.95,Month-to-month,2,No,0.735883
2657-VPXTA,High-Value,88.85,Month-to-month,10,No,0.7358234
1066-JKSGK,Low-Value,20.15,Month-to-month,1,Yes,0.7355449
8806-EAGWC,Low-Value,55.15,Month-to-month,3,Yes,0.73527193
9112-WSNPU,High-Value,70.55,Month-to-month,35,No,0.73476726
4692-NNQRU,High-Value,79.2,One year,21,No,0.73463607
6022-UGGSO,High-Value,74.4,Month-to-month,32,Yes,0.7344803
7240-ETPTR,Low-Value,48.75,Month-to-month,9,Yes,0.7344659
5868-CZJDR,Low-Value,31.35,Month-to-month,1,Yes,0.7342955
4547-LYTDD,High-Value,72.65,Month-to-month,16,Yes,0.7342639
5449-FIBXJ,High-Value,103.3,Month-to-month,19,Yes,0.7332701
4910-AQFFX,High-Value,79.35,Month-to-month,9,Yes,0.7331038
3946-MHCZW,Low-Value,50.9,Month-to-month,1,Yes,0.7328098
9564-KCLHR,Low-Value,51.25,Month-to-month,1,Yes,0.7328098
8695-WDYEA,Low-Value,51.25,Month-to-month,1,No,0.7328098
9537-VHDTA,Low-Value,51.2,Month-to-month,1,No,0.7328098
7794-JASDG,Low-Value,50.75,Month-to-month,1,No,0.7328098
7395-IGJOS,High-Value,81.5,Month-to-month,17,Yes,0.7327281
5928-QLDHB,High-Value,76.25,Month-to-month,9,No,0.7326859
1024-VRZHF,High-Value,74.95,Month-to-month,11,Yes,0.7317101
7625-XCQRH,High-Value,76.5,Month-to-month,11,Yes,0.7317101
1867-BDVFH,High-Value,74.35,Month-to-month,11,Yes,0.7317101
5976-JCJRH,Low-Value,70.3,Month-to-month,10,Yes,0.7317101
2482-CZGBB,Low-Value,70.0,Month-to-month,10,Yes,0.7317101
5044-LRQAQ,Low-Value,69.2,Month-to-month,7,No,0.7316099
8800-JOOCF,High-Value,84.05,Month-to-month,12,No,0.7314017
8805-JNRAZ,Low-Value,49.2,Month-to-month,2,No,0.7311609
1501-SGHBW,Low-Value,45.85,Month-to-month,2,Yes,0.7310873
2640-PMGFL,High-Value,79.5,Month-to-month,27,Yes,0.7302475
9722-UJOJR,High-Value,70.75,Month-to-month,29,Yes,0.7302216
6656-JWRQX,Low-Value,30.55,Month-to-month,1,No,0.729388
3815-SLMEF,Low-Value,34.25,Month-to-month,3,Yes,0.7292446
0650-BWOZN,High-Value,73.55,Month-to-month,18,No,0.7286324
9494-MRNYX,High-Value,75.05,Month-to-month,10,No,0.72849894
6034-YMTOB,High-Value,75.65,Month-to-month,5,No,0.72840023
4847-QNOKA,Low-Value,44.9,Month-to-month,1,Yes,0.7264233
6142-VSJQO,Low-Value,44.35,Month-to-month,1,Yes,0.7264233
8180-AKMJV,Low-Value,44.55,Month-to-month,1,No,0.7264233
9448-REEVD,Low-Value,44.7,Month-to-month,1,Yes,0.7264233
6650-VJONK,Low-Value,43.85,Month-to-month,1,No,0.7264233
1895-QTKDO,Low-Value,43.95,Month-to-month,1,No,0.7264233
3961-SXAXY,Low-Value,44.05,Month-to-month,1,No,0.7264233
6145-NNPNO,Low-Value,44.15,Month-to-month,1,No,0.7264233
2894-QOJRX,Low-Value,34.0,Month-to-month,25,Yes,0.72641397
9773-PEQBZ,High-Value,79.85,Month-to-month,10,No,0.7262877
7517-SAWMO,High-Value,73.2,Month-to-month,19,Yes,0.72613615
7126-RBHSD,High-Value,78.9,Month-to-month,17,No,0.7251253
3858-VOBET,High-Value,74.95,Month-to-month,23,Yes,0.7249731
0491-KAPQG,High-Value,73.7,Month-to-month,21,No,0.7249731
6410-LEFEN,Low-Value,45.15,Month-to-month,9,Yes,0.7246499
0439-IFYUN,High-Value,74.7,Month-to-month,18,No,0.7241298
7963-GQRMY,Low-Value,44.3,Month-to-month,3,Yes,0.723882
4484-CGXFK,Low-Value,55.3,Month-to-month,3,Yes,0.72366196
3278-FSIXX,Low-Value,45.25,Month-to-month,2,No,0.72357756
6994-KERXL,Low-Value,55.9,Month-to-month,4,No,0.72333175
5233-AOZUF,High-Value,74.95,Month-to-month,29,No,0.7232783
4480-QQRHC,High-Value,74.05,Month-to-month,8,No,0.72317123
3285-UCQVC,Low-Value,28.6,Month-to-month,37,Yes,0.7231252
2038-OEQZH,High-Value,86.05,Month-to-month,4,No,0.72279805
4817-QRJSX,High-Value,81.0,Month-to-month,10,Yes,0.7226227
8740-XLHDR,Low-Value,43.25,Month-to-month,5,Yes,0.7222413
5405-ZMYXQ,High-Value,74.6,Month-to-month,8,No,0.7220791
8519-IMDHU,High-Value,85.6,Month-to-month,15,Yes,0.72181773
8718-PTMEZ,Low-Value,31.05,Month-to-month,13,Yes,0.7209403
3671-SHRSP,High-Value,80.6,Month-to-month,4,Yes,0.7209246
1393-IMKZG,High-Value,95.85,Month-to-month,1,No,0.72084427
3627-FCRDW,High-Value,71.0,Month-to-month,9,Yes,0.72075176
6608-QQLVK,Low-Value,50.5,Month-to-month,1,Yes,0.72059506
6017-PPLPX,High-Value,70.45,Month-to-month,20,Yes,0.72055405
4570-QHXHL,Low-Value,43.75,Month-to-month,9,No,0.7205512
9821-POOTN,High-Value,75.2,Month-to-month,35,Yes,0.72035044
2637-FKFSY,Low-Value,46.1,Month-to-month,3,No,0.719895
5307-DZCVC,High-Value,85.95,Month-to-month,32,Yes,0.71925867
0411-EZJZE,Low-Value,60.25,Month-to-month,3,No,0.7191194
5858-EAFCZ,Low-Value,44.45,Month-to-month,1,No,0.71853447
7663-RGWBC,Low-Value,44.15,Month-to-month,1,Yes,0.71853447
9214-EKVXR,Low-Value,44.0,Month-to-month,1,No,0.71853447
4146-SVFUD,Low-Value,44.6,Month-to-month,1,No,0.71853447
0082-LDZUE,Low-Value,44.3,Month-to-month,1,No,0.71853447
3085-QUOZK,Low-Value,43.95,Month-to-month,1,Yes,0.71853447
6595-COKXZ,Low-Value,44.45,Month-to-month,1,Yes,0.71853447
6982-SSHFK,Low-Value,44.4,Month-to-month,1,Yes,0.71853447
0374-IOEGQ,Low-Value,44.6,Month-to-month,3,No,0.71825874
2359-KMGLI,High-Value,80.25,Month-to-month,24,Yes,0.7182483
9796-BPKIW,Low-Value,69.95,Month-to-month,8,No,0.71812993
0746-JTRFU,Low-Value,25.05,Month-to-month,2,Yes,0.71799415
2523-EWWZL,High-Value,76.1,Month-to-month,27,No,0.7179686
0207-MDKNV,High-Value,105.1,Month-to-month,15,Yes,0.7177682
0015-UOCOJ,Low-Value,48.2,Month-to-month,7,No,0.71756995
5673-TIYIB,Low-Value,40.4,Month-to-month,2,Yes,0.7174715
6818-DJXAA,High-Value,91.1,Month-to-month,10,No,0.71730244
9661-MHUMO,Low-Value,49.25,Month-to-month,1,Yes,0.7165466
8819-IMISP,High-Value,80.45,Month-to-month,31,No,0.71652824
5522-JBWMO,Low-Value,44.0,Month-to-month,1,No,0.7163044
4855-SNKMY,Low-Value,44.1,Month-to-month,1,Yes,0.7163044
6959-UWKHF,Low-Value,42.9,Month-to-month,1,Yes,0.7163044
2903-YYTBW,Low-Value,44.55,Month-to-month,1,No,0.7163044
4361-JEIVL,Low-Value,44.4,Month-to-month,1,Yes,0.7163044
1478-VPOAD,Low-Value,43.8,Month-to-month,1,No,0.7163044
5998-VVEJY,High-Value,80.5,Month-to-month,26,Yes,0.7152511
4236-UJPWO,Low-Value,24.5,Month-to-month,2,No,0.7151211
7587-RZNME,Low-Value,43.3,Month-to-month,3,Yes,0.7144515
4816-LXZYW,High-Value,79.15,Month-to-month,23,Yes,0.7143398
1960-UYCNN,High-Value,95.25,Month-to-month,10,No,0.71430117
8990-ZXLSU,Low-Value,69.05,Month-to-month,9,No,0.71428764
2740-TVLFN,Low-Value,50.15,Month-to-month,1,No,0.71426475
4612-SSVHJ,High-Value,81.45,Month-to-month,20,No,0.7137137
1121-QSIVB,High-Value,77.55,One year,44,No,0.713138
8648-PFRMP,Low-Value,46.35,Month-to-month,14,No,0.7130865
7854-EKTJL,Low-Value,19.6,Month-to-month,2,Yes,0.71307063
8118-TJAFG,High-Value,101.5,Month-to-month,9,No,0.7128188
6304-IJFSQ,Low-Value,49.9,Month-to-month,3,Yes,0.7128148
0415-MOSGF,Low-Value,44.4,Month-to-month,1,Yes,0.71253306
5108-ADXWO,High-Value,73.5,Month-to-month,11,Yes,0.7122471
4123-DVHPH,High-Value,88.05,Month-to-month,9,No,0.712246
1942-OQFRW,Low-Value,44.0,Month-to-month,1,No,0.7118013
0940-OUQEC,High-Value,80.7,Month-to-month,10,Yes,0.7115206
0947-MUGVO,High-Value,73.65,Month-to-month,20,Yes,0.71150124
8020-BWHYL,High-Value,75.3,Month-to-month,15,Yes,0.71131384
9506-UXUSK,Low-Value,70.15,Month-to-month,13,No,0.71119535
6923-EFPNL,Low-Value,51.75,Month-to-month,4,Yes,0.7109587
4349-GFQHK,Low-Value,54.35,Month-to-month,1,Yes,0.7105505
5202-IVJNU,Low-Value,30.1,Month-to-month,39,Yes,0.71042234
6946-LMSQS,High-Value,89.05,One year,25,Yes,0.7102829
1216-JWVUX,High-Value,75.5,Month-to-month,25,No,0.71006566
9462-MJUAW,Low-Value,50.4,Month-to-month,4,Yes,0.7098555
9093-FPDLG,High-Value,94.2,Month-to-month,11,No,0.70883644
6817-WTYHE,Low-Value,44.9,Month-to-month,2,No,0.70859796
4918-QLLIW,Low-Value,53.4,Month-to-month,3,Yes,0.7084042
2933-FILNV,Low-Value,24.4,Month-to-month,2,Yes,0.7082822
7855-DIWPO,Low-Value,68.65,Month-to-month,21,No,0.7081765
4704-ERYFC,Low-Value,69.25,Month-to-month,22,Yes,0.7081765
8849-GYOKR,High-Value,106.55,One year,54,Yes,0.70745945
7729-JTEEC,Low-Value,44.5,Month-to-month,2,No,0.70700765
4958-GZWIY,Low-Value,48.7,Month-to-month,7,Yes,0.7068252
8486-AYEQH,High-Value,76.05,Month-to-month,31,No,0.70617324
0913-XWSCN,High-Value,85.5,Month-to-month,55,No,0.705069
2884-GBPFB,Low-Value,70.3,Month-to-month,35,Yes,0.7050531
7801-KICAO,High-Value,74.15,Month-to-month,18,No,0.70490205
5671-UUNXD,High-Value,100.65,One year,50,No,0.7044946
7579-OOPEC,Low-Value,50.15,Month-to-month,2,Yes,0.704173
1689-YQBYY,High-Value,76.6,Month-to-month,12,No,0.7039642
7278-CKDNC,High-Value,80.5,Month-to-month,24,No,0.70360017
7389-KBFIT,Low-Value,30.25,Month-to-month,2,No,0.70345217
7504-UWHNB,Low-Value,69.75,Month-to-month,25,No,0.70330966
9734-UYXQI,Low-Value,49.4,Month-to-month,2,Yes,0.70282936
3787-TRIAL,Low-Value,26.05,Month-to-month,21,No,0.7025556
2480-SQIOB,Low-Value,44.8,Month-to-month,4,No,0.7024786
8660-BUETV,Low-Value,44.75,Month-to-month,3,No,0.7022818
2626-URJFX,Low-Value,50.9,Month-to-month,4,Yes,0.70185757
2937-FTHUR,Low-Value,64.8,Month-to-month,18,No,0.70178103
1766-GKNMI,High-Value,84.9,Month-to-month,29,No,0.7016974
7730-IUTDZ,High-Value,75.2,Month-to-month,43,Yes,0.7015225
3744-ZRRDZ,High-Value,82.35,Month-to-month,21,Yes,0.70095706
9261-WDCAF,Low-Value,54.65,Month-to-month,3,No,0.70084274
9057-MSWCO,Low-Value,30.75,Month-to-month,27,Yes,0.7006996
7978-DKUQH,High-Value,74.6,Month-to-month,25,No,0.7000178
3317-VLGQT,High-Value,78.1,Month-to-month,14,No,0.7000081
5519-NPHVG,High-Value,94.2,Month-to-month,12,Yes,0.6994972
0623-GDISB,Low-Value,48.45,Month-to-month,1,No,0.69939417
1794-HBQTJ,Low-Value,48.6,Month-to-month,1,Yes,0.69939417
4662-EKDPQ,Low-Value,62.05,Month-to-month,2,Yes,0.6989561
3312-UUMZW,High-Value,98.85,Month-to-month,32,No,0.69853187
0322-YINQP,Low-Value,48.55,Month-to-month,1,Yes,0.6982656
5207-PLSTK,Low-Value,48.75,Month-to-month,1,No,0.6982656
1728-BQDMA,Low-Value,44.45,Month-to-month,2,No,0.6982119
6519-CFDBX,Low-Value,45.4,Month-to-month,2,No,0.6982119
2372-HWUHI,Low-Value,44.35,Month-to-month,2,Yes,0.6982119
6402-EJMWF,Low-Value,55.3,Month-to-month,4,No,0.6973412
6987-XQSJT,High-Value,79.5,Month-to-month,54,Yes,0.69731945
3208-YPIOE,High-Value,75.25,Month-to-month,39,Yes,0.6967233
3446-QDSZF,Low-Value,55.5,Month-to-month,4,No,0.69587255
6923-JHPMP,High-Value,80.45,Month-to-month,2,No,0.6958687
1769-GRUIK,High-Value,71.1,Month-to-month,18,No,0.69297355
0378-NHQXU,High-Value,88.25,Month-to-month,17,Yes,0.6929093
5960-MVTUK,Low-Value,29.75,Month-to-month,3,No,0.69274986
2672-OJQZP,Low-Value,44.75,Month-to-month,1,No,0.6925319
8950-MTZNV,Low-Value,44.95,Month-to-month,1,No,0.6925319
8878-HMWBV,Low-Value,49.15,Month-to-month,3,Yes,0.6924978
3334-CTHOL,Low-Value,49.95,Month-to-month,1,Yes,0.6923307
7442-YGZFK,Low-Value,49.8,Month-to-month,1,No,0.6923307
9776-CLUJA,High-Value,77.5,Month-to-month,51,Yes,0.69222945
5934-RMPOV,High-Value,84.75,Month-to-month,22,No,0.6920089
4537-DKTAL,Low-Value,45.55,Month-to-month,2,No,0.69196296
8436-BJUMM,High-Value,83.75,Month-to-month,26,Yes,0.69185084
5389-FFVKB,High-Value,80.3,Month-to-month,32,Yes,0.6915835
4749-VFKVB,Low-Value,50.1,Month-to-month,1,Yes,0.6911874
1845-ZLLIG,Low-Value,50.15,Month-to-month,1,No,0.6911874
2187-PKZAY,High-Value,79.95,Month-to-month,12,No,0.6910977
5590-YRFJT,Low-Value,24.45,Month-to-month,20,Yes,0.6910624
8705-WZCYL,Low-Value,44.8,Month-to-month,1,No,0.69018465
8356-WUAOJ,Low-Value,45.0,Month-to-month,1,No,0.69018465
4373-VVHQL,Low-Value,44.75,Month-to-month,1,No,0.69018465
9903-LYSAB,High-Value,73.15,Month-to-month,18,No,0.6892381
4911-BANWH,High-Value,86.55,Month-to-month,31,Yes,0.68808
1989-PRJHP,High-Value,75.5,Month-to-month,27,Yes,0.68805593
1406-PUQVY,Low-Value,49.9,Month-to-month,1,No,0.6878593
1471-GIQKQ,Low-Value,49.95,Month-to-month,1,No,0.6878593
4065-JJAVA,Low-Value,49.5,Month-to-month,1,No,0.6878593
8445-DNBAE,Low-Value,50.05,Month-to-month,1,No,0.6878593
0248-IPDFW,Low-Value,50.1,Month-to-month,1,No,0.6878593
3807-XHCJH,Low-Value,20.0,Month-to-month,1,No,0.68773526
5143-WMWOG,Low-Value,19.95,Month-to-month,1,Yes,0.68773526
9239-ZBZZV,Low-Value,47.95,Month-to-month,6,Yes,0.6876976
2018-PZKMU,High-Value,103.1,Month-to-month,9,No,0.68761855
1142-WACZW,Low-Value,29.85,Month-to-month,2,Yes,0.68761635
7928-VJYAB,High-Value,90.6,Month-to-month,11,No,0.68742764
9432-VOFYX,High-Value,70.8,Month-to-month,17,No,0.68740815
3452-ABWRL,High-Value,86.05,Month-to-month,47,No,0.68731046
4026-SKKHW,Low-Value,50.25,Month-to-month,3,No,0.6865392
1173-XZPYF,High-Value,89.2,Month-to-month,11,No,0.6864066
8710-YGLWG,Low-Value,44.9,Month-to-month,1,No,0.6862182
8728-SKJLR,High-Value,74.25,Month-to-month,41,No,0.6861048
2959-FENLU,High-Value,85.3,Month-to-month,9,No,0.6858984
5816-QVHRX,High-Value,100.3,Month-to-month,37,No,0.6857692
5896-NPFWW,Low-Value,50.15,Month-to-month,3,Yes,0.68502814
5175-AOBHI,Low-Value,46.0,Month-to-month,4,Yes,0.68387747
0156-FVPTA,Low-Value,54.2,Month-to-month,22,Yes,0.6837865
8048-DSDFQ,Low-Value,20.2,Month-to-month,1,No,0.6836476
4786-UKSNZ,Low-Value,20.2,Month-to-month,1,Yes,0.6836476
6380-ARCEH,Low-Value,20.2,Month-to-month,1,No,0.6836476
7839-QRKXN,Low-Value,20.2,Month-to-month,1,Yes,0.6836476
3247-MHJKM,Low-Value,20.2,Month-to-month,1,No,0.6836476
5356-RHIPP,Low-Value,20.2,Month-to-month,1,Yes,0.6836476
8305-VHZBZ,Low-Value,20.2,Month-to-month,1,Yes,0.6836476
5215-LNLDJ,Low-Value,24.7,Month-to-month,7,No,0.68356884
8167-GJLRN,Low-Value,30.4,Month-to-month,3,No,0.6833511
2832-KJCRD,High-Value,103.65,Month-to-month,38,No,0.68322766
7250-EQKIY,Low-Value,50.45,Month-to-month,1,Yes,0.6824319
8280-MQRQN,Low-Value,50.45,Month-to-month,1,Yes,0.6824319
2947-DOMLJ,Low-Value,50.6,Month-to-month,1,Yes,0.6824319
6888-SBYAI,Low-Value,50.7,Month-to-month,1,No,0.6824319
2565-JSLRY,Low-Value,24.05,Month-to-month,1,Yes,0.6823302
6379-RXJRQ,Low-Value,70.1,Month-to-month,10,Yes,0.6820896
2692-PFYTJ,Low-Value,25.75,Month-to-month,1,No,0.6819862
7129-ACFOG,Low-Value,53.8,Month-to-month,5,No,0.680629
7878-RTCZG,Low-Value,19.9,Month-to-month,1,No,0.680549
5515-IDEJJ,Low-Value,19.9,Month-to-month,1,Yes,0.680549
3900-AQPHZ,Low-Value,19.9,Month-to-month,1,Yes,0.680549
2369-FEVNO,Low-Value,19.9,Month-to-month,1,No,0.680549
4800-VHZKI,Low-Value,19.9,Month-to-month,1,Yes,0.680549
4877-EVATK,Low-Value,20.0,Month-to-month,1,Yes,0.680549
7698-YFGEZ,Low-Value,20.0,Month-to-month,1,No,0.680549
6286-SUUWT,Low-Value,19.95,Month-to-month,1,No,0.680549
4690-LLKUA,Low-Value,45.05,Month-to-month,17,Yes,0.680268
7501-VTYLJ,Low-Value,51.55,Month-to-month,2,No,0.6802218
9812-GHVRI,High-Value,83.85,Month-to-month,40,No,0.68004256
5071-FBJFS,Low-Value,50.3,Month-to-month,4,No,0.67991483
8630-FJLIB,Low-Value,69.8,Month-to-month,18,No,0.67949295
8270-RKSAP,High-Value,70.5,Month-to-month,9,No,0.6793023
5908-QMGOE,High-Value,74.2,Month-to-month,15,Yes,0.67929405
9348-YVOMK,Low-Value,44.8,Month-to-month,4,No,0.6791931
9708-HPXWZ,Low-Value,45.4,Month-to-month,5,No,0.6783366
0921-OHLVP,High-Value,83.05,Month-to-month,22,No,0.67798233
4822-YCXMX,High-Value,84.8,Month-to-month,25,Yes,0.67798233
1349-WXNGG,Low-Value,20.05,Month-to-month,1,Yes,0.6779672
3253-HKOKL,High-Value,100.3,One year,52,No,0.67780775
9254-RBFON,High-Value,98.6,One year,17,Yes,0.6776141
2080-SRCDE,Low-Value,25.4,Month-to-month,1,No,0.6773725
1212-GLHMD,High-Value,86.05,Month-to-month,3,No,0.67720485
7892-QVYKW,High-Value,85.6,Month-to-month,23,No,0.67705506
9779-DPNEJ,High-Value,80.15,Month-to-month,22,No,0.67705506
7952-OBOYL,High-Value,89.85,Month-to-month,3,No,0.6770493
8992-CEUEN,Low-Value,18.85,Month-to-month,1,No,0.67695373
2501-XWWTZ,Low-Value,70.2,Month-to-month,11,No,0.67685777
3679-XASPY,Low-Value,19.45,Month-to-month,1,No,0.6763558
3859-CVCET,Low-Value,45.65,Month-to-month,4,Yes,0.676342
9572-WUKSB,Low-Value,29.9,Month-to-month,3,No,0.67592645
5701-SVCWR,Low-Value,24.0,Month-to-month,1,No,0.6759051
2108-YKQTY,Low-Value,50.7,Month-to-month,4,Yes,0.6756691
8065-YKXKD,High-Value,74.75,Month-to-month,10,Yes,0.6755012
3295-YVUSR,High-Value,72.6,Month-to-month,2,No,0.6754723
2654-VBVPB,Low-Value,19.9,Month-to-month,1,No,0.6750178
2542-HYGIQ,Low-Value,19.95,Month-to-month,1,No,0.6750178
7339-POGZN,Low-Value,50.7,Month-to-month,4,No,0.6745399
4633-MKHYU,High-Value,88.4,Month-to-month,9,No,0.6744937
2433-KMEAS,Low-Value,54.45,Month-to-month,22,Yes,0.67434865
8714-CTZJW,High-Value,82.85,Month-to-month,4,No,0.67418504
6654-QGBZZ,Low-Value,19.9,Month-to-month,1,No,0.6741051
6876-ADESB,Low-Value,48.95,Month-to-month,1,Yes,0.6740805
0601-WZHJF,Low-Value,46.35,Month-to-month,14,Yes,0.67390734
4745-LSPLO,Low-Value,20.5,Month-to-month,1,Yes,0.67357117
2002-MZHWP,Low-Value,20.5,Month-to-month,1,Yes,0.67357117
4255-DDUOU,Low-Value,20.5,Month-to-month,1,Yes,0.67357117
3803-KMQFW,Low-Value,20.55,Month-to-month,1,Yes,0.67357117
1089-HDMKP,Low-Value,54.55,Month-to-month,11,No,0.67342776
0928-JMXNP,Low-Value,29.9,Month-to-month,4,No,0.67319447
0867-MKZVY,High-Value,82.4,Month-to-month,20,Yes,0.6727722
9831-BPFRI,High-Value,89.55,One year,39,Yes,0.67215765
5365-LLFYV,Low-Value,45.85,Month-to-month,2,No,0.6720648
3668-QPYBK,Low-Value,53.85,Month-to-month,2,Yes,0.67159617
6728-WYQBC,Low-Value,20.95,Month-to-month,1,No,0.6715687
2860-RANUS,High-Value,85.8,Month-to-month,20,Yes,0.67132443
0322-CHQRU,Low-Value,45.35,Month-to-month,2,Yes,0.67119104
9588-OZDMQ,Low-Value,45.0,Month-to-month,2,No,0.67119104
3096-IZETN,High-Value,78.1,Month-to-month,12,Yes,0.6707525
0196-JTUQI,High-Value,75.2,Month-to-month,9,No,0.67074984
5628-FCGYG,High-Value,84.1,Month-to-month,21,No,0.6706252
5950-AAAGJ,High-Value,84.3,Month-to-month,18,No,0.67050064
3506-LCJDC,Low-Value,19.95,Month-to-month,1,Yes,0.67016125
8685-WHQPW,High-Value,74.4,Month-to-month,22,Yes,0.6698973
4625-EWPTF,Low-Value,30.45,Month-to-month,8,Yes,0.66949266
7321-PKUYW,High-Value,90.15,Month-to-month,11,Yes,0.66891617
7434-SHXLS,Low-Value,20.9,Month-to-month,1,Yes,0.66889524
5624-BQSSA,Low-Value,20.95,Month-to-month,1,Yes,0.66889524
0426-TIRNE,Low-Value,20.9,Month-to-month,1,Yes,0.66889524
8267-KFGYD,Low-Value,21.05,Month-to-month,1,No,0.66889524
7901-HXJVA,High-Value,76.45,Month-to-month,14,No,0.668685
7206-PQBBZ,Low-Value,70.2,Month-to-month,11,No,0.6681476
6023-YEBUP,High-Value,100.95,Month-to-month,3,Yes,0.66802585
6257-RJOHI,Low-Value,50.8,Month-to-month,4,No,0.668025
5442-XSDCW,High-Value,79.5,Month-to-month,11,Yes,0.66791415
1750-CSKKM,Low-Value,55.35,Month-to-month,9,Yes,0.6677523
1575-KRZZE,Low-Value,55.2,Month-to-month,4,No,0.66741776
5404-GGUKR,Low-Value,51.35,Month-to-month,5,No,0.6661018
0475-RIJEP,High-Value,77.85,Month-to-month,43,Yes,0.6659692
2391-SOORI,Low-Value,49.35,Month-to-month,4,Yes,0.665883
3755-JBMNH,High-Value,71.8,Month-to-month,16,Yes,0.66551775
2770-NSVDG,Low-Value,29.1,Month-to-month,24,No,0.66482466
0761-AETCS,Low-Value,19.3,Month-to-month,1,Yes,0.66429365
5298-GSTLM,High-Value,101.4,One year,60,No,0.66410345
3620-MWJNE,Low-Value,54.45,Month-to-month,2,No,0.6640242
5076-YVXCM,High-Value,83.4,Month-to-month,51,No,0.6637453
8749-CLJXC,Low-Value,20.05,Month-to-month,1,No,0.66320586
4661-NJEUX,Low-Value,20.05,Month-to-month,1,No,0.66320586
2812-SFXMJ,Low-Value,20.05,Month-to-month,1,No,0.66320586
9962-BFPDU,Low-Value,20.05,Month-to-month,1,No,0.66320586
3030-ZKIWL,Low-Value,20.05,Month-to-month,1,No,0.66320586
7096-UCLNH,Low-Value,20.05,Month-to-month,1,No,0.66320586
3707-LRWZD,High-Value,84.05,One year,32,Yes,0.66030675
8901-HJXTF,Low-Value,29.2,Month-to-month,12,Yes,0.66009015
3050-GBUSH,Low-Value,34.8,Month-to-month,3,No,0.6593125
5759-RCVCB,Low-Value,35.2,Month-to-month,3,Yes,0.6593125
7401-RUBNK,High-Value,74.8,Month-to-month,18,No,0.65891427
9003-CPATH,High-Value,79.9,Month-to-month,42,No,0.65818805
9824-BEMCV,Low-Value,69.0,Month-to-month,17,Yes,0.65767014
0916-QOFDP,High-Value,95.8,Month-to-month,14,No,0.6573473
9445-ZUEQE,High-Value,85.2,Month-to-month,27,No,0.6569297
2831-EBWRN,Low-Value,45.9,Month-to-month,4,No,0.65656304
5117-IFGPS,High-Value,84.3,Month-to-month,29,No,0.6565077
8896-BQTTI,Low-Value,25.0,Month-to-month,1,No,0.6562032
3955-JBZZM,High-Value,78.8,Month-to-month,20,No,0.6561086
6927-WTFIV,High-Value,71.3,Month-to-month,20,Yes,0.65589535
2955-PSXOE,Low-Value,20.2,Month-to-month,1,Yes,0.65512294
1493-AMTIE,Low-Value,20.2,Month-to-month,1,Yes,0.65512294
7310-EGVHZ,Low-Value,20.2,Month-to-month,1,No,0.65512294
4818-QIUFN,High-Value,79.15,Month-to-month,20,Yes,0.6549857
0256-LTHVJ,High-Value,81.05,Month-to-month,28,Yes,0.65432423
7893-IXHRQ,Low-Value,20.55,Month-to-month,1,Yes,0.65308326
0096-BXERS,Low-Value,50.35,Month-to-month,6,No,0.65278524
1928-BXYIV,Low-Value,61.15,Month-to-month,1,No,0.6526076
2235-DWLJU,Low-Value,44.4,Month-to-month,6,No,0.65024906
3703-KBKZP,High-Value,74.45,Month-to-month,16,No,0.65011793
3351-NGXYI,Low-Value,54.1,Month-to-month,16,No,0.6499184
1597-FZREH,High-Value,76.4,Month-to-month,2,Yes,0.6498464
1262-OPMFY,High-Value,75.75,Month-to-month,9,Yes,0.6497542
7634-WSWDB,Low-Value,38.5,Month-to-month,8,No,0.6494784
7404-JLKQG,Low-Value,57.55,Month-to-month,3,No,0.6493388
0537-QYZZN,High-Value,79.85,Month-to-month,24,No,0.6490597
6906-ANDWJ,High-Value,74.9,Month-to-month,15,Yes,0.6487376
1809-DMJHQ,Low-Value,46.0,Month-to-month,5,Yes,0.64869016
7521-AFHAB,Low-Value,44.8,Month-to-month,5,No,0.64869016
8640-SDGKB,High-Value,74.4,Month-to-month,4,Yes,0.6486091
5650-VDUDS,Low-Value,24.25,Month-to-month,4,Yes,0.6479189
8064-RAVOH,Low-Value,49.85,Month-to-month,1,No,0.647181
0374-AACSZ,Low-Value,50.15,Month-to-month,1,No,0.647181
1536-HBSWP,Low-Value,49.9,Month-to-month,1,No,0.647181
5565-FILXA,High-Value,96.15,Month-to-month,16,Yes,0.6462205
7284-BUYEC,Low-Value,50.95,Month-to-month,5,No,0.6459681
6543-CPZMK,Low-Value,29.95,Month-to-month,9,Yes,0.6453189
0027-KWYKW,High-Value,83.75,Month-to-month,23,No,0.6448428
1251-KRREG,Low-Value,54.4,Month-to-month,2,Yes,0.6447537
6330-JKLPC,High-Value,80.5,Month-to-month,11,Yes,0.64474165
5197-PYEPU,High-Value,94.45,One year,42,No,0.64467156
1456-TWCGB,Low-Value,49.25,Month-to-month,4,No,0.6445941
8993-PHFWD,Low-Value,25.25,Month-to-month,3,Yes,0.64452845
4468-YDOVK,Low-Value,48.65,Month-to-month,5,No,0.64390177
9743-DQKQW,Low-Value,25.1,Month-to-month,3,No,0.6437632
8963-JLGJT,Low-Value,55.9,Month-to-month,3,No,0.6437537
2240-HSJQD,High-Value,81.85,Month-to-month,38,No,0.6436717
4116-TZAQJ,High-Value,74.25,Month-to-month,9,Yes,0.6427518
2041-JIJCI,Low-Value,64.0,Month-to-month,5,No,0.64266044
2122-YWVYA,High-Value,75.4,Month-to-month,18,No,0.64213026
2656-FMOKZ,High-Value,74.45,Month-to-month,15,Yes,0.6420835
9026-LHEVG,Low-Value,40.75,Month-to-month,9,No,0.6416887
5419-JKZNQ,High-Value,77.9,Month-to-month,30,No,0.64143395
2067-QYTCF,High-Value,111.15,Month-to-month,64,No,0.6404503
6682-QJDGB,Low-Value,55.25,Month-to-month,40,Yes,0.6403183
9061-TIHDA,High-Value,95.25,Month-to-month,13,Yes,0.6402004
0742-MOABM,Low-Value,50.05,Month-to-month,4,Yes,0.639905
3315-TOTBP,High-Value,76.0,Month-to-month,15,Yes,0.63988936
2075-RMJIK,Low-Value,49.4,Month-to-month,5,No,0.63980734
0516-WJVXC,Low-Value,54.2,Month-to-month,5,Yes,0.63976455
6214-EDAKZ,Low-Value,55.15,Month-to-month,22,Yes,0.6393669
3523-QRQLL,Low-Value,69.5,One year,22,Yes,0.6390071
7537-RBWEA,Low-Value,25.15,Month-to-month,1,No,0.6387316
2774-LVQUS,High-Value,83.05,Month-to-month,15,Yes,0.63839537
6305-YLBMM,High-Value,104.05,One year,69,Yes,0.63827145
1226-UDFZR,Low-Value,49.6,Month-to-month,2,Yes,0.6379719
1208-NBVFH,Low-Value,49.6,Month-to-month,20,No,0.63768953
3346-BRMIS,Low-Value,48.35,Month-to-month,18,Yes,0.63765395
3503-TYDAY,High-Value,80.45,Month-to-month,43,No,0.6373366
8229-TNIQA,Low-Value,45.3,Month-to-month,4,Yes,0.6372375
8444-WRIDW,High-Value,80.45,Month-to-month,66,Yes,0.63710195
6103-BOCOU,High-Value,80.7,Month-to-month,26,No,0.6368904
5760-IFJOZ,High-Value,107.95,Month-to-month,3,No,0.63676465
3016-KSVCP,Low-Value,33.75,Month-to-month,29,No,0.63540715
3577-AMVUX,Low-Value,55.05,Month-to-month,1,No,0.63486564
9819-FBNSV,High-Value,72.25,Month-to-month,37,No,0.6346431
4797-AXPXK,Low-Value,60.0,Month-to-month,1,Yes,0.6342452
3716-UVSPD,Low-Value,49.3,Month-to-month,1,No,0.6341755
7312-XSBAT,Low-Value,49.75,Month-to-month,1,No,0.6341755
0107-WESLM,Low-Value,19.85,Month-to-month,1,Yes,0.63412976
9103-CXVOK,Low-Value,19.75,Month-to-month,1,No,0.63412976
0749-IRGQE,Low-Value,45.3,Month-to-month,13,No,0.6338193
9530-EHPOH,Low-Value,53.75,Month-to-month,11,Yes,0.6335863
9139-WQQDY,High-Value,100.45,One year,49,Yes,0.63304144
7853-WNZSY,Low-Value,19.75,Month-to-month,1,No,0.63244385
3884-HCSWG,Low-Value,70.0,Month-to-month,17,Yes,0.63240576
3733-LSYCE,High-Value,75.35,Month-to-month,15,No,0.63237983
8245-UMPYT,High-Value,96.4,Month-to-month,16,Yes,0.63223606
7758-XKCBS,Low-Value,29.7,Month-to-month,15,Yes,0.6320725
7657-DYEPJ,Low-Value,70.15,One year,38,Yes,0.6314504
9518-XXBXE,High-Value,75.3,Month-to-month,10,No,0.6309773
3002-WQZWT,High-Value,74.2,Month-to-month,29,No,0.6308814
9753-OYLBX,Low-Value,20.5,Month-to-month,1,No,0.62957007
7396-VJUZB,Low-Value,45.25,Month-to-month,4,No,0.6294259
1905-OEILC,Low-Value,19.5,Month-to-month,1,No,0.6294042
5906-BFOZT,Low-Value,19.5,Month-to-month,1,No,0.6294042
4760-XOHVN,Low-Value,19.45,Month-to-month,1,Yes,0.6294042
1725-MIMXW,Low-Value,19.45,Month-to-month,1,Yes,0.6294042
7503-QQRVF,High-Value,74.3,Month-to-month,16,Yes,0.6293913
1596-BBVTG,High-Value,75.35,Month-to-month,35,Yes,0.6291567
4883-QICIH,Low-Value,69.75,Month-to-month,32,Yes,0.6291567
6599-CEBNN,High-Value,73.95,Month-to-month,34,Yes,0.6291567
1763-WQFUK,Low-Value,50.5,Month-to-month,3,No,0.6285294
6770-XUAGN,Low-Value,21.0,Month-to-month,1,Yes,0.62791556
4559-UWIHT,High-Value,82.65,Month-to-month,14,No,0.627872
0621-TWIEM,Low-Value,45.55,Month-to-month,10,Yes,0.6278576
1156-ZFYDO,Low-Value,19.75,Month-to-month,1,No,0.62726235
5022-KVDQT,High-Value,81.3,Month-to-month,27,No,0.6264204
7243-LCGGZ,Low-Value,20.9,Month-to-month,1,No,0.62635577
9227-LUNBG,Low-Value,24.6,Month-to-month,1,Yes,0.6255918
1625-JAIIY,High-Value,83.0,One year,68,Yes,0.62553674
6896-SRVYQ,High-Value,73.85,Month-to-month,44,No,0.6254109
2607-FBDFF,Low-Value,49.0,Month-to-month,1,No,0.62533534
5183-SNMJQ,High-Value,95.1,Month-to-month,10,No,0.6252982
8938-UMKPI,High-Value,106.4,Month-to-month,47,Yes,0.6246857
2111-DWYHN,Low-Value,21.1,Month-to-month,1,No,0.6246151
8757-TFHHJ,Low-Value,49.8,Month-to-month,1,No,0.6243192
8885-QSQBX,Low-Value,49.55,Month-to-month,1,No,0.6243192
2273-QCKXA,Low-Value,49.05,Month-to-month,1,No,0.62407815
1660-HSOOQ,Low-Value,49.65,Month-to-month,1,Yes,0.6230607
1453-RZFON,Low-Value,49.9,Month-to-month,1,No,0.6230607
7623-TRNQN,Low-Value,49.9,Month-to-month,1,Yes,0.6230607
6347-DCUIK,High-Value,74.15,Month-to-month,10,Yes,0.6229376
9436-ZBZCT,High-Value,89.95,Month-to-month,14,Yes,0.62236136
9332-GYWLO,Low-Value,54.85,Month-to-month,6,No,0.62226975
6599-SFQVE,Low-Value,55.0,Month-to-month,6,No,0.62226975
7617-EYGLW,Low-Value,19.45,Month-to-month,1,No,0.6220183
3130-ICDUP,High-Value,80.55,Month-to-month,2,No,0.62199706
6323-AYBRX,Low-Value,19.35,Two year,59,Yes,0.6216725
9465-RWMXL,High-Value,78.9,Month-to-month,32,Yes,0.6215436
7668-XCFYV,High-Value,92.55,Month-to-month,17,No,0.62153566
6551-GNYDG,High-Value,80.9,Month-to-month,14,No,0.6205888
7551-JOHTI,Low-Value,19.5,Month-to-month,1,Yes,0.6192433
3677-TNKIO,High-Value,71.0,Month-to-month,14,Yes,0.6192025
9708-KFDBY,Low-Value,20.55,Month-to-month,1,No,0.61854583
5914-DVBWJ,High-Value,85.45,Month-to-month,18,Yes,0.61663973
2700-LUEVA,Low-Value,20.75,Month-to-month,1,No,0.61643595
3845-JHAMY,Low-Value,35.5,Month-to-month,16,No,0.6164295
1919-RTPQD,Low-Value,44.75,Month-to-month,7,No,0.6158677
2810-FTLEM,Low-Value,50.15,Month-to-month,16,Yes,0.6158189
7318-EIVKO,Low-Value,59.25,Month-to-month,8,No,0.61578804
8614-VGMMV,Low-Value,49.1,Month-to-month,15,Yes,0.61574334
8387-MOJJT,High-Value,77.95,Month-to-month,42,Yes,0.61566436
1596-OQSPS,Low-Value,51.1,Month-to-month,11,No,0.6142639
6844-DZKRF,Low-Value,50.2,Month-to-month,2,No,0.613649
5049-GLYVG,Low-Value,20.6,Month-to-month,1,Yes,0.61357194
4013-GUXND,Low-Value,20.8,Month-to-month,1,No,0.61357194
3645-DEYGF,Low-Value,20.75,Month-to-month,1,No,0.61357194
3976-NLDEZ,Low-Value,20.6,Month-to-month,1,No,0.61357194
2592-SEIFQ,Low-Value,24.75,Month-to-month,3,Yes,0.6135381
1777-JYQPJ,Low-Value,24.3,Month-to-month,2,No,0.61347675
6557-BZXLQ,Low-Value,69.65,Month-to-month,16,No,0.6131594
6022-KOUQO,Low-Value,29.05,Month-to-month,2,No,0.6128401
1732-VHUBQ,High-Value,70.55,Month-to-month,47,Yes,0.6120492
9547-ITEFG,High-Value,102.6,Month-to-month,9,No,0.61148643
6692-YQHXC,Low-Value,69.95,Month-to-month,16,No,0.61024714
7718-RXDGG,Low-Value,68.6,Month-to-month,15,No,0.61024714
2049-BAFNW,Low-Value,35.9,Month-to-month,1,No,0.6102181
4948-WBBKL,High-Value,74.9,Month-to-month,36,No,0.60991246
0620-DLSLK,High-Value,81.9,Month-to-month,13,No,0.60972965
4067-HLYQI,High-Value,70.4,Month-to-month,33,No,0.60925317
9286-DOJGF,High-Value,74.95,Month-to-month,38,Yes,0.6090078
3717-OFRTN,Low-Value,19.75,Month-to-month,1,No,0.6083515
8562-GHPPI,Low-Value,19.8,Month-to-month,1,No,0.6083515
1194-SPVSP,Low-Value,19.65,Month-to-month,1,No,0.6083515
2576-HXMPA,Low-Value,19.55,Month-to-month,1,No,0.6083515
4546-FOKWR,High-Value,74.75,Month-to-month,16,No,0.6082166
1024-GUALD,Low-Value,24.8,Month-to-month,1,Yes,0.6080284
1582-RAFML,Low-Value,60.1,Month-to-month,1,Yes,0.6079981
4690-PKDQG,High-Value,95.55,Month-to-month,42,No,0.60787624
7018-WBJNK,High-Value,78.3,Month-to-month,13,No,0.60665
3923-CSIHK,High-Value,71.05,Month-to-month,50,Yes,0.6063711
7020-OZKXZ,High-Value,75.5,Month-to-month,9,No,0.60575175
4706-AXVKM,High-Value,84.8,Month-to-month,11,Yes,0.605543
6641-XRPSU,Low-Value,70.0,Month-to-month,34,Yes,0.6054879
3956-MGXOG,High-Value,80.6,Month-to-month,28,No,0.6048611
2476-YGEFM,High-Value,76.0,Month-to-month,29,No,0.6045635
7426-WEIJX,High-Value,80.95,Month-to-month,60,No,0.60351515
9114-VEPUF,High-Value,96.1,One year,62,No,0.6033396
4195-NZGTA,Low-Value,25.25,Month-to-month,1,No,0.6029558
5271-DBYSJ,High-Value,79.15,Month-to-month,11,No,0.60250473
4588-YBNIB,Low-Value,19.6,Month-to-month,1,Yes,0.60248816
6141-OOXUQ,Low-Value,19.65,Month-to-month,1,Yes,0.60248816
0927-CNGRH,Low-Value,19.55,Month-to-month,1,No,0.60248816
1135-LMECX,Low-Value,19.85,Month-to-month,1,No,0.60248816
6124-ACRHJ,Low-Value,19.75,Month-to-month,1,No,0.60248816
7989-CHGTL,Low-Value,19.6,Month-to-month,1,Yes,0.60248816
2465-BLLEU,Low-Value,19.75,Month-to-month,1,No,0.60248816
4892-VLANZ,Low-Value,19.8,Month-to-month,1,Yes,0.60248816
3785-NRHYR,Low-Value,19.65,Month-to-month,1,No,0.60248816
7239-HZZCX,Low-Value,19.75,Month-to-month,1,Yes,0.60248816
7721-DVEKZ,Low-Value,19.65,Month-to-month,1,No,0.60248816
2866-IKBTM,Low-Value,19.55,Month-to-month,1,No,0.60248816
0247-SLUJI,Low-Value,19.7,Month-to-month,1,No,0.60248816
3930-ZGWVE,Low-Value,19.75,Month-to-month,1,No,0.60248816
6849-WLEYG,Low-Value,19.75,Month-to-month,1,Yes,0.60248816
1622-HSHSF,Low-Value,19.55,Month-to-month,1,No,0.60248816
4291-HPAXL,Low-Value,19.85,Month-to-month,1,No,0.60248816
8605-ITULD,Low-Value,19.55,Month-to-month,1,No,0.60248816
1029-QFBEN,Low-Value,19.55,Month-to-month,1,Yes,0.60248816
3096-GKWEB,High-Value,94.75,Month-to-month,18,No,0.60245156
0991-BRRFB,Low-Value,49.4,Month-to-month,18,Yes,0.60209864
1051-GEJLJ,Low-Value,19.5,Month-to-month,2,No,0.6018196
0883-EIBTI,Low-Value,19.5,Month-to-month,2,Yes,0.6018196
5989-PGKJB,High-Value,86.25,Month-to-month,16,No,0.6014752
9505-SQFSW,Low-Value,40.3,Month-to-month,3,No,0.60042864
7156-MHUGY,High-Value,90.5,Month-to-month,13,Yes,0.6003332
7716-YTYHG,High-Value,82.05,One year,48,Yes,0.600022
6825-UYPFK,High-Value,75.6,Month-to-month,23,Yes,0.5997539
0929-HYQEW,Low-Value,50.15,Month-to-month,3,No,0.5995454
4566-QVRRW,Low-Value,44.05,Month-to-month,11,Yes,0.5993556
4001-TSBTV,High-Value,91.55,Month-to-month,58,No,0.59884065
7459-IMVYU,Low-Value,69.95,Month-to-month,38,No,0.59790933
1384-RCUXW,High-Value,80.55,Month-to-month,16,No,0.59783936
3683-QKIUE,Low-Value,50.8,Month-to-month,6,Yes,0.5978298
8869-TORSS,Low-Value,60.35,One year,48,Yes,0.597488
1785-BPHTP,High-Value,85.45,Month-to-month,28,No,0.597386
8388-FYNPZ,Low-Value,56.75,Month-to-month,4,No,0.5964468
4676-MQUEA,High-Value,101.9,One year,50,No,0.5962133
8490-BXHEO,High-Value,80.55,Month-to-month,18,No,0.5960497
7627-JKIAZ,High-Value,78.95,Month-to-month,37,Yes,0.5955792
8329-IBCTI,Low-Value,19.65,Month-to-month,1,Yes,0.5954058
0970-QXPXW,Low-Value,19.65,Month-to-month,1,No,0.5954058
7601-WFVZV,Low-Value,19.55,Month-to-month,1,No,0.5954058
6615-ZGEDR,Low-Value,19.7,Month-to-month,1,Yes,0.5954058
2712-SYWAY,Low-Value,25.7,Month-to-month,1,No,0.59539723
9975-SKRNR,Low-Value,18.9,Month-to-month,1,No,0.5951786
1423-BMPBQ,Low-Value,19.0,Month-to-month,1,No,0.5951786
9318-NKNFC,Low-Value,18.85,Month-to-month,1,Yes,0.5951786
0139-IVFJG,High-Value,90.35,Month-to-month,2,No,0.5950165
0311-QYWSS,Low-Value,49.45,Month-to-month,6,No,0.59456277
4828-FAZPK,High-Value,79.95,Month-to-month,16,No,0.5945105
5453-AXEPF,High-Value,80.5,Month-to-month,17,No,0.5945105
6921-OZMFH,Low-Value,55.7,Month-to-month,5,No,0.59443444
2223-KAGMX,Low-Value,19.4,Month-to-month,15,Yes,0.59372234
9375-MHRRS,Low-Value,50.05,Month-to-month,6,No,0.59354013
1432-FPAXX,Low-Value,30.6,Month-to-month,29,Yes,0.5925055
8229-MYEJZ,Low-Value,51.2,Month-to-month,10,No,0.5922634
3943-KDREE,High-Value,74.95,Month-to-month,26,Yes,0.5921331
4801-JZAZL,Low-Value,29.6,Month-to-month,11,No,0.5920664
0277-BKSQP,Low-Value,54.4,Month-to-month,8,No,0.59193134
6260-ONULR,Low-Value,62.8,Month-to-month,1,No,0.5917934
3113-IWHLC,Low-Value,55.8,Month-to-month,5,No,0.591688
8620-RJPZN,Low-Value,20.7,Month-to-month,1,No,0.59160155
5088-QZLRL,Low-Value,20.65,Month-to-month,1,No,0.59160155
3426-NIYYL,Low-Value,51.55,Month-to-month,15,Yes,0.5914436
3866-MDTUB,High-Value,70.75,Month-to-month,2,Yes,0.59139425
6715-OFDBP,Low-Value,70.05,Month-to-month,5,Yes,0.5906838
5382-SOYZL,High-Value,95.1,Month-to-month,22,No,0.5902063
7916-VCCPB,High-Value,73.25,Month-to-month,16,No,0.59009105
9415-TPKRV,Low-Value,55.75,Month-to-month,8,No,0.5897145
1310-QRITU,Low-Value,50.3,Month-to-month,18,No,0.58939195
5146-CBVOE,High-Value,75.1,Month-to-month,16,No,0.58928156
6834-NXDCA,Low-Value,23.9,Month-to-month,13,Yes,0.58879787
4597-ELFTS,Low-Value,24.9,One year,56,Yes,0.588708
5301-GAUUY,High-Value,80.35,Month-to-month,32,Yes,0.58837104
9048-JVYVF,Low-Value,69.35,Month-to-month,3,Yes,0.5883054
4815-GBTCD,Low-Value,25.15,Month-to-month,4,No,0.58825386
2235-ZGKPT,Low-Value,50.85,Month-to-month,4,Yes,0.5879583
3088-LHEFH,High-Value,79.0,Month-to-month,11,No,0.58785486
8155-IBNHG,High-Value,75.4,Month-to-month,24,Yes,0.58762145
9800-ONTFE,High-Value,75.8,Month-to-month,22,No,0.58762145
1396-QWFBJ,High-Value,74.05,Month-to-month,21,Yes,0.58762145
8496-EJAUI,High-Value,73.85,Month-to-month,19,Yes,0.58762145
7926-IJOOU,Low-Value,19.3,Month-to-month,1,No,0.5872578
1098-TDVUQ,Low-Value,19.25,Month-to-month,1,No,0.5872578
2220-IAHLS,Low-Value,19.4,Month-to-month,1,No,0.5872578
7291-CDTMJ,Low-Value,19.65,Month-to-month,1,No,0.58705777
9638-JIQYA,Low-Value,24.9,Month-to-month,2,No,0.586821
9500-LTVBP,High-Value,80.05,Month-to-month,35,No,0.5867928
1041-RXHRA,Low-Value,70.25,Month-to-month,41,Yes,0.5854368
3956-CJUST,High-Value,75.4,Month-to-month,23,No,0.585361
7246-ZGQDF,Low-Value,54.5,Month-to-month,1,No,0.58442307
1379-FRVEB,High-Value,91.0,Month-to-month,15,No,0.5833601
7603-USHJS,High-Value,73.75,Month-to-month,12,Yes,0.5827522
3320-VEOYC,High-Value,95.6,Month-to-month,14,No,0.5823352
3415-TAILE,Low-Value,65.7,Month-to-month,2,Yes,0.5821135
4580-TMHJU,Low-Value,56.15,Month-to-month,43,Yes,0.5820925
6078-VESFR,High-Value,70.45,Month-to-month,13,No,0.58137465
1724-IQWNM,Low-Value,19.3,Month-to-month,1,No,0.58129597
5510-BOIUJ,Low-Value,19.25,Month-to-month,1,Yes,0.58129597
5766-ZJYBB,Low-Value,19.4,Month-to-month,1,Yes,0.58129597
4667-OHGKG,Low-Value,19.3,Month-to-month,1,Yes,0.58129597
5536-SLHPM,High-Value,77.75,Month-to-month,55,Yes,0.580808
6734-GMPVK,High-Value,105.3,Month-to-month,5,No,0.58077675
5999-LCXAO,Low-Value,29.9,Month-to-month,1,No,0.580257
1101-SSWAG,Low-Value,51.1,Month-to-month,15,No,0.5801748
2115-BFTIW,High-Value,70.95,Month-to-month,25,Yes,0.5788074
0319-QZTCO,Low-Value,58.7,Month-to-month,3,No,0.57832485
4818-DRBQT,High-Value,80.15,Month-to-month,29,Yes,0.5780473
3365-SAIGS,High-Value,83.55,Month-to-month,17,No,0.57793415
5707-ORNDZ,Low-Value,54.55,Month-to-month,9,Yes,0.57764024
9524-EGPJC,High-Value,90.1,Month-to-month,18,Yes,0.5776183
0668-OGMHD,Low-Value,28.5,Month-to-month,21,No,0.5775929
5977-CKHON,High-Value,92.55,Month-to-month,43,No,0.57749724
7845-URHJN,Low-Value,20.15,Month-to-month,8,Yes,0.5766625
9705-IOVQQ,High-Value,99.0,One year,61,No,0.5761556
6227-HWPWX,Low-Value,69.0,Month-to-month,15,Yes,0.575596
9369-XFEHK,High-Value,80.6,Month-to-month,33,Yes,0.5747209
9863-JZAIC,Low-Value,55.0,Month-to-month,35,Yes,0.57460517
4895-TMWIR,Low-Value,19.95,Month-to-month,11,Yes,0.5745347
5935-FCCNB,High-Value,94.2,Month-to-month,17,No,0.574426
1228-ZLNBX,High-Value,75.3,Month-to-month,21,No,0.5742544
5175-WLYXL,High-Value,78.85,Month-to-month,22,No,0.5742544
4250-FDVOU,Low-Value,56.25,Month-to-month,6,Yes,0.5741764
1541-ETJZO,Low-Value,62.05,Month-to-month,1,Yes,0.5740309
2045-BMBTJ,Low-Value,59.45,Month-to-month,33,No,0.5739833
6288-LBEAR,High-Value,79.1,Month-to-month,23,No,0.57387143
5167-GBFRE,Low-Value,25.2,Month-to-month,4,Yes,0.57264906
0599-XNYDO,Low-Value,69.8,Month-to-month,20,No,0.57219326
9866-QEVEE,High-Value,86.0,Month-to-month,19,Yes,0.5718404
9137-NOQKA,Low-Value,19.2,Month-to-month,2,No,0.5709377
1213-NGCUN,Low-Value,49.65,Month-to-month,6,Yes,0.570791
6692-UDPJC,High-Value,91.65,Month-to-month,14,Yes,0.5707569
3748-FVMZZ,Low-Value,40.05,Month-to-month,4,No,0.5705833
8566-YPRGL,Low-Value,19.5,Month-to-month,1,No,0.57035017
8676-OOQEJ,Low-Value,30.5,Month-to-month,4,No,0.56955093
9272-LSVYH,Low-Value,70.15,Month-to-month,10,No,0.5694592
7517-LDMPS,High-Value,84.6,Month-to-month,12,No,0.5692438
7072-MBHEV,High-Value,78.1,Month-to-month,11,No,0.5687002
5348-CAGXB,High-Value,89.55,Month-to-month,12,No,0.56786376
7776-QWNFX,Low-Value,50.4,Month-to-month,30,Yes,0.5677967
3945-GFWQL,Low-Value,44.55,Month-to-month,12,Yes,0.567617
8217-QYOHV,Low-Value,55.75,Month-to-month,5,No,0.56724006
5732-IKGQH,High-Value,104.45,One year,52,No,0.5671237
3896-RCYYE,Low-Value,53.4,Month-to-month,67,No,0.5670372
8097-VBQTZ,Low-Value,69.9,Month-to-month,54,No,0.566773
2480-JZOSN,Low-Value,20.65,Month-to-month,1,No,0.5666861
5895-QSXOD,Low-Value,70.05,Month-to-month,9,No,0.56631225
8224-DWCKX,High-Value,73.3,Month-to-month,12,No,0.56625336
9402-ORRAH,High-Value,91.5,Month-to-month,15,No,0.56601256
7551-DACSP,Low-Value,55.3,Month-to-month,6,Yes,0.5658255
6344-SFJVH,Low-Value,24.9,Month-to-month,20,No,0.56559145
7567-ECMCM,High-Value,79.85,Month-to-month,24,No,0.5655103
7593-JNWRU,Low-Value,44.6,Month-to-month,6,Yes,0.56541014
5780-INQIK,Low-Value,49.4,Month-to-month,8,No,0.56429577
7743-EXURX,Low-Value,51.05,Month-to-month,8,Yes,0.56429577
6985-HAYWX,High-Value,79.3,Month-to-month,26,No,0.56397957
2985-FMWYF,High-Value,93.5,Month-to-month,23,No,0.56386966
2720-FVBQP,Low-Value,48.95,Month-to-month,6,No,0.56342685
6087-MVHJH,High-Value,88.45,Month-to-month,16,Yes,0.56275475
2190-BCXEC,High-Value,78.85,Month-to-month,40,No,0.5621478
2669-QVCRG,High-Value,81.3,Month-to-month,41,No,0.5621478
6789-HJBWG,Low-Value,49.4,Month-to-month,12,No,0.5620917
4390-KYULV,Low-Value,20.55,Month-to-month,3,Yes,0.5616561
3211-ILJTT,High-Value,70.4,Month-to-month,17,Yes,0.561462
5688-KZTSN,Low-Value,20.0,Month-to-month,15,Yes,0.5605351
3452-GWUIN,High-Value,94.95,Month-to-month,19,No,0.560102
3197-ARFOY,High-Value,105.0,Month-to-month,19,No,0.55980974
3196-NVXLZ,High-Value,84.6,Month-to-month,25,No,0.55973494
5035-BVCXS,High-Value,75.9,Month-to-month,11,No,0.55936146
6629-LADHQ,Low-Value,50.95,Month-to-month,2,No,0.5591333
8450-JOVAH,Low-Value,56.7,Month-to-month,2,Yes,0.5591333
9667-TKTVZ,Low-Value,54.35,Month-to-month,2,No,0.5591333
8344-WFMFH,Low-Value,50.1,Month-to-month,9,No,0.55901945
0420-BWTPW,Low-Value,25.5,Month-to-month,8,Yes,0.55761725
2378-HTWFW,High-Value,91.0,Month-to-month,35,No,0.55758286
5899-MQZZL,High-Value,75.0,Month-to-month,13,Yes,0.55674833
7562-UXTPG,Low-Value,70.15,Month-to-month,13,No,0.5565059
5402-HTOTQ,Low-Value,55.3,Month-to-month,16,No,0.55590427
7410-OIEDU,High-Value,79.85,Month-to-month,10,No,0.55590194
6646-JPPHA,High-Value,78.85,Month-to-month,14,No,0.55580276
8212-CRQXP,High-Value,80.0,Month-to-month,22,No,0.5547025
3694-DELSO,Low-Value,38.55,Month-to-month,4,No,0.5543132
8404-GFGCZ,Low-Value,65.6,Month-to-month,4,No,0.55417794
6986-IXNDM,High-Value,92.9,Month-to-month,14,No,0.55395454
2043-WVTQJ,Low-Value,55.7,Month-to-month,1,No,0.55394286
7619-ODSGN,Low-Value,54.75,Month-to-month,24,Yes,0.55386764
3733-ZEECP,Low-Value,51.1,Month-to-month,22,No,0.55386764
1183-CANVH,Low-Value,60.0,One year,23,No,0.5537085
3522-CDKHF,High-Value,75.5,Month-to-month,32,No,0.5524489
1025-FALIX,Low-Value,69.05,Month-to-month,26,No,0.5523203
8205-MQUGY,Low-Value,49.2,Month-to-month,12,No,0.55207324
0112-QWPNC,High-Value,84.35,One year,49,Yes,0.552049
4468-KAZHE,Low-Value,60.0,Month-to-month,20,No,0.5517657
1767-TGTKO,Low-Value,45.45,Month-to-month,8,No,0.5514835
6917-IAYHD,Low-Value,33.6,Month-to-month,1,No,0.5513882
3030-YZADT,Low-Value,44.95,Month-to-month,9,Yes,0.5496617
1047-NNCBF,High-Value,70.55,Month-to-month,20,No,0.54946357
5392-AKEMH,Low-Value,45.05,Month-to-month,12,No,0.5492554
0257-ZESQC,High-Value,75.2,Month-to-month,27,Yes,0.5483057
2346-DJQTB,Low-Value,24.15,Month-to-month,35,No,0.5477893
4608-LCIMN,Low-Value,44.65,Month-to-month,8,No,0.5473756
9979-RGMZT,High-Value,94.05,One year,7,No,0.54705364
4013-UBXWQ,High-Value,74.65,Month-to-month,7,Yes,0.54679066
0228-MAUWC,Low-Value,59.55,Month-to-month,19,No,0.5463978
4465-VDKIQ,High-Value,77.8,Month-to-month,18,No,0.5463311
0365-GXEZS,High-Value,78.2,Month-to-month,18,No,0.5457218
8313-KTIHG,Low-Value,61.3,Month-to-month,4,No,0.5453793
3669-LVWZB,Low-Value,51.0,Month-to-month,5,Yes,0.5451585
6259-WJQLC,High-Value,81.1,Month-to-month,32,No,0.54455644
9283-LZQOH,High-Value,74.4,Month-to-month,13,Yes,0.54421616
8455-HIRAQ,Low-Value,44.45,Month-to-month,8,No,0.54410243
5606-AMZBO,High-Value,78.15,Month-to-month,10,No,0.5440465
9163-GHAYE,Low-Value,48.85,Month-to-month,15,No,0.54391706
5839-SUYVZ,High-Value,74.55,Month-to-month,16,No,0.5434286
3096-JRDSO,High-Value,104.3,Month-to-month,27,Yes,0.5434145
6859-RKMZJ,Low-Value,55.05,Month-to-month,11,No,0.54322875
7878-JGDKK,Low-Value,44.55,Month-to-month,4,No,0.5430248
7905-TVXTA,Low-Value,64.35,Month-to-month,5,No,0.5428237
0799-DDIHE,Low-Value,46.3,Month-to-month,15,No,0.54279274
7315-WYOAW,High-Value,100.75,Month-to-month,13,No,0.5424648
3995-WFCSM,Low-Value,60.85,Month-to-month,2,No,0.54185534
5652-MSDEY,High-Value,75.75,Month-to-month,10,No,0.54169357
1548-ARAGG,Low-Value,58.5,Month-to-month,4,No,0.54138845
7009-LGECI,Low-Value,50.55,Month-to-month,4,No,0.54127514
8824-RWFXJ,Low-Value,56.15,Month-to-month,3,Yes,0.5412428
0618-XWMSS,High-Value,74.9,Month-to-month,28,Yes,0.54120964
2305-MRGLV,High-Value,76.55,Month-to-month,28,No,0.54120964
1450-SKCVI,High-Value,73.85,Month-to-month,56,Yes,0.54113084
0314-TKOSI,Low-Value,55.15,Month-to-month,6,No,0.54103017
0268-QKIWO,Low-Value,19.75,Month-to-month,3,Yes,0.5399061
7611-YKYTC,High-Value,75.0,Month-to-month,22,No,0.5396091
8096-LOIST,Low-Value,56.2,Month-to-month,19,No,0.53957766
4430-UZIPO,Low-Value,36.85,Month-to-month,3,Yes,0.5394102
2178-PMGCJ,Low-Value,69.7,Month-to-month,22,No,0.5388215
8695-ARGXZ,High-Value,75.55,Month-to-month,34,No,0.5386559
8679-JOEVF,Low-Value,59.4,Month-to-month,16,Yes,0.53843164
2081-VEYEH,High-Value,107.95,Month-to-month,3,No,0.5378987
4130-MZLCC,Low-Value,50.55,Month-to-month,5,No,0.5375919
5394-SVGJV,High-Value,98.8,Month-to-month,37,Yes,0.5367989
0708-SJDIS,Low-Value,65.0,Month-to-month,34,No,0.53667843
1577-HKTFG,Low-Value,19.65,Month-to-month,30,Yes,0.5363652
5934-TSSAU,High-Value,75.3,Month-to-month,23,No,0.5362474
9644-UMGQA,Low-Value,49.15,Month-to-month,6,No,0.5359506
6625-UTXEW,Low-Value,51.25,Month-to-month,12,No,0.535898
7351-KYHQH,Low-Value,64.95,Month-to-month,7,No,0.5357708
8160-HOWOX,Low-Value,66.85,Month-to-month,7,No,0.5351683
2916-BQZLN,High-Value,84.75,Month-to-month,19,No,0.53501105
8784-CGILN,High-Value,99.85,Month-to-month,18,Yes,0.5349678
8988-ECPJR,High-Value,79.6,Month-to-month,34,Yes,0.5347431
3509-GWQGF,Low-Value,70.0,Month-to-month,24,No,0.5344315
3094-JOJAI,High-Value,74.15,Month-to-month,18,No,0.5342911
3714-JTVOV,High-Value,74.15,Month-to-month,42,Yes,0.53412133
9732-KPKBW,Low-Value,53.95,Month-to-month,1,Yes,0.53364253
1015-OWJKI,Low-Value,19.05,Month-to-month,1,No,0.53341275
6569-KTMDU,Low-Value,19.1,Month-to-month,1,No,0.53341275
7302-ZHMHP,Low-Value,19.15,Month-to-month,1,No,0.53341275
9441-QHEVC,Low-Value,19.1,Month-to-month,1,No,0.53341275
6121-VZNQB,Low-Value,19.1,Month-to-month,1,Yes,0.53341275
5016-IBERQ,High-Value,84.25,Month-to-month,23,No,0.5324635
0064-YIJGF,High-Value,75.75,Month-to-month,27,No,0.5320362
7000-WCEVQ,Low-Value,61.6,Month-to-month,20,Yes,0.5312189
6135-OZQVA,Low-Value,53.65,Month-to-month,7,No,0.5311851
1591-NFNLQ,High-Value,80.0,Month-to-month,51,Yes,0.53115547
8967-SZQAS,Low-Value,50.45,Month-to-month,14,No,0.53065515
8201-AAXCB,Low-Value,60.35,Month-to-month,25,No,0.5300808
6778-YSNIH,Low-Value,59.0,Month-to-month,2,No,0.53008044
2100-BDNSN,Low-Value,67.95,Month-to-month,5,Yes,0.5300149
4323-SADQS,Low-Value,34.5,Month-to-month,7,Yes,0.52970946
4238-HFHSN,High-Value,82.15,Month-to-month,61,No,0.52917343
2181-UAESM,Low-Value,53.45,Month-to-month,2,No,0.5288586
4081-DYXAV,Low-Value,44.85,One year,19,Yes,0.52832144
9374-YOLBJ,Low-Value,19.25,Month-to-month,1,No,0.528199
3090-LETTY,Low-Value,60.95,Month-to-month,2,No,0.5280884
9584-EXCDZ,High-Value,70.5,Month-to-month,17,No,0.52796984
0187-WZNAB,High-Value,74.4,Month-to-month,27,No,0.52754766
3308-MHOOC,Low-Value,19.2,Month-to-month,1,No,0.5275286
3814-MLAXC,High-Value,79.85,Month-to-month,31,Yes,0.52641493
3014-WJKSM,High-Value,75.3,Month-to-month,29,No,0.52641493
4521-YEEHE,High-Value,88.85,Month-to-month,18,No,0.52592325
3891-PUQOD,Low-Value,59.2,Month-to-month,1,Yes,0.5252826
5482-NUPNA,Low-Value,60.4,Month-to-month,4,Yes,0.5249425
9167-APMXZ,High-Value,84.15,Month-to-month,22,No,0.524886
2101-RANCD,High-Value,73.1,Month-to-month,55,No,0.52415663
7622-NXQZR,Low-Value,30.1,Month-to-month,28,No,0.5239851
6180-YBIQI,Low-Value,24.3,Month-to-month,5,No,0.5239702
6650-BWFRT,High-Value,117.15,Two year,72,No,0.5233021
7669-LCRSD,Low-Value,56.3,Month-to-month,12,No,0.522612
5429-LWCMV,High-Value,89.15,Month-to-month,12,No,0.5221525
4282-ACRXS,Low-Value,24.85,Month-to-month,38,No,0.52170235
6350-XFYGW,High-Value,94.75,Month-to-month,4,No,0.52071595
8601-QACRS,Low-Value,50.6,Month-to-month,5,Yes,0.5205878
5349-AZPEW,Low-Value,25.05,Month-to-month,5,No,0.5196876
2782-LFZVW,Low-Value,58.95,Month-to-month,11,No,0.51946497
0733-VUNUW,Low-Value,55.65,Month-to-month,24,Yes,0.518946
4680-KUTAJ,Low-Value,55.6,Month-to-month,11,No,0.5184532
2842-BCQGE,High-Value,75.35,Month-to-month,43,No,0.5183114
2504-DSHIH,High-Value,86.8,Month-to-month,23,No,0.5183066
1580-BMCMR,High-Value,87.3,Month-to-month,19,No,0.51739436
1230-QAJDW,Low-Value,65.25,Month-to-month,3,No,0.5171037
6351-SCJKT,Low-Value,41.35,Month-to-month,3,No,0.5170815
1935-IMVBB,High-Value,89.7,Month-to-month,56,No,0.5161346
9415-DPEWS,High-Value,88.35,Month-to-month,18,Yes,0.5145152
9206-GVPEQ,Low-Value,54.45,Month-to-month,13,Yes,0.51451135
5018-GWURO,High-Value,85.6,Month-to-month,56,No,0.514348
0430-IHCDJ,Low-Value,49.0,Month-to-month,15,No,0.5140198
8495-PRWFH,Low-Value,55.65,Month-to-month,42,No,0.5139184
8775-CEBBJ,Low-Value,44.2,Month-to-month,9,Yes,0.51370144
4360-PNRQB,High-Value,75.6,Month-to-month,18,No,0.51324654
8456-QDAVC,High-Value,78.7,Month-to-month,19,No,0.5131062
5016-ETTFF,Low-Value,29.5,Month-to-month,10,Yes,0.5129811
0869-PAPRP,High-Value,85.7,Month-to-month,26,No,0.5128118
5599-HVLTW,High-Value,80.35,Month-to-month,14,No,0.5115192
1845-CSBRZ,High-Value,85.35,Month-to-month,22,No,0.51137376
6143-JQKEA,Low-Value,45.8,Month-to-month,10,No,0.5107222
3580-REOAC,Low-Value,44.85,Month-to-month,10,Yes,0.5107222
8108-UXRQN,Low-Value,50.55,Month-to-month,11,No,0.510675
3237-AJGEH,Low-Value,31.0,Month-to-month,3,Yes,0.51044047
3234-VKACU,Low-Value,70.3,Month-to-month,2,No,0.5098268
0804-XBFBV,Low-Value,25.2,Month-to-month,11,No,0.5090815
3533-UVMOM,High-Value,70.95,Two year,68,No,0.5087025
2373-NTKOD,Low-Value,66.25,Month-to-month,8,No,0.50858384
7814-LEEVE,Low-Value,20.3,Month-to-month,1,No,0.5079594
1355-KUSBG,Low-Value,48.8,Month-to-month,7,No,0.5074729
4860-IJUDE,High-Value,73.75,Month-to-month,13,No,0.5070742
5916-QEWPT,Low-Value,69.0,Month-to-month,2,No,0.5063783
1346-UFHAX,High-Value,80.0,Month-to-month,13,No,0.5059887
2081-KJSQF,Low-Value,20.25,Month-to-month,1,No,0.50493604
5868-YTYKS,Low-Value,20.25,Month-to-month,1,No,0.50493604
2592-YKDIF,Low-Value,20.35,Month-to-month,1,No,0.50493604
2676-ISHSF,Low-Value,20.3,Month-to-month,1,No,0.50493604
4211-MMAZN,Low-Value,20.25,Month-to-month,1,Yes,0.50493604
8203-XJZRC,Low-Value,20.25,Month-to-month,1,No,0.50493604
8073-IJDCM,Low-Value,20.3,Month-to-month,1,Yes,0.50493604
4634-JLRJT,Low-Value,20.35,Month-to-month,1,No,0.50493604
2876-VBBBL,Low-Value,20.25,Month-to-month,1,Yes,0.50493604
3590-TCXTB,Low-Value,20.35,Month-to-month,1,No,0.50493604
0670-KDOMA,Low-Value,20.25,Month-to-month,1,No,0.50493604
9122-UMROB,Low-Value,20.3,Month-to-month,1,No,0.50493604
7356-IWLFW,High-Value,80.0,Month-to-month,46,No,0.50461555
2460-NGXBJ,High-Value,75.2,Month-to-month,11,No,0.50414544
3043-TYBNO,Low-Value,60.65,Month-to-month,3,No,0.50362355
6791-YBNAK,Low-Value,25.55,Month-to-month,18,No,0.5015648
6583-KQJLK,High-Value,94.65,Month-to-month,15,No,0.5004494
1215-VFYVK,Low-Value,48.25,Month-to-month,4,No,0.50044113
3374-TTZTK,High-Value,106.3,Two year,52,No,0.5002909
7253-UVNDW,Low-Value,54.35,Two year,46,Yes,0.50022465
3404-JNXAX,High-Value,80.75,Month-to-month,51,No,0.50012064
4488-PSYCG,Low-Value,20.25,Month-to-month,16,Yes,0.49988058
2203-GHNWN,High-Value,79.65,Month-to-month,24,No,0.4987427
4640-UHDOS,Low-Value,55.95,Month-to-month,13,Yes,0.49872437
9108-EJFJP,Low-Value,53.55,Month-to-month,1,No,0.4981729
3589-PPVKW,Low-Value,44.4,Month-to-month,9,No,0.49801177
2826-DXLQO,Low-Value,29.8,Month-to-month,7,No,0.4976608
8981-FJGLA,High-Value,78.0,Month-to-month,11,No,0.4964652
4482-FTFFX,Low-Value,56.15,Month-to-month,5,No,0.49585155
2219-MVUSO,Low-Value,45.15,Month-to-month,8,Yes,0.49541363
6360-SVNWV,High-Value,73.55,Month-to-month,31,No,0.49405226
9327-QSDED,Low-Value,43.55,Month-to-month,8,No,0.49385372
4080-OGPJL,High-Value,71.15,Month-to-month,8,Yes,0.4931819
3082-VQXNH,Low-Value,29.8,Month-to-month,3,No,0.4931629
8725-JEDFD,Low-Value,69.05,Month-to-month,27,No,0.49217984
0734-OXWBT,High-Value,70.7,Month-to-month,3,No,0.49160936
4826-TZEVA,High-Value,74.8,Month-to-month,40,No,0.4915744
7271-AJDTL,High-Value,94.45,Month-to-month,55,No,0.49094373
8393-JMVMB,Low-Value,19.45,Month-to-month,1,No,0.49002382
6447-GORXK,Low-Value,25.0,Month-to-month,31,No,0.48986363
5173-WXOQV,Low-Value,64.2,Month-to-month,2,No,0.4894777
8647-SDTWQ,High-Value,74.3,Month-to-month,57,No,0.48895434
0811-GSDTP,Low-Value,30.15,Month-to-month,13,No,0.4882871
6198-RTPMF,High-Value,92.6,Month-to-month,17,No,0.48803937
8496-DMZUK,High-Value,90.4,One year,30,No,0.48779038
7853-OETYL,Low-Value,29.05,Month-to-month,4,No,0.4872797
6637-KYRCV,Low-Value,30.5,Month-to-month,5,No,0.48582056
9054-FOWNV,High-Value,88.75,Month-to-month,22,No,0.48566377
0682-USIXD,High-Value,86.05,Month-to-month,21,No,0.48566377
2694-CIUMO,High-Value,79.55,Month-to-month,12,No,0.4849252
9063-ZGTUY,Low-Value,19.4,Month-to-month,61,Yes,0.48457536
8734-FNWVH,Low-Value,59.7,Month-to-month,31,No,0.4843889
9862-KJTYK,Low-Value,25.35,Month-to-month,19,No,0.48361188
3161-GETRM,High-Value,90.05,Month-to-month,34,No,0.4835944
7993-NQLJE,High-Value,75.1,Month-to-month,15,No,0.48358557
3723-BFBGR,Low-Value,54.8,Month-to-month,24,No,0.48319247
8976-OQHGT,Low-Value,56.5,Month-to-month,4,Yes,0.4829886
5542-DHSXL,Low-Value,54.7,Month-to-month,4,No,0.4829886
7351-MHQVU,Low-Value,50.95,Month-to-month,6,No,0.48266914
3258-SANFR,Low-Value,44.7,Month-to-month,6,No,0.48228207
1449-XQEMT,Low-Value,19.8,Month-to-month,3,Yes,0.48221394
0178-CIIKR,Low-Value,19.95,Month-to-month,3,No,0.48221394
0030-FNXPP,Low-Value,19.85,Month-to-month,3,No,0.48221394
7521-YXVZY,Low-Value,19.95,Month-to-month,3,No,0.48221394
8563-IIOXK,Low-Value,49.75,One year,7,Yes,0.4821606
1329-VHWNP,Low-Value,25.05,Month-to-month,7,No,0.48215124
0315-LVCRK,High-Value,84.8,Month-to-month,11,No,0.4820994
9767-FFLEM,Low-Value,69.5,Month-to-month,38,No,0.4813267
0617-FHSGK,High-Value,75.2,Month-to-month,49,Yes,0.4811356
0817-HSUSE,High-Value,75.5,Month-to-month,1,No,0.48112783
8887-IPQNC,Low-Value,44.25,Month-to-month,7,No,0.48082337
1840-BIUOG,Low-Value,68.7,One year,20,No,0.48037037
5156-UMKOW,Low-Value,29.65,Month-to-month,3,No,0.48022354
3714-NTNFO,High-Value,84.5,Month-to-month,49,No,0.47871894
6719-OXYBR,High-Value,85.3,Month-to-month,15,No,0.4774721
6339-DKLMK,Low-Value,31.65,Month-to-month,13,No,0.47728395
3097-IDVPU,Low-Value,50.1,Month-to-month,19,No,0.47696194
3982-XWFZQ,Low-Value,50.25,Month-to-month,42,Yes,0.47651368
2761-XECQW,Low-Value,43.35,Month-to-month,8,No,0.4763206
7869-ZYDST,Low-Value,59.05,Month-to-month,31,No,0.47617126
3845-FXCYS,Low-Value,19.65,Month-to-month,2,No,0.47495523
1442-BQPVU,Low-Value,29.15,Month-to-month,13,No,0.474106
0463-ZSDNT,Low-Value,56.75,Month-to-month,10,No,0.47392726
9029-FEGVJ,High-Value,79.3,Month-to-month,32,No,0.47389737
4232-JGKIY,Low-Value,19.2,Month-to-month,1,No,0.4737856
7159-FVYPK,Low-Value,69.15,Month-to-month,3,No,0.4732516
2606-RMDHZ,Low-Value,30.5,Month-to-month,6,Yes,0.4729555
8149-AIQCG,High-Value,73.15,Month-to-month,39,No,0.47274593
9290-SHCMB,High-Value,96.85,Month-to-month,13,No,0.4722996
1360-RCYRT,Low-Value,30.35,Month-to-month,23,No,0.47227696
5122-CYFXA,High-Value,75.3,Month-to-month,3,No,0.4719066
3584-WKTTW,High-Value,111.55,One year,51,No,0.47160703
3663-MITLP,High-Value,101.25,Month-to-month,15,Yes,0.47107834
8123-QBNAZ,High-Value,104.5,Month-to-month,36,No,0.4709668
5356-CSVSQ,Low-Value,64.6,Month-to-month,3,No,0.4704625
0708-LGSMF,Low-Value,65.85,Month-to-month,13,No,0.47021687
0778-NELLA,Low-Value,34.7,Month-to-month,9,Yes,0.46988854
5937-EORGB,High-Value,96.5,Month-to-month,15,No,0.46877077
8468-FZTOE,High-Value,74.35,Two year,72,No,0.46779132
2957-LOLHO,Low-Value,45.4,Month-to-month,12,Yes,0.4677902
3452-SRFEG,High-Value,74.6,Month-to-month,49,No,0.46687603
5515-RUGKN,Low-Value,54.75,Month-to-month,8,No,0.4666395
2674-MLXMN,High-Value,99.65,Month-to-month,71,No,0.4665157
8875-AKBYH,High-Value,84.35,Month-to-month,20,No,0.46650267
1963-VAUKV,Low-Value,20.4,Month-to-month,1,Yes,0.46623436
5996-DAOQL,Low-Value,20.45,Month-to-month,1,No,0.46623436
0673-IGUQO,Low-Value,20.45,Month-to-month,1,No,0.46623436
2668-TZSPS,Low-Value,20.45,Month-to-month,1,No,0.46623436
8262-COGGB,Low-Value,20.45,Month-to-month,1,No,0.46623436
3727-JEZTU,Low-Value,20.4,Month-to-month,1,No,0.46623436
6579-JPICP,Low-Value,20.4,Month-to-month,1,No,0.46623436
1302-UHBDD,High-Value,89.95,Month-to-month,20,No,0.46395218
2709-UQGNP,Low-Value,51.65,Month-to-month,10,No,0.46278155
3272-VUHPV,Low-Value,56.3,Month-to-month,8,No,0.46274802
2027-CWDNU,High-Value,85.6,Month-to-month,18,No,0.4625319
6439-GTPCA,High-Value,87.25,Month-to-month,45,Yes,0.4611894
4592-IWTJI,Low-Value,29.7,Month-to-month,3,Yes,0.46038738
8910-LEDAG,High-Value,71.55,Month-to-month,34,No,0.46022996
7270-BDIOA,High-Value,90.0,Month-to-month,22,Yes,0.45919734
7876-BEUTG,Low-Value,48.8,Month-to-month,15,No,0.4582959
4957-TREIR,Low-Value,64.4,Month-to-month,3,No,0.45703715
4647-XXZAM,Low-Value,45.5,Month-to-month,6,No,0.45566556
3808-HFKDE,Low-Value,44.35,Month-to-month,20,No,0.45521736
9170-CCKOU,High-Value,90.2,Month-to-month,17,Yes,0.4551365
6464-KEXXH,Low-Value,25.25,Month-to-month,8,No,0.45466098
2446-ZKVAF,Low-Value,56.8,Month-to-month,18,No,0.45356506
5533-NHFRF,Low-Value,44.4,Month-to-month,7,No,0.4526679
0822-QGCXA,High-Value,83.85,Month-to-month,27,No,0.45155814
7421-ZLUPA,Low-Value,29.25,Month-to-month,8,No,0.4514273
4718-DHSMV,Low-Value,35.8,Month-to-month,11,No,0.45086482
4256-ZWTZI,Low-Value,51.0,Month-to-month,5,No,0.4504379
1518-VOWAV,High-Value,74.65,Month-to-month,9,Yes,0.44987285
5876-HZVZM,Low-Value,55.9,Month-to-month,6,Yes,0.4495091
4324-AHJKS,Low-Value,55.8,Month-to-month,5,No,0.44899228
7508-SMHXL,High-Value,89.0,Month-to-month,15,No,0.44893476
4160-AMJTL,Low-Value,19.65,Month-to-month,8,Yes,0.44755116
5915-DGNVC,High-Value,71.8,One year,49,No,0.4473242
2853-CWQFQ,Low-Value,59.55,Month-to-month,1,No,0.44720063
3689-MOZGR,Low-Value,31.2,Month-to-month,29,No,0.44707522
7217-JYHOQ,Low-Value,70.3,Month-to-month,24,No,0.44682172
7147-AYBAA,High-Value,70.35,Month-to-month,37,No,0.4467879
1422-DGUBX,High-Value,79.25,One year,32,No,0.44630158
7636-OWBPG,Low-Value,29.35,Month-to-month,12,No,0.44612965
1848-LBZHY,Low-Value,50.3,Month-to-month,7,No,0.4459936
0975-VOOVL,Low-Value,29.2,Month-to-month,3,No,0.4457376
5701-YVSVF,High-Value,82.9,Month-to-month,11,No,0.4455938
2309-OSFEU,Low-Value,33.9,Month-to-month,10,Yes,0.44541067
3090-QFUVD,Low-Value,20.3,Month-to-month,1,No,0.44491038
5445-GLVOT,Low-Value,49.8,Month-to-month,22,No,0.44489977
0423-UDIJQ,Low-Value,49.2,Month-to-month,9,No,0.44449022
8095-WANWK,Low-Value,45.25,Month-to-month,10,No,0.44388857
8082-GHXOP,Low-Value,44.0,Month-to-month,13,No,0.44376224
4522-AKYLR,Low-Value,54.8,Month-to-month,13,No,0.4437274
9142-KZXOP,Low-Value,68.85,Month-to-month,44,No,0.4434282
1685-VAYJF,Low-Value,45.2,Month-to-month,11,No,0.44336116
6861-OKBCE,Low-Value,20.1,Month-to-month,11,Yes,0.44214064
4819-HJPIW,Low-Value,25.15,Month-to-month,18,No,0.44095922
9629-NHXFW,Low-Value,19.4,Month-to-month,1,No,0.4399226
7298-IZWLY,Low-Value,19.4,Month-to-month,1,No,0.4399226
0680-DFNNY,High-Value,101.1,Month-to-month,15,Yes,0.43971083
3948-XHGNA,Low-Value,49.55,Month-to-month,24,Yes,0.4383507
5445-PZWGX,High-Value,102.0,One year,62,Yes,0.43827176
4536-PLEQY,High-Value,85.05,Month-to-month,12,No,0.43791157
1849-RJYIG,Low-Value,60.0,Month-to-month,8,No,0.4378062
6821-BUXUX,High-Value,96.65,Month-to-month,13,Yes,0.43776262
5172-MIGPM,Low-Value,65.55,Month-to-month,4,No,0.43772212
0031-PVLZI,Low-Value,20.35,Month-to-month,4,Yes,0.4375778
5687-DKDTV,Low-Value,20.35,Month-to-month,4,Yes,0.4375778
6231-WFGFH,Low-Value,20.5,Month-to-month,4,No,0.4375778
2585-KTFRE,High-Value,70.45,Month-to-month,1,No,0.43720934
8713-IGZSO,Low-Value,24.85,Month-to-month,2,No,0.43691105
1663-MHLHE,Low-Value,19.2,Month-to-month,1,No,0.43627635
3373-YZZYM,Low-Value,19.2,Month-to-month,1,No,0.43627635
2533-TIBIX,Low-Value,30.2,Month-to-month,15,No,0.43611512
2229-VWQJH,Low-Value,49.3,Month-to-month,24,No,0.4359021
8242-JSVBO,Low-Value,44.65,Month-to-month,7,No,0.435749
7850-VWJUU,High-Value,75.0,Month-to-month,23,No,0.43564367
3688-FTHLT,Low-Value,63.05,Month-to-month,16,No,0.43561202
2070-XYMFH,High-Value,79.35,Month-to-month,23,No,0.43520376
9094-AZPHK,High-Value,100.15,Month-to-month,15,No,0.43472132
8930-XOTDP,Low-Value,55.95,Month-to-month,18,No,0.4337626
1635-FJFCC,Low-Value,44.05,Month-to-month,5,No,0.4333794
6218-KNUBD,Low-Value,59.45,Month-to-month,6,No,0.43191847
4583-PARNH,High-Value,91.55,Month-to-month,16,No,0.43144816
2604-XVDAM,Low-Value,43.8,Month-to-month,12,No,0.4312955
7639-SUPCW,Low-Value,48.8,Month-to-month,22,Yes,0.43104064
4320-QMLLA,Low-Value,54.85,Month-to-month,7,No,0.43091488
6648-INWPS,Low-Value,20.15,Month-to-month,16,No,0.4308322
4471-KXAUH,High-Value,84.3,Month-to-month,42,Yes,0.4307188
7130-CTCUS,Low-Value,54.55,Month-to-month,16,No,0.42963848
2911-WDXMV,High-Value,80.55,Month-to-month,18,No,0.42911005
1791-PQHBB,Low-Value,61.2,Month-to-month,2,No,0.42867237
9761-XUJWD,Low-Value,65.6,Month-to-month,5,No,0.42849806
8246-SHFGA,Low-Value,21.1,Month-to-month,17,No,0.42844498
3604-WLABM,Low-Value,54.25,Month-to-month,10,No,0.4282176
3500-RMZLT,High-Value,96.3,Month-to-month,15,Yes,0.4279516
1996-DBMUS,High-Value,70.65,Month-to-month,48,No,0.42686242
4350-ZTLPI,High-Value,108.95,One year,53,No,0.42569122
9210-IAHGH,High-Value,70.75,Month-to-month,7,Yes,0.4248815
3566-VVORZ,Low-Value,45.9,Month-to-month,12,No,0.42350248
3863-IUBJR,Low-Value,53.65,One year,12,Yes,0.4234421
3181-MIZBN,Low-Value,19.75,Month-to-month,16,No,0.42324063
3640-JQGJG,Low-Value,44.8,Month-to-month,13,No,0.42253655
0691-NIKRI,High-Value,105.95,One year,40,No,0.42237106
5816-SCGFC,Low-Value,51.3,Month-to-month,7,No,0.4220256
5949-EBSQK,Low-Value,61.45,Month-to-month,4,Yes,0.4219782
3644-QXEHN,High-Value,97.0,Month-to-month,13,No,0.42194194
9208-OLGAQ,High-Value,84.95,Month-to-month,18,No,0.42159072
2676-OXPPQ,Low-Value,55.7,Month-to-month,6,No,0.4215089
0856-NAOES,Low-Value,60.9,Month-to-month,6,No,0.42137775
6322-HRPFA,Low-Value,59.6,Month-to-month,49,No,0.4209333
3569-EDBPQ,High-Value,84.35,Month-to-month,24,No,0.42024344
8543-MSDMF,High-Value,77.4,Month-to-month,3,No,0.41946715
4710-NKCAW,Low-Value,64.4,Month-to-month,5,No,0.41912788
5201-FRKKS,High-Value,74.3,Month-to-month,25,No,0.41887036
6849-OYAMU,High-Value,100.0,One year,19,Yes,0.4187761
5651-CPDND,Low-Value,46.0,Month-to-month,10,No,0.4184869
4576-CSAJH,Low-Value,55.15,One year,22,Yes,0.41764286
1600-DILPE,Low-Value,45.0,Month-to-month,12,No,0.41723463
3137-LUPIX,Low-Value,64.4,Month-to-month,4,No,0.41670862
3948-FVVRP,Low-Value,54.8,Month-to-month,9,No,0.41646463
7905-NJMXS,Low-Value,64.2,Month-to-month,7,No,0.4160052
6469-QJKZW,Low-Value,20.15,Month-to-month,4,No,0.41597465
2826-UWHIS,High-Value,81.4,Month-to-month,45,No,0.41577327
0541-FITGH,Low-Value,62.15,Month-to-month,2,No,0.41484767
8216-AZUUZ,High-Value,100.4,Two year,42,No,0.41408068
4250-WAROZ,High-Value,93.25,Month-to-month,60,No,0.4140391
6542-LWGXJ,Low-Value,25.0,Month-to-month,3,No,0.41399392
7883-ROJOC,Low-Value,44.9,Month-to-month,19,No,0.41273898
7410-KTVFV,Low-Value,49.55,Month-to-month,18,Yes,0.4118961
5433-KYGHE,High-Value,86.0,Month-to-month,14,No,0.41108844
6537-QLGEX,Low-Value,38.9,Month-to-month,16,No,0.41101432
6713-OKOMC,Low-Value,29.75,Month-to-month,10,No,0.4107366
7811-JIVPF,Low-Value,49.7,Month-to-month,23,No,0.41046745
7880-XSOJX,Low-Value,42.4,Month-to-month,4,No,0.40961775
4338-EYCER,Low-Value,54.6,Month-to-month,21,No,0.40916264
3583-KRKMD,High-Value,75.9,Month-to-month,18,No,0.40848607
0376-YMCJC,High-Value,90.6,Month-to-month,23,Yes,0.40840438
2207-OBZNX,Low-Value,51.0,Month-to-month,7,Yes,0.40767714
6549-NNDYT,Low-Value,30.85,Month-to-month,13,No,0.40734074
0356-ERHVT,Low-Value,45.9,Month-to-month,11,No,0.4073137
6729-GDNGC,High-Value,80.7,Month-to-month,20,No,0.40650517
9820-RMCQV,Low-Value,48.55,Month-to-month,11,Yes,0.40640378
1629-DQQVB,Low-Value,50.1,Month-to-month,14,No,0.40615278
5630-AHZIL,Low-Value,64.5,Month-to-month,3,No,0.40609235
1480-BKXGA,High-Value,116.05,Two year,72,No,0.40566072
1373-ORVIZ,Low-Value,66.35,Month-to-month,11,Yes,0.4052191
2087-QAREY,Low-Value,54.7,Month-to-month,22,No,0.4051539
0203-HHYIJ,Low-Value,25.3,One year,25,Yes,0.4049828
1907-YLNYW,Low-Value,66.7,Month-to-month,8,No,0.40452456
3873-NFTGI,Low-Value,55.5,Month-to-month,14,No,0.4039913
6652-YFFJO,Low-Value,64.9,Month-to-month,11,No,0.40381217
9360-OMDZZ,High-Value,94.1,Month-to-month,24,No,0.40334988
4685-ERGHK,High-Value,86.9,One year,57,No,0.40281254
3842-IYKUE,High-Value,85.3,Month-to-month,35,Yes,0.40251425
5600-PDUJF,Low-Value,49.5,Month-to-month,6,No,0.4024487
1319-YLZJG,High-Value,84.6,Month-to-month,12,No,0.40225723
7054-ENNGU,Low-Value,50.85,Month-to-month,9,No,0.4021042
5334-JLAXU,High-Value,94.1,Month-to-month,60,No,0.4010785
1335-NTIUC,Low-Value,24.95,Month-to-month,9,No,0.40053454
8158-WPEZG,Low-Value,35.65,Month-to-month,11,No,0.39998546
2332-EFBJY,Low-Value,19.7,Month-to-month,16,Yes,0.39933416
7016-BPGEU,Low-Value,25.1,Month-to-month,29,Yes,0.3992351
7966-YOTQW,Low-Value,54.5,Month-to-month,10,No,0.3987719
6624-JDRDS,Low-Value,29.45,Month-to-month,6,No,0.39859238
4827-USJHP,Low-Value,51.8,Month-to-month,20,No,0.39824346
2159-TURXX,Low-Value,20.05,Month-to-month,5,No,0.39814138
5366-OBVMR,Low-Value,50.3,Month-to-month,18,No,0.3977534
2931-FSOHN,Low-Value,59.9,Month-to-month,13,No,0.39730322
5568-DMXZS,Low-Value,65.45,Month-to-month,8,No,0.39716807
1564-HJUVY,Low-Value,63.75,Month-to-month,4,No,0.39681894
3842-QTGDL,High-Value,80.75,Month-to-month,16,No,0.39647692
9103-TCIHJ,Low-Value,55.7,Month-to-month,15,Yes,0.39459684
5639-NTUPK,Low-Value,52.1,Month-to-month,13,No,0.39404884
6215-NQCPY,High-Value,99.7,Month-to-month,15,No,0.39402768
9828-QHFBK,Low-Value,51.15,Month-to-month,24,No,0.39381886
1623-NLDOT,Low-Value,33.55,One year,42,Yes,0.39370176
3384-CTMSF,High-Value,104.1,Month-to-month,47,No,0.393622
0003-MKNFE,Low-Value,59.9,Month-to-month,9,No,0.3935116
4881-JVQOD,Low-Value,34.55,Month-to-month,10,No,0.39300635
4195-SMMNX,Low-Value,20.35,Month-to-month,2,Yes,0.39272094
7128-GGCNO,High-Value,72.8,Month-to-month,46,No,0.39263457
7594-LZNWR,Low-Value,69.15,Month-to-month,34,No,0.3920745
2507-QZPQS,High-Value,95.7,Month-to-month,15,No,0.39189804
8250-ZNGGW,Low-Value,59.9,Month-to-month,5,No,0.3918256
0836-SEYLU,Low-Value,40.65,Month-to-month,9,Yes,0.3917696
9351-HXDMR,High-Value,110.9,Two year,72,No,0.39175162
9881-VCZEP,Low-Value,54.1,Month-to-month,25,No,0.39163476
9097-ZUBYC,Low-Value,48.8,Month-to-month,14,No,0.39134943
8735-IJJEG,Low-Value,50.2,Month-to-month,14,No,0.39134943
9919-KNPOO,High-Value,94.3,Month-to-month,21,No,0.3911873
4987-GQWPO,Low-Value,25.1,Month-to-month,17,No,0.3905533
4310-KEDTB,Low-Value,29.8,Month-to-month,26,No,0.39034566
7083-YNSKY,Low-Value,25.4,Month-to-month,15,Yes,0.38860458
5577-OTWWW,Low-Value,19.75,Month-to-month,15,Yes,0.38841894
0909-SDHNU,Low-Value,29.8,Month-to-month,7,No,0.38835466
1410-RSCMR,High-Value,71.35,Month-to-month,7,No,0.38820016
3701-SFMUH,Low-Value,69.7,Month-to-month,7,No,0.38759303
1871-MOWRM,High-Value,80.85,Month-to-month,12,Yes,0.38731664
4012-ZTHBR,Low-Value,44.95,Month-to-month,21,No,0.3870841
7526-IVLYU,Low-Value,19.65,Month-to-month,3,No,0.38700697
8799-OXZMD,Low-Value,29.75,Month-to-month,28,No,0.38659507
6507-DTJZV,Low-Value,66.4,Month-to-month,13,No,0.3863321
9115-YQHGA,Low-Value,51.1,Month-to-month,40,No,0.3855681
9873-MNDKV,Low-Value,44.65,Month-to-month,11,No,0.38466495
3780-YVMFA,Low-Value,68.55,Month-to-month,8,No,0.38416916
9842-EFSYY,Low-Value,57.2,Month-to-month,4,No,0.38415778
1134-YWTYF,Low-Value,53.8,Month-to-month,27,No,0.38406298
3255-GRXMG,Low-Value,45.65,Month-to-month,18,No,0.3837817
1559-DTODC,Low-Value,25.15,Month-to-month,19,No,0.3833171
9143-CANJF,Low-Value,55.15,Month-to-month,24,No,0.38303933
0295-QVKPB,Low-Value,63.95,Month-to-month,5,No,0.3826018
9342-VNIMQ,Low-Value,54.65,Month-to-month,33,No,0.38161713
4486-EFAEB,Low-Value,20.4,Month-to-month,13,No,0.38151166
1670-SVOWZ,High-Value,89.65,Month-to-month,14,Yes,0.38149822
5133-VRSAB,Low-Value,29.35,Month-to-month,8,No,0.3814796
9931-KGHOA,Low-Value,55.0,Month-to-month,46,No,0.38101357
4298-OYIFC,High-Value,103.45,Month-to-month,15,No,0.38056332
9763-GRSKD,Low-Value,49.95,Month-to-month,13,No,0.38031894
2371-JQHZZ,High-Value,93.0,Month-to-month,24,No,0.37937343
9795-SHUHB,Low-Value,58.2,Two year,66,No,0.3786355
5701-ZIKJE,Low-Value,50.55,Month-to-month,13,No,0.37835073
9780-FKVVF,Low-Value,59.15,Month-to-month,6,No,0.3779319
0260-ZDLGK,High-Value,72.9,Month-to-month,9,Yes,0.37776747
0867-LDTTC,High-Value,75.15,Month-to-month,5,No,0.37740168
6507-ZJSUR,High-Value,90.45,Month-to-month,23,No,0.37712416
5056-FIMPT,High-Value,106.0,One year,43,No,0.37711373
6705-LNMDD,Low-Value,50.0,Month-to-month,20,No,0.37667844
1087-UDSIH,Low-Value,19.6,Month-to-month,3,Yes,0.37665862
3587-PMCOY,High-Value,98.9,One year,10,No,0.37577268
8944-AILEF,Low-Value,19.45,Month-to-month,15,No,0.37563175
8865-TNMNX,Low-Value,49.55,One year,10,No,0.37540635
7852-LECYP,High-Value,93.8,Month-to-month,13,No,0.37405437
4226-KKDON,Low-Value,66.65,Month-to-month,8,No,0.3740297
9396-ZSFLL,Low-Value,48.85,Month-to-month,15,No,0.37224835
3400-ESFUW,Low-Value,57.55,Two year,55,Yes,0.37205407
6416-YJTTB,High-Value,79.5,Month-to-month,11,No,0.37193635
6029-CSMJE,Low-Value,25.65,Month-to-month,17,No,0.3718823
8791-GFXLZ,Low-Value,49.05,Month-to-month,12,No,0.3712671
4439-YRNVD,Low-Value,36.25,Month-to-month,10,No,0.37062594
6898-MDLZW,Low-Value,53.75,Month-to-month,12,No,0.37035576
5995-OIGLP,Low-Value,56.65,Month-to-month,12,Yes,0.37035576
6620-HVDUJ,Low-Value,60.45,Month-to-month,24,No,0.3703528
9830-ECLEN,Low-Value,50.0,One year,58,No,0.37000638
5887-IKKYO,High-Value,94.35,Two year,58,No,0.3699004
2843-CQMEG,Low-Value,49.7,Month-to-month,24,No,0.3698589
3675-YDUPJ,Low-Value,19.85,Month-to-month,10,No,0.36978304
2208-NQBCT,High-Value,81.95,Month-to-month,26,No,0.36965713
2791-SFVEW,Low-Value,20.15,Month-to-month,9,No,0.36958626
4183-WCSEP,High-Value,78.45,Month-to-month,31,Yes,0.36874294
6483-OATDN,Low-Value,51.3,Month-to-month,8,No,0.3682037
7927-AUXBZ,High-Value,85.15,Month-to-month,30,Yes,0.36810714
9496-IVVRP,Low-Value,51.0,Month-to-month,11,No,0.36800715
3173-NVMPX,Low-Value,55.3,Month-to-month,9,No,0.36770266
0577-WHMEV,High-Value,90.7,Month-to-month,16,No,0.36618403
7777-UNYHB,Low-Value,20.1,Month-to-month,12,No,0.3660195
3629-ZNKXA,High-Value,101.8,Month-to-month,17,No,0.36560217
1159-WFSGR,Low-Value,20.4,Month-to-month,16,No,0.36483553
3865-QBWSJ,High-Value,80.45,Month-to-month,38,No,0.36477545
0568-ONFPC,Low-Value,25.9,Month-to-month,5,Yes,0.36468798
2599-CZABP,Low-Value,44.6,One year,14,No,0.3639264
0567-GGCAC,Low-Value,61.4,Month-to-month,7,No,0.36354303
7554-AKDQF,Low-Value,45.65,Month-to-month,6,No,0.362554
3055-MJDSB,Low-Value,24.6,Month-to-month,9,No,0.36248434
4456-RHSNB,Low-Value,49.6,Month-to-month,19,No,0.36195648
1465-LNTLJ,Low-Value,64.4,Month-to-month,8,No,0.3617745
7109-MFBYV,Low-Value,45.45,Month-to-month,26,No,0.3610953
5624-RYAMH,Low-Value,19.5,Month-to-month,9,No,0.36020374
4190-MFLUW,Low-Value,55.2,Month-to-month,10,Yes,0.36002877
2252-ISRNH,High-Value,90.35,One year,9,No,0.35910046
7268-IGMFD,High-Value,93.9,Month-to-month,18,No,0.3588296
6345-HOVES,Low-Value,25.05,Month-to-month,34,No,0.35867065
3345-PBBFH,Low-Value,49.55,Month-to-month,8,No,0.35795265
2108-GLPQB,Low-Value,55.55,Month-to-month,25,No,0.3578724
2873-ZLIWT,High-Value,84.85,Month-to-month,40,Yes,0.35783502
0265-PSUAE,High-Value,100.7,Month-to-month,16,No,0.356824
1120-BMWUB,Low-Value,53.9,Month-to-month,16,Yes,0.35660854
7576-ASEJU,High-Value,74.7,One year,41,No,0.35656542
9885-AIBVB,High-Value,85.8,Month-to-month,29,No,0.35547534
1009-IRMNA,Low-Value,20.0,Month-to-month,7,Yes,0.35540044
6572-ADKRS,High-Value,74.8,Month-to-month,46,No,0.35481834
2452-SNHFZ,High-Value,75.45,Month-to-month,47,No,0.3545999
8515-OCTJS,Low-Value,24.75,Two year,25,Yes,0.3544351
0137-UDEUO,Low-Value,19.85,Month-to-month,3,Yes,0.35418326
6701-DHKWQ,Low-Value,51.35,Two year,61,No,0.35397223
4365-MSDYN,Low-Value,19.55,Month-to-month,8,No,0.35365444
5939-XAIXZ,Low-Value,56.1,Month-to-month,19,No,0.3536274
5906-CVLHP,Low-Value,54.15,One year,45,Yes,0.35334566
6497-TILVL,Low-Value,50.7,Month-to-month,7,No,0.35226807
6286-ZHAOK,Low-Value,25.55,Month-to-month,20,No,0.35114852
7129-AZJDE,High-Value,78.95,One year,34,No,0.35064793
9274-UARKJ,High-Value,83.2,Month-to-month,15,No,0.34976593
8992-VONJD,Low-Value,56.0,Month-to-month,13,No,0.34690854
4544-RXFMG,Low-Value,43.45,One year,8,No,0.34646463
8111-BKVDS,Low-Value,40.7,Month-to-month,10,No,0.34637535
6319-QSUSR,Low-Value,19.7,Month-to-month,11,No,0.34568256
0547-HURJB,Low-Value,21.05,Month-to-month,12,No,0.34568256
8069-YQQAJ,Low-Value,31.1,Month-to-month,14,No,0.34552845
6942-LBFDP,Low-Value,20.55,Month-to-month,2,No,0.34473526
5396-IZEPB,Low-Value,19.7,Month-to-month,9,No,0.34395707
1218-VKFPE,Low-Value,19.0,Month-to-month,12,Yes,0.34309083
5843-TTHGI,Low-Value,50.0,Month-to-month,18,No,0.34291226
3058-WQDRE,Low-Value,25.15,Month-to-month,13,No,0.34247276
5686-CMAWK,High-Value,86.75,One year,17,No,0.3424464
0585-EGDDA,High-Value,80.0,Month-to-month,40,No,0.34207046
5150-ITWWB,High-Value,94.85,Month-to-month,3,No,0.3416221
1320-GVNHT,High-Value,108.4,Two year,72,No,0.34118494
4929-ROART,Low-Value,56.25,Month-to-month,18,No,0.34108153
6954-OOYZZ,Low-Value,44.35,Month-to-month,18,No,0.33999306
8773-HHUOZ,Low-Value,64.7,Month-to-month,17,Yes,0.33976495
0112-QAWRZ,High-Value,90.8,Month-to-month,16,No,0.3389191
8681-ICONS,Low-Value,20.65,Month-to-month,29,No,0.33813906
3638-DIMPH,Low-Value,43.8,One year,13,No,0.33797994
7742-MYPGI,Low-Value,48.8,Month-to-month,6,No,0.33751285
9700-ISPUP,Low-Value,65.5,Month-to-month,10,No,0.33706206
8023-QHAIO,High-Value,76.85,Month-to-month,56,No,0.337019
0887-WBJVH,High-Value,93.45,One year,53,No,0.33646142
6776-TLWOI,Low-Value,19.85,Month-to-month,3,Yes,0.33644682
1855-CFULU,Low-Value,20.05,Month-to-month,4,No,0.33641464
6854-EXGSF,Low-Value,65.5,Month-to-month,8,No,0.3360506
7677-SJJJK,Low-Value,19.9,One year,8,No,0.3356011
1465-WCZVT,Low-Value,19.65,Month-to-month,3,No,0.33535948
3470-BTGQO,Low-Value,45.65,Month-to-month,21,No,0.33510622
5651-YLPRD,High-Value,86.1,Month-to-month,32,No,0.3346168
1965-DDBWU,High-Value,89.05,Month-to-month,16,Yes,0.33402804
3099-OONVS,Low-Value,54.3,Month-to-month,25,No,0.33365038
8182-PNAGI,Low-Value,50.25,Month-to-month,12,Yes,0.3336382
4316-XCSLJ,Low-Value,50.3,Month-to-month,17,No,0.33330822
0952-KMEEH,High-Value,98.15,Month-to-month,13,Yes,0.33262634
2931-VUVJN,High-Value,94.05,One year,59,No,0.33237544
6158-DWPZT,Low-Value,24.1,One year,9,Yes,0.33232167
3969-JQABI,Low-Value,65.25,Month-to-month,58,No,0.33221328
0787-LHDYT,Low-Value,20.6,Month-to-month,16,No,0.33113322
1585-MQSSU,Low-Value,51.5,Month-to-month,17,Yes,0.33104098
4495-LHSSK,Low-Value,57.65,Month-to-month,18,No,0.33066663
4257-GAESD,Low-Value,45.0,Month-to-month,6,No,0.33038515
3521-MNKLV,Low-Value,49.7,Month-to-month,24,No,0.330245
0771-WLCLA,High-Value,112.95,Month-to-month,16,No,0.32879865
6734-CKRSM,Low-Value,20.0,Month-to-month,3,No,0.32872427
5480-HPRRX,Low-Value,25.3,Month-to-month,3,Yes,0.32786554
1307-TVUFB,High-Value,79.35,Month-to-month,42,No,0.3274525
1735-XMJVH,Low-Value,19.35,Month-to-month,8,No,0.32681197
4324-BZCKL,Low-Value,55.55,Month-to-month,10,No,0.32669744
8645-KWHJO,Low-Value,55.0,Month-to-month,14,No,0.32623088
5921-NGYRH,High-Value,73.55,Month-to-month,64,No,0.32598913
0278-YXOOG,Low-Value,21.05,Month-to-month,5,Yes,0.32581225
7181-OQCUT,High-Value,103.85,Month-to-month,21,No,0.32572213
2828-SLQPF,Low-Value,45.0,Month-to-month,19,No,0.3255202
4109-CYRBD,Low-Value,51.6,Month-to-month,29,No,0.3254717
3806-YAZOV,Low-Value,18.8,Month-to-month,3,No,0.32525757
9700-ZCLOT,Low-Value,20.0,Month-to-month,2,No,0.32523268
4765-OXPPD,Low-Value,65.0,Month-to-month,9,Yes,0.32485947
7284-ZZLOH,Low-Value,53.3,Two year,45,No,0.32453936
7629-WIXZF,Low-Value,59.1,One year,7,No,0.32417715
4139-SUGLD,Low-Value,35.4,Month-to-month,31,Yes,0.3229086
5651-WYIPH,Low-Value,49.85,Month-to-month,18,No,0.32286254
3313-QKNKB,High-Value,85.55,One year,59,Yes,0.3226471
6211-WWLTF,High-Value,99.7,Two year,63,No,0.32255197
6473-ULUHT,High-Value,84.9,Month-to-month,16,No,0.32245407
7909-FIOIY,Low-Value,24.85,Month-to-month,19,No,0.32203254
5944-UGLLK,Low-Value,54.9,One year,53,No,0.32154262
1925-GMVBW,Low-Value,20.55,Month-to-month,5,No,0.32125717
9817-APLHW,Low-Value,25.0,Month-to-month,12,No,0.3197977
3594-KADLU,Low-Value,35.1,Month-to-month,3,No,0.3197648
8785-EPNCG,Low-Value,23.15,Month-to-month,11,Yes,0.31813854
8544-GOQSH,High-Value,80.05,Month-to-month,14,No,0.31800923
2823-LKABH,High-Value,95.05,Month-to-month,18,No,0.3173812
4693-VWVBO,Low-Value,19.55,Month-to-month,3,No,0.31707665
7693-QPEFS,High-Value,72.95,Month-to-month,52,No,0.3170025
9986-BONCE,Low-Value,20.95,Month-to-month,4,Yes,0.31621134
9279-CJEOJ,High-Value,95.4,Month-to-month,21,No,0.31582198
2740-JFBOK,Low-Value,24.0,Month-to-month,10,No,0.31568563
9546-KDTRB,Low-Value,24.7,Month-to-month,19,No,0.3154595
7319-VENRZ,Low-Value,64.3,Month-to-month,7,No,0.3151181
8016-NCFVO,High-Value,116.5,Month-to-month,55,No,0.3149342
5609-IMCGG,High-Value,84.35,Month-to-month,15,No,0.31448448
1814-DKOLC,Low-Value,25.45,Month-to-month,5,No,0.3143029
2233-FAGXV,Low-Value,24.3,Month-to-month,5,No,0.3143029
4138-NAXED,High-Value,81.0,Month-to-month,51,No,0.3121012
1043-YCUTE,Low-Value,25.15,Two year,56,Yes,0.3106329
2988-PLAHS,Low-Value,69.95,One year,3,No,0.31006342
3407-QGWLG,Low-Value,20.05,Month-to-month,3,No,0.30901632
6050-IJRHS,High-Value,106.5,One year,70,No,0.30895635
7032-LMBHI,Low-Value,64.65,One year,37,No,0.30887035
8003-EWNDZ,Low-Value,21.2,Month-to-month,10,No,0.3085258
9929-PLVPA,Low-Value,20.4,Month-to-month,4,No,0.3082157
6833-JMZYP,High-Value,94.0,Month-to-month,15,No,0.3080863
0848-ZGQIJ,High-Value,94.65,Month-to-month,16,No,0.30770847
2739-CACDQ,High-Value,82.65,Month-to-month,17,No,0.30751178
5424-RLQLC,Low-Value,59.65,Month-to-month,10,No,0.307224
7824-PANSQ,High-Value,80.65,Month-to-month,58,No,0.30682775
6164-HXUGH,Low-Value,19.85,Month-to-month,6,No,0.30634603
2234-XADUH,High-Value,103.2,One year,72,No,0.30627605
4083-EUGRJ,Low-Value,20.25,Month-to-month,9,Yes,0.30590612
3055-OYMSE,High-Value,73.8,Month-to-month,53,No,0.30550656
7446-YPODE,Low-Value,60.25,Month-to-month,11,No,0.3047845
9092-GDZKO,Low-Value,24.85,Month-to-month,22,No,0.30459243
6591-QGOYB,High-Value,106.65,Month-to-month,17,No,0.3041789
6416-JNVRK,Low-Value,55.65,One year,46,No,0.30416632
6839-ITVZJ,Low-Value,60.05,Month-to-month,26,Yes,0.30407235
0997-YTLNY,Low-Value,48.8,Month-to-month,19,No,0.30378962
3221-CJMSG,Low-Value,51.1,Month-to-month,24,No,0.30365354
9489-UTFKA,Low-Value,60.9,Month-to-month,8,No,0.30250803
5188-HGMLP,High-Value,74.0,Month-to-month,54,No,0.30225906
3890-RTCMS,Low-Value,49.45,Month-to-month,16,No,0.3014712
4824-GUCBY,High-Value,81.7,Month-to-month,22,No,0.30083677
8292-TYSPY,Low-Value,55.0,Month-to-month,19,Yes,0.2977585
5353-WILCI,Low-Value,56.05,Month-to-month,28,No,0.29771665
0310-VQXAM,Low-Value,19.85,Month-to-month,9,No,0.29736683
5018-HEKFO,Low-Value,24.5,Month-to-month,10,No,0.2972921
7797-EJMDP,Low-Value,66.05,Month-to-month,8,No,0.29719195
4182-BGSIQ,Low-Value,19.8,Month-to-month,10,No,0.29712945
9099-FTUHS,Low-Value,54.4,Month-to-month,23,No,0.29624397
8498-XXGWA,Low-Value,55.15,Month-to-month,65,No,0.29621974
3387-PLKUI,Low-Value,18.8,Month-to-month,13,No,0.29621387
4785-NKHCX,Low-Value,20.05,Month-to-month,5,No,0.2955124
2257-BOVXD,Low-Value,66.6,Month-to-month,14,No,0.29529566
1976-AZZPJ,Low-Value,34.2,Month-to-month,7,No,0.2949266
7636-XUHWW,Low-Value,19.9,Month-to-month,2,No,0.2935647
1208-DNHLN,Low-Value,48.35,One year,23,Yes,0.29346427
6429-SHBCB,Low-Value,69.6,Month-to-month,19,No,0.29281145
1699-HPSBG,Low-Value,59.8,One year,12,Yes,0.29272905
5155-AZQPB,Low-Value,49.9,Month-to-month,28,No,0.2923065
6598-RFFVI,Low-Value,19.3,One year,2,Yes,0.29147393
0581-MDMPW,High-Value,88.95,Month-to-month,24,No,0.29136765
4797-MIWUM,Low-Value,20.25,Month-to-month,7,No,0.290808
5947-SGKCL,High-Value,105.35,Month-to-month,15,No,0.29061264
8439-LTUGF,Low-Value,20.0,Month-to-month,10,No,0.2899964
0380-ZCSBI,Low-Value,20.0,Month-to-month,10,No,0.2899964
0723-VSOBE,Low-Value,34.2,One year,45,No,0.28831282
8650-RHRKE,Low-Value,29.65,Month-to-month,4,Yes,0.28813326
3349-ANQNH,High-Value,99.5,One year,59,No,0.28717202
4472-VESGY,High-Value,98.15,Month-to-month,52,No,0.2859014
0999-QXNSA,Low-Value,45.75,Month-to-month,7,No,0.2858893
4801-KFYKL,Low-Value,19.45,Month-to-month,8,No,0.28579393
3164-AALRN,Low-Value,70.0,One year,5,Yes,0.28504604
1042-HFUCW,Low-Value,54.75,One year,25,No,0.28496757
4452-QIIEB,Low-Value,43.9,Month-to-month,7,No,0.28443813
3190-FZATL,Low-Value,19.95,Month-to-month,14,No,0.28414136
5222-JCXZT,Low-Value,19.0,Month-to-month,4,No,0.28405744
2887-JPYLU,Low-Value,45.2,Month-to-month,41,No,0.28337574
7266-GSSJX,Low-Value,20.45,Month-to-month,11,No,0.28327823
9089-UOWJG,Low-Value,58.35,Month-to-month,12,No,0.28313166
0655-YDGFJ,Low-Value,48.95,Month-to-month,29,No,0.2831311
2393-DIVAI,Low-Value,20.0,Month-to-month,3,No,0.2825191
7976-CICYS,Low-Value,20.7,Month-to-month,4,No,0.28251797
9618-LFJRU,Low-Value,20.45,Month-to-month,4,No,0.28251797
3097-PYWXL,Low-Value,19.95,Month-to-month,4,No,0.2822217
2155-AMQRX,Low-Value,54.9,Month-to-month,28,No,0.28218293
4672-FOTSD,Low-Value,67.25,Month-to-month,12,No,0.2821239
2634-HCZGT,Low-Value,60.05,One year,53,Yes,0.28210434
9529-OFXHY,High-Value,87.75,Month-to-month,15,No,0.28184882
5616-PRTNT,Low-Value,19.4,Month-to-month,20,Yes,0.28176543
0188-GWFLE,Low-Value,20.05,Month-to-month,2,No,0.2816685
5084-OOVCJ,Low-Value,55.35,Month-to-month,17,No,0.28107035
7102-JJVTX,Low-Value,48.6,One year,9,No,0.28045678
4140-WJAWW,Low-Value,19.85,Month-to-month,5,Yes,0.28026423
9027-YFHQJ,Low-Value,25.05,Month-to-month,7,No,0.28026423
2988-GBIVW,High-Value,90.85,Month-to-month,70,No,0.28000408
0274-JKUJR,Low-Value,58.85,Month-to-month,7,No,0.27997708
6253-WRFHY,Low-Value,64.75,One year,13,No,0.27883407
8563-OYMQY,High-Value,90.95,Month-to-month,17,No,0.27853608
0701-TJSEF,Low-Value,68.25,Month-to-month,9,No,0.27843446
8883-GRDWQ,Low-Value,54.0,One year,20,No,0.278135
6532-YLWSI,Low-Value,20.8,One year,53,Yes,0.27774048
0080-EMYVY,Low-Value,51.45,One year,14,No,0.27747455
5309-TAIKL,Low-Value,62.8,Month-to-month,7,No,0.2773241
4581-LNWUM,Low-Value,49.15,Month-to-month,13,No,0.2771457
1383-EZRWL,Low-Value,20.05,Month-to-month,7,Yes,0.27630436
9943-VSZUV,High-Value,75.7,Month-to-month,67,No,0.27567977
4903-UYAVB,Low-Value,19.35,Month-to-month,5,Yes,0.27424634
6258-NGCNG,Low-Value,23.5,Month-to-month,7,No,0.27424634
2832-SCUCO,Low-Value,19.9,Month-to-month,2,No,0.2741332
4925-LMHOK,Low-Value,58.6,Month-to-month,15,Yes,0.27407482
1357-MVDOZ,Low-Value,59.65,Month-to-month,11,No,0.27322677
9626-WEQRM,Low-Value,29.15,Month-to-month,4,No,0.272497
3363-EWLGO,Low-Value,19.95,Month-to-month,5,No,0.272308
5562-YJQGT,Low-Value,20.35,Month-to-month,2,No,0.27200863
5774-XZTQC,Low-Value,20.45,Month-to-month,7,No,0.27195624
3530-CRZSB,Low-Value,20.65,Month-to-month,7,No,0.27195624
3012-VFFMN,Low-Value,20.65,Month-to-month,7,No,0.27195624
6671-NGWON,Low-Value,20.35,Month-to-month,7,No,0.27195624
9129-UXERG,High-Value,103.6,Month-to-month,18,No,0.27195552
8148-BPLZQ,Low-Value,49.8,Month-to-month,34,No,0.2718849
9970-QBCDA,Low-Value,19.7,Month-to-month,6,No,0.2712769
4020-KIUDI,Low-Value,19.85,Month-to-month,6,No,0.2712769
7787-BNTZM,Low-Value,20.15,Month-to-month,6,No,0.2712769
7605-SNLQG,Low-Value,50.25,Month-to-month,45,No,0.27090406
5423-BHIXO,Low-Value,54.2,Month-to-month,32,No,0.27035183
6174-NRBTZ,Low-Value,30.75,One year,46,No,0.27033868
4397-FRLTA,Low-Value,20.15,Month-to-month,4,No,0.27019167
8257-RZAHR,Low-Value,64.7,Month-to-month,14,Yes,0.26942956
4558-CGYCZ,Low-Value,19.75,Month-to-month,4,No,0.26920894
4431-EDMIQ,High-Value,75.7,Month-to-month,7,No,0.26895666
6599-GZWCM,High-Value,74.65,One year,13,No,0.26870456
3853-LYGAM,High-Value,95.65,Month-to-month,17,No,0.26863864
2439-QKJUL,Low-Value,20.25,Month-to-month,5,No,0.2679994
6377-KSLXC,Low-Value,19.95,Month-to-month,5,No,0.2679994
0285-INHLN,Low-Value,54.75,Month-to-month,27,No,0.26784384
2272-UOINI,High-Value,78.5,Month-to-month,7,No,0.26777261
1866-ZSLJM,Low-Value,20.5,Month-to-month,21,No,0.26740775
9256-JTBNZ,Low-Value,20.3,Month-to-month,11,No,0.26738903
7706-DZNKK,Low-Value,20.45,Month-to-month,11,No,0.26738903
8205-OTCHB,Low-Value,43.75,One year,22,Yes,0.2668388
3537-HPKQT,High-Value,77.75,Month-to-month,55,No,0.2666854
5060-TQUQN,High-Value,83.55,Month-to-month,30,No,0.26657143
3847-BAERP,Low-Value,20.9,Month-to-month,10,No,0.26620078
8652-YHIYU,High-Value,79.5,One year,16,No,0.26583582
4080-IIARD,High-Value,76.2,Month-to-month,13,No,0.26523095
5882-CMAZQ,Low-Value,34.25,Month-to-month,5,No,0.26514748
2792-VPPET,Low-Value,20.5,Month-to-month,3,No,0.26504567
5067-DGXLL,Low-Value,20.25,Month-to-month,2,No,0.2649661
1755-RMCXH,Low-Value,20.3,Month-to-month,2,No,0.2648579
1205-WNWPJ,Low-Value,59.5,Month-to-month,7,Yes,0.26476726
2739-CCZMB,Low-Value,20.35,Month-to-month,5,No,0.26448435
5590-ZSKRV,Low-Value,54.65,Month-to-month,8,No,0.2641941
3977-QCRSL,Low-Value,20.15,Month-to-month,5,No,0.26369515
3724-UCSHY,Low-Value,19.55,Month-to-month,6,No,0.26360226
7929-DMBCV,High-Value,81.0,Month-to-month,20,No,0.26323208
9932-WBWIK,Low-Value,20.35,Month-to-month,11,No,0.26311037
8259-NFJTV,Low-Value,34.65,Month-to-month,7,No,0.26228738
1958-RNRKS,Low-Value,49.9,Month-to-month,30,No,0.2620831
1353-LJWEM,Low-Value,60.9,Month-to-month,11,No,0.26196384
5666-CYCYZ,High-Value,89.55,Month-to-month,24,No,0.26179636
9146-JRIOX,Low-Value,25.55,Month-to-month,14,No,0.2613424
0872-JCPIB,Low-Value,65.75,Month-to-month,17,No,0.26108673
6728-CZFEI,Low-Value,56.15,One year,15,No,0.26103044
2466-NEJOJ,Low-Value,19.65,Month-to-month,8,No,0.2608536
5924-IFQTT,High-Value,72.8,Month-to-month,13,No,0.260699
9927-DSWDF,High-Value,104.6,Month-to-month,22,No,0.2601779
6475-VHUIZ,Low-Value,54.25,Month-to-month,23,No,0.260016
8467-WYNSR,Low-Value,55.1,Month-to-month,22,No,0.25936887
1345-GKDZZ,Low-Value,19.55,Month-to-month,6,No,0.25926372
3195-TQDZX,Low-Value,20.25,Month-to-month,3,No,0.25917897
4647-MUZON,High-Value,95.95,Month-to-month,18,No,0.25914305
2023-VQFDL,Low-Value,19.0,Month-to-month,18,No,0.25910285
5226-NOZFC,High-Value,85.75,Month-to-month,26,No,0.25850922
0750-EKNGL,Low-Value,20.75,Month-to-month,7,No,0.25832424
2074-GUHPQ,High-Value,92.7,Month-to-month,17,No,0.2568703
7901-IIDQV,Low-Value,54.6,One year,24,No,0.2566104
4931-TRZWN,High-Value,71.95,Month-to-month,13,No,0.25647923
8317-BVKSO,Low-Value,20.05,Month-to-month,14,No,0.2561538
8053-WWDRO,Low-Value,19.5,Month-to-month,6,Yes,0.2558232
3744-ZBHON,Low-Value,20.2,Month-to-month,3,No,0.25488806
0114-RSRRW,Low-Value,19.95,Month-to-month,10,No,0.25436044
5186-EJEGL,Low-Value,69.5,Month-to-month,9,No,0.25430652
8272-ONJLV,High-Value,95.7,One year,12,No,0.25410676
6267-DCFFZ,High-Value,90.05,Month-to-month,30,No,0.25380147
0756-MPZRL,Low-Value,33.7,One year,46,No,0.25378817
0428-IKYCP,High-Value,87.0,Month-to-month,22,No,0.25376323
8328-SKJNO,Low-Value,40.65,One year,23,No,0.25346902
1754-GKYPY,High-Value,89.75,Month-to-month,22,No,0.25247833
5206-HPJKM,Low-Value,55.5,Month-to-month,17,No,0.25233436
2604-IJPDU,High-Value,96.55,Month-to-month,20,No,0.25212768
9701-CDXHR,Low-Value,69.15,Month-to-month,51,No,0.25183794
8404-VLQFB,Low-Value,25.25,Month-to-month,15,No,0.2513969
7241-AJHFS,High-Value,87.65,Month-to-month,32,No,0.25061458
4767-HZZHQ,High-Value,82.05,Month-to-month,30,No,0.25061458
8410-BGQXN,Low-Value,19.4,Month-to-month,4,No,0.24912016
5702-SKUOB,Low-Value,19.6,Month-to-month,4,No,0.24912016
2303-PJYHN,Low-Value,19.85,Month-to-month,2,No,0.24792208
7094-MSZAO,Low-Value,20.05,Month-to-month,10,No,0.2469596
6394-HHHZM,Low-Value,20.7,Month-to-month,3,No,0.24608701
3665-JATSN,Low-Value,39.7,Month-to-month,19,No,0.2460149
1222-LRYKO,Low-Value,26.35,Month-to-month,6,No,0.24558991
3750-RNQKR,Low-Value,19.45,Month-to-month,12,No,0.24558201
9554-DFKIC,Low-Value,54.45,Month-to-month,30,No,0.24528338
4881-GQJTW,Low-Value,19.6,Month-to-month,14,No,0.24484034
7077-XJMET,High-Value,74.15,Month-to-month,12,No,0.24464908
5243-SAOTC,High-Value,79.85,Month-to-month,54,No,0.24401417
7531-GQHME,Low-Value,20.05,Month-to-month,12,No,0.24388815
6952-OMNWB,High-Value,80.35,Month-to-month,68,No,0.24320947
9426-SXNHE,Low-Value,18.75,Month-to-month,2,No,0.24280985
1796-JANOW,Low-Value,19.95,Month-to-month,2,No,0.24249701
2839-RFSQE,Low-Value,20.65,Month-to-month,2,Yes,0.24249701
2640-LYMOV,Low-Value,19.65,Month-to-month,2,No,0.24249701
4307-KWMXE,Low-Value,35.75,Month-to-month,10,No,0.24238336
8329-GWVPJ,Low-Value,69.75,Month-to-month,50,No,0.24227968
2801-NISEI,Low-Value,54.95,Month-to-month,24,No,0.24223767
2484-DGXPZ,Low-Value,19.55,Month-to-month,31,Yes,0.24159552
9788-YTFGE,Low-Value,19.95,Month-to-month,7,No,0.24131423
4732-RRJZC,Low-Value,20.25,Month-to-month,7,No,0.24131423
3752-CQSJI,Low-Value,20.45,Month-to-month,13,No,0.24129358
1552-CZCLL,Low-Value,20.0,Month-to-month,55,No,0.24128242
1666-JZPZT,Low-Value,49.0,Month-to-month,27,No,0.24106224
6979-TNDEU,Low-Value,19.2,Month-to-month,8,No,0.24075602
7998-ZLXWN,Low-Value,20.45,Month-to-month,15,No,0.2407339
3675-EQOZA,Low-Value,20.65,Month-to-month,5,No,0.2405622
3069-SSVSN,Low-Value,25.85,One year,1,No,0.23950043
6064-PUPMC,Low-Value,57.2,One year,23,No,0.23900694
4694-PHWFW,Low-Value,19.95,Month-to-month,8,No,0.2387247
4063-EIKNQ,Low-Value,20.95,Month-to-month,11,No,0.23864271
7746-QYVCO,Low-Value,55.85,One year,16,No,0.2383215
3682-YEUWS,Low-Value,24.4,Month-to-month,10,No,0.23824358
2732-ISEZX,Low-Value,20.5,Month-to-month,5,No,0.23765777
1202-KKGFU,Low-Value,54.2,Month-to-month,12,No,0.23697312
3824-RHKVR,Low-Value,19.7,Month-to-month,17,No,0.23695573
0557-ASKVU,Low-Value,54.4,One year,18,No,0.23683812
9643-YBLUR,Low-Value,69.05,Month-to-month,9,No,0.23634303
2971-SGAFL,High-Value,78.75,Month-to-month,13,No,0.2361842
1386-ZIKUV,Low-Value,18.95,Month-to-month,7,No,0.23610535
4280-DLSHD,Low-Value,54.75,Month-to-month,8,No,0.23567885
3209-ZPKFI,Low-Value,54.25,Month-to-month,47,No,0.23550306
8623-ULFNQ,Low-Value,66.05,Month-to-month,26,No,0.23528919
3920-HIHMQ,Low-Value,49.5,Month-to-month,26,No,0.23482546
4646-QZXTF,High-Value,81.25,Month-to-month,7,No,0.23438469
1399-UBQIU,Low-Value,69.35,Month-to-month,11,No,0.23436876
7874-ECPQJ,Low-Value,20.05,Month-to-month,4,No,0.23420498
1452-KIOVK,High-Value,89.1,Month-to-month,22,No,0.23420265
0621-HJWXJ,High-Value,81.55,Month-to-month,63,No,0.23406911
5619-PTMIK,Low-Value,53.1,Month-to-month,46,No,0.23375952
1356-MKYSK,High-Value,78.65,Month-to-month,6,No,0.23370968
8295-FHIVV,Low-Value,19.4,Month-to-month,7,No,0.23251064
4189-NAKJS,Low-Value,51.55,One year,26,No,0.23244967
1867-TJHTS,High-Value,79.8,Month-to-month,58,No,0.2317139
2667-WYLWJ,Low-Value,19.75,One year,8,Yes,0.23165758
0774-IFUVM,Low-Value,65.15,Month-to-month,11,No,0.23140243
0347-UBKUZ,Low-Value,19.9,Month-to-month,15,No,0.2313629
1744-JHKYS,Low-Value,24.7,Month-to-month,34,No,0.23120889
6439-LAJXL,Low-Value,68.95,Month-to-month,9,No,0.23074761
4926-UMJZD,Low-Value,49.2,Month-to-month,31,No,0.23057768
4353-HYOJD,Low-Value,49.85,Month-to-month,27,No,0.23048154
9138-EFSMO,High-Value,78.95,One year,26,No,0.23044041
9025-ZRPVR,Low-Value,18.95,Month-to-month,9,Yes,0.23034504
6296-DDOOR,Low-Value,58.2,One year,19,No,0.23034279
4936-YPJNK,Low-Value,19.9,Month-to-month,10,No,0.2302902
8815-LMFLX,Low-Value,25.4,Month-to-month,25,No,0.2297327
6278-FEPBZ,Low-Value,20.25,Month-to-month,9,No,0.22932054
1488-SYSFC,Low-Value,20.65,Month-to-month,31,No,0.22909553
9705-ZJBCG,Low-Value,54.15,One year,13,No,0.22773589
8474-UMLNT,Low-Value,67.8,Month-to-month,13,No,0.22664945
8909-BOLNL,Low-Value,21.2,One year,3,No,0.22659373
9281-OFDMF,High-Value,90.7,Month-to-month,39,No,0.22641869
2582-FFFZR,Low-Value,50.6,Month-to-month,22,No,0.22640398
2025-JKFWI,High-Value,99.0,Month-to-month,13,Yes,0.22598441
9837-FWLCH,Low-Value,19.2,Month-to-month,12,No,0.22587945
1784-BXEFA,Low-Value,20.55,Month-to-month,10,No,0.22580346
3301-LSLWQ,Low-Value,66.1,Month-to-month,29,No,0.22523086
1436-ZMJAN,Low-Value,67.8,Month-to-month,10,No,0.22516078
1986-PHGZF,Low-Value,58.4,Month-to-month,18,No,0.22493903
3981-QSVQI,Low-Value,19.7,Month-to-month,8,No,0.22491698
4011-ARPHK,Low-Value,50.35,Month-to-month,27,No,0.22476088
4237-CLSMM,Low-Value,20.0,Month-to-month,2,No,0.22443062
3422-WJOYD,Low-Value,54.35,One year,28,No,0.22442755
1104-FEJAM,Low-Value,64.4,Month-to-month,28,No,0.22434361
2428-ZMCTB,Low-Value,19.75,Month-to-month,10,No,0.22421585
9314-QDMDW,Low-Value,61.25,One year,11,No,0.22408018
1038-ZAGBI,Low-Value,19.8,One year,12,Yes,0.22286923
6907-CQGPN,Low-Value,34.3,Month-to-month,29,No,0.22248878
2858-MOFSQ,Low-Value,55.85,One year,17,Yes,0.22231899
8735-DCXNF,Low-Value,54.95,Month-to-month,10,No,0.22230962
3391-JSQEW,Low-Value,50.15,Month-to-month,40,No,0.22220494
3771-PZOBW,High-Value,90.7,Month-to-month,20,No,0.2215181
3570-YUEKJ,Low-Value,49.55,Month-to-month,42,No,0.22134675
6202-DYYFX,High-Value,76.0,One year,22,No,0.22092889
7764-BDPEE,Low-Value,20.85,Month-to-month,3,No,0.22048558
5850-BDWCY,Low-Value,20.2,Month-to-month,6,No,0.22024822
8080-POTJR,High-Value,79.3,One year,30,No,0.21929547
6040-CGACY,Low-Value,19.6,Month-to-month,15,No,0.21891093
3737-XBQDD,High-Value,84.85,Month-to-month,24,No,0.21793716
7285-KLOTR,High-Value,78.85,One year,12,No,0.21705082
4283-IVYCI,Low-Value,64.95,Month-to-month,9,No,0.21680221
1304-BCCFO,Low-Value,70.05,Month-to-month,9,No,0.21680221
1621-YNCJH,High-Value,106.05,Two year,36,No,0.2161804
3039-MJSLN,Low-Value,20.2,Month-to-month,3,No,0.21600483
9967-ATRFS,Low-Value,19.9,Month-to-month,19,No,0.21590474
4891-NLUBA,Low-Value,61.45,Two year,61,No,0.21418962
0369-ZGOVK,High-Value,70.4,One year,28,No,0.21385372
8404-FYDIB,High-Value,86.65,Month-to-month,26,No,0.21329337
3926-YZVVX,Low-Value,50.05,One year,41,No,0.21281713
4568-TTZRT,Low-Value,20.4,Month-to-month,9,No,0.2123318
2455-USLMV,High-Value,84.75,Month-to-month,31,No,0.21231474
6994-ORCWG,Low-Value,54.25,One year,14,No,0.21212588
7658-UYUQS,High-Value,86.55,Month-to-month,21,No,0.21200284
4869-EPIUS,High-Value,80.9,One year,56,No,0.2117995
3007-FDPEA,Low-Value,20.7,Month-to-month,2,No,0.21169442
5527-ACHSO,High-Value,70.5,Month-to-month,11,No,0.21169102
8942-DBMHZ,Low-Value,20.45,Month-to-month,12,No,0.21149485
7812-FZHPE,Low-Value,24.1,Month-to-month,17,Yes,0.21134467
0620-XEFWH,Low-Value,18.85,Month-to-month,4,No,0.21119592
6773-LQTVT,Low-Value,35.65,Month-to-month,29,No,0.21090373
5522-NYKPB,High-Value,85.9,Month-to-month,25,No,0.21010263
5199-FPUSP,Low-Value,34.05,One year,33,No,0.20980911
9378-FXTIZ,Low-Value,70.15,One year,54,Yes,0.20962285
3936-QQFLL,Low-Value,19.75,Month-to-month,2,No,0.20951925
0871-OPBXW,Low-Value,20.05,Month-to-month,2,No,0.20951925
6838-HVLXG,Low-Value,20.3,Month-to-month,12,No,0.20934328
2928-HLDBA,Low-Value,20.7,Month-to-month,6,No,0.20930776
0410-IPFTY,High-Value,83.85,Month-to-month,31,No,0.20895736
5447-VYTKW,Low-Value,53.45,Month-to-month,27,No,0.20813
1518-OMDIK,Low-Value,44.55,Month-to-month,33,No,0.20809214
6476-EPYZR,Low-Value,20.5,Month-to-month,12,No,0.20792022
8084-OIVBS,Low-Value,20.0,One year,11,No,0.2078258
4054-CUMIA,Low-Value,20.25,Month-to-month,18,No,0.20766693
1140-UKVZG,Low-Value,24.8,Month-to-month,17,No,0.20762825
7010-ZMVBF,Low-Value,20.45,Month-to-month,18,No,0.20732412
1794-SWWKL,Low-Value,59.65,Month-to-month,15,No,0.20616311
1371-WEPDS,Low-Value,55.8,One year,40,No,0.2060615
7610-TVOPG,Low-Value,26.35,Month-to-month,15,No,0.2056314
6261-LHRTG,Low-Value,54.75,Month-to-month,26,No,0.20558254
0842-IWYCP,Low-Value,44.95,Month-to-month,46,No,0.20556138
8044-BGWPI,Low-Value,21.15,Month-to-month,12,No,0.20553748
2320-YKQBO,Low-Value,19.3,Month-to-month,7,No,0.20547076
5533-RJFTJ,Low-Value,30.2,Month-to-month,49,No,0.20541741
6661-EIPZC,Low-Value,29.5,Month-to-month,48,No,0.20541741
6937-GCDGQ,Low-Value,48.95,One year,19,No,0.20539494
0489-WMEMG,Low-Value,49.45,One year,23,No,0.20473804
9576-SYUHJ,High-Value,91.15,Month-to-month,37,No,0.20431711
5626-MGTUK,High-Value,89.1,Month-to-month,20,No,0.20401214
8006-PYCSW,Low-Value,20.1,Month-to-month,2,No,0.20341389
9367-TCUYN,Low-Value,20.1,Month-to-month,12,No,0.20337357
5345-BMKWB,Low-Value,20.25,Month-to-month,8,No,0.20320089
9578-FOMUK,Low-Value,24.8,Month-to-month,15,No,0.20315209
1539-LNKHM,Low-Value,20.4,Month-to-month,12,No,0.20214728
3077-RSNTJ,Low-Value,19.7,Month-to-month,6,No,0.20195733
9762-YAQAA,High-Value,81.4,One year,39,No,0.20102733
3629-WEAAM,Low-Value,64.1,Month-to-month,8,No,0.20091766
2351-RRBUE,Low-Value,20.65,One year,7,No,0.20068367
9277-JOOMO,Low-Value,24.6,Month-to-month,3,No,0.20040955
7795-CFOCW,Low-Value,42.3,One year,45,No,0.20037688
7105-MXJLL,Low-Value,60.7,One year,26,No,0.20025365
7798-JVXYM,Low-Value,69.65,Month-to-month,14,No,0.20022479
0939-EREMR,Low-Value,53.45,Month-to-month,13,No,0.19956785
1336-EZFZY,Low-Value,20.05,Month-to-month,4,No,0.19909692
4198-VFOEA,Low-Value,33.6,One year,12,No,0.19815837
6620-JDYNW,Low-Value,60.6,Month-to-month,18,No,0.19815022
4098-NAUKP,High-Value,84.65,Month-to-month,68,No,0.19802429
8985-OOPOS,High-Value,74.1,One year,1,No,0.19791286
7402-PWYJJ,High-Value,91.15,One year,53,No,0.19745517
3156-QLHBO,Low-Value,19.25,Month-to-month,2,No,0.19745342
6693-FRIRW,High-Value,101.3,Month-to-month,18,No,0.19707492
4329-YPDDQ,High-Value,108.2,Month-to-month,20,No,0.1970634
9170-ARBTB,Low-Value,19.6,One year,52,No,0.1967365
7297-DVYGA,Low-Value,19.85,One year,51,No,0.1967365
9512-PHSMG,Low-Value,20.55,Month-to-month,10,No,0.1966564
2040-OBMLJ,High-Value,81.7,One year,31,No,0.19661465
8150-QUDFX,Low-Value,19.85,Month-to-month,2,No,0.19634885
3794-NFNCH,Low-Value,50.0,Month-to-month,30,No,0.19610931
2055-SIFSS,Low-Value,51.65,Month-to-month,55,No,0.19596572
7017-VFULY,Low-Value,20.1,Month-to-month,2,No,0.19596206
5016-LIPDW,Low-Value,19.4,One year,57,No,0.19513814
5160-UXJED,Low-Value,44.6,One year,17,No,0.19487886
9575-IWCAZ,Low-Value,25.1,One year,6,No,0.19486097
3486-KHMLI,Low-Value,24.7,Month-to-month,21,No,0.19461991
2039-JONDJ,Low-Value,55.45,One year,27,No,0.19440806
6036-TTFYU,Low-Value,19.6,Month-to-month,16,No,0.19429334
3594-IVHJZ,Low-Value,20.45,Month-to-month,2,No,0.1936202
7075-BNDVQ,Low-Value,35.0,Month-to-month,4,No,0.1927016
2969-WGHQO,Low-Value,69.45,One year,7,No,0.19266136
0550-DCXLH,High-Value,73.35,Month-to-month,13,No,0.19225231
8017-UVSZU,Low-Value,56.6,Month-to-month,40,No,0.19183101
6131-JLWZM,Low-Value,20.3,Month-to-month,13,No,0.19055443
8904-OPDCK,Low-Value,24.95,Month-to-month,54,No,0.19026586
9364-YKUVW,Low-Value,19.8,Month-to-month,15,No,0.19004312
1049-FYSYG,Low-Value,35.65,Month-to-month,17,No,0.18981561
3345-JHUEO,Low-Value,20.2,Month-to-month,4,No,0.1896067
6617-WLBQC,High-Value,81.85,One year,23,No,0.18864593
9818-XQCUV,Low-Value,20.35,Month-to-month,2,No,0.18814997
0366-NQSHS,Low-Value,19.35,Month-to-month,2,No,0.18814997
5919-VCZYM,Low-Value,20.05,Month-to-month,2,No,0.18814997
2410-CIYFZ,Low-Value,20.4,Month-to-month,2,No,0.18814997
0396-HUJBP,Low-Value,19.3,Month-to-month,2,No,0.18814997
0816-TSPHQ,Low-Value,20.75,Month-to-month,2,No,0.18814997
4776-XSKYQ,Low-Value,30.25,One year,12,No,0.18786009
8963-MQVYN,Low-Value,20.55,Month-to-month,22,No,0.18764278
6537-OTKMY,Low-Value,50.75,One year,15,No,0.18763499
2483-XSSMZ,Low-Value,47.85,One year,39,No,0.1875824
8746-OQQRW,Low-Value,25.25,Month-to-month,4,No,0.18751116
8705-DWKTI,High-Value,83.8,Month-to-month,52,No,0.18660824
7766-CLTIC,Low-Value,60.95,Month-to-month,10,No,0.18641037
7435-ZNUYY,Low-Value,20.6,One year,6,No,0.186123
2308-STERM,Low-Value,19.4,Month-to-month,2,No,0.18527056
9101-NTIXF,Low-Value,19.4,Month-to-month,2,No,0.1850922
6383-ZTSIW,High-Value,99.1,One year,39,No,0.18506399
8903-WMRNW,High-Value,101.75,Month-to-month,15,No,0.18494555
1877-HKBQX,Low-Value,54.6,One year,11,No,0.18492699
7950-XWOVN,Low-Value,34.7,Month-to-month,11,No,0.18485
4177-JPDFU,Low-Value,34.0,Month-to-month,12,No,0.18469837
4939-KYYPY,Low-Value,59.45,Month-to-month,27,No,0.18432094
0463-WZZKO,Low-Value,20.75,Month-to-month,3,No,0.18383634
0013-MHZWF,Low-Value,69.4,Month-to-month,9,No,0.18366791
3144-KMTWZ,High-Value,93.25,Month-to-month,71,No,0.1835755
1376-HHBDV,Low-Value,48.8,Month-to-month,30,No,0.18282062
2242-MFOTG,High-Value,80.1,One year,33,No,0.18278857
0519-DRGTI,Low-Value,20.35,Month-to-month,20,No,0.18220176
6549-YMFAW,Low-Value,21.25,Month-to-month,9,No,0.18219464
9921-QFQUL,High-Value,90.15,Month-to-month,23,No,0.18183248
1452-XRSJV,Low-Value,51.05,Month-to-month,39,No,0.18165365
1247-QBVSH,Low-Value,50.2,Month-to-month,43,No,0.18164624
9777-WJJPR,High-Value,88.65,Month-to-month,31,No,0.18163866
3417-TSCIC,Low-Value,24.85,One year,29,No,0.18124455
8884-MRNSU,Low-Value,19.9,One year,17,No,0.18068847
5311-IHLEI,Low-Value,50.95,Month-to-month,12,No,0.18058543
4537-CIBHB,Low-Value,20.25,One year,9,No,0.18038847
5555-RNPGT,Low-Value,24.8,Month-to-month,10,No,0.18009034
2621-UDNLU,Low-Value,20.85,Month-to-month,3,No,0.17925905
4712-UYOOI,Low-Value,20.0,Month-to-month,20,No,0.17925732
9481-SFCQY,Low-Value,59.8,Month-to-month,14,No,0.17881817
0898-XCGTF,High-Value,96.5,One year,61,No,0.1786497
3307-TLCUD,Low-Value,34.4,Month-to-month,17,No,0.17857957
0440-QEXBZ,Low-Value,50.15,Month-to-month,44,No,0.17837012
0549-CYCQN,High-Value,79.6,One year,51,No,0.17800595
6704-UTUKK,Low-Value,45.9,Month-to-month,29,No,0.17777047
2896-TBNBE,High-Value,80.8,One year,40,No,0.17730583
2923-ARZLG,Low-Value,19.7,One year,0,No,0.17632382
7519-JTWQH,High-Value,110.5,Two year,69,No,0.17594743
3468-DRVQJ,Low-Value,70.3,One year,10,No,0.17565152
5778-BVOFB,Low-Value,59.5,Month-to-month,9,No,0.17536534
7542-CYDDM,Low-Value,20.05,Month-to-month,18,No,0.1753255
2432-TFSMK,High-Value,89.6,One year,18,No,0.17523102
5371-VYLSX,High-Value,83.4,Month-to-month,50,No,0.17481606
0603-OLQDC,Low-Value,69.85,Month-to-month,12,No,0.17471492
3256-EZDBI,Low-Value,29.45,Month-to-month,51,No,0.17430077
7343-EOBEU,Low-Value,23.6,Month-to-month,3,No,0.17366353
1730-VFMWO,Low-Value,50.2,Month-to-month,34,No,0.17361577
8198-RKSZG,High-Value,80.45,Month-to-month,14,No,0.1734014
0093-EXYQL,High-Value,91.55,Month-to-month,40,No,0.17308672
0953-LGOVU,Low-Value,35.5,Month-to-month,12,No,0.17305586
5343-SGUBI,High-Value,80.2,One year,52,No,0.17257957
4660-IRIBM,High-Value,87.9,Month-to-month,18,No,0.17237066
6538-POCHL,High-Value,79.0,Month-to-month,33,No,0.17202395
6112-KTHFQ,Low-Value,19.3,Month-to-month,13,No,0.17141163
2250-IVBWA,High-Value,81.05,Month-to-month,64,No,0.17136216
2926-JEJJC,Low-Value,20.2,One year,8,No,0.17109574
1169-WCVAK,High-Value,88.8,Month-to-month,19,No,0.17086032
8049-WJCLQ,Low-Value,60.2,Month-to-month,10,No,0.1707414
7078-NVFAM,Low-Value,35.15,Month-to-month,32,No,0.17065765
4821-SJHJV,High-Value,89.6,Month-to-month,32,No,0.1706092
0396-YCHWO,High-Value,95.4,Month-to-month,36,No,0.16974188
1015-JPFYW,Low-Value,19.45,One year,7,No,0.16952673
4716-HHKQH,High-Value,107.05,Month-to-month,20,No,0.16928922
7143-BQIBA,Low-Value,62.25,Month-to-month,10,No,0.16824147
1850-AKQEP,Low-Value,20.35,Month-to-month,8,No,0.16812864
5176-LDKUH,High-Value,75.15,One year,48,No,0.16734405
7176-WIONM,Low-Value,49.85,Month-to-month,12,No,0.16690099
9040-KZVWO,High-Value,75.5,One year,26,No,0.16643906
3441-CGZJH,Low-Value,60.4,One year,43,No,0.1664274
8124-NZVGJ,Low-Value,49.25,One year,6,No,0.16631432
4616-EWBNJ,Low-Value,20.1,One year,16,No,0.16483846
2342-CKIAO,Low-Value,20.3,Month-to-month,2,No,0.16481306
8739-QOTTN,Low-Value,20.35,Month-to-month,2,No,0.16481306
6260-XLACS,Low-Value,19.7,One year,4,No,0.16478346
2061-VVFST,Low-Value,19.5,Month-to-month,37,No,0.16457058
7402-EYFXX,High-Value,93.6,Month-to-month,26,No,0.16433746
9795-VOWON,Low-Value,24.35,One year,7,No,0.16412969
9479-HYNYL,High-Value,80.7,Two year,71,No,0.16353077
9169-BSVIN,High-Value,74.75,Month-to-month,12,No,0.16347733
2458-EOMRE,Low-Value,64.05,Month-to-month,11,No,0.16347733
5372-FBKBN,Low-Value,20.75,Month-to-month,21,No,0.16340992
6243-OZGFH,Low-Value,44.95,Month-to-month,23,No,0.16316088
2259-OUUSZ,Low-Value,35.5,One year,7,No,0.16282246
1702-CCFNJ,Low-Value,61.35,Month-to-month,52,No,0.16186103
3551-GAEGL,Low-Value,30.4,One year,34,No,0.16157188
4360-QRAVE,Low-Value,36.65,Month-to-month,37,No,0.16150558
3211-AAPKX,High-Value,98.55,Month-to-month,20,No,0.16134942
9052-DHNKM,Low-Value,61.55,One year,26,No,0.16048923
2519-TWKFS,Low-Value,55.1,One year,25,No,0.16035376
5222-IMUKT,High-Value,91.05,Month-to-month,32,No,0.15983999
7013-PSXHK,High-Value,80.75,One year,40,No,0.15891525
2824-MYYBN,High-Value,95.25,Month-to-month,37,No,0.15888852
2495-KZNFB,High-Value,90.65,Month-to-month,33,No,0.1587227
3011-WQKSZ,Low-Value,20.0,Month-to-month,19,No,0.1587077
7622-FWGEW,High-Value,85.65,Two year,56,No,0.15832426
2717-HVIZY,Low-Value,20.05,Month-to-month,8,No,0.1582999
5730-RIITO,Low-Value,33.45,Month-to-month,43,No,0.15821299
2186-QZEYA,Low-Value,58.55,Month-to-month,29,No,0.15818872
6968-GMKPR,High-Value,81.55,Month-to-month,55,No,0.15785736
6184-DYUOB,Low-Value,19.6,Month-to-month,3,No,0.1575515
7785-RDVIG,Low-Value,19.3,Month-to-month,3,No,0.1575515
7277-OZCGZ,High-Value,89.05,Month-to-month,22,No,0.15722439
8387-UGUSU,Low-Value,20.05,Month-to-month,15,No,0.1570133
8573-CGOCC,Low-Value,19.75,Month-to-month,16,No,0.15695313
8849-AYPTR,High-Value,91.25,Month-to-month,33,No,0.15690051
3413-CSSTH,Low-Value,55.7,Month-to-month,41,No,0.15671715
3466-WAESX,Low-Value,69.1,Month-to-month,16,No,0.15631959
8189-XRIKE,High-Value,90.95,Month-to-month,32,No,0.15580788
3354-OADJP,Low-Value,54.25,One year,8,No,0.15570949
2316-ESMLS,Low-Value,33.15,One year,12,No,0.1554363
9565-JSNFM,High-Value,70.45,One year,38,Yes,0.15488371
7382-DFJTU,Low-Value,55.2,Month-to-month,18,No,0.15477523
0305-SQECB,Low-Value,36.05,One year,11,No,0.15450613
9770-LXDBK,Low-Value,20.4,Month-to-month,3,No,0.15424502
4430-YHXGG,Low-Value,25.45,Month-to-month,4,No,0.15424502
6668-CNMFP,High-Value,89.35,One year,19,No,0.15388003
0696-UKTOX,Low-Value,54.15,Month-to-month,23,No,0.1530209
3126-WQMGH,Low-Value,52.15,Month-to-month,49,No,0.15267794
2144-ESWKO,Low-Value,35.2,One year,43,No,0.15202163
4032-RMHCI,Low-Value,35.4,One year,41,No,0.15202163
7872-RDDLZ,Low-Value,54.9,Month-to-month,67,No,0.15194304
2690-DVRVK,Low-Value,20.55,One year,5,No,0.15094006
3192-LNKRK,High-Value,84.05,Month-to-month,34,No,0.15079749
8189-DUKMV,Low-Value,20.5,One year,4,No,0.15052599
7674-YTAFD,High-Value,79.95,One year,33,No,0.15044358
2957-JIRMN,High-Value,84.45,One year,62,No,0.15028681
8070-AAWZP,Low-Value,34.25,Month-to-month,24,No,0.15000585
0118-JPNOY,High-Value,85.8,Month-to-month,26,No,0.14990567
2675-OTVVJ,High-Value,89.45,Month-to-month,31,No,0.1498841
2586-CWXVV,Low-Value,30.4,Month-to-month,54,No,0.14981212
8741-LQOBK,Low-Value,35.05,Month-to-month,46,No,0.14980088
2450-ZKEED,Low-Value,53.8,One year,11,No,0.14969252
3318-ISQFQ,Low-Value,19.5,Month-to-month,20,No,0.14959018
8314-DPQHL,Low-Value,50.8,One year,9,No,0.14898026
9738-QLWTP,High-Value,81.9,One year,39,No,0.14861143
6476-YHMGA,High-Value,76.5,Month-to-month,15,No,0.14813776
5642-MHDQT,Low-Value,19.85,One year,53,No,0.14786693
0594-UFTUL,Low-Value,19.85,Month-to-month,13,No,0.14758916
3823-KYNQY,Low-Value,24.95,One year,12,No,0.14731601
5562-BETPV,Low-Value,19.65,One year,1,No,0.1472222
2139-FQHLM,High-Value,89.95,Month-to-month,19,No,0.14704415
4183-MYFRB,High-Value,90.05,Month-to-month,21,No,0.14662328
2227-JRSJX,High-Value,99.15,Month-to-month,21,No,0.1461166
2511-MORQY,Low-Value,54.9,One year,50,No,0.14599566
0212-ISBBF,Low-Value,50.35,Month-to-month,22,No,0.14595488
2065-MMKGR,High-Value,71.0,One year,29,No,0.14588515
0516-VRYBW,Low-Value,20.15,One year,18,Yes,0.14582962
3898-BSJYF,High-Value,73.55,One year,10,No,0.14569147
2921-XWDJH,High-Value,83.45,Month-to-month,38,No,0.14563853
7661-CPURM,High-Value,87.7,One year,19,No,0.14554429
4976-LNFVV,Low-Value,34.3,Month-to-month,19,No,0.14535521
8224-IVVPA,Low-Value,56.7,Month-to-month,27,No,0.14520603
4123-FCVCB,High-Value,75.85,One year,12,No,0.14514612
5172-RKOCB,High-Value,108.95,Two year,72,No,0.14509846
0564-MUUQK,High-Value,95.5,Month-to-month,20,No,0.14491343
4104-PVRPS,Low-Value,53.6,Month-to-month,24,No,0.14461884
0308-IVGOK,Low-Value,40.4,One year,11,No,0.14437805
6133-OZILE,Low-Value,35.2,Month-to-month,18,No,0.14435662
2402-TAIRZ,High-Value,80.05,One year,37,No,0.14424214
3648-GZPHF,Low-Value,36.25,One year,32,No,0.1442075
5315-CKEQK,Low-Value,51.0,One year,28,No,0.14402585
3541-ZNUHK,High-Value,85.1,Month-to-month,55,No,0.14373966
0531-ZZJWQ,High-Value,74.0,Month-to-month,55,No,0.14342222
7346-MEDWM,High-Value,83.25,Month-to-month,59,No,0.14291874
0048-LUMLS,High-Value,91.2,One year,37,No,0.14243218
8610-ZIKJJ,Low-Value,20.3,One year,2,No,0.14243102
1430-SFQSA,Low-Value,35.6,One year,29,No,0.1424025
1536-YHDOE,Low-Value,62.1,One year,17,No,0.1422892
5062-CJJKH,Low-Value,53.65,One year,25,No,0.1420956
7407-SUJIZ,Low-Value,20.6,Month-to-month,25,No,0.14201304
2126-GSEGL,High-Value,84.8,Two year,70,No,0.14174077
7460-ITWWP,High-Value,86.1,Month-to-month,45,No,0.14126086
6303-KFWSL,Low-Value,55.25,One year,29,No,0.14084388
9750-BOOHV,Low-Value,30.15,One year,32,No,0.14067642
4396-KLSEH,Low-Value,19.85,Month-to-month,4,No,0.13986683
4541-RMRLG,Low-Value,19.25,Month-to-month,7,Yes,0.13978142
2195-VVRJF,Low-Value,59.1,Month-to-month,18,No,0.1397617
5151-HQRDG,Low-Value,55.05,Month-to-month,37,No,0.1389566
0484-JPBRU,Low-Value,25.25,Month-to-month,41,No,0.13841365
2073-QBVBI,Low-Value,35.45,One year,41,No,0.13832702
7311-MQJCH,Low-Value,19.55,One year,5,No,0.13806345
4993-JCRGJ,High-Value,84.3,Month-to-month,26,No,0.13763961
2243-FNMMI,Low-Value,19.4,Month-to-month,20,No,0.1371592
3970-XGJDU,Low-Value,19.2,Two year,62,No,0.13708408
8582-KRHPJ,Low-Value,35.0,Month-to-month,50,No,0.13627417
0859-YGKFW,Low-Value,20.05,One year,18,No,0.13618813
6131-IUNXN,Low-Value,20.2,Month-to-month,19,No,0.13576102
1937-OTUKY,High-Value,98.2,Two year,72,No,0.13574861
8573-JGCZW,Low-Value,19.65,One year,17,No,0.13570274
4203-QGNZA,Low-Value,20.25,Month-to-month,28,No,0.1355946
8191-XWSZG,Low-Value,20.65,One year,52,No,0.13555633
8249-THVEC,Low-Value,19.4,One year,51,No,0.13555633
8780-RSYYU,Low-Value,19.2,Month-to-month,25,No,0.1350654
3059-NGMXB,Low-Value,69.2,Month-to-month,14,No,0.13503392
0178-SZBHO,High-Value,87.2,Month-to-month,47,No,0.13463633
5692-ICXLW,High-Value,90.7,Month-to-month,31,No,0.13457088
6469-MRVET,Low-Value,20.2,One year,1,No,0.13360608
2085-BOJKI,High-Value,96.65,One year,17,No,0.13350265
7801-CEDNV,Low-Value,48.7,One year,27,No,0.1334406
6726-WEXXK,High-Value,85.9,One year,27,No,0.13327487
1729-VLAZJ,Low-Value,40.25,One year,10,No,0.13257614
7140-ADSMJ,Low-Value,20.45,Month-to-month,8,No,0.13243867
6242-MBHPK,High-Value,95.1,Month-to-month,23,No,0.13221067
7148-XZPHA,High-Value,79.4,Month-to-month,55,No,0.13219856
4422-QVIJA,Low-Value,50.15,Month-to-month,35,No,0.13205759
0282-NVSJS,Low-Value,29.3,Month-to-month,12,No,0.13197087
6865-JZNKO,Low-Value,55.3,Month-to-month,30,No,0.13195705
1038-RQOST,Low-Value,20.6,Month-to-month,19,No,0.13191046
1237-WIYYZ,Low-Value,19.55,Month-to-month,18,No,0.13191046
8917-SZTTJ,Low-Value,19.65,Two year,60,No,0.13185938
9442-JTWDL,Low-Value,20.05,One year,11,No,0.13176629
7041-TXQJH,Low-Value,40.2,Month-to-month,37,No,0.13162562
0666-UXTJO,High-Value,85.2,Month-to-month,34,No,0.13149595
5397-NSKQG,Low-Value,50.9,Two year,67,No,0.13127759
9357-UJRUN,Low-Value,58.35,One year,24,No,0.1309485
4830-FAXFM,Low-Value,24.1,Month-to-month,19,No,0.1308305
1226-JZNKR,Low-Value,19.8,One year,8,No,0.13056786
9367-OIUXP,Low-Value,20.7,Month-to-month,4,No,0.13039812
5593-SUAOO,High-Value,83.15,One year,24,No,0.13020055
1397-XKKWR,Low-Value,35.3,One year,7,No,0.12996738
2672-TGEFF,High-Value,88.8,Month-to-month,37,No,0.12965243
4415-WNGVR,High-Value,79.2,One year,12,No,0.12961966
7233-IOQNP,Low-Value,34.0,Month-to-month,43,No,0.12957333
1658-XUHBX,High-Value,88.75,Month-to-month,59,No,0.12947294
2495-TTHBQ,Low-Value,20.4,One year,4,No,0.1289925
9069-LGEUL,Low-Value,59.95,Month-to-month,23,No,0.1285667
2129-ALKBS,Low-Value,26.2,Month-to-month,40,No,0.12823969
2322-VCZHZ,High-Value,90.0,Month-to-month,23,No,0.12797047
7776-QGYJC,High-Value,81.5,Month-to-month,39,No,0.127606
2967-MXRAV,Low-Value,18.8,One year,1,No,0.12740543
4803-LBYPN,Low-Value,20.8,Month-to-month,34,No,0.12704737
6797-LNAQX,High-Value,98.3,Two year,70,Yes,0.12696128
9046-DQMTP,Low-Value,20.75,Month-to-month,35,No,0.1265397
3605-JISKB,Low-Value,60.0,One year,55,No,0.12633331
1153-GNOLC,Low-Value,39.1,One year,33,No,0.12591416
5201-USSQZ,High-Value,85.9,Month-to-month,26,No,0.12583375
5995-SNNEW,High-Value,104.45,Month-to-month,23,No,0.1257135
8595-SIZNC,Low-Value,25.6,One year,22,No,0.12507579
7808-DVWEP,Low-Value,20.0,Month-to-month,3,No,0.12492932
9717-IOAAF,Low-Value,25.85,Two year,27,No,0.12460426
0002-ORFBO,Low-Value,65.6,One year,9,No,0.124543406
9281-PKKZE,Low-Value,43.95,Month-to-month,46,No,0.12424395
8807-ARQET,Low-Value,40.35,Month-to-month,41,No,0.12424395
6035-RIIOM,High-Value,97.2,Two year,54,No,0.12407601
8992-OBVDG,Low-Value,61.65,Month-to-month,21,No,0.12389955
4359-INNWN,Low-Value,20.05,One year,17,No,0.123681724
0487-VVUVK,Low-Value,19.15,Month-to-month,25,No,0.123256154
3372-CDXFJ,Low-Value,24.5,One year,13,No,0.12282141
7596-LDUXP,High-Value,85.15,One year,12,No,0.12268823
5397-TUPSH,High-Value,70.95,One year,65,No,0.122467995
4933-IKULF,Low-Value,20.65,One year,17,No,0.12198565
8313-NDOIA,High-Value,104.15,Month-to-month,24,No,0.121818766
2809-ILCYT,Low-Value,26.8,One year,25,No,0.12179851
7356-AYNJP,Low-Value,23.9,One year,4,No,0.12174494
5438-QMDDL,Low-Value,59.8,Month-to-month,19,No,0.121631116
4619-EVPHY,High-Value,91.0,One year,20,No,0.12130214
2882-DDZPG,Low-Value,19.45,Month-to-month,12,No,0.120954394
2851-MMUTZ,Low-Value,56.15,Month-to-month,27,No,0.120928265
0141-YEAYS,High-Value,86.45,Month-to-month,27,No,0.12090707
9938-EKRGF,High-Value,84.45,Month-to-month,15,No,0.12077714
1179-INLAT,Low-Value,19.45,One year,3,No,0.12010574
4429-WYGFR,Low-Value,49.15,Month-to-month,26,No,0.119915895
2120-SMPEX,Low-Value,20.15,Month-to-month,25,No,0.11987825
5066-GFJMM,Low-Value,19.9,Month-to-month,3,No,0.119809955
8319-QBEHW,Low-Value,39.95,One year,26,No,0.119742244
6490-FGZAT,Low-Value,20.65,Month-to-month,6,No,0.11927644
8735-NBLWT,Low-Value,20.4,Month-to-month,9,No,0.11927238
6870-ECSHE,Low-Value,20.45,One year,2,No,0.11903327
7089-RKVSZ,Low-Value,24.4,One year,8,No,0.118935764
0929-PECLO,High-Value,89.6,Month-to-month,63,No,0.118930906
5828-DWPIL,High-Value,89.1,Month-to-month,62,No,0.118842244
6586-PSJOX,Low-Value,55.2,One year,15,No,0.11882807
5716-LIBJC,High-Value,104.15,One year,13,No,0.11851391
6075-QMNRR,Low-Value,49.75,Month-to-month,52,No,0.11839798
3373-DIUUN,Low-Value,21.25,Two year,30,No,0.118388936
3572-UUHRS,Low-Value,18.85,One year,45,No,0.118206866
0121-SNYRK,Low-Value,35.4,One year,50,No,0.118176416
3982-DQLUS,High-Value,85.75,Month-to-month,65,No,0.11789465
4686-UXDML,High-Value,99.85,Month-to-month,21,No,0.11765354
3951-NJCVI,High-Value,95.05,Month-to-month,42,No,0.1174823
3466-BYAVD,Low-Value,69.5,Month-to-month,15,No,0.11738338
7088-FBAWU,High-Value,74.55,Month-to-month,17,No,0.11738338
3800-LYTRK,Low-Value,55.7,One year,14,No,0.11708658
1984-GPTEH,Low-Value,25.15,Month-to-month,29,No,0.11688317
6131-FOYAS,Low-Value,59.6,Month-to-month,35,No,0.11687343
6295-OSINB,High-Value,109.65,Two year,72,No,0.11672623
2673-ZALNP,Low-Value,19.9,One year,7,No,0.11600262
0447-RXSGD,High-Value,99.65,Month-to-month,24,No,0.11589887
4403-BWPAY,Low-Value,24.8,One year,14,No,0.11580647
6366-XIVKZ,Low-Value,63.15,Month-to-month,13,No,0.11546115
1915-OAKWD,Low-Value,19.3,One year,16,No,0.115356974
3750-YHRYO,Low-Value,20.65,One year,7,No,0.115351215
4623-ZKHLY,Low-Value,20.45,Month-to-month,22,No,0.11505443
9504-DSHWM,Low-Value,59.2,Month-to-month,20,No,0.11504265
8109-YUOHE,Low-Value,56.1,One year,17,No,0.115027204
2371-JUNGC,Low-Value,20.25,Month-to-month,11,No,0.114881694
9931-DCEZH,Low-Value,54.4,One year,28,No,0.11472838
6972-SNKKW,Low-Value,20.0,Month-to-month,6,No,0.1146294
5701-GUXDC,Low-Value,35.4,One year,26,No,0.1144508
9987-LUTYD,Low-Value,55.15,One year,13,No,0.11442256
6508-NJYRO,Low-Value,18.8,One year,15,No,0.11432491
5129-JLPIS,High-Value,105.5,Month-to-month,25,No,0.114238
1064-FBXNK,Low-Value,19.85,One year,1,No,0.11410817
6806-YDEUL,Low-Value,19.5,Month-to-month,6,No,0.114047736
5245-VDBUR,Low-Value,35.45,One year,52,No,0.113868654
1763-KUAAW,Low-Value,20.35,One year,18,No,0.11381869
0895-LMRSF,Low-Value,64.9,One year,23,No,0.11317812
1096-ADRUX,High-Value,74.25,One year,66,No,0.113088705
3694-GLTJM,Low-Value,19.65,Month-to-month,5,No,0.11304445
6035-BXTTY,Low-Value,54.65,Month-to-month,32,No,0.11251943
3865-ZYKAD,High-Value,84.9,Month-to-month,69,No,0.11236708
6968-URWQU,Low-Value,56.35,One year,43,No,0.1120364
4459-BBGHE,Low-Value,44.5,Month-to-month,30,No,0.11178513
5081-NWSUP,Low-Value,64.9,One year,10,No,0.11161627
8812-ZRHFP,High-Value,86.45,One year,30,No,0.11151716
2978-XXSOG,Low-Value,59.05,Month-to-month,22,No,0.11142158
7353-YOWFP,Low-Value,20.25,One year,7,No,0.11121279
3061-BCKYI,Low-Value,19.9,Month-to-month,14,No,0.11094919
7919-ZODZZ,Low-Value,65.9,One year,10,No,0.11047418
2877-VDUER,Low-Value,40.9,One year,35,No,0.109989986
5539-HIVAK,Low-Value,25.7,Month-to-month,28,No,0.10974774
7740-KKCXF,Low-Value,30.05,Month-to-month,51,No,0.10932718
7968-QUXNS,Low-Value,18.95,Month-to-month,6,No,0.10926845
2680-XKKNJ,Low-Value,58.2,One year,8,No,0.108946346
5956-YHHRX,High-Value,104.35,Month-to-month,21,No,0.10868418
2821-WARNZ,Low-Value,19.45,One year,49,No,0.10821203
7872-BAAZR,Low-Value,19.55,One year,53,No,0.10821203
9798-DRYDS,Low-Value,61.95,One year,17,No,0.10791634
5640-CAXOA,Low-Value,40.35,One year,30,No,0.10779826
8231-BSWXX,High-Value,79.05,One year,71,No,0.10726117
0516-QREYC,Low-Value,20.3,Month-to-month,24,No,0.10712908
7621-VPNET,High-Value,85.9,Month-to-month,42,No,0.107120894
9853-JFZDU,Low-Value,56.85,Month-to-month,35,No,0.10697149
5468-BPMMO,Low-Value,19.6,Month-to-month,46,No,0.106800936
6621-YOBKI,Low-Value,20.35,Month-to-month,5,No,0.10665113
5955-EPOAZ,Low-Value,20.95,Month-to-month,6,No,0.10665113
8631-XVRZL,Low-Value,20.15,One year,9,No,0.106430516
0098-BOWSO,Low-Value,19.4,Month-to-month,27,No,0.1062704
6461-PPAXN,Low-Value,54.95,One year,35,No,0.10602718
3572-UOLYZ,High-Value,84.8,Month-to-month,46,No,0.105438724
6510-UPNKS,Low-Value,24.8,One year,23,No,0.10531668
0239-OXEXL,High-Value,84.25,Month-to-month,46,No,0.10517867
9867-NNXLC,Low-Value,20.05,Month-to-month,22,No,0.10513853
5482-VXSXJ,High-Value,93.2,Month-to-month,22,No,0.10509247
7398-LXGYX,High-Value,84.8,Month-to-month,44,No,0.10497458
4860-YZGZM,Low-Value,20.0,Month-to-month,10,No,0.104797885
4654-GGUII,Low-Value,40.2,One year,18,No,0.104740106
5566-SOEZD,High-Value,80.65,One year,27,No,0.104468174
2430-RRYUW,Low-Value,54.8,One year,66,No,0.10417566
2361-FJWNO,Low-Value,36.0,One year,40,No,0.1037381
8627-ZYGSZ,High-Value,78.9,One year,47,No,0.1036601
9972-NKTFD,Low-Value,54.65,Month-to-month,28,No,0.10365507
8450-UYIBU,Low-Value,39.85,Month-to-month,35,No,0.10363298
2908-ZTPNF,Low-Value,34.85,Month-to-month,36,No,0.103112414
9142-XMYJH,Low-Value,19.35,Month-to-month,29,No,0.10306193
7623-HKYRK,Low-Value,19.7,Month-to-month,6,No,0.102438726
1764-VUUMT,Low-Value,19.95,Two year,66,No,0.10217758
0536-BGFMZ,Low-Value,20.5,Month-to-month,28,No,0.10194015
9033-EOXWV,High-Value,74.05,One year,12,Yes,0.10186391
4636-JGAAI,High-Value,88.85,Month-to-month,34,No,0.10178906
1104-TNLZA,High-Value,105.8,Month-to-month,28,No,0.101711325
4003-FUSHP,Low-Value,61.55,Month-to-month,19,No,0.10163386
6252-DFGTK,Low-Value,68.1,One year,37,No,0.10141793
0373-AIVNJ,Low-Value,39.55,One year,9,No,0.10091208
2946-KIQSP,Low-Value,33.45,Month-to-month,35,No,0.10081194
0699-NDKJM,Low-Value,58.75,Month-to-month,57,No,0.10079669
2862-JVEOY,Low-Value,19.15,One year,6,No,0.10057293
7279-NMVJC,Low-Value,19.9,One year,17,No,0.10033911
5724-BIDBU,Low-Value,55.35,One year,49,No,0.100307666
2958-NHPPS,Low-Value,20.85,Month-to-month,23,No,0.10012832
8024-XNAFQ,High-Value,107.4,Two year,72,No,0.100122236
6199-IPCAO,Low-Value,26.1,Two year,29,No,0.099969
5712-VBOXD,Low-Value,20.15,Month-to-month,4,No,0.0997973
8332-OSJDW,Low-Value,26.4,One year,12,No,0.0996528
0980-FEXWF,Low-Value,50.35,One year,26,No,0.09963754
3146-JTQHR,Low-Value,19.6,One year,10,No,0.09905277
8999-XXGNS,High-Value,105.75,One year,72,No,0.09892308
6968-MHOMU,Low-Value,45.0,One year,58,No,0.09878942
7727-SHVZV,Low-Value,19.5,Month-to-month,9,No,0.09854482
8012-SOUDQ,High-Value,90.25,Month-to-month,43,No,0.09853621
4163-KIUHY,Low-Value,25.6,Month-to-month,35,No,0.098500654
3506-OVLKD,Low-Value,26.2,One year,35,No,0.098255865
4986-MXSFP,Low-Value,20.0,Month-to-month,2,No,0.09792782
0983-TATYJ,Low-Value,51.45,One year,33,No,0.0978341
5602-BVFMK,Low-Value,19.3,One year,12,No,0.09763851
7234-KMNRQ,Low-Value,19.0,Month-to-month,4,No,0.09762219
9473-CBZOP,Low-Value,59.0,One year,28,No,0.097581334
7799-DSEWS,Low-Value,68.35,Month-to-month,18,No,0.09718512
1100-DDVRV,Low-Value,49.8,Month-to-month,17,No,0.09702288
5149-TGWDZ,High-Value,104.55,One year,21,No,0.09701167
3423-HHXAO,Low-Value,19.5,One year,14,No,0.09696319
6784-XYJAE,Low-Value,55.8,One year,36,No,0.09688253
7089-XXAYG,Low-Value,38.1,One year,25,No,0.09683291
4418-LZMSV,Low-Value,61.8,Month-to-month,13,No,0.09680477
7951-QKZPL,Low-Value,24.5,Two year,33,Yes,0.096792825
7228-PAQPD,Low-Value,59.1,One year,14,No,0.0967547
7107-UBYKY,Low-Value,25.75,Month-to-month,35,No,0.09663482
6584-VQMYT,Low-Value,56.2,One year,27,No,0.096523464
8868-GAGIO,High-Value,84.55,Month-to-month,45,No,0.09631321
6765-MBQNU,Low-Value,26.0,One year,26,No,0.09626031
2164-SOQXL,Low-Value,20.05,Month-to-month,20,No,0.09614468
7219-TLZHO,Low-Value,20.85,Month-to-month,4,No,0.09597014
6509-TSGWN,Low-Value,26.45,Month-to-month,37,No,0.09533501
0221-NAUXK,Low-Value,19.95,One year,10,No,0.09530984
5119-KEPFY,High-Value,95.0,Month-to-month,36,No,0.09521793
7817-OMJNA,Low-Value,20.4,One year,14,No,0.09521363
5442-BXVND,Low-Value,24.25,Month-to-month,33,No,0.095159076
5448-VWNAM,High-Value,75.9,Month-to-month,19,No,0.09484283
7168-HDQHG,Low-Value,19.2,Month-to-month,36,No,0.094801284
3340-QBBFM,Low-Value,54.1,One year,36,No,0.094767965
3597-MVHJT,High-Value,95.6,Month-to-month,27,No,0.09475829
6202-JVYEU,Low-Value,19.9,One year,9,No,0.09432428
5201-CBWYG,Low-Value,24.8,One year,62,No,0.09399688
0396-UKGAI,Low-Value,55.3,Month-to-month,23,No,0.09368225
5837-LXSDN,Low-Value,58.85,One year,21,No,0.09354213
4318-RAJVY,Low-Value,19.8,One year,10,No,0.09343358
0895-LNKRC,Low-Value,19.45,One year,6,No,0.09322873
6941-KXRRV,Low-Value,58.95,One year,48,No,0.09312634
1429-UYJSV,Low-Value,19.7,One year,12,No,0.09304559
8570-KLJYJ,Low-Value,54.45,One year,36,No,0.09290063
4501-VCPFK,Low-Value,35.75,Month-to-month,26,No,0.092574514
2550-QHZGP,Low-Value,19.5,One year,7,No,0.09234171
1171-TYKUR,Low-Value,25.4,Month-to-month,47,No,0.09228074
5170-PTRKA,Low-Value,35.8,One year,49,No,0.092230424
9732-OUYRN,Low-Value,19.0,One year,49,No,0.091930114
1982-FEBTD,Low-Value,25.6,Two year,23,No,0.09188892
2790-XUYMV,High-Value,85.45,One year,71,No,0.091613285
4464-JCOLN,Low-Value,19.85,One year,2,Yes,0.091491856
4697-LUPSU,Low-Value,20.2,One year,2,No,0.091491856
1353-GHZOS,Low-Value,59.75,One year,22,No,0.09133941
9555-SAHUZ,Low-Value,54.5,Month-to-month,38,No,0.09099667
6980-CDGFC,Low-Value,20.85,One year,67,No,0.090959124
5446-DKWYW,Low-Value,65.2,One year,61,No,0.09086704
3323-CPBWR,High-Value,96.9,Month-to-month,23,No,0.09084003
5546-BYZSM,Low-Value,20.45,Month-to-month,41,No,0.09078794
1697-LYYYX,Low-Value,19.1,One year,61,No,0.09048324
1174-FGIFN,High-Value,90.45,One year,28,No,0.09036184
5382-TEMLV,Low-Value,50.9,Month-to-month,45,No,0.09003366
5993-BQHEA,Low-Value,20.05,One year,12,No,0.08940725
5206-XZZQI,High-Value,80.6,Month-to-month,53,No,0.08925038
0880-FVFWF,High-Value,86.4,Month-to-month,56,No,0.08907898
8727-XDPUD,Low-Value,35.8,Two year,37,No,0.08905327
0142-GVYSN,Low-Value,20.3,Month-to-month,26,No,0.08890513
6576-FBXOJ,Low-Value,54.6,One year,17,No,0.088524416
6743-HHQPF,Low-Value,25.1,Month-to-month,42,No,0.08852361
5756-JYOJT,Low-Value,64.9,One year,11,No,0.08845028
9814-AOUDH,Low-Value,19.5,Two year,53,No,0.088419266
0607-DAAHE,Low-Value,19.75,Two year,53,Yes,0.088419266
4391-LNRXK,High-Value,94.95,Month-to-month,22,No,0.08831079
9522-ZSINC,Low-Value,19.95,One year,13,No,0.08807399
5003-OKNNK,Low-Value,20.35,One year,15,No,0.08806423
6217-TOWGS,High-Value,75.4,Month-to-month,17,No,0.08805532
4291-YZODP,Low-Value,20.05,One year,7,No,0.08792566
0661-KQHNK,Low-Value,19.0,One year,6,No,0.087861896
9053-EJUNL,High-Value,89.2,Month-to-month,41,No,0.08774022
6234-PFPXL,High-Value,95.9,Month-to-month,22,No,0.08762822
0851-DFJKB,Low-Value,58.95,Month-to-month,15,No,0.08756497
4701-MLJPN,Low-Value,55.25,Month-to-month,31,Yes,0.087560244
9758-MFWGD,Low-Value,29.9,One year,48,No,0.08746211
4472-LVYGI,Low-Value,52.55,Two year,0,No,0.08722009
7971-HLVXI,High-Value,84.5,Two year,72,No,0.086936474
5777-KJIRB,Low-Value,50.25,One year,40,No,0.086733826
6506-EYCNH,Low-Value,19.55,Month-to-month,28,No,0.086625054
5144-TVGLP,High-Value,94.75,Month-to-month,38,No,0.08652725
9574-BOSMD,Low-Value,25.4,Two year,68,No,0.08643522
1619-YWUBB,Low-Value,24.95,Two year,68,No,0.08643522
2696-RZVZW,Low-Value,25.05,Two year,68,No,0.08643522
4851-BQDNX,High-Value,85.05,One year,40,No,0.08641632
4378-BZYFP,Low-Value,20.5,One year,17,No,0.08608249
1431-CYWMH,Low-Value,19.05,Month-to-month,22,No,0.08605902
9039-ZVJDC,Low-Value,19.1,Month-to-month,3,No,0.08602902
9308-ANMVE,Low-Value,55.3,Month-to-month,47,No,0.08590448
9483-GCPWE,Low-Value,20.1,One year,9,No,0.0853762
9894-QMIMJ,Low-Value,55.8,One year,23,No,0.085220076
7508-KBIMB,Low-Value,56.25,One year,24,No,0.08510025
4770-QAZXN,Low-Value,19.45,Month-to-month,13,No,0.08494798
4450-MDZFX,High-Value,74.35,Month-to-month,60,No,0.08429985
3739-YBWAB,Low-Value,35.35,One year,36,No,0.08415341
2834-JKOOW,Low-Value,45.9,One year,15,No,0.0841452
6128-DAFVY,Low-Value,44.85,Month-to-month,56,No,0.08404222
6933-FHBZC,Low-Value,56.05,One year,26,No,0.08378077
9470-XCCEM,High-Value,89.65,Month-to-month,35,No,0.083733365
4896-CPRPF,Low-Value,25.45,Two year,35,No,0.0833677
3205-MXZRA,Low-Value,59.45,One year,26,No,0.083337136
2888-ADFAO,Low-Value,21.3,Two year,47,No,0.08332322
1094-BKOSX,Low-Value,51.0,One year,45,No,0.083132595
0257-KXZGU,Low-Value,62.45,Month-to-month,32,No,0.08312809
1125-SNVCK,Low-Value,43.8,Month-to-month,49,No,0.082748935
9133-AYJZG,High-Value,98.7,Month-to-month,23,No,0.0825862
8512-WIWYV,Low-Value,20.35,One year,32,No,0.082151145
2360-RDGRO,High-Value,104.25,Month-to-month,65,No,0.08208194
9313-CDOGY,Low-Value,19.6,Month-to-month,38,No,0.08190577
0106-GHRQR,High-Value,71.4,Month-to-month,16,No,0.081831664
7649-PHJVR,Low-Value,19.5,One year,11,No,0.081770904
9294-TDIPC,Low-Value,20.2,Month-to-month,5,No,0.08097662
1257-SXUXQ,Low-Value,19.45,Month-to-month,5,No,0.08097662
0303-WMMRN,Low-Value,19.25,Month-to-month,5,No,0.08097662
1703-MGIAB,Low-Value,69.0,Month-to-month,17,No,0.08084057
4719-UMSIY,Low-Value,19.65,Month-to-month,6,No,0.08082175
9560-BBZXK,Low-Value,31.05,Two year,36,No,0.08062205
8034-RYTVV,High-Value,84.25,One year,55,No,0.08061862
1385-TQOZW,Low-Value,20.45,Month-to-month,9,No,0.08026327
5384-ZTTWP,Low-Value,19.8,Month-to-month,15,No,0.08022696
1970-KKFWL,Low-Value,23.3,Two year,35,No,0.08021334
3428-MMGUB,High-Value,89.55,Two year,60,No,0.08020681
3401-URHDA,Low-Value,59.9,One year,51,No,0.080000244
6349-JDHQP,Low-Value,19.85,Two year,53,No,0.07997674
0829-XXPLX,High-Value,89.4,Month-to-month,20,No,0.079822525
5505-OVWQW,Low-Value,20.15,One year,17,No,0.079717435
6292-TOSSS,Low-Value,24.9,Two year,50,No,0.079636976
5857-XRECV,Low-Value,20.5,One year,2,No,0.07958186
5312-IRCFR,High-Value,92.85,One year,64,No,0.07918107
9793-WECQC,High-Value,95.3,Month-to-month,23,No,0.079139486
7750-EYXWZ,Low-Value,60.65,One year,12,No,0.07913411
1991-VOPLL,Low-Value,19.05,Month-to-month,9,No,0.07908116
9495-REDIY,Low-Value,40.65,One year,25,No,0.07863329
8383-SGHJU,Low-Value,59.4,One year,33,No,0.07852313
8380-MQINP,Low-Value,20.3,Two year,55,No,0.07848491
8727-JQFHV,Low-Value,20.75,Two year,57,No,0.07848491
4990-ALDGW,Low-Value,20.75,Two year,57,No,0.07848491
3620-EHIMZ,Low-Value,19.35,Two year,52,No,0.07848491
6674-KVJHG,Low-Value,25.2,One year,11,No,0.07847077
2592-HODOV,Low-Value,19.3,One year,13,No,0.07842608
0208-BPQEJ,Low-Value,19.4,Month-to-month,12,No,0.07832357
1194-HVAIF,High-Value,95.0,Month-to-month,27,No,0.078248516
3662-FXJFO,Low-Value,20.5,Two year,54,No,0.07822186
8499-BRXTD,Low-Value,20.1,One year,18,No,0.07802733
1133-KXCGE,Low-Value,20.1,One year,18,No,0.07802733
1045-LTCYT,Low-Value,21.05,Month-to-month,8,No,0.077969186
2171-UDMFD,Low-Value,19.45,Month-to-month,32,No,0.077846505
1552-TKMXS,Low-Value,20.35,Month-to-month,42,No,0.077846505
7746-AWNQW,Low-Value,35.75,Month-to-month,28,No,0.07773905
8752-IMQOS,Low-Value,20.1,One year,5,No,0.077591926
4957-TIALW,Low-Value,65.6,One year,15,No,0.07752954
2511-ALLCS,Low-Value,24.3,Two year,35,No,0.077168144
7074-STDCN,Low-Value,40.6,Month-to-month,39,No,0.07715952
9447-YPTBX,Low-Value,19.85,One year,50,No,0.07711673
5857-TYBCJ,High-Value,89.2,Month-to-month,44,No,0.07709389
4644-OBGFZ,Low-Value,19.5,One year,55,No,0.07696808
0788-DXBFY,Low-Value,19.55,One year,58,No,0.07672672
1852-QSWCD,Low-Value,24.8,Two year,64,No,0.07670501
3580-GICBM,Low-Value,24.2,Two year,61,No,0.07670501
1170-SASML,High-Value,85.4,Month-to-month,69,No,0.0765916
1022-RKXDR,Low-Value,24.85,One year,41,No,0.0765566
1897-RCFUM,Low-Value,24.2,One year,39,No,0.0765566
4946-EDSEW,Low-Value,19.25,Month-to-month,11,Yes,0.076484695
4018-KJYUY,Low-Value,20.15,Month-to-month,22,No,0.07643904
8076-FEZKJ,Low-Value,19.5,One year,10,No,0.07642749
5306-BVTKJ,Low-Value,55.8,One year,48,No,0.07624884
6559-PDZLR,High-Value,98.65,Month-to-month,26,No,0.07617579
3724-BSCVH,Low-Value,20.45,One year,10,No,0.07592265
1272-ILHFG,Low-Value,19.65,One year,15,No,0.075848155
2233-TXSIU,Low-Value,44.45,One year,17,No,0.07574112
1337-BOZWO,Low-Value,46.4,One year,18,No,0.07574112
0661-WCQNQ,Low-Value,56.25,One year,22,No,0.0756391
3389-KTRXV,Low-Value,23.85,Two year,23,No,0.07561044
9904-EHEVJ,High-Value,91.35,Month-to-month,32,No,0.0754837
0820-FNRNX,Low-Value,66.7,Month-to-month,17,No,0.07539629
4163-HFTUK,Low-Value,19.1,One year,51,No,0.075302325
1699-TLDLZ,Low-Value,19.7,Two year,16,No,0.075282395
5092-STPKP,Low-Value,56.35,Month-to-month,24,No,0.07522795
8966-SNIZF,Low-Value,19.45,Two year,70,No,0.07514018
1173-NOEYG,High-Value,90.15,Month-to-month,27,No,0.074966095
4999-IEZLT,Low-Value,29.45,One year,66,No,0.07490048
6546-OPBBH,Low-Value,23.95,One year,51,No,0.074865535
9626-VFRGG,High-Value,88.5,Month-to-month,41,No,0.07482824
3717-LNXKW,High-Value,91.7,Month-to-month,38,No,0.07465317
3472-OAOOR,Low-Value,34.95,Month-to-month,19,No,0.07459635
7989-AWGEH,Low-Value,39.2,Month-to-month,49,No,0.07443923
7299-GNVPL,High-Value,84.4,Month-to-month,23,No,0.07423242
6030-REHUX,High-Value,110.85,Month-to-month,28,No,0.074222624
9451-WLYRI,Low-Value,19.05,One year,53,No,0.07404443
0690-SRQID,Low-Value,19.65,Month-to-month,4,No,0.07394139
5144-PQCDZ,Low-Value,19.95,Month-to-month,4,No,0.07394139
5537-UXXVS,Low-Value,19.25,Month-to-month,20,No,0.07390235
2239-CFOUJ,Low-Value,20.4,One year,1,No,0.07382824
2907-ILJBN,Low-Value,20.6,One year,11,No,0.073698014
4116-IQRFR,Low-Value,24.1,One year,4,No,0.07351435
9891-NQDBD,Low-Value,25.55,One year,28,No,0.072760805
0956-SYCWG,Low-Value,19.65,One year,13,No,0.072709344
7813-TKCVO,Low-Value,20.35,One year,20,No,0.07268741
5294-DMSFH,High-Value,87.8,Month-to-month,29,No,0.0725147
8859-AXJZP,Low-Value,23.8,Two year,39,No,0.07221541
7758-UJWYS,Low-Value,40.55,Two year,34,No,0.07215896
2589-AYCRP,Low-Value,19.75,One year,50,No,0.07212085
1614-JBEBI,Low-Value,20.7,Month-to-month,8,No,0.07194198
7560-QRBXH,Low-Value,19.95,One year,48,No,0.071630396
0530-IJVDB,High-Value,114.6,Two year,70,No,0.07153343
2746-DIJLO,Low-Value,56.3,One year,41,No,0.071302995
5480-XTFFL,Low-Value,21.0,Two year,31,No,0.071129
1241-FPMOF,Low-Value,19.65,Two year,52,No,0.070917144
9504-YAZWB,Low-Value,20.25,Two year,53,No,0.070917144
9184-GALIL,Low-Value,20.45,Month-to-month,38,No,0.07088052
6016-LVTJQ,Low-Value,20.65,Month-to-month,34,No,0.07088052
3639-XJHKQ,Low-Value,60.6,Month-to-month,19,No,0.070829384
2436-QBZFP,Low-Value,39.2,Month-to-month,22,No,0.07068933
7599-NTMDP,Low-Value,48.7,Two year,62,No,0.07065215
2263-SFSQZ,Low-Value,24.95,Two year,51,No,0.0706129
4673-KKSLS,High-Value,87.6,Month-to-month,31,No,0.0702797
1480-IVEVR,High-Value,81.6,One year,35,No,0.070115805
7995-ZHHNZ,Low-Value,56.1,One year,42,No,0.070030995
5478-JJVZK,Low-Value,60.9,Month-to-month,33,No,0.06999284
6421-SZVEM,High-Value,82.85,One year,28,No,0.06975841
0422-OHQHQ,Low-Value,20.55,One year,15,No,0.06972988
5012-YSPJJ,Low-Value,54.35,Month-to-month,31,No,0.06964631
7047-YXDMZ,Low-Value,20.0,Month-to-month,21,No,0.069589496
3623-FQBOX,Low-Value,19.95,Month-to-month,21,No,0.069589496
6869-FGJJC,High-Value,79.6,One year,68,No,0.069560304
9046-JBFWA,Low-Value,19.15,Month-to-month,27,No,0.06906444
1352-HNSAW,High-Value,115.6,Two year,72,No,0.06905029
5886-VLQVU,High-Value,89.85,Month-to-month,35,No,0.06903078
2782-JEEBU,Low-Value,36.0,Month-to-month,21,No,0.069029056
1834-ABKHQ,Low-Value,50.95,One year,52,No,0.0689067
7688-AWMDX,Low-Value,54.5,Two year,71,No,0.06860379
2974-GGUXS,High-Value,91.95,Month-to-month,36,No,0.06857202
2338-BQEZT,Low-Value,50.55,Month-to-month,55,No,0.068256795
1307-ATKGB,High-Value,89.55,Month-to-month,24,No,0.068162195
0215-BQKGS,High-Value,84.3,Month-to-month,30,No,0.068154015
5832-EXGTT,Low-Value,60.2,Month-to-month,29,No,0.068131864
6169-PPETC,Low-Value,20.5,Two year,35,No,0.067905255
9067-SQTNS,Low-Value,20.6,One year,44,No,0.06785556
1131-ALZWV,Low-Value,24.6,One year,24,No,0.06742114
9867-JCZSP,Low-Value,20.75,One year,17,No,0.06721205
0829-DDVLK,Low-Value,20.1,One year,15,No,0.06656883
9959-WOFKT,High-Value,106.7,Two year,71,No,0.06654184
5127-BZENZ,Low-Value,65.2,One year,56,No,0.06649084
5546-QUERU,Low-Value,19.95,One year,13,No,0.06624356
6502-KUGLL,Low-Value,59.45,Month-to-month,14,No,0.0660314
5260-UMPWX,Low-Value,20.25,Month-to-month,26,No,0.06572203
3521-HTQTV,Low-Value,26.1,Two year,34,No,0.065719485
6103-QCKFX,Low-Value,56.25,Month-to-month,44,No,0.06521625
6967-QIQRV,High-Value,101.9,One year,15,No,0.065154426
5799-JRCZO,Low-Value,19.5,Two year,63,No,0.065033704
1024-KPRBB,High-Value,89.1,One year,38,No,0.065019354
8980-WQFWL,Low-Value,62.1,Month-to-month,35,No,0.06493901
5214-CHIWJ,Low-Value,20.3,One year,27,No,0.06433379
8417-GSODA,High-Value,92.2,One year,28,No,0.06423502
3850-OKINF,Low-Value,66.2,One year,71,No,0.06377467
1222-KJNZD,Low-Value,20.4,Month-to-month,40,No,0.06374481
5792-JALQC,Low-Value,59.85,Two year,52,No,0.06349894
7989-VCQOH,High-Value,83.25,Month-to-month,18,No,0.063159935
0924-BJCRC,High-Value,89.45,Month-to-month,60,No,0.06309148
7748-UMTRK,High-Value,101.3,Month-to-month,30,No,0.062626936
0197-PNKNK,High-Value,84.45,One year,69,No,0.062603176
0233-FTHAV,High-Value,79.2,One year,60,No,0.06260099
8898-KASCD,Low-Value,35.55,One year,39,No,0.06247234
6745-JEFZB,High-Value,91.5,Month-to-month,35,No,0.06247118
5846-QFDFI,High-Value,88.6,Month-to-month,33,No,0.06240772
2333-KWEWW,Low-Value,20.05,Two year,18,No,0.062225066
5696-EXCYS,Low-Value,19.45,Two year,17,No,0.062225066
1563-IWQEX,Low-Value,19.7,Month-to-month,12,No,0.06216423
2038-YSEZE,Low-Value,67.45,Month-to-month,29,No,0.06196291
1535-VTJOQ,Low-Value,25.15,Two year,24,No,0.061958216
6447-EGDIV,Low-Value,20.95,One year,31,No,0.06185104
6486-LHTMA,High-Value,90.7,One year,31,No,0.061783712
9860-LISIZ,Low-Value,20.35,Month-to-month,34,No,0.06175471
4785-QRJHC,Low-Value,59.9,One year,46,Yes,0.061679635
3374-PZLXD,Low-Value,19.7,Month-to-month,34,No,0.061537884
9313-QOLTZ,Low-Value,20.9,Month-to-month,26,No,0.061483584
4950-HKQTE,Low-Value,26.25,Two year,22,No,0.061444163
9074-KGVOX,Low-Value,39.45,Month-to-month,50,No,0.061339065
8075-GXIUB,Low-Value,19.85,One year,9,No,0.06127994
8996-ZROXE,Low-Value,53.5,One year,57,No,0.06124062
1269-FOYWN,Low-Value,20.0,One year,44,No,0.061159175
0129-QMPDR,Low-Value,20.5,One year,44,No,0.061159175
1345-ZUKID,Low-Value,19.35,One year,14,No,0.06112251
5622-UEJFI,Low-Value,25.4,Two year,35,No,0.06102262
1810-MVMAI,Low-Value,67.6,Month-to-month,30,No,0.061003346
4504-YOULA,Low-Value,59.45,Month-to-month,35,No,0.060876243
4955-VCWBI,Low-Value,20.0,One year,43,No,0.06040751
6837-BJYDQ,Low-Value,19.6,One year,3,No,0.060097046
2868-LLSKM,High-Value,83.65,One year,68,No,0.05984898
4811-JBUVU,High-Value,89.9,Month-to-month,30,No,0.059474587
9503-XJUME,Low-Value,19.65,One year,52,No,0.05946095
6878-GGDWG,Low-Value,19.4,Month-to-month,32,No,0.05934987
3402-XRIUO,Low-Value,63.55,Month-to-month,22,No,0.05891627
5774-QPLTF,Low-Value,20.35,One year,50,No,0.058866445
7969-FFOWG,Low-Value,19.9,Two year,65,No,0.0588375
8878-RYUKI,Low-Value,59.45,Month-to-month,52,No,0.05876838
8644-XYTSV,Low-Value,40.15,Month-to-month,42,No,0.058551546
3705-PSNGL,Low-Value,20.4,One year,45,Yes,0.058515206
2226-ICFDO,High-Value,85.9,Two year,72,No,0.058281608
3003-CMDUU,High-Value,95.15,Month-to-month,25,No,0.05814323
3635-QQRQD,Low-Value,20.05,Two year,62,No,0.057944316
4299-OPXEJ,Low-Value,19.55,Two year,56,No,0.057691798
4835-YSJMR,Low-Value,49.8,Two year,39,No,0.057624046
1898-JSNDC,Low-Value,58.6,One year,39,No,0.05752781
7361-YPXFS,Low-Value,64.45,Month-to-month,28,No,0.05749371
5173-ZXXXL,Low-Value,19.95,One year,2,No,0.057222314
1051-EQPZR,Low-Value,19.6,Month-to-month,44,No,0.057113543
9602-WCXPI,Low-Value,20.15,One year,50,No,0.05704096
0074-HDKDG,Low-Value,61.6,One year,25,No,0.057002258
1530-ZTDOZ,Low-Value,40.65,Month-to-month,49,No,0.056990977
4425-OWHWB,Low-Value,19.35,One year,20,No,0.056601368
0701-RFGFI,High-Value,95.4,Month-to-month,49,No,0.056600347
1641-BYBTK,Low-Value,20.2,Month-to-month,6,No,0.05650166
3301-VKTGC,High-Value,85.5,One year,68,No,0.05646732
7340-KEFQE,Low-Value,34.2,Two year,51,No,0.056427926
0484-FFVBJ,Low-Value,64.85,One year,32,No,0.056402605
4945-RVMTE,Low-Value,59.55,Month-to-month,28,No,0.056022726
5777-ZPQNC,Low-Value,20.15,One year,12,No,0.055939257
7666-WKRON,High-Value,80.45,Two year,39,Yes,0.055426523
7895-VONWT,Low-Value,48.25,Month-to-month,25,No,0.05538072
0657-DOGUM,Low-Value,60.6,One year,48,No,0.055043135
2202-OUTMO,Low-Value,60.85,Month-to-month,34,No,0.054945163
0096-FCPUF,Low-Value,64.5,Month-to-month,30,No,0.05491517
5949-HGVJL,High-Value,73.05,Month-to-month,26,No,0.054666217
4712-AUQZO,Low-Value,33.6,Month-to-month,18,No,0.05459381
2085-JVGAD,Low-Value,20.35,Month-to-month,37,No,0.05452241
5039-LZRQT,Low-Value,20.2,One year,13,No,0.05448628
8348-JLBUG,High-Value,80.3,One year,64,No,0.0543757
0508-SQWPL,Low-Value,20.1,Two year,57,No,0.05428749
9534-NSXEM,Low-Value,20.65,One year,26,No,0.054286815
3635-JBPSG,Low-Value,38.8,Two year,15,No,0.05428174
3633-CDBUW,High-Value,80.85,One year,17,No,0.05405416
7470-DYNOE,Low-Value,61.1,One year,53,No,0.05386154
5961-VUSRV,Low-Value,19.35,One year,12,No,0.053824063
6248-BSHKG,Low-Value,20.4,One year,61,No,0.05374372
6823-SIDFQ,Low-Value,18.25,One year,28,No,0.053684786
2294-DMMUS,High-Value,70.45,Month-to-month,62,No,0.053546716
1641-RQDAY,High-Value,100.4,Month-to-month,32,No,0.053492565
9845-QOMAD,Low-Value,19.75,One year,14,No,0.053394884
7762-ONLJY,Low-Value,19.7,One year,6,No,0.053301074
1298-PHBTI,High-Value,84.8,Two year,71,No,0.053215362
9102-OXKFY,Low-Value,54.15,Two year,59,No,0.05319778
3251-YMVWZ,Low-Value,24.05,One year,53,No,0.053194858
4393-OBCRR,Low-Value,20.25,One year,3,No,0.0531144
2812-REYAT,Low-Value,20.05,One year,49,No,0.053077772
3887-PBQAO,Low-Value,25.9,One year,45,No,0.053059116
1178-PZGAB,Low-Value,20.25,One year,19,No,0.052551035
8050-WYBND,Low-Value,49.45,One year,22,No,0.052549243
3131-NWVFJ,Low-Value,19.55,One year,14,No,0.05252197
1930-BZLHI,Low-Value,20.35,One year,21,No,0.052481916
1956-YIFGE,High-Value,100.05,One year,22,No,0.05246076
7714-YXSMB,High-Value,100.5,Month-to-month,26,No,0.052424196
5575-TPIZQ,High-Value,89.15,Month-to-month,46,No,0.052312315
0191-ZHSKZ,High-Value,74.75,Month-to-month,30,No,0.05189604
2665-NPTGL,High-Value,98.1,Month-to-month,26,No,0.05178917
6177-PEVRA,Low-Value,55.5,Two year,48,No,0.051778995
0621-JFHOL,Low-Value,29.6,Two year,10,No,0.051672578
3721-CNZHX,Low-Value,19.8,One year,15,No,0.051307976
7030-NJVDP,High-Value,89.25,Month-to-month,24,No,0.051261503
7841-FCRQD,Low-Value,53.75,One year,33,No,0.051204316
2466-FCCPT,Low-Value,19.7,One year,20,No,0.05116792
7392-YYPYJ,High-Value,100.65,Month-to-month,22,No,0.05106537
4039-PIMHX,Low-Value,49.8,Two year,49,No,0.05071059
2716-GFZOR,High-Value,86.1,Month-to-month,43,No,0.05056008
8464-EETCQ,Low-Value,18.8,Two year,57,No,0.05040875
6621-NRZAK,Low-Value,20.0,Two year,63,No,0.05040875
8347-GDTMP,Low-Value,19.45,Two year,64,No,0.05040875
8514-VZHEB,Low-Value,19.5,Two year,59,No,0.050401732
3179-GBRWV,Low-Value,64.95,Month-to-month,21,No,0.05034608
9619-GSATL,Low-Value,55.45,One year,43,No,0.050172072
2788-CJQAQ,Low-Value,19.45,One year,13,No,0.0498499
7964-YESJC,Low-Value,66.3,Month-to-month,24,No,0.049571227
8138-EALND,Low-Value,19.75,Month-to-month,15,No,0.04931759
6212-ATMLK,High-Value,95.7,Month-to-month,50,No,0.04909448
7839-NUIAA,Low-Value,59.8,Month-to-month,61,No,0.048936855
5619-XZZKR,Low-Value,19.95,One year,4,No,0.048639547
4163-NCJAK,Low-Value,24.45,One year,46,No,0.048583157
1371-OJCEK,Low-Value,24.35,One year,48,No,0.048583157
0804-YGEQV,Low-Value,24.45,One year,43,No,0.048583157
5110-CHOPY,Low-Value,53.6,Two year,60,No,0.04853886
1697-BCSHV,Low-Value,66.8,Month-to-month,58,No,0.04852009
8818-DOPVL,High-Value,104.45,Month-to-month,46,No,0.04828411
5863-OOKCL,Low-Value,18.85,Month-to-month,10,No,0.04820455
1932-UEDCX,High-Value,100.6,Month-to-month,33,No,0.04801785
8398-TBIYD,High-Value,84.7,Two year,72,No,0.047995817
0269-XFESX,Low-Value,24.35,One year,23,No,0.047883376
8969-PRHFK,Low-Value,19.65,One year,18,No,0.047883376
2703-AMTUL,Low-Value,53.65,One year,36,No,0.047722563
1852-XEMDW,Low-Value,65.05,Month-to-month,22,No,0.047587864
6633-SYEUS,High-Value,83.2,Month-to-month,23,No,0.047498234
6147-CBCRA,Low-Value,20.05,Month-to-month,33,No,0.04724917
1403-GYAFU,Low-Value,20.05,Two year,70,No,0.046858534
1872-EBWSC,Low-Value,20.35,One year,29,No,0.046808768
9229-RQABD,Low-Value,23.75,One year,18,No,0.04676599
0219-QAERP,Low-Value,19.8,One year,30,No,0.04674088
5093-FEGLU,Low-Value,19.65,Two year,47,No,0.046685375
9577-WJVCQ,Low-Value,54.45,Month-to-month,68,No,0.046644855
2207-QPJED,High-Value,90.0,Month-to-month,37,No,0.046576522
4072-IPYLT,Low-Value,51.05,Month-to-month,36,No,0.046570953
8672-OAUPW,Low-Value,47.85,One year,51,No,0.046553116
8763-KIAFH,Low-Value,20.55,One year,27,No,0.046535205
4385-ZKVNW,Low-Value,54.9,Month-to-month,44,No,0.046473157
9640-ZSLDC,Low-Value,60.6,One year,53,No,0.046404827
0744-GKNGE,High-Value,86.8,Month-to-month,64,No,0.046221197
4883-KCPZJ,Low-Value,25.25,Two year,22,No,0.04616268
1421-HCERK,High-Value,105.7,Month-to-month,30,No,0.046114422
0835-DUUIQ,Low-Value,21.05,One year,24,No,0.046083283
6072-NUQCB,Low-Value,20.25,One year,22,No,0.046083283
7244-KXYZN,Low-Value,20.45,One year,24,No,0.046083283
4277-BWBML,Low-Value,19.95,Two year,72,No,0.046028335
6693-DJWTY,Low-Value,55.6,One year,35,No,0.04598225
6734-PSBAW,Low-Value,23.55,Two year,72,No,0.045922212
1820-DJFPH,Low-Value,24.05,Two year,72,No,0.045922212
6967-PEJLL,Low-Value,40.2,One year,37,No,0.045890436
4530-NDRKU,Low-Value,19.05,One year,42,No,0.04565188
9323-HGFWY,High-Value,101.9,One year,27,No,0.04549911
5808-TOTXO,Low-Value,20.55,One year,3,No,0.045437723
2960-NKRSO,High-Value,85.95,Month-to-month,24,No,0.04540295
4636-TVXVG,Low-Value,19.95,One year,62,No,0.04534679
0784-GTUUK,Low-Value,23.75,One year,62,No,0.0453385
3128-YOVTD,High-Value,79.15,Month-to-month,51,No,0.04514079
5266-PFRQK,Low-Value,20.85,One year,52,No,0.045106605
0967-BMLBD,Low-Value,20.0,One year,11,No,0.044874147
5297-MDOIR,High-Value,81.15,One year,63,No,0.04469396
2811-POVEX,High-Value,88.45,Month-to-month,23,No,0.044515554
3556-BVQGL,Low-Value,20.0,One year,20,No,0.044311535
3812-LRZIR,Low-Value,24.5,Two year,27,No,0.04423717
8174-LNWMW,Low-Value,20.9,Two year,31,No,0.044178985
6223-DHJGV,Low-Value,20.65,One year,42,No,0.044110503
2096-XOTMO,Low-Value,19.35,Month-to-month,16,No,0.044040255
5756-OZRIO,Low-Value,64.05,One year,61,No,0.04393016
9522-BNTHX,Low-Value,56.25,Month-to-month,34,No,0.043868728
4291-HYEBC,Low-Value,39.1,One year,28,No,0.04380073
9134-WYRVP,High-Value,86.35,One year,51,No,0.04377867
0365-TRTPY,High-Value,91.2,Month-to-month,37,No,0.04376342
4698-KVLLG,Low-Value,19.6,Two year,51,No,0.043589044
3896-ZVNET,Low-Value,24.7,Two year,24,No,0.043504175
3498-LZGQZ,Low-Value,19.15,Two year,63,No,0.0434456
0071-NDAFP,Low-Value,25.5,Two year,25,No,0.04337551
6827-IEAUQ,Low-Value,66.15,One year,27,No,0.043316353
4815-TUMEQ,Low-Value,19.3,One year,10,No,0.043275032
5789-LDFXO,Low-Value,24.6,One year,24,No,0.043032978
2796-UUZZO,High-Value,80.3,Month-to-month,63,No,0.042991813
3482-ABPKK,Low-Value,54.3,One year,28,No,0.042904053
6746-WAUWT,Low-Value,19.7,One year,19,No,0.042885486
7021-XSNYE,Low-Value,49.65,Two year,7,No,0.042812902
9916-AYHTC,Low-Value,19.85,Two year,48,No,0.042735245
3190-ITQXP,Low-Value,20.25,Two year,46,No,0.04259209
6082-GLJIX,Low-Value,19.25,Month-to-month,18,No,0.04247545
3120-FAZKD,Low-Value,24.05,Two year,54,No,0.0424407
6481-ESCNL,High-Value,100.55,Month-to-month,29,No,0.04240281
8908-SLFCJ,Low-Value,20.85,Two year,21,No,0.042400286
9498-FIMXL,Low-Value,19.2,One year,8,No,0.042398177
2277-AXSDC,Low-Value,19.75,One year,32,No,0.042356744
0052-YNYOT,Low-Value,20.55,One year,67,No,0.04227257
1964-SVLEA,Low-Value,19.7,One year,20,No,0.042259812
4707-YNOQA,Low-Value,25.6,One year,34,No,0.042181354
1394-SUIUH,High-Value,85.15,Month-to-month,44,No,0.042129792
5312-TSZVC,Low-Value,19.65,One year,15,No,0.04210487
8194-PEEBY,Low-Value,19.9,One year,24,No,0.041830655
5474-LAMUQ,Low-Value,20.1,One year,24,No,0.041830655
8457-XIGKN,Low-Value,19.6,Month-to-month,20,No,0.041647866
5575-GNVDE,Low-Value,56.95,One year,34,No,0.041637745
7929-SKFGK,High-Value,114.3,Two year,70,No,0.041561224
8748-HFWBO,Low-Value,19.9,One year,19,No,0.04154277
1248-DYXUB,Low-Value,24.8,Two year,52,No,0.04152644
7982-VCELR,High-Value,94.8,Month-to-month,36,No,0.041390367
2439-LYPMQ,High-Value,102.6,Month-to-month,38,No,0.04121005
6556-DBKZF,High-Value,76.05,Two year,71,No,0.041159447
8679-LZBMD,High-Value,90.65,One year,44,No,0.041127533
0621-TSSMU,Low-Value,19.95,One year,56,No,0.040990423
5136-RGMZO,High-Value,71.05,Month-to-month,31,No,0.040957566
0402-OAMEN,Low-Value,24.45,Two year,72,No,0.040644072
0971-QIFJK,Low-Value,24.25,Two year,69,No,0.040644072
3612-YVGSJ,Low-Value,24.45,Two year,71,No,0.040644072
2775-SEFEE,Low-Value,61.9,Two year,0,No,0.04057412
1333-PBMXB,Low-Value,24.75,One year,54,No,0.04057135
9541-ZPSEA,High-Value,80.35,Two year,68,No,0.040365227
6922-NCEDI,Low-Value,21.2,One year,56,No,0.040189456
8350-NYMVI,Low-Value,41.1,Month-to-month,39,No,0.04014368
8668-KNZTI,Low-Value,53.75,One year,52,No,0.040025983
6233-HXJMX,High-Value,89.3,Month-to-month,45,No,0.039780796
6670-MFRPK,High-Value,79.2,Two year,69,No,0.039740697
2550-AEVRU,Low-Value,53.45,One year,57,No,0.03966176
9681-KYGYB,High-Value,88.2,Month-to-month,49,No,0.039619748
7321-KKSDU,Low-Value,20.5,Two year,32,No,0.03961921
4312-KFRXN,Low-Value,25.4,Two year,72,No,0.03942582
8548-AWOFC,Low-Value,63.85,Month-to-month,66,No,0.03937914
7706-YLMQA,Low-Value,19.7,One year,70,No,0.039293107
2819-GWENI,Low-Value,19.9,One year,28,No,0.03925963
7011-CVEUC,High-Value,95.7,Month-to-month,25,No,0.039212905
6752-APNJL,Low-Value,54.5,Month-to-month,42,No,0.039186485
1608-GMEWB,High-Value,93.9,Month-to-month,45,No,0.03913392
3378-AJRAO,Low-Value,24.85,One year,44,No,0.038952135
9469-WEJBT,High-Value,90.35,Month-to-month,37,No,0.038924485
1839-UMACK,Low-Value,25.05,One year,42,No,0.038743816
5760-WRAHC,Low-Value,69.75,Month-to-month,22,No,0.038665794
0377-JBKKT,Low-Value,57.95,Month-to-month,22,No,0.038638163
9178-JHUVJ,Low-Value,24.1,Two year,24,No,0.038598746
0128-MKWSG,Low-Value,45.8,Month-to-month,26,No,0.038596887
2520-SGTTA,Low-Value,20.0,Two year,0,No,0.038561746
2904-GGUAZ,High-Value,84.05,Two year,72,No,0.03841107
4092-OFQZS,Low-Value,20.65,One year,20,No,0.03839796
3709-OIJEA,High-Value,85.2,One year,26,No,0.03837793
1492-KGETH,High-Value,78.35,One year,70,No,0.038362447
4957-SREEC,Low-Value,20.35,Two year,70,No,0.038347322
4332-MUOEZ,High-Value,94.3,One year,20,No,0.038234048
6614-VBEGU,Low-Value,69.45,Month-to-month,24,No,0.038217664
5898-IGSLP,High-Value,89.3,Month-to-month,31,No,0.038204968
8033-ATFAS,Low-Value,59.85,Month-to-month,39,No,0.03817464
8982-NHAVY,High-Value,100.5,One year,27,No,0.038147625
4759-PXTAN,High-Value,80.1,One year,59,No,0.038145423
0419-YAAPX,High-Value,85.3,Month-to-month,49,No,0.038101908
4524-QCSSM,Low-Value,44.65,Month-to-month,26,No,0.03809208
3243-ZHOHY,Low-Value,20.1,One year,16,No,0.038079344
8587-XYZSF,Low-Value,50.55,Two year,67,No,0.038070735
5197-YPYBZ,Low-Value,25.25,Two year,12,No,0.038062695
6718-BDGHG,Low-Value,64.85,One year,43,No,0.03790238
3043-SUDUA,Low-Value,19.9,Month-to-month,32,No,0.037897643
8028-PNXHQ,Low-Value,24.25,Two year,62,No,0.037625656
2632-TACXW,Low-Value,23.65,Two year,62,No,0.037625656
6134-KWTBV,Low-Value,23.4,Two year,62,No,0.037625656
8510-TMWYB,Low-Value,59.8,Two year,54,No,0.03755254
7529-ZDFXI,High-Value,89.85,Month-to-month,57,No,0.037509095
0454-OKRCT,High-Value,80.6,Two year,33,No,0.03749071
9766-HGEDE,Low-Value,19.35,One year,17,No,0.037473734
1818-ESQMW,High-Value,89.2,Month-to-month,27,No,0.03742959
2188-SXWVT,Low-Value,55.0,One year,34,No,0.037352897
1985-MBRYP,Low-Value,19.65,Two year,43,No,0.03733958
0254-WWRKD,Low-Value,50.55,One year,67,No,0.037267536
2150-WLKUW,Low-Value,63.9,One year,40,No,0.03725788
2122-SZZZD,Low-Value,19.5,One year,44,No,0.03716532
9108-EQPNQ,Low-Value,26.1,Two year,10,No,0.037158564
3507-GASNP,Low-Value,19.95,Two year,60,No,0.036887072
8857-CUPFQ,Low-Value,19.25,Two year,63,No,0.036887072
8043-PNYSD,Low-Value,19.55,Two year,63,No,0.036887072
6211-WHMYA,Low-Value,43.85,Month-to-month,64,No,0.03680675
0731-EBJQB,Low-Value,20.4,One year,52,No,0.036791723
4526-EXKKN,Low-Value,24.6,Two year,40,No,0.036717284
2683-JXWQQ,Low-Value,33.6,Month-to-month,61,No,0.036695965
6848-HJTXY,Low-Value,19.45,Two year,64,No,0.036682304
8717-VCTXJ,Low-Value,19.55,One year,42,No,0.03667982
4451-RWASJ,Low-Value,19.5,One year,15,No,0.03667083
2519-ERQOJ,Low-Value,54.6,Month-to-month,33,No,0.036563512
0307-BCOPK,Low-Value,19.05,One year,16,No,0.03654393
6051-PTVNS,Low-Value,19.15,One year,55,No,0.036527667
7009-PCARS,Low-Value,19.1,One year,55,No,0.036527667
5970-GHJAW,Low-Value,19.95,Two year,46,No,0.03643185
7242-EDTYC,Low-Value,19.55,Two year,44,No,0.03643185
7173-TETGO,High-Value,78.5,Two year,72,No,0.03624938
1401-FTHFQ,Low-Value,20.0,One year,23,No,0.036245834
1028-FFNJK,High-Value,101.5,Month-to-month,30,No,0.036161967
9419-IPPBE,High-Value,90.15,One year,51,No,0.03609104
3511-APPBJ,High-Value,99.95,One year,23,No,0.03582046
8058-DMYRU,High-Value,90.05,Month-to-month,54,No,0.035785522
2330-PQGDQ,High-Value,84.2,One year,51,No,0.0357635
8220-OCUFY,Low-Value,60.25,One year,21,No,0.035687905
3653-NCRDJ,Low-Value,19.2,One year,43,No,0.035648268
2236-HILPA,Low-Value,20.65,Two year,62,No,0.03559111
0281-CNTZX,Low-Value,19.95,Two year,63,No,0.03559111
3646-ITDGM,Low-Value,19.7,Two year,56,No,0.035523653
4547-FZJWE,Low-Value,59.45,One year,55,No,0.035503715
8327-WKMIE,Low-Value,20.15,One year,37,No,0.0353442
2560-QTSBS,Low-Value,23.3,One year,72,No,0.035323024
1328-EUZHC,Low-Value,20.1,Two year,18,No,0.035228577
3525-DVKFN,Low-Value,19.4,Two year,17,No,0.035228577
3768-VHXQO,Low-Value,24.85,Two year,67,No,0.03505852
2320-TZRRH,Low-Value,19.5,One year,20,No,0.03503724
8022-BECSI,Low-Value,19.6,One year,22,No,0.034978352
2749-CTKAJ,Low-Value,20.15,One year,22,No,0.034978352
3778-FOAQW,Low-Value,20.15,One year,24,No,0.034978352
5917-HBSDW,Low-Value,19.35,Month-to-month,37,No,0.03494421
8709-KRDVL,High-Value,100.0,Month-to-month,33,No,0.034799233
0147-ESWWR,High-Value,101.25,Month-to-month,39,No,0.034793004
3982-JGSFD,Low-Value,20.35,One year,36,No,0.034770936
8851-RAGOV,High-Value,71.05,Month-to-month,25,No,0.034691047
9639-BUJXT,Low-Value,20.5,One year,63,No,0.03455503
4134-BSXLX,Low-Value,60.9,Month-to-month,28,No,0.0345128
8241-JUIQO,Low-Value,19.45,One year,61,No,0.034492217
8671-KKKOS,Low-Value,45.55,Month-to-month,46,No,0.03449206
3978-YNKDD,Low-Value,20.85,Two year,19,No,0.03438946
3125-RAHBV,Low-Value,20.3,One year,22,No,0.034309346
7670-ZBPOQ,Low-Value,61.05,One year,58,No,0.034271672
9847-HNVGP,Low-Value,19.95,One year,17,No,0.03426547
4709-LKHYG,Low-Value,20.0,One year,29,No,0.03417757
3858-XHYJO,High-Value,105.75,One year,40,No,0.03417695
6772-WFQRD,Low-Value,20.4,One year,40,No,0.034156233
1757-TCATG,Low-Value,20.05,One year,35,No,0.034156233
6188-UXBBR,Low-Value,20.25,One year,38,No,0.034156233
8884-FEEWR,Low-Value,20.6,One year,35,No,0.034156233
7452-FOLON,Low-Value,25.45,One year,39,No,0.034077886
8461-EFQYM,Low-Value,24.25,One year,38,No,0.033952676
6924-TDGMT,Low-Value,20.55,One year,11,No,0.033881318
4657-FWVFY,High-Value,96.35,Month-to-month,40,No,0.033593886
3549-ZTMNH,Low-Value,24.0,Two year,12,No,0.033588096
8958-JPTRR,Low-Value,24.3,One year,56,No,0.033554558
3347-YJZZE,High-Value,80.1,Month-to-month,29,No,0.033551745
1352-VHKAJ,High-Value,71.6,Month-to-month,27,No,0.03354052
8751-EDEKA,High-Value,89.9,Month-to-month,28,No,0.033495817
4685-TFLLS,Low-Value,19.8,One year,18,No,0.033372555
2228-BZDEE,Low-Value,20.1,Two year,54,No,0.033352263
2474-LCNUE,High-Value,73.65,Month-to-month,23,No,0.033332236
3703-TTEPD,Low-Value,65.35,Month-to-month,21,No,0.033332236
1334-PDUKM,High-Value,86.45,One year,68,No,0.033302788
2636-SJDOU,High-Value,84.3,One year,64,No,0.033275597
3780-DDGSE,High-Value,76.05,Month-to-month,35,No,0.03327532
8663-UPDGF,Low-Value,69.5,Month-to-month,26,No,0.03326512
4923-ADWXJ,Low-Value,65.8,Month-to-month,25,No,0.03326512
4644-PIZRT,High-Value,70.35,One year,17,No,0.033196677
4785-FCIFB,Low-Value,24.4,Two year,61,No,0.033190425
7608-RGIRO,Low-Value,24.4,Two year,62,No,0.033190425
4854-SSLTN,Low-Value,59.5,Two year,2,No,0.033172872
5337-IIWKZ,Low-Value,44.85,Month-to-month,34,No,0.033163927
4445-KWOKW,Low-Value,60.15,One year,42,No,0.033120595
3957-SQXML,Low-Value,24.95,Two year,34,No,0.033113647
2616-FLVQC,Low-Value,19.55,Two year,64,No,0.03307865
1097-FSPVW,Low-Value,54.55,Month-to-month,42,No,0.033043094
0384-RVBPI,Low-Value,64.4,Month-to-month,20,No,0.032961443
0621-CXBKL,Low-Value,18.7,Two year,53,No,0.032844756
6402-SSEJG,Low-Value,61.05,One year,25,No,0.03278258
7105-BENQF,Low-Value,64.85,One year,15,No,0.032612815
6100-FJZDG,Low-Value,20.05,One year,26,No,0.03259817
7644-OMVMY,Low-Value,19.85,Two year,0,No,0.03248791
1813-JLKWR,Low-Value,19.8,One year,64,No,0.032423854
1722-LDZJS,Low-Value,20.2,One year,53,No,0.032412067
3352-RICWQ,Low-Value,19.75,Two year,9,No,0.032322843
5849-ASHZJ,Low-Value,20.05,One year,27,No,0.032321677
4194-FJARJ,Low-Value,60.0,Two year,54,No,0.03230358
9620-QJREV,Low-Value,20.55,One year,47,No,0.03229102
1293-HHSHJ,Low-Value,21.1,One year,35,No,0.03204929
7672-VFMXZ,Low-Value,55.7,Month-to-month,57,No,0.032026082
0420-HLGXF,High-Value,99.75,Month-to-month,39,No,0.032024924
2428-HYUNX,Low-Value,19.35,Two year,44,No,0.032015037
0458-HEUZG,Low-Value,35.4,Two year,13,No,0.031950943
1684-FLBGS,Low-Value,69.5,Month-to-month,23,No,0.031912263
7269-JISCY,Low-Value,45.05,One year,55,No,0.03186616
9702-AIUJO,Low-Value,44.8,One year,50,No,0.03186616
6434-TTGJP,Low-Value,53.7,Two year,10,No,0.031835184
1552-AAGRX,High-Value,106.4,Month-to-month,30,No,0.031821057
6778-JFCMK,Low-Value,50.6,One year,24,No,0.03176869
7940-UQQUG,High-Value,104.4,One year,64,No,0.03174976
1734-ZMNTZ,Low-Value,25.0,Two year,11,No,0.031707205
0191-EQUUH,Low-Value,35.05,Two year,25,No,0.0316692
5671-RQRLP,High-Value,75.65,Two year,70,No,0.031545732
4625-LAMOB,Low-Value,20.4,Two year,44,No,0.031528376
2925-MXLSX,Low-Value,68.95,One year,30,No,0.031495236
7416-CKTEP,Low-Value,19.6,Two year,57,No,0.031461246
5821-MMEIL,Low-Value,19.9,Two year,57,No,0.031461246
9251-AWQGT,Low-Value,20.0,Two year,48,No,0.031458408
5495-GPSRW,Low-Value,19.7,Two year,20,No,0.031424265
6195-MELTI,Low-Value,54.65,One year,57,No,0.03136867
9150-KPBJQ,Low-Value,19.65,Two year,6,No,0.031348884
1098-KFQEC,Low-Value,19.4,Two year,55,No,0.031273864
6862-CQUMB,High-Value,96.1,Month-to-month,37,No,0.03122242
6563-VRERX,Low-Value,20.6,One year,33,No,0.031212773
5519-TEEUH,Low-Value,20.15,One year,33,No,0.031212773
7026-YMSBE,Low-Value,19.7,One year,30,No,0.031212773
4940-KHCWD,Low-Value,37.7,Two year,60,No,0.031201497
6575-SUVOI,Low-Value,69.5,Month-to-month,25,No,0.031135278
8782-LKFPK,High-Value,90.4,Month-to-month,44,No,0.031125935
2662-NNTDK,Low-Value,24.8,One year,65,No,0.03105576
3450-WXOAT,Low-Value,45.2,Month-to-month,46,No,0.031053225
4075-WKNIU,High-Value,73.35,Two year,0,No,0.03098545
8612-GXIDD,Low-Value,25.4,Two year,12,No,0.030906603
9839-ETQOE,Low-Value,40.45,Month-to-month,43,No,0.030892218
7446-SFAOA,Low-Value,19.85,One year,37,No,0.030871596
4833-QTJNO,High-Value,83.85,Month-to-month,67,No,0.030842328
3546-GHEAE,Low-Value,19.45,Two year,7,No,0.03070188
9508-ILZDG,High-Value,96.35,Month-to-month,34,No,0.030660981
0303-UNCIP,Low-Value,65.0,One year,41,No,0.030533697
8800-ZKRFW,High-Value,107.5,Month-to-month,30,No,0.030498493
7073-QETQY,Low-Value,20.35,One year,66,No,0.030478487
1258-YMZNM,High-Value,110.5,One year,27,No,0.030444067
7850-THJMU,Low-Value,19.65,Two year,26,No,0.030329248
3115-JPJDD,High-Value,81.25,One year,59,No,0.030316764
4328-VUFWD,Low-Value,59.3,One year,39,No,0.030300628
3594-BDSOA,Low-Value,20.4,One year,24,No,0.030233806
1057-FOGLZ,Low-Value,19.65,Month-to-month,18,No,0.030209111
4367-NUYAO,Low-Value,25.75,Two year,0,No,0.030154655
5498-IBWPI,Low-Value,49.4,One year,66,No,0.030122723
6754-WKSHP,Low-Value,25.35,One year,30,No,0.030054279
7550-WIQVA,High-Value,108.25,One year,50,No,0.030018006
4311-QTTAI,Low-Value,19.35,One year,16,No,0.029931698
7665-VIGUD,Low-Value,20.35,One year,10,No,0.029894097
1142-IHLOO,High-Value,87.55,One year,51,No,0.029871564
8871-JLMHM,High-Value,90.2,Two year,68,No,0.029871026
0902-RFHOF,Low-Value,20.1,One year,38,No,0.029786238
1599-MMYRQ,High-Value,81.45,One year,62,No,0.029782813
7564-GHCVB,High-Value,79.05,Two year,72,No,0.02978043
2068-WWXQZ,Low-Value,20.05,Two year,46,No,0.02971124
9150-HEPMB,Low-Value,52.7,One year,56,No,0.029620135
8259-DZLIZ,Low-Value,53.85,One year,64,No,0.029570581
2710-WYVXG,High-Value,71.1,Two year,3,No,0.029523922
8859-YSTWS,Low-Value,19.95,One year,48,No,0.029497156
8430-TWCBX,Low-Value,20.7,One year,49,No,0.029497156
4774-HHGGS,Low-Value,19.05,Two year,30,No,0.02944582
2150-OEGBV,Low-Value,20.1,One year,27,No,0.029415369
0318-ZOPWS,Low-Value,20.15,Two year,49,No,0.029412355
3764-MNMOI,Low-Value,19.2,Two year,46,No,0.029412355
2208-MPXIO,Low-Value,20.0,Two year,45,No,0.029412355
8592-PLTMQ,Low-Value,24.7,One year,64,No,0.029379342
8400-WZICQ,Low-Value,55.7,Month-to-month,55,No,0.029286105
6518-KZXCB,Low-Value,25.25,Two year,22,No,0.029195668
3719-TDVQB,Low-Value,18.95,Two year,54,No,0.029181417
2107-FBPTK,High-Value,104.1,Month-to-month,30,No,0.029104209
8263-OKETD,Low-Value,68.9,Month-to-month,20,No,0.028959129
9392-XBGTD,Low-Value,20.6,Two year,27,No,0.028821649
9921-EZKBY,High-Value,95.3,Month-to-month,33,No,0.02866504
7049-GKVZY,High-Value,79.85,One year,17,No,0.028655881
0206-OYVOC,Low-Value,19.25,Two year,46,No,0.028568536
0048-PIHNL,Low-Value,20.45,One year,49,No,0.028533973
9805-FILKB,Low-Value,20.2,One year,46,No,0.028533973
7682-AZNDK,High-Value,89.85,Month-to-month,34,No,0.028526505
5982-FPVQN,High-Value,95.15,Month-to-month,37,No,0.028507983
1952-DVVSW,Low-Value,20.1,One year,10,No,0.02846954
0301-KOBTQ,Low-Value,20.05,Two year,32,No,0.028459433
0839-QNXME,Low-Value,19.4,Two year,30,No,0.028459433
7636-PEPNS,Low-Value,44.1,One year,58,No,0.028400276
9330-DHBFL,Low-Value,66.25,One year,23,No,0.02836991
6734-JDTTV,Low-Value,19.85,Two year,65,No,0.028143864
5213-TWWJU,High-Value,91.0,Month-to-month,28,No,0.028055428
0946-FKYTX,Low-Value,30.1,One year,52,No,0.027965764
3079-BCHLN,Low-Value,19.9,One year,47,No,0.027914915
6139-ZZRBQ,Low-Value,20.05,Two year,64,No,0.027903628
6619-RPLQZ,Low-Value,20.85,Two year,45,No,0.027856896
8896-RAZCR,Low-Value,19.9,Two year,44,No,0.027856896
0979-MOZQI,Low-Value,39.0,Two year,62,No,0.02785148
7422-WNBTY,High-Value,93.35,Month-to-month,33,No,0.027834505
5242-UOWHD,Low-Value,20.35,Two year,45,No,0.027791128
8922-NPKBJ,Low-Value,19.35,Two year,42,No,0.027791128
3785-KTYSH,Low-Value,24.6,Two year,53,No,0.027761502
9467-ROOLM,Low-Value,19.05,Month-to-month,25,No,0.027742146
3523-BRGUW,Low-Value,19.3,One year,26,No,0.027727539
7325-ENZFI,Low-Value,40.3,One year,39,No,0.027668705
5302-BDJNT,High-Value,95.5,Month-to-month,35,No,0.027616046
3452-FLHYD,Low-Value,20.95,One year,25,No,0.027605902
1934-MKPXS,Low-Value,20.1,One year,33,No,0.02756398
7328-OWMOM,Low-Value,20.1,One year,31,No,0.02756398
3137-NYQQI,Low-Value,64.8,One year,17,No,0.027519071
5310-NOOVA,Low-Value,19.95,Two year,46,No,0.027518796
7175-NTIXE,High-Value,76.15,Month-to-month,25,No,0.027363343
1402-PTHGN,Low-Value,61.5,One year,18,No,0.027284568
0754-EEBDC,Low-Value,19.9,Two year,4,No,0.027140504
3910-MRQOY,Low-Value,19.4,Two year,72,No,0.027085124
1092-WPIVQ,Low-Value,25.1,Two year,18,No,0.027009444
7799-LGRDP,Low-Value,25.7,Two year,43,No,0.026942676
1680-VDCWW,Low-Value,19.8,One year,12,No,0.026832564
1223-UNPKS,Low-Value,20.05,Two year,20,No,0.026672151
9746-UGFAC,Low-Value,20.85,One year,22,No,0.026642667
4521-WFJAI,Low-Value,25.95,Two year,56,No,0.02661919
9591-YVTEB,Low-Value,44.85,Month-to-month,55,No,0.026566157
8597-CWYHH,High-Value,94.35,One year,43,No,0.026535477
6481-LXPWL,Low-Value,36.1,One year,56,No,0.026510274
1716-LSAMB,Low-Value,54.65,Two year,45,No,0.026474891
4079-ULGFR,Low-Value,20.0,Month-to-month,16,No,0.026452232
3712-PKXZA,Low-Value,20.55,One year,61,No,0.0263945
2675-IJRGJ,Low-Value,19.65,Two year,53,No,0.026251467
9693-XMUOB,Low-Value,50.25,Month-to-month,59,No,0.026214644
8277-RVRSV,Low-Value,24.15,One year,33,No,0.026131956
0810-BDHAW,High-Value,78.4,One year,24,No,0.02610569
2995-YWTCD,Low-Value,24.9,Two year,19,No,0.026104957
5871-DGTXZ,Low-Value,19.8,One year,32,No,0.026090989
4500-HKANN,Low-Value,59.7,Two year,23,No,0.026065122
6061-PQHMK,Low-Value,19.9,One year,25,No,0.026064739
8069-RHUXK,Low-Value,35.7,Two year,67,No,0.026045151
7469-LKBCI,Low-Value,18.95,Two year,16,No,0.026024964
4808-YNLEU,Low-Value,62.15,One year,35,No,0.025817163
4716-MRVEN,Low-Value,20.0,One year,29,No,0.025589356
1839-FBNFR,Low-Value,19.85,Two year,39,No,0.02548479
7395-XWZOY,Low-Value,55.0,Month-to-month,20,No,0.02545366
0082-OQIQY,High-Value,94.2,Month-to-month,29,No,0.025409825
3530-VWVGU,Low-Value,19.9,Month-to-month,22,No,0.025379365
5995-WWKKG,Low-Value,19.8,One year,37,No,0.025339458
6563-VNPMN,High-Value,85.7,Month-to-month,45,No,0.02531134
5899-OUVKV,High-Value,94.5,Month-to-month,31,No,0.025293853
0376-OIWME,High-Value,93.6,Month-to-month,36,No,0.025282511
9633-DENPU,Low-Value,58.6,Month-to-month,47,No,0.025028756
4998-IKFSE,High-Value,100.45,Month-to-month,30,No,0.02502417
2387-KDZQY,Low-Value,20.1,One year,17,No,0.024945004
7609-NRNCA,Low-Value,19.55,One year,17,No,0.024945004
7305-ZWMAJ,Low-Value,20.7,One year,30,No,0.024906661
0831-JNISG,Low-Value,19.8,Two year,71,No,0.024861436
6725-TPKJO,Low-Value,20.05,Two year,44,No,0.024861073
1389-WNUIB,High-Value,76.0,One year,20,No,0.02473738
6551-ZCOTS,Low-Value,24.9,One year,33,No,0.024737239
5135-RDDQL,Low-Value,50.65,Two year,63,No,0.024725512
3298-QEICA,Low-Value,34.6,Two year,23,No,0.02471097
1627-AFWVJ,Low-Value,19.4,Two year,29,No,0.024680432
0625-AFOHS,Low-Value,20.2,Two year,29,No,0.024680432
1482-OXZSY,High-Value,100.4,Month-to-month,30,No,0.02466321
9236-NDUCW,Low-Value,35.1,Two year,21,No,0.024559548
3733-UOCWF,High-Value,85.55,One year,61,No,0.02452043
8129-GMVGI,Low-Value,20.05,Two year,56,No,0.024492126
3865-ZFZIB,Low-Value,19.65,Two year,19,No,0.024478551
3001-UNBTL,High-Value,103.95,Month-to-month,29,No,0.024438012
6088-BXMRG,High-Value,98.85,Month-to-month,32,No,0.024368092
5893-PYOLZ,High-Value,81.8,Two year,56,No,0.024330925
4947-DSMXK,High-Value,97.7,Month-to-month,34,No,0.02432632
1561-BWHIN,Low-Value,19.8,One year,19,No,0.024315525
3213-VVOLG,Low-Value,25.35,Two year,0,No,0.024304148
1666-JXLKU,High-Value,100.05,Month-to-month,37,No,0.024254933
8966-OIQHG,Low-Value,20.75,One year,22,No,0.024234217
9347-AERRL,Low-Value,19.3,One year,23,No,0.024234217
4513-CXYIX,High-Value,80.7,Two year,71,No,0.02413406
6828-HMKWP,Low-Value,21.05,Two year,12,No,0.02410161
0428-AXXLJ,Low-Value,19.5,One year,25,No,0.024014574
1534-OULXE,Low-Value,49.7,One year,61,No,0.024011824
9754-CLVZW,Low-Value,38.85,Month-to-month,26,No,0.02384763
8450-LUGUK,Low-Value,24.1,Two year,37,No,0.02382116
4903-CNOZC,High-Value,70.9,One year,29,No,0.023778317
0064-SUDOG,Low-Value,20.3,Two year,12,No,0.02374927
1813-JYWTO,High-Value,80.45,Two year,72,No,0.023659697
2294-SALNE,High-Value,86.8,One year,23,No,0.02362728
0825-CPPQH,Low-Value,19.1,Two year,71,No,0.023566563
0674-DGMAQ,High-Value,93.5,Month-to-month,32,No,0.023487793
9822-WMWVG,High-Value,106.5,Month-to-month,41,No,0.023430007
0357-NVCRI,Low-Value,20.05,Month-to-month,25,No,0.023417866
4526-ZJJTM,High-Value,88.4,Month-to-month,25,No,0.023373976
6339-TBELP,High-Value,86.4,Two year,71,No,0.023340886
9139-TWBAS,Low-Value,47.85,One year,26,No,0.023265546
1760-CAZHT,Low-Value,20.8,Month-to-month,25,No,0.023181608
8756-RDDLT,Low-Value,44.95,Month-to-month,68,No,0.023160595
3266-FTKHB,Low-Value,19.15,Two year,17,No,0.023087608
5325-UWTWJ,High-Value,90.55,Month-to-month,31,No,0.023077838
0230-UBYPQ,Low-Value,36.1,One year,63,No,0.022864407
5649-RXQTV,High-Value,99.0,Month-to-month,51,No,0.022845378
6128-AQBMT,Low-Value,53.95,Month-to-month,41,No,0.022830203
0980-PVMRC,Low-Value,50.85,Month-to-month,40,No,0.02282795
8745-PVESG,Low-Value,41.1,One year,57,No,0.022766083
5567-GZKQY,Low-Value,20.3,Two year,58,No,0.022736762
4355-CVPVS,High-Value,88.9,One year,56,No,0.022676174
7061-OVMIM,Low-Value,19.55,One year,30,No,0.022651326
2809-ZMYOQ,High-Value,101.35,Month-to-month,32,No,0.022645632
6116-RFVHN,High-Value,100.45,Month-to-month,34,No,0.022639183
6974-DAFLI,Low-Value,19.7,One year,55,No,0.022629885
9971-ZWPBF,High-Value,108.9,Month-to-month,34,No,0.02262397
9309-BZGNT,Low-Value,29.8,One year,69,No,0.022611948
7492-TAFJD,Low-Value,38.55,Two year,7,No,0.022590885
5968-XQIVE,High-Value,89.7,One year,72,No,0.022573624
8680-CGLTP,Low-Value,58.75,One year,29,No,0.02256471
2829-HYVZP,Low-Value,19.8,One year,29,No,0.022562018
9624-EGDEQ,Low-Value,19.8,Two year,37,No,0.022447314
1790-NESIO,Low-Value,20.4,Two year,13,No,0.022368617
5274-XHAKY,High-Value,94.3,Month-to-month,41,No,0.022332072
5150-LJNSR,High-Value,98.05,One year,31,No,0.022284862
1472-TNCWL,High-Value,94.7,Month-to-month,36,No,0.022238292
4238-JSSWH,High-Value,102.05,Month-to-month,35,No,0.022223227
6048-NJXHX,Low-Value,19.75,Two year,41,No,0.022198051
4742-TXUEX,Low-Value,19.3,Two year,47,No,0.022197729
7733-UDMTP,Low-Value,55.0,Month-to-month,57,No,0.022147559
8902-ZEOVF,Low-Value,20.05,One year,47,No,0.022073014
0895-UADGO,Low-Value,44.55,Two year,8,No,0.022056704
3985-HOYPM,Low-Value,19.4,One year,26,No,0.02204046
0104-PPXDV,Low-Value,50.3,One year,58,No,0.022040125
3283-WCWXT,Low-Value,25.4,Two year,6,No,0.02200241
7945-PRBVF,Low-Value,21.45,Two year,35,No,0.022000924
1682-VCOIO,Low-Value,20.45,One year,23,No,0.021951452
4893-GYUJU,Low-Value,19.35,One year,50,No,0.021925643
4114-QMKVN,Low-Value,68.75,One year,56,No,0.02189849
0040-HALCW,Low-Value,20.4,Two year,54,No,0.021897152
9617-UDPEU,Low-Value,19.25,One year,22,No,0.02187366
3915-ODIYG,High-Value,71.75,One year,60,No,0.02186962
7996-BPXHY,Low-Value,25.0,Two year,13,No,0.021823771
9581-GVBXT,Low-Value,34.8,One year,59,No,0.021814434
3082-WQRVY,Low-Value,19.65,One year,14,No,0.021796376
5709-LVOEQ,High-Value,80.85,Two year,0,No,0.021753365
5118-MUEYH,High-Value,105.1,Month-to-month,48,No,0.021655494
5149-CUZUJ,High-Value,92.9,One year,28,No,0.02157991
6156-UZDLF,High-Value,87.15,One year,26,No,0.021561725
2878-DHMIN,Low-Value,19.9,One year,35,No,0.02154556
6663-JOCQO,High-Value,75.25,One year,31,No,0.021500306
7558-IMLMT,Low-Value,20.8,Two year,67,No,0.021391919
6527-PZFPV,Low-Value,20.8,One year,24,No,0.021363683
9373-WSLOY,Low-Value,50.0,Month-to-month,33,No,0.021353357
7337-CINUD,Low-Value,19.5,Two year,8,No,0.02134231
7956-XQWGU,Low-Value,19.4,Month-to-month,27,No,0.02130445
1122-YJBCS,Low-Value,53.65,One year,69,No,0.021294218
7108-DGVUU,High-Value,71.7,One year,21,No,0.021273091
7954-MLBUN,High-Value,99.45,Two year,31,No,0.021232666
2817-LVCPP,Low-Value,19.4,Two year,50,No,0.021201678
6906-MPARY,High-Value,89.6,One year,40,No,0.021174926
2595-KIWPV,Low-Value,19.7,Two year,27,No,0.021104317
1657-DYMBM,Low-Value,19.9,Two year,53,No,0.021068003
9257-AZMTZ,Low-Value,20.1,Two year,52,No,0.021068003
4950-BDEUX,Low-Value,49.2,Month-to-month,35,No,0.021061508
0056-EPFBG,Low-Value,39.4,Two year,20,No,0.021037867
2812-ENYMO,Low-Value,54.55,One year,26,No,0.021020483
2607-DHDAK,Low-Value,19.8,Two year,72,No,0.02090884
7673-BQGKU,Low-Value,20.15,Two year,69,No,0.02089652
1751-NCDLI,High-Value,98.85,Month-to-month,46,No,0.020887649
5793-YOLJN,Low-Value,21.0,Two year,55,No,0.020852024
1085-LDWAM,Low-Value,20.35,One year,69,No,0.020848345
9507-HSMMZ,Low-Value,20.0,Two year,54,No,0.02083859
6114-TCFID,Low-Value,39.5,One year,29,No,0.0207689
1696-MZVAU,Low-Value,25.25,One year,39,No,0.020766217
4323-ELYYB,Low-Value,20.0,One year,13,No,0.020732734
8957-THMOA,Low-Value,20.15,Two year,50,No,0.020700466
6094-ZIVKX,Low-Value,54.45,One year,68,No,0.020684889
7673-LPRNY,High-Value,78.55,One year,23,No,0.020636268
4213-HKBJO,Low-Value,25.7,Two year,33,No,0.020620922
8059-UDZFY,High-Value,105.35,Month-to-month,33,No,0.020586532
4277-UDIEF,High-Value,81.0,Month-to-month,24,No,0.02058471
6582-PLFUU,Low-Value,19.55,Two year,51,No,0.020535316
2805-AUFQN,Low-Value,19.8,Two year,25,No,0.020505404
2874-YXVVA,High-Value,105.1,Month-to-month,34,No,0.020495057
1697-NVVGY,Low-Value,66.4,Month-to-month,19,No,0.020420616
9648-BCHKM,Low-Value,24.65,Two year,18,No,0.020405386
0076-LVEPS,Low-Value,45.0,Month-to-month,29,No,0.02034156
5951-AOFIH,Low-Value,66.4,Month-to-month,33,No,0.020336168
3973-SKMLN,Low-Value,19.9,Two year,71,No,0.020334989
2181-TIDSV,Low-Value,19.95,Two year,68,No,0.020334989
2626-VEEWG,Low-Value,19.4,Two year,67,No,0.020334989
6928-ONTRW,Low-Value,19.7,Two year,72,No,0.020334989
9350-ZXYJC,Low-Value,25.3,Two year,4,No,0.020330947
9548-LERKT,Low-Value,19.75,Two year,24,No,0.020323925
3717-FDJFU,Low-Value,20.45,Two year,5,No,0.020320944
7114-AEOZE,Low-Value,19.85,Two year,60,No,0.02028577
8547-NSBBO,High-Value,96.75,Month-to-month,35,No,0.020267459
2603-HVKCG,High-Value,101.4,Month-to-month,31,No,0.020168614
5753-QQWPW,Low-Value,59.9,One year,28,No,0.020137899
5136-GFPMB,High-Value,89.4,Month-to-month,54,No,0.020135768
0058-EVZWM,High-Value,89.8,Month-to-month,55,No,0.020135768
5018-LXQQG,Low-Value,66.3,Month-to-month,30,No,0.020102875
5324-KTGCG,Low-Value,20.85,One year,71,No,0.020061282
0323-XWWTN,Low-Value,26.4,Two year,3,No,0.020043943
0757-WCUUZ,Low-Value,63.35,Two year,54,No,0.020012211
2573-GYRUU,High-Value,91.05,Month-to-month,48,No,0.01997441
7036-ZZKBD,Low-Value,66.4,Month-to-month,31,No,0.01993266
2282-YGNOR,Low-Value,58.0,One year,29,No,0.019886699
1709-EJDOX,Low-Value,19.75,Two year,47,No,0.019862758
0111-KLBQG,High-Value,93.95,Month-to-month,32,No,0.019833313
2475-MROZF,High-Value,95.0,Month-to-month,30,No,0.01983316
2347-WKKAE,High-Value,94.4,Month-to-month,42,No,0.01981745
7025-WCBNE,Low-Value,59.6,Two year,47,No,0.019759204
5057-RKGLH,Low-Value,20.35,Two year,9,No,0.019743998
6609-MXJHJ,Low-Value,25.1,Two year,30,No,0.01974321
9730-DRTMJ,High-Value,72.8,One year,32,No,0.019741554
3057-VJJQE,Low-Value,55.25,Two year,35,No,0.019726185
1853-ARAAQ,Low-Value,50.35,Month-to-month,26,No,0.019719403
0327-WFZSY,High-Value,100.0,One year,39,No,0.019711627
3118-UHVVQ,Low-Value,25.8,Two year,68,No,0.019655105
4625-XMOYM,Low-Value,26.25,Two year,72,No,0.019655105
7427-AUFPY,Low-Value,19.65,Two year,54,No,0.019634465
8207-VVMYB,Low-Value,26.0,Two year,70,No,0.01951756
8165-ZJRNM,Low-Value,23.75,Two year,72,No,0.019501789
5918-VUKWP,Low-Value,20.55,One year,32,No,0.019461984
0486-LGCCH,Low-Value,19.65,Two year,11,No,0.019454
3174-RKMOW,High-Value,109.95,Month-to-month,35,No,0.019420965
6368-TZZDT,Low-Value,19.5,Two year,4,No,0.019381639
5924-SNGKP,Low-Value,20.25,One year,41,No,0.0193717
5524-KHNJP,High-Value,74.75,One year,33,No,0.01937048
9227-UAQFT,Low-Value,19.75,Two year,16,No,0.01936151
4632-PAOYU,Low-Value,19.95,One year,22,No,0.01934595
7654-YWJUF,High-Value,84.25,One year,43,No,0.01933087
8007-YYPWD,Low-Value,25.05,Two year,15,No,0.01931984
1574-DYCWE,Low-Value,19.95,Two year,51,No,0.019278822
4057-FKCZK,High-Value,82.5,Two year,58,No,0.01927175
8204-TIFGJ,Low-Value,20.3,Month-to-month,23,No,0.019265989
0853-NWIFK,High-Value,100.3,One year,45,No,0.019242441
4825-XJGDM,Low-Value,43.7,One year,61,No,0.019217988
0780-XNZFN,Low-Value,20.65,Two year,57,No,0.019200247
4377-VDHYI,High-Value,90.8,One year,32,No,0.019193208
4636-OLWOE,Low-Value,61.0,One year,54,No,0.01912303
9909-DFRJA,High-Value,95.85,One year,26,No,0.019122332
6874-SGLHU,High-Value,97.0,One year,30,No,0.01910872
5049-MUBWG,High-Value,75.0,One year,26,No,0.01905796
7267-FRMJW,Low-Value,20.1,Two year,25,No,0.019022744
0730-KOAVE,High-Value,94.3,Month-to-month,30,No,0.01895581
8234-GSZYK,Low-Value,26.45,Two year,43,No,0.01893625
0584-BJQGZ,High-Value,78.35,Month-to-month,25,No,0.018914245
9067-YGSCA,Low-Value,26.05,One year,70,No,0.0188838
2616-UUTFK,High-Value,72.75,Month-to-month,33,No,0.018876102
9424-CMPOG,Low-Value,19.6,Two year,9,No,0.018843424
0899-LIIBW,High-Value,100.85,Month-to-month,34,No,0.0188308
4526-RMTLL,High-Value,76.15,Two year,8,No,0.01875484
0932-YIXYU,Low-Value,20.25,Two year,47,No,0.018728107
1862-QRWPE,Low-Value,20.65,Two year,48,No,0.018728107
7634-HLQJR,Low-Value,20.05,Two year,47,No,0.018728107
6574-MCOEH,High-Value,79.15,One year,33,No,0.018698415
7321-ZNSLA,Low-Value,40.55,Two year,13,No,0.018691901
5442-PPTJY,Low-Value,19.7,Two year,12,No,0.018674014
6908-VVYHM,High-Value,90.65,Month-to-month,65,No,0.018610166
7964-ZRKKG,High-Value,88.4,One year,67,No,0.018605104
6082-OQFBA,Low-Value,19.65,One year,23,No,0.018588772
2796-NNUFI,Low-Value,19.95,Two year,46,No,0.018587207
2697-NQBPF,High-Value,105.35,Month-to-month,34,No,0.018552737
9371-BITHB,Low-Value,19.85,Two year,52,No,0.018546939
1550-EENBN,High-Value,104.35,Month-to-month,31,No,0.018541679
5973-EJGDP,High-Value,87.35,Month-to-month,51,No,0.018494371
7369-TRPFD,Low-Value,18.8,One year,19,No,0.018493757
5815-HGGHV,Low-Value,64.15,One year,20,No,0.018485263
8966-KZXXA,Low-Value,25.1,Two year,36,No,0.018483793
9928-BZVLZ,Low-Value,49.85,Two year,12,No,0.018463047
3460-TJBWI,Low-Value,24.2,Two year,24,No,0.018462576
1069-QJOEE,Low-Value,19.9,One year,25,No,0.018455505
9388-ZEYVT,Low-Value,44.15,One year,43,No,0.018433327
5198-HQAEN,High-Value,89.7,One year,35,No,0.018432526
4747-LCAQL,High-Value,79.0,Month-to-month,25,No,0.018383969
2800-QQUSO,High-Value,100.3,Month-to-month,42,No,0.018370364
6988-CJEYV,High-Value,98.7,Month-to-month,49,No,0.018339692
5419-KLXBN,High-Value,89.15,Month-to-month,25,Yes,0.018327154
4302-ZYFEL,Low-Value,20.55,One year,69,No,0.018296184
7328-ZJAJO,Low-Value,19.5,Two year,59,No,0.018264642
0936-NQLJU,Low-Value,20.65,Two year,41,No,0.018224793
6122-EFVKN,Low-Value,35.75,Two year,24,No,0.018139387
5148-HKFIR,Low-Value,19.7,Two year,20,No,0.018131515
9173-IVZVP,Low-Value,20.9,Two year,53,No,0.018076817
2400-FEQME,Low-Value,20.5,Two year,55,No,0.018076817
7977-HXJKU,Low-Value,19.6,Two year,21,No,0.018030822
7048-GXDAY,High-Value,106.4,Month-to-month,39,No,0.017968034
3070-FNFZQ,Low-Value,20.4,Two year,23,No,0.01795943
6635-CPNUN,High-Value,96.6,Month-to-month,28,No,0.017949963
4700-UBQMV,High-Value,75.9,One year,21,No,0.017936133
1080-BWSYE,Low-Value,25.65,Two year,64,No,0.017899204
3466-RITXD,High-Value,92.4,Month-to-month,26,No,0.017876444
1768-HNVGJ,Low-Value,70.05,Month-to-month,45,No,0.01783136
7997-EASSD,High-Value,81.2,One year,63,No,0.017830892
3727-OVPRY,Low-Value,25.7,One year,66,No,0.017829323
4121-AGSIN,Low-Value,24.5,One year,58,No,0.017829323
8042-RNLKO,Low-Value,25.45,One year,66,No,0.017829323
2625-TRCZQ,Low-Value,49.65,Month-to-month,51,No,0.017809752
5859-HZYLF,Low-Value,19.15,Two year,26,No,0.017781964
1710-RCXUS,High-Value,90.35,One year,51,No,0.017779524
5469-NUJUR,Low-Value,19.95,Two year,19,No,0.017743045
8746-BFOAJ,Low-Value,20.5,One year,21,No,0.017741218
1074-WVEVG,Low-Value,20.35,One year,59,No,0.0176646
6543-JXSOO,Low-Value,57.75,One year,23,No,0.017622128
3638-WEABW,Low-Value,59.9,Two year,58,No,0.017594084
8970-ANWXO,High-Value,73.75,One year,23,No,0.017572602
2606-PKWJB,Low-Value,40.25,One year,40,No,0.017519625
0628-CNQRM,Low-Value,67.5,One year,22,Yes,0.017451534
0496-AHOOK,High-Value,74.4,One year,24,No,0.017451534
9086-YJYXS,High-Value,77.2,One year,34,No,0.017442616
0794-YVSGE,Low-Value,20.3,Two year,72,No,0.017436512
1591-XWLGB,Low-Value,19.85,Two year,71,No,0.017436512
7338-ERIVA,Low-Value,45.05,One year,39,No,0.017434012
6778-EICRF,High-Value,74.8,One year,24,No,0.017432796
3212-KXOCR,Low-Value,21.0,Two year,52,No,0.017420547
5313-FPXWG,Low-Value,24.6,One year,51,No,0.017402062
5726-CVNYA,Low-Value,19.85,Two year,8,No,0.01735877
5847-MXBEO,Low-Value,20.3,One year,22,No,0.01735467
2080-CAZNM,High-Value,104.4,Month-to-month,41,No,0.0173313
1498-DQNRX,Low-Value,19.85,Month-to-month,29,No,0.017321762
2005-DWQZJ,Low-Value,19.05,Two year,8,No,0.017317193
6981-TDRFT,Low-Value,54.3,One year,44,No,0.017306402
8792-AOROI,Low-Value,65.5,Two year,8,No,0.01729024
2332-TODQS,Low-Value,25.05,One year,48,No,0.017266808
9168-INPSZ,High-Value,104.15,Month-to-month,44,No,0.017247343
6425-JWTDV,Low-Value,19.25,Two year,48,No,0.017243788
0827-ITJPH,Low-Value,18.55,Two year,36,No,0.017239569
1555-HAPSU,Low-Value,23.9,Two year,71,No,0.017205551
0562-HKHML,Low-Value,23.9,Two year,71,No,0.017205551
4184-VODJZ,High-Value,91.35,One year,63,No,0.017196804
6585-WCEWR,Low-Value,20.35,Two year,72,No,0.017190037
5945-AZYHT,High-Value,109.6,One year,71,No,0.017146323
5832-TRLPB,High-Value,75.35,One year,29,No,0.01711972
2325-WINES,High-Value,104.05,One year,32,No,0.017114539
3279-DYZQM,Low-Value,19.45,Two year,71,No,0.017107408
5346-BZCHP,Low-Value,19.4,Two year,69,No,0.017107408
7163-OCEQI,High-Value,78.65,One year,22,No,0.017104363
9621-OUPYD,Low-Value,20.2,One year,25,No,0.017099835
6281-FKEWS,Low-Value,49.05,One year,44,No,0.017078489
6265-FRMTQ,Low-Value,20.4,Two year,31,No,0.01706295
0164-XAIRP,Low-Value,19.55,Two year,24,No,0.017026145
7184-LRUUR,Low-Value,65.25,One year,22,No,0.01701713
0523-VNGTF,Low-Value,50.5,Month-to-month,52,No,0.017015718
6851-WEFYX,High-Value,100.8,Month-to-month,35,No,0.017001934
1929-ZCBHE,Low-Value,40.3,One year,47,No,0.016998842
1821-BUCWY,Low-Value,55.65,Two year,30,No,0.016947081
7596-IIWYC,Low-Value,20.25,Two year,27,No,0.016840272
2692-BUCFV,High-Value,101.45,Month-to-month,29,No,0.016837407
5829-NVSQN,Low-Value,68.75,One year,23,No,0.016837027
6340-DACFT,Low-Value,20.55,Two year,50,No,0.016824512
7033-CLAMM,Low-Value,20.2,Two year,48,No,0.016824512
5651-CRHKQ,High-Value,86.2,One year,41,No,0.016821042
0089-IIQKO,High-Value,99.95,Month-to-month,39,No,0.016812535
0224-NIJLP,Low-Value,20.15,Two year,8,No,0.016793188
5176-LMJXE,Low-Value,20.55,Two year,47,No,0.016756821
5014-GSOUQ,Low-Value,19.95,Two year,13,No,0.016752241
4584-LBNMK,Low-Value,24.7,One year,45,No,0.016736368
2320-SLKMB,Low-Value,44.45,Month-to-month,26,No,0.016734367
9365-CSLBQ,Low-Value,24.35,Two year,71,No,0.016677616
7161-DFHUF,Low-Value,23.85,Two year,71,No,0.016677616
7554-NEWDD,Low-Value,25.7,Two year,10,No,0.016677562
8510-BBWMU,Low-Value,19.75,One year,41,No,0.016675755
7190-XHTWJ,Low-Value,19.3,One year,38,No,0.016675755
8540-ZQGEA,Low-Value,20.05,Two year,54,No,0.016619194
9710-NJERN,Low-Value,20.15,Two year,39,No,0.016607018
8917-FAEMR,Low-Value,19.85,Two year,37,No,0.016607018
8606-OEGQZ,Low-Value,25.3,Two year,18,No,0.016566426
4983-CLMLV,High-Value,102.7,Month-to-month,52,No,0.016487395
5529-GIBVH,Low-Value,20.15,Two year,47,No,0.016482314
0380-NEAVX,High-Value,99.85,One year,34,No,0.016441597
9408-HRXRK,High-Value,105.15,Month-to-month,45,No,0.016437141
4452-ROHMO,Low-Value,19.6,Two year,15,No,0.01643079
4942-VZZOM,Low-Value,66.15,One year,64,No,0.016398963
8590-OHDIW,Low-Value,20.3,One year,38,No,0.016373662
8329-UTMVM,High-Value,104.65,One year,27,No,0.016353983
8143-ETQTI,Low-Value,19.65,Two year,23,No,0.01631993
7576-JMYWV,High-Value,110.2,Month-to-month,46,No,0.016306324
7196-LIWRH,Low-Value,19.55,Two year,6,No,0.016304635
4890-VMUAV,High-Value,71.5,One year,63,No,0.01628202
7813-ZGGAW,High-Value,96.6,Month-to-month,31,No,0.01626737
4632-XJMEX,Low-Value,62.85,One year,53,No,0.016266607
4335-UPJSI,Low-Value,19.75,Two year,24,No,0.016257888
8788-DOXSU,Low-Value,61.35,One year,59,No,0.016223088
3957-HHLMR,Low-Value,65.2,One year,70,No,0.01622082
2858-EIMXH,High-Value,95.85,One year,53,No,0.01621678
1855-AGAWH,High-Value,93.8,One year,31,No,0.016202377
4393-RYCRE,High-Value,106.05,One year,44,No,0.01615401
8292-FRFZQ,Low-Value,41.15,One year,39,No,0.016144212
0707-HOVVN,High-Value,75.5,Two year,70,No,0.0161108
9796-MVYXX,Low-Value,39.7,Two year,14,No,0.01610805
7941-RCJOW,Low-Value,19.55,Two year,65,No,0.016098848
2239-CGBUZ,Low-Value,60.5,One year,51,No,0.01609212
9585-KKMFD,Low-Value,20.0,Two year,41,No,0.016038364
3115-CZMZD,Low-Value,20.25,Two year,0,No,0.016028214
0440-MOGPM,High-Value,80.55,One year,41,No,0.016014196
9207-ZPANB,Low-Value,67.45,One year,37,No,0.015998686
0468-YRPXN,High-Value,98.8,Month-to-month,29,No,0.015983267
9650-VBUOG,Low-Value,25.05,Two year,38,No,0.015966132
3524-WQDSG,High-Value,99.3,Month-to-month,43,No,0.0159275
3721-WKIIL,Low-Value,19.6,Two year,27,No,0.015888667
9013-AQORL,Low-Value,45.55,Month-to-month,48,No,0.015878903
9609-BENEA,Low-Value,69.0,One year,35,No,0.015850307
6897-UUBNU,High-Value,89.65,Month-to-month,29,No,0.0158365
9798-OPFEM,Low-Value,21.1,Two year,46,No,0.01575739
7643-RCHXS,Low-Value,19.35,Two year,63,No,0.015748791
5186-PEIZU,Low-Value,19.25,Month-to-month,35,No,0.015741002
1776-SPBWV,Low-Value,20.1,One year,34,No,0.015706452
4487-ZYJZK,Low-Value,19.6,One year,38,No,0.015706452
7272-QDCKA,High-Value,100.2,One year,28,No,0.015670253
8859-DZTGQ,Low-Value,20.35,Two year,33,No,0.015651846
6419-ZTTLE,Low-Value,20.75,One year,23,No,0.015607132
1635-HDGFT,Low-Value,20.5,Two year,19,No,0.015559227
7945-HLKEA,Low-Value,64.75,One year,60,No,0.015549575
1215-FIGMP,High-Value,89.9,Month-to-month,60,No,0.015527223
6341-AEVKX,High-Value,104.3,One year,62,No,0.015468265
7994-XIRTR,Low-Value,65.25,One year,54,No,0.015408558
3097-FQTVJ,Low-Value,20.0,Two year,41,No,0.015366352
4878-BUNFV,Low-Value,20.7,Two year,42,No,0.015366352
3774-VBNXY,Low-Value,20.2,Two year,64,No,0.015278566
0608-JDVEC,Low-Value,19.8,Two year,50,No,0.015276831
1599-EAHXY,Low-Value,23.95,One year,60,No,0.015273852
7471-WNSUF,Low-Value,24.15,One year,60,No,0.015273852
0297-RBCSG,Low-Value,65.35,One year,19,No,0.0152704185
4186-ZBUEW,High-Value,70.7,One year,36,No,0.015251407
6810-VCAEX,Low-Value,39.65,One year,47,No,0.015247627
4635-EJYPD,Low-Value,18.95,Two year,32,No,0.015169524
3935-TBRZZ,Low-Value,25.7,One year,44,No,0.015153768
4981-FLTMF,Low-Value,65.2,Month-to-month,57,No,0.015113861
1843-TLSGD,Low-Value,20.85,Two year,13,No,0.015071885
9079-LWTFD,High-Value,100.75,Month-to-month,47,No,0.015043944
9978-HYCIN,High-Value,84.95,One year,47,No,0.015036836
4980-URKXC,Low-Value,20.85,One year,36,No,0.015024595
3280-NMUVX,Low-Value,19.6,One year,34,No,0.015024595
5986-WWXDV,Low-Value,19.35,One year,39,No,0.015024595
3898-GUYTS,High-Value,97.05,Month-to-month,45,No,0.015018522
2138-VFAPZ,Low-Value,19.7,Two year,14,No,0.014972831
4139-JPIAM,Low-Value,44.45,Month-to-month,51,No,0.014941652
4115-UMJFQ,Low-Value,35.75,One year,69,No,0.014931775
5322-ZSMZY,Low-Value,25.75,Two year,31,No,0.01493063
1371-DWPAZ,Low-Value,56.05,Two year,0,No,0.014889793
2808-CHTDM,Low-Value,25.1,Two year,23,No,0.014870241
7552-KEYGT,Low-Value,19.55,Two year,27,No,0.014862796
7803-XOCCZ,High-Value,84.05,Month-to-month,52,No,0.014856334
1047-RNXZV,Low-Value,19.55,Two year,43,No,0.014831043
7010-BRBUU,Low-Value,24.1,Two year,72,No,0.014808938
1215-EXRMO,Low-Value,20.55,Two year,50,No,0.014803562
3588-WSTTJ,High-Value,99.05,Month-to-month,35,No,0.014787096
4003-OCTMP,Low-Value,64.0,One year,31,No,0.014725881
6522-YRBXD,High-Value,94.55,Month-to-month,35,No,0.014695747
6479-OAUSD,Low-Value,19.9,One year,25,No,0.014680427
5647-URDKA,Low-Value,19.7,Two year,8,No,0.01467311
2848-YXSMW,Low-Value,19.4,Two year,72,No,0.014671146
5730-DBDSI,Low-Value,19.7,Two year,66,No,0.014671146
2959-EEXWB,Low-Value,50.9,Month-to-month,45,No,0.014666549
9135-HSWOC,Low-Value,19.7,Two year,64,No,0.014640943
1752-OZXFY,Low-Value,59.8,One year,60,No,0.014636031
0298-XACET,Low-Value,50.2,Two year,52,No,0.01461635
8219-VYBVI,Low-Value,25.0,Two year,39,No,0.01457605
5249-QYHEX,Low-Value,24.8,Two year,40,No,0.01457605
2346-CZYIL,Low-Value,20.35,Two year,27,No,0.0145760225
6681-ZSEXG,Low-Value,59.5,Two year,56,No,0.014572229
2324-AALNO,Low-Value,24.55,One year,48,No,0.014565232
7449-HVPIV,High-Value,90.4,Month-to-month,55,No,0.014556051
7277-KAMWT,Low-Value,20.0,Two year,13,No,0.014490303
9386-LDCZR,High-Value,90.65,One year,43,No,0.014457273
3472-QPRCH,Low-Value,25.25,Two year,40,No,0.01444304
1137-DGOWI,Low-Value,70.25,One year,30,No,0.014417357
1099-GODLO,Low-Value,20.35,Two year,1,No,0.014390226
9801-NOSHQ,Low-Value,19.8,One year,23,No,0.014380422
9950-MTGYX,Low-Value,20.3,Two year,28,No,0.014370991
9764-REAFF,Low-Value,18.4,Two year,59,No,0.0143534215
3547-LQRIK,Low-Value,26.9,One year,47,No,0.014344823
6923-AQONU,Low-Value,20.9,Two year,23,No,0.014318284
8874-EJNSR,Low-Value,25.2,Two year,39,No,0.014274774
2040-VZIKE,High-Value,100.85,Month-to-month,49,No,0.0142603675
9823-EALYC,High-Value,80.85,Two year,72,No,0.014259812
4002-BQWPQ,High-Value,81.75,Month-to-month,25,No,0.014252259
6064-ZATLR,Low-Value,52.85,Two year,27,No,0.014237008
8409-WQJUX,Low-Value,54.2,One year,25,No,0.014227976
1544-JJMYL,Low-Value,69.35,One year,27,No,0.014206263
7157-SMCFK,Low-Value,19.75,Two year,61,No,0.014200261
5985-TBABQ,High-Value,74.75,One year,32,No,0.014161677
5451-MHQOF,Low-Value,24.45,One year,56,No,0.014115047
5512-IDZEI,Low-Value,24.9,One year,46,No,0.014077293
2706-QZIHY,Low-Value,25.2,Two year,15,No,0.014054176
8229-BUJHX,Low-Value,20.5,Two year,71,No,0.014001296
2851-STERV,High-Value,73.0,One year,35,No,0.013999624
8677-HDZEE,High-Value,105.45,Month-to-month,56,No,0.013975981
4538-WNTMJ,Low-Value,24.95,One year,46,No,0.013972038
6698-OXETB,Low-Value,20.4,Two year,11,No,0.013859091
9833-TGFHX,High-Value,97.1,One year,42,No,0.013844926
8873-TMKGR,Low-Value,19.1,One year,29,No,0.01384376
6096-EGVTU,Low-Value,24.9,One year,64,No,0.013823164
8173-RXAYP,Low-Value,19.7,Two year,24,No,0.013821188
9774-NRNAU,High-Value,84.8,Month-to-month,27,No,0.013810546
0201-MIBOL,High-Value,102.4,Two year,66,No,0.01377589
5046-NUHWD,Low-Value,45.0,Month-to-month,29,No,0.013728264
1686-STUHN,Low-Value,19.8,One year,42,No,0.013688963
6137-MFAJN,Low-Value,44.8,Month-to-month,48,No,0.013683813
0042-JVWOJ,Low-Value,19.6,One year,26,No,0.013665091
6075-SLNIL,High-Value,95.1,Month-to-month,38,No,0.013662219
8378-LKJAF,High-Value,101.15,Month-to-month,38,No,0.0136429565
9391-YZEJW,High-Value,94.0,One year,62,No,0.013605737
9509-MPYOD,Low-Value,20.75,One year,35,No,0.013597242
2985-JUUBZ,High-Value,74.55,Month-to-month,40,No,0.0135860285
3457-PQBYH,Low-Value,20.3,Two year,58,No,0.013579058
5393-HJZSM,High-Value,76.3,Month-to-month,32,No,0.013565984
4223-BKEOR,Low-Value,64.85,One year,21,No,0.01354737
9501-UKKNL,Low-Value,51.7,Month-to-month,59,No,0.013544771
5025-GOOKI,Low-Value,18.9,Month-to-month,20,No,0.013534441
4361-FEBGN,Low-Value,20.15,Two year,48,No,0.013495844
1972-XMUWV,Low-Value,59.8,Two year,65,No,0.013483122
5845-BZZIB,Low-Value,20.1,Two year,35,No,0.013459871
6578-KRMAW,High-Value,93.4,Month-to-month,32,No,0.013446941
9631-RXVJM,Low-Value,19.25,Two year,35,No,0.013437746
5872-OEQNH,Low-Value,44.45,One year,60,No,0.013431186
1306-RPWXZ,Low-Value,20.45,Two year,49,No,0.013410086
9588-YRFHY,Low-Value,19.9,Two year,49,No,0.013410086
7665-NKLAV,Low-Value,40.65,Two year,36,No,0.013384176
7632-YUTXB,Low-Value,20.05,One year,25,No,0.013265434
0023-UYUPN,Low-Value,25.2,One year,50,No,0.013229449
9938-ZREHM,High-Value,72.1,One year,37,No,0.013218025
9036-CSKBW,High-Value,107.45,One year,51,No,0.0131838
8190-ZTQFB,Low-Value,51.35,One year,41,No,0.013151122
8701-DGLVH,Low-Value,20.45,Two year,51,No,0.013124871
0080-OROZO,High-Value,99.25,One year,35,No,0.013119703
2266-FUBDZ,Low-Value,19.35,Two year,15,No,0.013104807
7293-LSCDV,Low-Value,19.25,Two year,60,No,0.013097637
6696-YDAYZ,Low-Value,20.5,Two year,16,No,0.013045165
7717-BICXI,Low-Value,20.55,Two year,60,No,0.01303766
6807-SIWJI,High-Value,104.85,One year,38,No,0.013027349
1494-EJZDW,Low-Value,20.15,Two year,10,No,0.013004225
2418-TPEUN,Low-Value,19.8,Two year,56,No,0.01298834
3154-HMWUU,Low-Value,20.5,Two year,60,No,0.01298834
7684-XSZIY,Low-Value,24.3,Two year,72,No,0.012957915
6440-DKQGE,Low-Value,64.5,One year,30,No,0.012948306
5989-OMNJE,Low-Value,57.6,One year,24,No,0.012914048
3154-CFSZG,High-Value,90.05,Month-to-month,47,No,0.012902988
9470-RTWDV,High-Value,82.0,One year,26,No,0.01290022
0334-ZFJSR,Low-Value,66.05,One year,55,No,0.012891928
3932-IJWDZ,High-Value,103.65,Month-to-month,45,No,0.012890326
6814-ZPWFQ,Low-Value,25.0,One year,51,No,0.012880137
7216-KAOID,Low-Value,19.5,One year,41,No,0.012835616
7816-VGHTO,Low-Value,40.55,Two year,6,No,0.012827396
0824-VWDPO,High-Value,96.75,One year,45,No,0.012768476
8314-HTWVE,Low-Value,19.85,Two year,7,No,0.012764895
9068-FHQHD,Low-Value,20.15,Two year,40,No,0.012733824
7463-IFMQU,Low-Value,20.05,Two year,72,No,0.012726962
2569-WGERO,Low-Value,21.15,Two year,72,No,0.012726962
6961-MJKBO,Low-Value,20.45,Two year,47,No,0.012679495
4807-IZYOZ,Low-Value,20.65,Two year,51,No,0.012679495
3999-WRNGR,Low-Value,49.75,Month-to-month,60,No,0.012651213
8750-QWZAJ,Low-Value,19.8,Two year,70,No,0.012643419
0404-AHASP,Low-Value,19.7,Two year,72,No,0.012643419
3642-BYHDO,Low-Value,19.9,Two year,71,No,0.012643419
1052-QJIBV,Low-Value,19.9,Two year,71,No,0.012643419
9537-JALFH,Low-Value,19.9,Two year,69,No,0.012643419
5146-YYFRZ,Low-Value,19.95,Two year,67,No,0.012643419
0264-CNITK,Low-Value,20.1,Two year,71,No,0.012643419
3976-HXHCE,Low-Value,19.3,Two year,72,No,0.012643419
2718-YSKCS,Low-Value,19.6,Two year,71,No,0.012629449
3359-DSRKA,Low-Value,19.85,Two year,58,No,0.012588149
8690-UPCZI,Low-Value,69.05,One year,29,No,0.012571204
7570-WELNY,High-Value,84.7,Two year,68,No,0.01256554
7336-RLLRH,High-Value,80.85,One year,27,No,0.0125132585
9030-QGZNL,Low-Value,20.85,Two year,8,No,0.012486089
1474-JUWSM,Low-Value,68.4,One year,58,No,0.012484332
8845-LWKGE,Low-Value,64.5,One year,30,No,0.01244926
3239-TPHPZ,Low-Value,20.05,Two year,12,No,0.012444208
5465-BUBFA,Low-Value,19.3,Two year,41,No,0.012426951
8294-UIMBA,High-Value,94.4,One year,30,No,0.012424142
2270-CHBFN,High-Value,95.1,Month-to-month,44,No,0.012421644
9066-QRSDU,Low-Value,26.3,One year,69,No,0.012418819
2758-RNWXS,High-Value,89.2,One year,35,No,0.0124123
7167-PCEYD,Low-Value,19.8,Two year,67,No,0.012403634
6345-FZOQH,Low-Value,19.9,Two year,69,No,0.012403634
2931-SVLTV,High-Value,110.1,Month-to-month,40,No,0.01238827
4518-FZBSX,Low-Value,20.25,One year,42,No,0.012386911
8008-OTEZX,Low-Value,19.65,One year,35,No,0.012386911
1755-FZQEC,Low-Value,19.9,One year,39,No,0.012386911
6250-CGGUN,High-Value,84.4,One year,54,No,0.012353408
8559-WNQZS,Low-Value,20.45,Two year,1,No,0.012349365
9688-YGXVR,High-Value,88.15,Month-to-month,44,No,0.012339848
9361-YNQWJ,Low-Value,24.4,One year,64,No,0.012312796
5630-IXDXV,High-Value,106.35,Month-to-month,47,No,0.012307943
6855-VLGOS,Low-Value,20.55,Two year,72,No,0.012257014
3545-CNWRG,High-Value,98.35,Month-to-month,49,No,0.012243571
9531-NSBMR,Low-Value,19.25,One year,36,No,0.012222557
5386-THSLQ,Low-Value,45.55,One year,66,No,0.012209283
1271-UODNO,Low-Value,53.85,Two year,39,No,0.012193013
9081-WWXKP,Low-Value,20.25,Two year,47,No,0.012167414
3170-NMYVV,Low-Value,20.15,Two year,50,No,0.012167414
9975-GPKZU,Low-Value,19.75,Two year,46,No,0.012167414
4423-JWZJN,High-Value,90.25,One year,64,No,0.012132096
3129-AAQOU,Low-Value,25.6,Two year,19,No,0.012107491
2486-WYVVE,High-Value,79.3,One year,31,No,0.012096567
7707-PYBBH,Low-Value,61.9,Month-to-month,40,No,0.012095553
5061-PBXFW,Low-Value,61.4,Month-to-month,32,No,0.012085079
5256-SKJGO,Low-Value,54.6,Two year,64,No,0.012049845
3178-CIFOT,Low-Value,19.65,One year,23,No,0.012045236
2105-PHWON,High-Value,95.0,Month-to-month,33,No,0.012025132
3352-ALMCK,High-Value,102.65,Month-to-month,40,No,0.011990736
3893-JRNFS,Low-Value,39.9,Month-to-month,68,No,0.011985005
8224-UAXBZ,Low-Value,45.35,One year,58,No,0.011946556
8041-TMEID,High-Value,108.5,Two year,63,No,0.011940479
2682-KEVRP,Low-Value,20.05,One year,22,No,0.011921648
2908-WGAXL,Low-Value,24.95,Two year,56,No,0.011883295
3026-ATZYV,High-Value,75.1,One year,37,No,0.0118776355
4475-NVTLU,Low-Value,19.2,Two year,45,No,0.011860394
0397-ZXWQF,Low-Value,20.5,Two year,67,No,0.0118388925
9646-NMHXE,Low-Value,19.65,Two year,47,No,0.011794354
0386-CWRGM,Low-Value,19.4,Two year,46,No,0.011794354
4872-VXRIL,Low-Value,64.65,One year,56,No,0.011782977
2521-NPUZR,High-Value,101.0,Two year,70,No,0.011777005
1830-IPXVJ,Low-Value,19.75,Two year,61,No,0.011761116
3038-PQIUY,Low-Value,66.15,Month-to-month,38,No,0.011756078
6388-TABGU,Low-Value,56.15,One year,62,No,0.011746998
6872-HXFNF,Low-Value,58.35,One year,64,No,0.011746998
3067-SVMTC,Low-Value,55.9,One year,68,No,0.011746998
8050-XGRVL,Low-Value,54.75,One year,62,No,0.011746998
6152-ONASV,Low-Value,58.25,One year,68,No,0.011746998
5177-RVZNU,Low-Value,20.3,One year,37,No,0.011746366
1073-XXCZD,Low-Value,25.7,Two year,55,No,0.0117099825
4735-BJKOU,Low-Value,20.15,Two year,40,No,0.011690685
3458-IDMFK,Low-Value,20.75,Two year,25,No,0.011669817
0374-FIUCA,Low-Value,20.4,Two year,65,No,0.011625589
6171-ZTVYB,Low-Value,66.25,Month-to-month,43,No,0.011608097
8148-NLEGT,Low-Value,22.95,Two year,42,No,0.011606281
9154-QDGTH,High-Value,104.3,One year,43,No,0.01159139
0177-PXBAT,High-Value,109.9,Month-to-month,33,No,0.011557615
6729-FZWSY,Low-Value,19.45,One year,67,No,0.011548745
3777-XROBG,Low-Value,19.55,Two year,58,No,0.011546585
8221-EQDGL,Low-Value,61.0,Month-to-month,35,No,0.011525014
1335-MXCSE,Low-Value,55.25,Two year,55,No,0.011521365
4641-FROLU,Low-Value,19.3,Two year,30,No,0.011515328
8029-XYPWT,High-Value,115.05,Two year,71,No,0.011508013
2786-GCDPI,High-Value,104.95,Month-to-month,50,No,0.011484112
6950-TWMYB,High-Value,79.95,Two year,54,No,0.011480128
3164-YAXFY,Low-Value,53.75,Month-to-month,57,No,0.011438713
2804-ETQDK,Low-Value,20.55,Two year,66,No,0.0113957655
5240-CAOYT,High-Value,87.55,Month-to-month,57,No,0.011380277
8626-XHBIE,Low-Value,24.8,Two year,56,No,0.011377804
0422-UXFAP,High-Value,98.85,One year,51,No,0.011364002
9699-UBQFS,High-Value,94.5,Month-to-month,43,No,0.011363691
2146-EGVDT,Low-Value,19.3,Two year,59,No,0.011347064
5656-JAMLX,Low-Value,19.85,Two year,62,No,0.011347064
8838-GPHZP,Low-Value,20.6,Two year,63,No,0.0113208555
1460-UZPRJ,Low-Value,19.95,Two year,60,No,0.0113208555
1998-VHJHK,Low-Value,19.15,One year,27,No,0.01131305
4962-CHQPW,Low-Value,19.85,One year,29,No,0.01131305
5542-NKVRU,Low-Value,20.75,Two year,42,No,0.01129762
6518-PPLMZ,Low-Value,19.4,Two year,53,No,0.011294562
0847-HGRML,Low-Value,20.0,Two year,62,No,0.011278095
4000-VGMQP,High-Value,78.95,One year,38,No,0.011266435
4750-UKWJK,Low-Value,19.6,One year,37,No,0.011253184
8388-DMKAE,Low-Value,20.25,Two year,8,No,0.011226613
0689-DSXGL,High-Value,85.8,Month-to-month,52,No,0.011223898
2300-RQGOI,Low-Value,20.05,Two year,38,No,0.011198626
5804-JMYIO,Low-Value,19.75,Two year,39,No,0.011198626
4933-BSAIP,Low-Value,19.1,Two year,40,No,0.011198626
1089-XZWHH,Low-Value,19.7,Two year,24,No,0.011198589
1177-XZBJL,Low-Value,64.15,One year,53,No,0.011194645
9137-UIYPG,High-Value,106.9,Month-to-month,35,No,0.011187327
2230-XTUWL,Low-Value,19.55,Two year,48,No,0.011184963
8166-ORCHU,High-Value,93.55,One year,33,No,0.011166742
2030-BTZRO,Low-Value,20.4,Two year,6,No,0.011146421
6727-IOTLZ,High-Value,81.95,Two year,14,No,0.011141439
7527-QNRUS,Low-Value,25.15,Two year,17,No,0.011141082
2137-DQMEV,Low-Value,44.8,One year,68,No,0.011131609
1231-YNDEK,Low-Value,19.15,Two year,58,No,0.011119742
1270-XKUCC,Low-Value,19.7,Two year,30,No,0.011117713
8883-ANODQ,High-Value,84.4,Two year,68,No,0.011112965
5312-UXESG,High-Value,98.05,Month-to-month,41,No,0.0110945925
4652-ODEVH,Low-Value,24.45,Two year,45,No,0.011093567
6080-LNESI,Low-Value,24.75,Two year,51,No,0.011093567
4508-OEBEY,High-Value,75.5,One year,31,No,0.011091731
6047-SUHPR,Low-Value,59.8,One year,39,No,0.011075288
1116-FRYVH,Low-Value,39.4,Two year,48,No,0.011058583
7251-XFOIL,High-Value,89.2,Month-to-month,61,No,0.011023454
3528-HFRIQ,Low-Value,52.3,Month-to-month,71,No,0.011002897
5820-PTRYM,Low-Value,68.45,One year,56,No,0.010991405
6008-NAIXK,Low-Value,55.45,One year,54,No,0.010989642
4097-YODCF,High-Value,103.8,One year,34,No,0.010986565
0434-CSFON,High-Value,100.5,Month-to-month,47,No,0.01095998
9152-AMKAK,High-Value,80.25,Two year,6,No,0.0109591065
9800-OUIGR,Low-Value,20.0,Two year,66,No,0.01091295
0704-VCUMB,Low-Value,20.25,Two year,61,No,0.01091295
0962-CQPWQ,Low-Value,20.3,Two year,62,No,0.01091295
7268-WNTCP,Low-Value,20.45,Two year,62,No,0.01091295
7595-EHCDL,Low-Value,50.6,Month-to-month,32,No,0.010849815
1309-XGFSN,High-Value,80.85,One year,52,No,0.010840208
8331-ZXFOE,High-Value,71.1,One year,58,No,0.010765711
9174-IHETN,High-Value,70.35,Two year,50,No,0.010765071
6685-XSHHU,Low-Value,20.95,Two year,60,No,0.010736424
3884-UEBXB,Low-Value,36.15,Two year,67,No,0.01069402
6010-DDPPW,Low-Value,25.15,Two year,70,No,0.01067381
0506-YLVKJ,Low-Value,20.2,Two year,46,No,0.010664568
5124-EOGYE,Low-Value,20.45,Two year,31,No,0.010662752
6244-BESBM,High-Value,95.2,Two year,69,No,0.010653345
5939-SXWHM,Low-Value,26.3,Two year,48,No,0.010629604
0463-TXOAK,Low-Value,25.6,Two year,52,No,0.010629604
6813-GZQCG,Low-Value,24.65,Two year,45,No,0.010629604
1395-WSWXR,Low-Value,20.75,Two year,24,No,0.010629193
7205-BAIAD,Low-Value,20.6,Two year,40,No,0.010617856
6479-SZPLM,Low-Value,19.45,Two year,36,No,0.010617856
0362-RAOQO,Low-Value,19.65,Two year,40,No,0.010617856
3451-VAWLI,Low-Value,19.7,Two year,35,No,0.010617856
8631-WUXGY,High-Value,99.8,Month-to-month,46,No,0.010601779
9919-YLNNG,High-Value,103.8,Month-to-month,42,No,0.010561465
2525-GVKQU,Low-Value,20.6,Two year,60,No,0.010557227
8099-MZPUJ,High-Value,111.8,Two year,48,No,0.010465002
4826-DXMUP,High-Value,72.1,One year,35,No,0.0104636885
9938-PRCVK,Low-Value,19.7,Two year,41,No,0.010456054
1087-GRUYI,Low-Value,20.4,Two year,38,No,0.010456054
5006-MXVRN,Low-Value,20.7,Two year,39,No,0.010456054
2007-QVGAW,Low-Value,19.35,Two year,68,No,0.010445007
3714-XPXBW,High-Value,78.9,Month-to-month,37,No,0.01043677
8200-KLNYW,High-Value,80.9,One year,21,No,0.0104236
4609-KNNWG,Low-Value,19.9,Two year,27,No,0.010386461
8434-VGEQQ,Low-Value,20.55,Two year,61,No,0.010366669
9518-IMLHK,High-Value,72.45,Month-to-month,31,No,0.01031081
4724-WXVWF,High-Value,95.4,Month-to-month,48,No,0.010295276
9565-AXSMR,Low-Value,19.2,Two year,52,No,0.010289904
7493-GVFIO,Low-Value,20.55,Two year,57,No,0.01024705
1399-OUPJN,Low-Value,19.75,Two year,57,No,0.01024705
2560-WBWXF,Low-Value,24.15,Two year,68,No,0.01024705
3161-ONRWK,Low-Value,65.85,One year,60,No,0.010242142
9968-FFVVH,Low-Value,68.8,One year,63,No,0.010242142
4462-CYWMH,High-Value,89.8,Month-to-month,62,No,0.010201348
1216-BGTSP,High-Value,108.45,Month-to-month,45,No,0.010195745
9513-DXHDA,High-Value,81.7,One year,27,No,0.010168649
3769-MHZNV,Low-Value,20.1,Two year,33,No,0.010125817
8067-NIOYM,Low-Value,21.1,Two year,24,No,0.010078619
0442-TDYUO,Low-Value,20.05,Two year,48,No,0.01004266
5917-RYRMG,Low-Value,19.8,One year,32,No,0.010029409
1403-LKLIK,Low-Value,20.1,One year,33,No,0.010020503
1955-IBMMB,Low-Value,20.2,Two year,59,No,0.010001212
1685-BQULA,High-Value,93.4,Month-to-month,40,No,0.009995954
3078-ZKNTS,Low-Value,19.75,Two year,13,No,0.009953006
0959-WHOKV,High-Value,99.0,One year,42,No,0.009952216
8999-EXMNO,Low-Value,20.15,Two year,19,No,0.0099495435
2675-DHUTR,High-Value,98.9,Month-to-month,58,No,0.009930379
2731-GJRDG,High-Value,109.55,One year,32,No,0.009900713
4992-LTJNE,Low-Value,55.3,Two year,72,No,0.009899564
4760-THGOT,High-Value,94.1,Month-to-month,43,No,0.009895106
7319-ZNRTR,Low-Value,19.6,One year,25,No,0.009880229
2017-CCBLH,Low-Value,20.0,Two year,8,No,0.009841038
3537-RYBHH,Low-Value,67.45,Month-to-month,47,No,0.009829448
3736-BLEPA,High-Value,91.25,One year,28,No,0.009816595
1245-HARPS,Low-Value,20.4,Two year,14,No,0.009815015
5296-BFCYD,Low-Value,20.1,Two year,46,No,0.009813431
8608-OZTLB,High-Value,74.05,One year,38,No,0.009808391
5681-LLOEI,High-Value,91.25,One year,43,No,0.009803714
6682-VCIXC,Low-Value,51.25,One year,43,No,0.009785817
9350-VLHMB,High-Value,89.55,Month-to-month,67,No,0.0097557595
8755-OGKNA,Low-Value,19.5,Two year,57,No,0.009679834
2650-GYRYL,Low-Value,19.45,One year,33,No,0.009665568
2346-LOCWC,Low-Value,20.5,Two year,58,No,0.009620904
2075-PUEPR,Low-Value,19.35,Two year,55,No,0.009618088
7663-ZTEGJ,High-Value,100.55,One year,29,No,0.009576638
5996-NRVXR,High-Value,98.15,One year,40,No,0.009518133
6173-GOLSU,High-Value,94.65,Month-to-month,67,No,0.009505375
6092-QZVPP,High-Value,79.2,Month-to-month,36,No,0.009474922
3062-ICYZQ,High-Value,93.8,Month-to-month,51,No,0.009464218
5628-RKIFK,High-Value,101.55,Month-to-month,49,No,0.009459491
6857-TKDJV,Low-Value,24.65,Two year,67,No,0.009442697
2359-KLTEK,High-Value,94.9,Month-to-month,41,No,0.009422028
9592-ERDKV,High-Value,79.25,One year,37,No,0.009400766
4274-DRSQT,High-Value,88.9,One year,66,No,0.009384261
6217-KDYWC,Low-Value,19.6,Two year,57,No,0.009380619
0613-WUXUM,Low-Value,19.2,Two year,70,No,0.009354967
9385-EHGDO,Low-Value,19.85,Two year,35,No,0.009335371
9625-RZFUK,Low-Value,19.7,Two year,63,No,0.009321988
9084-OAYKL,Low-Value,20.8,Two year,58,No,0.009320763
8731-WBBMB,High-Value,81.9,Month-to-month,26,No,0.009310185
4817-KEQSP,Low-Value,19.85,Two year,71,No,0.009306231
7601-GNDYK,Low-Value,19.6,Two year,35,No,0.009288303
0902-XKXPN,Low-Value,20.2,Two year,69,No,0.009267515
7123-WQUHX,High-Value,95.0,One year,38,No,0.009262144
0114-PEGZZ,High-Value,107.55,Month-to-month,33,No,0.009236996
4994-OBRSZ,High-Value,76.1,Two year,14,No,0.009222502
2522-WLNSF,Low-Value,64.2,One year,34,No,0.009208526
0505-SPOOW,Low-Value,19.8,Two year,70,No,0.009206468
2429-AYKKO,Low-Value,19.85,Two year,72,No,0.009206468
2984-RGEYA,Low-Value,19.75,Two year,69,No,0.009206468
3173-WSSUE,Low-Value,19.7,Two year,71,No,0.009206468
7815-PDTHL,Low-Value,20.2,Two year,35,No,0.00919292
8215-NGSPE,Low-Value,20.0,Two year,42,No,0.00919292
5231-FIQPA,Low-Value,19.85,Two year,41,No,0.00919292
0582-AVCLN,Low-Value,20.3,Two year,38,No,0.00919292
6000-UKLWI,Low-Value,20.15,Two year,41,No,0.00919292
8577-QSOCG,Low-Value,20.2,Two year,38,No,0.00919292
7820-ZYGNY,High-Value,90.45,One year,63,No,0.009191787
5125-CNDSP,Low-Value,40.6,One year,63,No,0.009189177
3891-NLXJB,Low-Value,40.55,Two year,37,No,0.009187836
6647-ZEDXT,High-Value,110.45,One year,30,No,0.009186295
3606-SBKRY,Low-Value,50.05,One year,31,No,0.009182512
3996-ZNWYK,Low-Value,19.8,Two year,71,No,0.009169588
7515-LODFU,Low-Value,20.3,Two year,69,No,0.009169588
9825-YCXWZ,High-Value,101.1,One year,41,No,0.009115872
8292-ITGYJ,Low-Value,24.65,Two year,45,No,0.009096514
3088-FVYWK,Low-Value,25.55,Two year,53,No,0.009096514
6407-GSJNL,Low-Value,24.95,Two year,51,No,0.009096514
8807-OPMBM,Low-Value,25.65,Two year,55,No,0.009096514
0580-PIQHM,High-Value,101.6,One year,41,No,0.009086222
9391-TTOYH,Low-Value,19.5,Month-to-month,23,No,0.009066374
4062-HBMOS,High-Value,103.05,Month-to-month,52,No,0.009062113
2335-GSODA,Low-Value,40.1,Two year,23,No,0.009035326
7602-DBTOU,Low-Value,19.6,Two year,71,No,0.009031266
1945-XISKS,Low-Value,19.65,Two year,67,No,0.009031266
0732-OCQOC,Low-Value,25.05,Two year,52,No,0.009025221
4795-UXVCJ,Low-Value,19.8,One year,26,No,0.0090217795
2900-PHPLN,Low-Value,19.55,Two year,70,No,0.009007212
4402-FTBXC,High-Value,89.8,Month-to-month,54,No,0.009005178
9233-PSYHO,High-Value,100.15,One year,45,No,0.008997142
4480-MBMLB,High-Value,104.8,One year,36,No,0.008987382
2384-OVPSA,Low-Value,20.2,Two year,38,No,0.00896352
1525-LNLOJ,Low-Value,63.3,Two year,66,No,0.008961322
5647-FXOTP,High-Value,105.9,Month-to-month,60,No,0.008942471
6821-JPCDC,High-Value,97.05,One year,48,No,0.008928372
0743-HRVFF,Low-Value,56.15,One year,51,No,0.008918449
8659-HDIYE,High-Value,74.65,Month-to-month,64,No,0.008905064
8711-LOBKY,Low-Value,19.85,Two year,59,No,0.008878562
9220-CXRSC,Low-Value,61.4,Two year,69,No,0.008870244
5968-HYJRZ,Low-Value,24.55,Two year,47,No,0.008858865
5158-RIVOP,Low-Value,20.9,Two year,11,No,0.008851002
7722-CVFXN,High-Value,105.2,One year,54,No,0.00884348
5981-ZVXOT,High-Value,108.35,One year,35,No,0.00884139
6738-ISCBM,Low-Value,54.0,One year,44,No,0.0088236695
0969-RGKCU,Low-Value,19.8,One year,37,No,0.008816258
5627-TVBPP,Low-Value,20.1,One year,35,No,0.008816258
6371-NZYEG,Low-Value,64.25,Two year,16,No,0.008772949
6953-PBDIN,High-Value,72.95,Two year,70,No,0.0087729115
6925-BAYGL,Low-Value,25.1,Two year,53,No,0.008771212
9351-LZYGF,Low-Value,66.4,Month-to-month,42,No,0.0087517155
4804-NCPET,Low-Value,20.2,Two year,19,No,0.008722299
9782-LGXMC,Low-Value,61.75,Month-to-month,49,No,0.008717955
0289-IVARM,Low-Value,60.55,Month-to-month,35,No,0.0087008495
0343-QLUZP,Low-Value,39.6,Two year,60,No,0.008658925
6559-RAKOZ,High-Value,97.95,One year,49,No,0.008657443
7103-IPXPJ,High-Value,99.4,One year,50,No,0.008657443
3274-NSDWE,Low-Value,19.6,Two year,68,No,0.008651761
0784-ZQJZX,Low-Value,19.9,Two year,72,No,0.008651761
7029-IJEJK,Low-Value,44.1,One year,54,No,0.008577477
9746-YKGXB,Low-Value,44.25,One year,52,No,0.008577477
6598-KELSS,Low-Value,43.05,One year,50,No,0.008577477
4450-YOOHP,Low-Value,50.65,Month-to-month,39,No,0.008563382
8947-YRTDV,High-Value,94.8,One year,32,No,0.008562685
4016-BJKTZ,High-Value,108.9,Two year,25,No,0.008551989
5055-MGMGF,High-Value,105.05,Month-to-month,65,No,0.008530483
7047-FWEYA,High-Value,103.15,One year,46,No,0.008511339
0014-BMAQU,High-Value,84.65,Two year,63,No,0.008509874
1370-GGAWX,High-Value,94.15,One year,46,No,0.008502467
4872-JCVCA,Low-Value,47.6,Two year,71,No,0.008499517
1302-TPUBN,Low-Value,19.35,Two year,66,No,0.008475728
8285-ABVLB,Low-Value,19.85,Two year,70,No,0.008475728
3397-AVTKU,Low-Value,60.0,Two year,43,No,0.008464668
1207-BLKSA,Low-Value,23.05,Two year,52,No,0.008462611
9668-PUGNU,Low-Value,24.5,Two year,71,No,0.008425358
5067-WJEUN,Low-Value,54.2,Two year,67,No,0.008423753
7064-FRRSW,High-Value,99.0,One year,48,No,0.008418234
6478-HRRCZ,High-Value,70.5,One year,32,No,0.0084063215
8092-NLTGF,Low-Value,24.75,Two year,72,No,0.008390723
2996-XAUVF,Low-Value,40.05,Two year,70,No,0.008374432
2799-TSLAG,Low-Value,25.3,Two year,65,No,0.0083664255
8441-SHIPE,Low-Value,25.6,Two year,67,No,0.0083664255
8564-LDKFL,High-Value,106.0,One year,40,No,0.008358552
9732-EQMWY,High-Value,99.4,Month-to-month,49,No,0.008354301
1206-EHBDD,High-Value,80.3,Two year,56,No,0.00834264
4549-ZDQYY,Low-Value,57.95,One year,52,No,0.008339366
9824-QCJPK,Low-Value,20.0,One year,36,No,0.008336538
6016-NXBNJ,Low-Value,19.15,One year,35,No,0.008336538
3280-MRDOF,Low-Value,69.1,Two year,30,No,0.008332515
4023-RTIQM,Low-Value,50.4,One year,31,No,0.008321612
5307-UVGNB,Low-Value,48.7,Month-to-month,53,No,0.008311199
7753-USQYQ,Low-Value,64.2,One year,55,No,0.008298047
8591-NXRCV,High-Value,74.65,Month-to-month,41,No,0.008279397
1163-ONYEY,High-Value,74.55,Month-to-month,41,No,0.008279397
5982-XMDEX,Low-Value,26.5,Two year,65,No,0.008277722
7083-MIOPC,Low-Value,20.25,Two year,72,No,0.008256614
2274-XUATA,Low-Value,63.1,Two year,72,No,0.008236366
9553-DLCLU,High-Value,88.95,Two year,13,No,0.0082137985
4086-ATNFV,Low-Value,60.8,One year,34,No,0.008212113
6847-KJLTS,High-Value,100.4,Month-to-month,58,No,0.008202541
5227-JSCFE,Low-Value,46.35,Two year,71,No,0.008186531
5876-QMYLD,Low-Value,20.05,One year,23,No,0.00818551
5549-ZGHFB,Low-Value,24.95,Two year,50,No,0.008183625
8098-TDCBU,Low-Value,25.25,Two year,42,No,0.008183156
2207-RYYRL,Low-Value,24.55,Two year,52,No,0.008166164
8532-UEFWH,Low-Value,25.75,Two year,52,No,0.008166164
6917-YACBP,High-Value,89.75,Month-to-month,59,No,0.008159073
5914-GXMDA,Low-Value,19.3,One year,32,No,0.008153892
8552-OBVRU,High-Value,104.5,Month-to-month,48,No,0.008134621
6732-FZUGP,High-Value,94.9,One year,47,No,0.008133413
1061-PNTHC,High-Value,109.6,Month-to-month,56,No,0.0081221955
0019-GFNTW,Low-Value,45.05,Two year,56,No,0.008107243
5331-RGMTT,High-Value,99.05,Month-to-month,54,No,0.008104613
5893-KCLGT,Low-Value,19.75,Two year,72,No,0.008099352
4176-RELJR,Low-Value,25.1,Two year,67,No,0.008061645
0485-ZBSLN,Low-Value,24.75,Two year,65,No,0.008038103
7096-ZNBZI,Low-Value,26.45,Two year,72,No,0.008038103
6485-QXWWE,Low-Value,26.0,Two year,62,No,0.008038103
5666-MBJPT,Low-Value,25.1,Two year,65,No,0.008038103
3696-DFHHB,Low-Value,25.5,Two year,68,No,0.008038103
3863-QSTYI,Low-Value,64.65,Month-to-month,59,No,0.008034654
6900-RBKER,High-Value,89.45,Two year,52,No,0.008027893
6770-UAYGJ,Low-Value,25.25,Two year,49,No,0.0079963
5044-XDPYX,Low-Value,25.5,Two year,51,No,0.0079963
2208-NKVVH,Low-Value,24.25,Two year,43,No,0.0079963
3284-SVCRO,Low-Value,25.5,Two year,45,No,0.0079963
7244-QWYHG,Low-Value,44.45,One year,50,No,0.00797872
3658-QQJYD,High-Value,74.3,One year,62,No,0.007954639
2143-LJULT,Low-Value,25.25,Two year,67,No,0.0079528475
9661-JALZV,Low-Value,24.7,Two year,58,No,0.0079528475
7480-SPLEF,Low-Value,26.0,Two year,69,No,0.0079528475
2050-ONYDQ,Low-Value,26.0,Two year,65,No,0.0079528475
7996-MHXLW,Low-Value,25.15,Two year,66,No,0.0079528475
6370-ZVHDV,Low-Value,25.3,Two year,61,No,0.0079528475
0559-CKHUS,Low-Value,19.55,Two year,29,No,0.007948561
4779-ZGICK,Low-Value,23.55,Two year,48,No,0.007933557
7963-SHNDT,Low-Value,39.1,Two year,52,No,0.007931242
3873-WOSBC,Low-Value,25.6,Two year,67,No,0.007916042
0943-ZQPXH,High-Value,92.95,Month-to-month,44,No,0.007909683
0057-QBUQH,Low-Value,25.1,Two year,43,No,0.007906207
1357-BIJKI,High-Value,98.25,One year,50,No,0.007898058
3810-PJUHR,Low-Value,25.35,Two year,70,No,0.007873041
7868-BGSZA,High-Value,80.2,One year,43,No,0.007859004
4918-FYJNT,High-Value,90.45,Month-to-month,55,No,0.007815663
3315-IKYZQ,Low-Value,50.8,One year,28,No,0.007814277
2229-DPMBI,Low-Value,19.5,Two year,8,No,0.0077702394
3282-ZISZV,High-Value,83.7,One year,32,No,0.007756836
5269-NRGDP,High-Value,73.15,One year,42,No,0.0077492823
5811-IWXYM,High-Value,101.25,One year,52,No,0.007720437
8395-ETZKQ,Low-Value,19.5,One year,68,No,0.007712919
7064-JHXCE,Low-Value,20.05,Two year,62,No,0.007705109
5203-XEHAX,Low-Value,64.35,One year,34,No,0.0077043404
2581-VKIRT,Low-Value,65.5,One year,59,No,0.0077043367
1106-HRLKZ,Low-Value,19.6,Two year,40,No,0.007694664
4611-ANLQC,Low-Value,50.05,One year,60,No,0.0076866364
2212-LYASK,Low-Value,45.85,One year,27,No,0.007686048
9972-EWRJS,Low-Value,19.25,Two year,67,No,0.007667377
6060-QBMGV,Low-Value,19.85,Two year,70,No,0.007667377
5461-QKNTN,High-Value,94.3,Month-to-month,43,No,0.007660149
0068-FIGTF,High-Value,78.2,One year,27,No,0.0076549677
4534-WGCIR,Low-Value,25.15,Two year,58,No,0.0076461453
6341-JVQGF,High-Value,81.15,One year,31,No,0.007621917
0640-YJTPY,Low-Value,21.0,Two year,72,No,0.007618369
6892-BOGQE,Low-Value,20.9,Two year,71,No,0.007618369
3308-DGHKL,Low-Value,19.3,Two year,69,No,0.007618369
7876-DNYAP,Low-Value,19.8,Two year,69,No,0.007618369
7695-PKLCZ,Low-Value,20.5,Two year,68,No,0.007618369
1927-QEWMY,Low-Value,20.5,Two year,72,No,0.0076137013
6551-VLJMV,Low-Value,20.05,Two year,34,No,0.0076091313
2642-MAWLJ,Low-Value,20.25,Two year,36,No,0.0076091313
3410-MHHUM,High-Value,94.4,One year,44,No,0.00760619
5902-WBLSE,Low-Value,20.15,Two year,70,No,0.007602829
8361-LBRDI,Low-Value,24.35,Two year,58,No,0.007538014
2481-SBOYW,Low-Value,25.0,Two year,61,No,0.007538014
6980-IMXXE,Low-Value,20.2,Two year,69,No,0.0075375894
3489-VSFRD,Low-Value,60.25,One year,56,No,0.0075228363
7137-NAXML,Low-Value,20.15,One year,23,No,0.0075149043
5035-PGZXH,High-Value,106.8,One year,56,No,0.0075070495
1303-SRDOK,Low-Value,69.05,Two year,55,No,0.00749272
7502-BNYGS,Low-Value,69.1,Month-to-month,46,No,0.00749016
2545-LXYVJ,Low-Value,20.7,Two year,72,No,0.007489405
8016-ZMGMO,High-Value,70.85,One year,66,No,0.007486903
1093-YSWCA,Low-Value,19.55,Two year,11,No,0.0074799755
6873-UDNLD,Low-Value,67.45,Month-to-month,40,No,0.0074782805
1293-BSEUN,Low-Value,20.7,Two year,72,No,0.0074731605
8544-JNBOX,Low-Value,20.8,Two year,72,No,0.0074731605
7647-GYYKX,Low-Value,20.35,Two year,54,No,0.007473147
1834-WULEG,Low-Value,20.25,One year,24,No,0.007465271
5712-AHQNN,High-Value,91.65,Month-to-month,43,No,0.0074397195
3813-DHBBB,Low-Value,50.95,Two year,67,No,0.0074392306
3704-IEAXF,Low-Value,53.65,Two year,72,No,0.0074392306
9711-FJTBX,High-Value,85.85,One year,56,No,0.007417587
0354-VXMJC,Low-Value,19.6,Two year,23,No,0.007417134
8779-YIQQA,Low-Value,19.8,One year,21,No,0.0074037146
7921-BEPCI,Low-Value,59.75,Two year,72,No,0.007335573
5913-INRQV,High-Value,90.15,One year,34,No,0.007316781
2577-GVSIL,High-Value,73.45,One year,35,No,0.0073130867
6840-RESVB,High-Value,84.8,One year,24,No,0.0073003867
4973-RLZVI,High-Value,74.65,One year,30,No,0.007269705
6023-GSSXW,Low-Value,61.45,Two year,69,No,0.0072570457
5840-NVDCG,Low-Value,68.25,Two year,16,No,0.0072423466
9845-PEEKO,High-Value,79.2,Two year,59,No,0.0071840207
2580-ASVVY,Low-Value,45.4,Two year,37,No,0.007171726
6736-DHUQI,High-Value,84.8,One year,67,No,0.007129346
2208-UGTGR,High-Value,98.6,Month-to-month,56,No,0.00706872
3275-RHRNE,Low-Value,60.0,One year,28,No,0.007067308
8232-CTLKO,Low-Value,59.75,Two year,66,No,0.0070321164
8148-WOCMK,Low-Value,19.6,Two year,8,No,0.0070274603
5844-QVTAT,Low-Value,58.45,One year,33,No,0.0070202965
8760-ZRHKE,Low-Value,69.2,One year,71,No,0.0070198644
1407-DIGZV,Low-Value,19.1,Two year,3,No,0.007016883
5370-IIVVL,High-Value,104.5,One year,37,No,0.0070080482
8164-OCKUJ,Low-Value,20.6,Two year,59,No,0.006998027
0130-SXOUN,High-Value,89.4,Month-to-month,66,No,0.006988117
2133-TSRRM,High-Value,105.35,Month-to-month,34,No,0.006969275
2729-VNVAP,Low-Value,19.8,Two year,33,No,0.00695071
9253-VIFJQ,Low-Value,67.05,One year,65,No,0.0069326935
4884-LEVMQ,Low-Value,20.45,Two year,39,No,0.006928083
0516-OOHAR,High-Value,100.35,One year,28,No,0.006924701
1904-WAJAA,Low-Value,64.35,Two year,24,No,0.006923632
7025-IWFHT,High-Value,89.55,One year,41,No,0.0069131027
4806-DXQCE,High-Value,113.65,Two year,70,No,0.0068994393
4573-JKNAE,Low-Value,19.35,Two year,12,No,0.006885906
5140-FOMCQ,High-Value,109.15,One year,59,No,0.0068674977
2911-IJORQ,High-Value,90.6,One year,37,No,0.0068584722
2072-ZVJJX,Low-Value,25.25,Two year,68,No,0.0068478365
7016-NVRIC,High-Value,90.1,One year,29,No,0.0068349577
2578-JQPHZ,High-Value,100.1,Two year,44,No,0.0068261754
2587-YNLES,Low-Value,20.1,Two year,6,No,0.006822523
4825-FUREZ,Low-Value,20.25,Two year,42,No,0.0068224105
4335-BSMJS,Low-Value,25.8,Two year,62,No,0.0068031675
7008-LZVOZ,Low-Value,25.3,Two year,66,No,0.0068031675
1241-EZFMJ,Low-Value,25.45,Two year,61,No,0.0068031675
5995-LFTLE,Low-Value,25.3,Two year,58,No,0.0068031675
9337-SRRNI,Low-Value,25.3,Two year,66,No,0.0068031675
3027-YNWZU,Low-Value,25.0,Two year,64,No,0.0068031675
2961-VNFKL,Low-Value,25.95,Two year,71,No,0.0068031675
8780-IHCRN,Low-Value,24.65,Two year,63,No,0.0068031675
4979-HPRFL,Low-Value,24.15,Two year,56,No,0.0068031675
8189-HBVRW,High-Value,90.8,Month-to-month,53,No,0.006776122
4840-ORQXB,High-Value,104.75,Month-to-month,56,No,0.006752805
6959-GQEGV,High-Value,75.95,Month-to-month,45,No,0.006752709
5115-SQAAU,Low-Value,25.6,Two year,69,No,0.0067497287
4083-BFNYK,High-Value,95.0,One year,38,No,0.0067341113
5317-FLPJF,Low-Value,61.35,Two year,66,No,0.0067281816
3933-DQPWX,Low-Value,39.7,Two year,50,No,0.006720458
9418-RUKPH,Low-Value,19.95,Two year,38,No,0.0066876
1166-PQLGG,Low-Value,19.55,Two year,72,No,0.006674721
8232-UTFOZ,Low-Value,19.95,Two year,69,No,0.006674721
0042-RLHYP,Low-Value,19.7,Two year,69,No,0.006674721
8747-UDCOI,Low-Value,19.35,Two year,65,No,0.006674721
0464-WJTKO,Low-Value,20.1,Two year,72,No,0.006674721
3678-MNGZX,Low-Value,19.95,Two year,68,No,0.006674721
3727-OWVYD,Low-Value,61.2,One year,35,No,0.006666297
9356-AXGMP,High-Value,110.7,One year,38,No,0.0066627646
7134-MJPDY,High-Value,102.85,One year,66,No,0.00664278
9674-EHPPG,Low-Value,40.4,Two year,46,No,0.0066342084
0481-SUMCB,High-Value,102.15,One year,45,No,0.00663407
6625-FLENO,Low-Value,20.75,Two year,58,No,0.0066215657
5380-XPJNZ,Low-Value,20.05,One year,38,No,0.0066106473
7251-LJBQN,High-Value,103.75,One year,40,No,0.0066039274
1468-DEFNC,Low-Value,24.4,Two year,64,No,0.0065593347
0222-CNVPT,Low-Value,48.8,Month-to-month,52,No,0.006555797
7729-XBTWX,Low-Value,19.75,Two year,66,No,0.00654738
3229-USWAR,High-Value,79.95,One year,34,No,0.006534886
9945-PSVIP,Low-Value,18.7,Two year,25,No,0.006534651
8100-HZZLJ,Low-Value,63.95,Month-to-month,43,No,0.006522852
5032-USPKF,High-Value,84.1,One year,38,No,0.0065163597
9822-BIIGN,High-Value,71.85,Month-to-month,53,No,0.0065063746
2267-FPIMA,High-Value,94.4,Month-to-month,50,No,0.0064915717
0455-ENTCR,High-Value,85.25,Two year,66,No,0.006482586
1439-LCGVL,Low-Value,19.2,One year,26,No,0.006478306
7691-KGKGP,Low-Value,65.0,Month-to-month,53,No,0.006465784
6933-VLYFX,Low-Value,59.95,One year,31,No,0.006451323
1282-IHQAC,Low-Value,44.05,One year,70,No,0.0064509897
7711-GQBZC,Low-Value,24.7,Two year,71,No,0.0064434884
6762-NSODU,Low-Value,19.4,Two year,46,No,0.0064213453
1169-SAOCL,High-Value,106.65,One year,49,No,0.0064173155
1099-BTKWT,Low-Value,54.4,One year,68,No,0.0064085014
0723-FDLAY,High-Value,85.25,One year,44,No,0.006358465
9912-OMZDS,High-Value,106.15,One year,59,No,0.0063328845
9644-KVCNC,High-Value,92.15,One year,66,No,0.0063277436
7156-MXBJE,High-Value,85.1,One year,43,No,0.006289759
5014-WUQMG,High-Value,96.1,One year,47,No,0.0062867496
4879-GZLFH,High-Value,92.15,Month-to-month,42,No,0.0062371674
2172-EJXVF,High-Value,105.9,One year,71,No,0.0062332526
8952-WCVCD,High-Value,104.45,One year,41,No,0.0062309876
7110-BDTWG,Low-Value,47.05,Two year,71,No,0.006227212
9838-BFCQT,Low-Value,26.1,Two year,72,No,0.0062251
2892-GESUL,Low-Value,19.35,Two year,18,No,0.006224914
1265-HVPZB,Low-Value,66.4,One year,59,No,0.006179449
6685-GBWJZ,High-Value,70.8,One year,63,No,0.006179449
0134-XWXCE,High-Value,74.85,One year,44,No,0.006170258
0679-TDGAK,High-Value,75.5,One year,50,No,0.0061447336
3566-CAAYU,Low-Value,49.85,Two year,64,No,0.006135399
1240-HCBOH,Low-Value,26.1,Two year,67,No,0.006123832
2924-KHUVI,High-Value,100.55,One year,56,No,0.006118929
0626-QXNGV,Low-Value,24.15,Two year,72,No,0.0061068977
1767-CJKBA,Low-Value,25.1,Two year,66,No,0.006105928
1705-GUHPV,Low-Value,24.2,Two year,63,No,0.006105928
5854-KSRBJ,Low-Value,25.4,Two year,70,No,0.006105928
4458-KVRBJ,Low-Value,25.0,Two year,59,No,0.006105928
0603-TPMIB,Low-Value,25.45,Two year,59,No,0.006105928
7136-IHZJA,High-Value,71.35,Month-to-month,40,No,0.0060931277
8402-OOOHJ,Low-Value,20.65,Two year,41,No,0.0060885265
0479-HMSWA,High-Value,105.45,Two year,26,No,0.006085714
7472-EQOAV,High-Value,86.7,One year,71,No,0.006045576
9610-WCESF,Low-Value,43.9,Two year,67,No,0.0060417983
7789-CRUVC,High-Value,94.2,Month-to-month,61,No,0.006037447
3486-NPGST,Low-Value,19.55,One year,36,No,0.0060249353
8033-VCZGH,High-Value,103.95,One year,50,No,0.0060231625
1167-OYZJF,Low-Value,20.05,Two year,67,No,0.00602145
7225-IILWY,Low-Value,25.75,Two year,68,No,0.00601794
3913-RDSJZ,Low-Value,25.55,Two year,64,No,0.0060065873
8932-CZHRQ,High-Value,76.75,One year,68,No,0.0059958072
2314-TNDJQ,Low-Value,55.65,Two year,72,No,0.005994966
7274-CGTOD,Low-Value,43.7,Two year,62,No,0.005994122
7607-QKKTJ,High-Value,95.0,One year,45,No,0.005991926
5236-XMZJY,Low-Value,59.65,Month-to-month,42,No,0.005991821
3162-ZJZFU,High-Value,92.55,Month-to-month,53,No,0.0059824134
4560-WQAQW,Low-Value,68.7,One year,59,No,0.0059789415
9953-ZMKSM,Low-Value,25.25,Two year,63,No,0.0059786607
4018-PPNDW,Low-Value,24.1,Two year,61,No,0.0059786607
9087-EYCPR,Low-Value,25.0,Two year,60,No,0.0059786607
6651-RLGGM,Low-Value,26.3,Two year,67,No,0.0059786607
3967-VQOGC,Low-Value,24.9,Two year,67,No,0.0059786607
9593-CVZKR,Low-Value,24.45,Two year,56,No,0.0059786607
0854-UYHZD,Low-Value,19.55,Two year,13,No,0.0059781335
2519-LBNQL,High-Value,104.35,One year,60,No,0.0059747654
8221-HVAYI,Low-Value,69.15,Two year,35,No,0.0059727496
6377-WHAOX,High-Value,106.15,Month-to-month,60,No,0.00597162
2725-IWWBA,Low-Value,56.9,One year,46,No,0.0059652124
8946-BFWSG,Low-Value,25.25,Two year,63,No,0.005964692
2197-OMWGI,Low-Value,53.0,Two year,68,No,0.005955759
5171-EPLKN,Low-Value,19.85,Two year,27,No,0.005943531
7503-EPSZW,Low-Value,24.05,Two year,64,No,0.005931657
9715-SBVSU,Low-Value,61.4,Two year,14,No,0.005927955
5075-JSDKI,Low-Value,24.45,Two year,59,No,0.005911161
3442-ZHHCC,High-Value,76.9,One year,68,No,0.00587953
5791-KAJFD,Low-Value,68.75,One year,56,No,0.005870604
4501-UYKBC,Low-Value,69.1,One year,46,No,0.0058329604
9659-QEQSY,High-Value,115.65,Month-to-month,45,No,0.00582392
2927-QRRQV,High-Value,94.65,One year,46,No,0.005805308
9470-YFUYI,High-Value,71.0,One year,71,No,0.005794972
7951-VRDVK,High-Value,85.85,One year,36,No,0.0057935575
2192-CKRLV,Low-Value,49.2,Two year,72,No,0.005793423
4075-JFPGR,High-Value,93.5,One year,51,No,0.0057641063
1154-HYWWO,High-Value,70.6,One year,38,No,0.005758488
4135-FRWKJ,High-Value,76.25,One year,55,No,0.0057557477
7901-TBKJX,High-Value,101.05,Month-to-month,56,No,0.0057523483
8184-WMOFI,High-Value,71.4,One year,62,No,0.00574869
7690-KPNCU,High-Value,73.05,One year,64,No,0.00574869
9200-NLNPD,Low-Value,54.05,One year,56,No,0.005735182
7606-BPHHN,Low-Value,19.8,Two year,72,No,0.0057217414
5848-FHRFC,Low-Value,20.05,Two year,68,No,0.0057217414
4795-WRNVT,Low-Value,65.1,Month-to-month,40,No,0.0057183052
2639-UGMAZ,Low-Value,56.45,One year,71,No,0.0057170205
7581-EBBOU,Low-Value,70.15,One year,60,No,0.0057001454
0654-PQKDW,High-Value,70.75,One year,62,No,0.0057001454
1264-FUHCX,Low-Value,56.3,One year,49,No,0.005695766
2097-YVPKN,Low-Value,25.75,Two year,65,No,0.005683042
2558-BUOZZ,High-Value,94.8,One year,47,No,0.0056725484
5787-KXGIY,Low-Value,19.3,Two year,72,No,0.0056619425
2253-KPMNB,Low-Value,46.25,Two year,69,No,0.0056516435
4682-BLBUC,High-Value,70.95,One year,44,No,0.0056403065
5063-IUOKK,Low-Value,19.75,Two year,13,No,0.0056357486
6119-SPUDB,Low-Value,38.25,Two year,46,No,0.0056354413
7473-ZBDSN,Low-Value,18.8,Two year,14,No,0.005632401
4676-WLUHT,Low-Value,46.2,Two year,54,No,0.005626422
2379-GYFLQ,High-Value,94.9,One year,46,No,0.0056165624
2676-SSLTO,Low-Value,66.15,Two year,49,No,0.005596863
4553-DVPZG,High-Value,101.35,Month-to-month,62,No,0.005554377
3454-JFUBC,Low-Value,20.0,Two year,68,No,0.0055530495
5387-ASZNZ,Low-Value,63.85,One year,66,No,0.0055414545
4565-EVZMJ,Low-Value,58.9,One year,47,No,0.005535674
0872-CASZJ,Low-Value,69.1,One year,59,No,0.005535025
3567-PQTSO,High-Value,105.25,One year,53,No,0.005528966
3649-JPUGY,High-Value,88.6,Two year,72,No,0.005520501
3249-VHRIP,Low-Value,43.6,Two year,62,No,0.005515174
2669-OIDSD,High-Value,100.05,Month-to-month,48,No,0.0055150716
7696-CFTAT,Low-Value,19.8,Two year,37,No,0.005513963
1020-JPQOW,High-Value,90.55,Month-to-month,56,No,0.005469648
7826-VVKWT,High-Value,96.55,Two year,24,No,0.005462426
9917-KWRBE,High-Value,78.35,One year,41,No,0.0054577785
3160-TYXLT,Low-Value,46.3,Month-to-month,53,No,0.0054560085
2408-PSJVE,Low-Value,61.9,Month-to-month,44,No,0.005436137
4128-ETESU,High-Value,99.7,Month-to-month,47,No,0.0054268455
4188-FRABG,High-Value,103.05,Month-to-month,57,No,0.0054228934
0795-GMVQO,High-Value,109.9,One year,67,No,0.005404739
8384-FZBJK,High-Value,100.6,Month-to-month,57,No,0.0053988877
6505-OZNPG,Low-Value,63.4,Two year,6,No,0.0053759683
1921-KYSAY,Low-Value,68.6,One year,41,No,0.0053710495
2027-DNKIV,Low-Value,58.75,One year,37,No,0.005354111
8879-ZKJOF,High-Value,79.85,One year,41,No,0.005325985
4837-PZTIC,Low-Value,41.9,Two year,47,No,0.0053234394
6891-JPYFF,High-Value,105.25,Month-to-month,48,No,0.005312172
2014-MKGMH,High-Value,101.1,One year,46,No,0.005311827
9500-WBGRP,Low-Value,19.1,Two year,69,No,0.005294949
1833-TCXKK,High-Value,107.75,Month-to-month,45,No,0.005275773
4703-MQYKT,Low-Value,19.6,Two year,21,No,0.0052387123
9114-AAFQH,Low-Value,65.65,One year,48,No,0.0052355826
9251-WNSOD,High-Value,75.1,One year,67,No,0.005230166
5897-ZYEKH,High-Value,105.6,One year,67,No,0.005207048
1299-AURJA,Low-Value,24.7,Two year,70,No,0.005203337
6368-NWMCE,Low-Value,68.15,Month-to-month,38,No,0.0052003316
7103-ZGVNT,High-Value,73.7,One year,69,No,0.0051930966
4567-AKPIA,High-Value,109.1,One year,41,No,0.0051903776
7520-HQWJU,Low-Value,67.45,Month-to-month,66,No,0.0051733847
4821-WQOYN,Low-Value,20.1,Two year,72,No,0.0051625953
8152-UOBNY,High-Value,106.8,One year,50,No,0.0051597627
2696-ECXKC,High-Value,100.9,One year,55,No,0.005158948
9018-PCIOK,Low-Value,64.75,Two year,55,No,0.005151249
3621-CHYVB,Low-Value,49.9,Month-to-month,57,No,0.0051322947
1832-PEUTS,High-Value,89.1,Two year,62,No,0.0051222444
7018-FPXHH,Low-Value,59.8,Two year,56,No,0.0051130014
8224-KDLKN,Low-Value,25.0,Two year,72,No,0.0051036207
4565-NLZBV,Low-Value,24.65,Two year,71,No,0.0051036207
6992-TKNYO,Low-Value,69.0,One year,38,No,0.005081789
5656-MJEFC,Low-Value,48.15,Two year,42,No,0.005064307
2898-MRKPI,High-Value,101.05,One year,68,No,0.005057601
1728-CXQBE,High-Value,94.25,Month-to-month,64,No,0.0050517567
3399-BMLVW,Low-Value,60.5,Two year,51,No,0.0050351173
8565-HBFNN,High-Value,107.2,One year,69,No,0.0050223675
4522-XRWWI,High-Value,80.45,One year,42,No,0.005018578
0930-EHUZA,High-Value,76.35,One year,36,No,0.005009664
1866-NXPSP,High-Value,75.55,One year,36,No,0.005009664
3569-VLDHH,High-Value,75.1,One year,66,No,0.00500858
3413-DHLPB,High-Value,103.75,Month-to-month,60,No,0.0050067552
5614-DNZCE,Low-Value,64.9,Two year,58,No,0.0049889544
0885-HMGPY,Low-Value,69.4,Two year,62,No,0.0049889544
9359-UGBTK,High-Value,72.35,One year,67,No,0.004940812
4227-OJHAL,High-Value,73.0,One year,68,No,0.004940812
8268-YDIXR,High-Value,93.15,One year,56,No,0.0049324287
1707-HABPF,High-Value,91.3,One year,46,No,0.0049025184
1354-YZFNB,Low-Value,19.55,Two year,4,No,0.0048969495
5406-KGRMX,Low-Value,24.55,Two year,71,No,0.0048892717
0234-TEVTT,Low-Value,45.0,One year,48,No,0.004886456
2883-ILGWO,High-Value,104.9,Month-to-month,57,No,0.004867397
1032-MAELW,High-Value,78.45,One year,68,No,0.0048444853
9107-UKCKY,High-Value,79.8,One year,61,No,0.004802926
8401-EMUWF,Low-Value,69.4,Month-to-month,42,No,0.004796992
5126-RCXYW,Low-Value,46.0,Two year,54,No,0.004786557
4906-ZHGPK,High-Value,70.7,One year,54,No,0.00478469
3224-DFQNQ,High-Value,89.0,One year,66,No,0.004775397
9742-XOKTS,High-Value,89.55,One year,67,No,0.004775397
6266-QHOJZ,High-Value,89.85,One year,65,No,0.004775397
4007-NHVHI,High-Value,96.85,Month-to-month,56,No,0.004773532
4079-VTGLK,High-Value,74.85,Two year,30,No,0.004725684
9746-MDMBK,High-Value,113.45,One year,47,No,0.0047097825
4702-HDRKD,Low-Value,49.35,One year,67,No,0.004676515
9885-MFVSU,Low-Value,46.35,Two year,35,No,0.004658368
0975-UYDTX,High-Value,90.1,One year,26,No,0.0046396367
7432-FFVAR,High-Value,90.95,One year,46,No,0.004632712
8777-PVYGU,Low-Value,64.3,One year,52,No,0.0046126978
4726-DLWQN,High-Value,70.35,Month-to-month,50,No,0.0046045496
6723-CEGQI,Low-Value,45.25,Two year,65,No,0.0046026595
7975-TZMLR,High-Value,103.1,One year,47,No,0.0045920084
2830-LEWOA,High-Value,103.9,One year,61,No,0.0045848563
4598-ZADCK,Low-Value,53.6,One year,53,No,0.004582648
9586-JGQKH,High-Value,105.4,Two year,64,No,0.004578893
6061-GWWAV,Low-Value,70.2,One year,41,No,0.004573085
2200-DSAAL,High-Value,80.65,Two year,68,No,0.004569442
6199-IWKGC,High-Value,100.25,One year,46,No,0.0045456304
5195-KPUNQ,High-Value,96.75,One year,53,No,0.004537316
7601-DHFWZ,Low-Value,24.0,Two year,48,No,0.004519445
9720-JJJOR,Low-Value,60.3,One year,41,No,0.0045076953
9060-HJJRW,Low-Value,56.4,One year,51,No,0.0045064352
2348-KCJLT,Low-Value,61.5,One year,44,No,0.0044957777
8929-KSWIH,High-Value,99.3,Two year,25,No,0.004485486
9391-LMANN,High-Value,95.95,One year,53,No,0.004446961
0725-CXOTM,High-Value,89.65,One year,36,No,0.0044431943
1492-QGCLU,High-Value,85.7,Month-to-month,53,No,0.0044125067
4374-YMUSQ,High-Value,116.25,One year,34,No,0.004411152
0017-DINOC,Low-Value,45.2,Two year,54,No,0.00439981
8780-YRMTT,Low-Value,47.4,Two year,66,No,0.0043838867
1469-LBJQJ,High-Value,105.2,Month-to-month,66,No,0.0043663955
3181-VTHOE,Low-Value,51.05,One year,70,No,0.0043638507
0635-WKOLD,High-Value,70.75,One year,40,No,0.0043530455
5802-ADBRC,High-Value,104.4,One year,50,No,0.004346681
2169-RRLFW,Low-Value,25.6,Two year,71,No,0.0043416335
4231-LZUYM,Low-Value,25.65,Two year,72,No,0.0043416335
5743-KHMNA,Low-Value,25.55,Two year,71,No,0.0043416335
1987-AUELQ,Low-Value,25.05,Two year,71,No,0.0043416335
9289-LBQVU,Low-Value,70.15,One year,64,No,0.0043348265
5975-BAICR,Low-Value,63.7,One year,36,No,0.004334082
7445-WMRBW,High-Value,73.85,One year,48,No,0.00432439
3908-MKIMJ,Low-Value,41.95,Two year,68,No,0.004312499
4908-XAXAY,High-Value,89.85,One year,49,No,0.0043121423
4922-CVPDX,High-Value,73.5,Two year,26,No,0.0043077897
5884-FBCTL,Low-Value,25.1,Two year,72,No,0.0043076854
0174-QRVVY,Low-Value,25.35,Two year,71,No,0.0043076854
6362-QHAFM,High-Value,108.3,One year,42,No,0.0043069185
4531-AUZNK,High-Value,95.15,One year,51,No,0.0043043187
4443-EMBNA,Low-Value,24.75,Two year,71,No,0.0042954152
2509-TFPJU,Low-Value,25.75,Two year,72,No,0.0042954152
3261-CQXOL,Low-Value,25.45,Two year,71,No,0.0042954152
6285-FTQBF,Low-Value,25.55,Two year,72,No,0.0042954152
4707-MAXGU,Low-Value,25.85,Two year,72,No,0.0042954152
5598-IKHQQ,Low-Value,25.45,Two year,72,No,0.0042954152
0394-YONDK,Low-Value,25.15,Two year,70,No,0.0042954152
6181-AXXYF,Low-Value,24.75,Two year,72,No,0.0042954152
1926-QUZNN,Low-Value,25.25,Two year,72,No,0.0042954152
8749-TZYEC,Low-Value,24.8,Two year,72,No,0.0042954152
8237-ULIXL,Low-Value,24.85,Two year,72,No,0.0042954152
4836-WNFNO,Low-Value,25.0,Two year,72,No,0.0042954152
2361-UPSND,High-Value,70.6,One year,46,No,0.0042943796
2211-RMNHO,High-Value,85.3,Two year,68,No,0.004283119
4816-OKWNX,High-Value,103.4,One year,50,No,0.0042610746
3055-VTCGS,Low-Value,58.55,One year,63,No,0.004257877
2541-YGPKE,Low-Value,63.7,One year,42,No,0.004244843
8311-UEUAB,High-Value,75.5,Two year,67,No,0.0042414987
8046-DNVTL,Low-Value,38.6,Two year,62,No,0.004230565
2162-FRZAA,Low-Value,39.35,Two year,63,No,0.004230565
6837-HAEVO,High-Value,105.0,Two year,69,No,0.0042277756
0595-ITUDF,High-Value,91.8,Month-to-month,64,No,0.0042233695
9000-PLFUZ,Low-Value,49.45,Two year,60,No,0.004218399
1708-PBBOA,Low-Value,54.75,One year,42,No,0.0042162584
4086-WITJG,Low-Value,19.7,Two year,71,No,0.0042129327
0661-KBKPA,High-Value,78.75,One year,53,No,0.0042057573
3941-XTSKM,Low-Value,45.1,One year,42,No,0.004203248
9209-NWPGU,Low-Value,65.4,One year,44,No,0.004197735
4578-PHJYZ,Low-Value,68.75,One year,52,No,0.0041921493
6897-RWMUB,Low-Value,68.05,Two year,61,No,0.0041918247
0412-UCCNP,Low-Value,59.2,Two year,55,No,0.004163248
2391-IPLOP,Low-Value,69.65,One year,50,No,0.004151691
2205-LPVGL,High-Value,89.85,One year,58,No,0.0041340976
2452-MRMZF,Low-Value,25.7,Two year,72,No,0.0041189794
3836-FZSDJ,Low-Value,24.85,Two year,71,No,0.0041189794
0237-YFUTL,High-Value,109.65,Month-to-month,50,No,0.0040970603
4115-BNPJY,High-Value,75.55,Two year,29,No,0.004084637
2284-VFLKH,High-Value,99.25,One year,49,No,0.0040826453
6332-FBZRI,Low-Value,69.35,One year,67,No,0.004078812
4626-OZDTJ,High-Value,78.65,One year,51,No,0.0040757935
4589-IUAJB,Low-Value,24.25,Two year,70,No,0.004070575
9153-BTBVV,Low-Value,25.0,Two year,71,No,0.004070575
4193-IBKSW,Low-Value,24.75,Two year,72,No,0.004070575
9803-FTJCG,Low-Value,66.85,One year,71,No,0.004062539
6427-FEFIG,High-Value,78.6,Two year,24,No,0.00405203
3082-YVEKW,High-Value,77.15,Two year,23,No,0.00405203
0678-RLHVP,High-Value,105.55,Two year,53,No,0.0040500755
6867-ACCZI,Low-Value,52.5,Two year,24,No,0.0040410245
5120-ZBLAI,High-Value,75.7,One year,50,No,0.004034932
7691-XVTZH,High-Value,89.95,Two year,68,No,0.004024028
0060-FUALY,High-Value,94.75,Month-to-month,59,No,0.0040175905
1217-VASWC,High-Value,100.55,One year,43,No,0.0040093716
3327-YBAKM,High-Value,96.9,One year,64,No,0.0040076543
4989-LIXVT,High-Value,95.9,Month-to-month,68,No,0.0040035374
6463-MVYRY,Low-Value,69.85,Two year,57,No,0.003979661
2999-AANRQ,High-Value,71.05,Two year,21,No,0.0039732982
4091-TVOCN,High-Value,78.75,One year,48,No,0.003973198
7100-FQPRV,High-Value,71.9,One year,43,No,0.0039718268
0292-WEGCH,High-Value,86.2,Month-to-month,54,No,0.003971012
1485-YDHMM,High-Value,93.25,Month-to-month,52,No,0.0039689546
7833-PKIHD,High-Value,76.4,One year,51,No,0.0039578974
0931-MHTEM,High-Value,100.05,One year,54,No,0.0039560404
6917-FIJHC,Low-Value,26.0,Two year,72,No,0.00394406
1338-CECEE,Low-Value,68.5,One year,41,No,0.003938227
1035-IPQPU,High-Value,103.5,Month-to-month,63,No,0.0039349287
6655-LHBYW,High-Value,114.35,One year,50,No,0.0039215437
6322-PJJDJ,High-Value,94.8,Two year,49,No,0.0039104023
6893-ODYYE,High-Value,90.1,One year,50,No,0.0038912168
8318-LCNBW,Low-Value,53.15,One year,35,No,0.0038814351
9362-MWODR,Low-Value,64.1,Month-to-month,40,No,0.0038612045
2931-XIQBR,High-Value,103.05,One year,50,No,0.003853445
8910-ICHIU,High-Value,95.65,One year,46,No,0.0038466456
9871-ELEYA,Low-Value,67.65,Two year,34,No,0.003836132
8785-CJSHH,High-Value,99.8,Month-to-month,60,No,0.0038311237
0848-SOMKO,Low-Value,48.4,Two year,70,No,0.0038291446
2160-GPFXD,Low-Value,65.65,Two year,54,No,0.003815123
5965-GGPRW,High-Value,105.25,Two year,72,No,0.0038024543
3096-WPXBT,High-Value,100.7,One year,61,No,0.003775365
4191-XOVOM,High-Value,105.4,Month-to-month,63,No,0.0037682413
3657-COGMW,High-Value,108.1,Month-to-month,52,No,0.0037508798
4070-OKWVH,High-Value,94.6,Month-to-month,52,No,0.0037364638
9127-QRZMH,Low-Value,59.85,One year,44,No,0.003735713
5447-WZAFP,High-Value,100.3,One year,53,No,0.0037320466
3316-UWXUY,High-Value,93.5,Month-to-month,50,No,0.0037218113
2386-OWURY,High-Value,95.3,Month-to-month,58,No,0.0037092348
7980-MHFLQ,Low-Value,24.9,Two year,72,No,0.0037053619
1091-SOZGA,High-Value,99.8,One year,56,No,0.0037021965
0607-MVMGC,High-Value,78.75,One year,45,No,0.0037001935
3807-BPOMJ,High-Value,94.75,One year,55,No,0.0036893918
1545-ACTAS,High-Value,99.7,One year,48,No,0.0036892546
6024-RUGGH,Low-Value,25.2,Two year,72,No,0.0036725039
6976-BWGLQ,Low-Value,25.2,Two year,72,No,0.0036725039
3148-AOIQT,Low-Value,24.95,Two year,69,No,0.0036725039
7115-IRDHS,Low-Value,24.65,Two year,72,No,0.0036725039
9430-NKQLY,Low-Value,25.1,Two year,72,No,0.0036725039
0480-KYJVA,Low-Value,24.25,Two year,72,No,0.0036725039
4656-CAURT,Low-Value,23.95,Two year,69,No,0.0036725039
4195-PNGZS,Low-Value,24.45,Two year,69,No,0.0036725039
0533-UCAAU,High-Value,71.1,One year,57,No,0.003670053
8375-KVTHK,High-Value,100.3,One year,68,No,0.003666012
4334-HOWRP,Low-Value,64.95,Two year,72,No,0.0036616742
2371-KFUOG,High-Value,99.15,One year,58,No,0.0036583114
4118-CEVPF,High-Value,110.8,One year,35,No,0.003653995
3948-KXDUF,Low-Value,68.75,Two year,66,No,0.0036506027
1925-LFCZZ,Low-Value,50.05,One year,55,No,0.0036504173
2267-WTPYD,High-Value,94.0,Month-to-month,57,No,0.003647938
1548-FEHVL,High-Value,106.2,Month-to-month,61,No,0.0036463353
5846-ABOBJ,Low-Value,24.45,Two year,71,No,0.0036435644
9964-WBQDJ,Low-Value,24.4,Two year,71,No,0.0036435644
5220-AGAAX,Low-Value,24.0,Two year,68,No,0.0036435644
9397-TZSHA,Low-Value,24.6,Two year,69,No,0.0036435644
7014-ZZXAW,Low-Value,24.25,Two year,71,No,0.0036435644
5339-TJFEK,High-Value,105.5,Month-to-month,62,No,0.003641607
5181-OABFK,Low-Value,61.3,Two year,56,No,0.003604466
0961-ZWLVI,High-Value,109.2,One year,49,No,0.0035779558
5002-GCQFH,High-Value,93.85,Month-to-month,49,No,0.0035719192
3950-VPYJB,Low-Value,59.6,One year,57,No,0.0035675908
9391-DXGGG,High-Value,89.15,One year,44,No,0.0035670467
6418-PIQSP,High-Value,81.0,Two year,62,No,0.0035663482
7925-PNRGI,High-Value,81.3,Month-to-month,45,No,0.0035620942
6353-BRMMA,High-Value,104.1,Month-to-month,54,No,0.0035606052
6963-KQYQB,Low-Value,24.05,Two year,70,No,0.0035583153
8774-GSBUN,Low-Value,25.4,Two year,72,No,0.0035583153
5414-OFQCB,High-Value,90.45,Two year,57,No,0.0035438589
5304-EFJLP,High-Value,111.65,Two year,72,No,0.0035371315
1936-CZAKF,Low-Value,49.65,Two year,49,No,0.0035360693
6484-LATFU,Low-Value,24.55,Two year,68,No,0.003530274
4312-GVYNH,Low-Value,49.85,Two year,70,No,0.0035239945
7771-ZONAT,Low-Value,56.75,Two year,22,No,0.0035205986
5296-PSYVW,Low-Value,24.55,Two year,72,No,0.0035180466
5130-YPIRV,High-Value,72.0,Two year,62,No,0.0034755426
6603-YRDCJ,Low-Value,61.05,Two year,33,No,0.003467402
1116-DXXDF,High-Value,100.45,Two year,39,No,0.0034622338
5825-XJOCM,Low-Value,64.4,One year,48,No,0.0034472847
4010-YLMVT,High-Value,106.6,Month-to-month,56,No,0.0034391056
5356-KZCKT,Low-Value,24.45,Two year,58,No,0.0034190852
7876-AEHIG,Low-Value,60.15,One year,51,No,0.0034112546
7524-VRLPL,High-Value,74.1,Two year,69,No,0.0034022147
2245-ADZFJ,High-Value,80.55,Two year,31,No,0.003401922
0562-KBDVM,Low-Value,44.6,Two year,70,No,0.0033843108
9286-BHDQG,Low-Value,45.25,Two year,72,No,0.0033843108
7471-MQPOS,High-Value,72.9,One year,71,No,0.0033799068
7130-YXBRO,High-Value,111.45,Month-to-month,48,No,0.0033732122
9544-PYPSJ,High-Value,96.1,Month-to-month,62,No,0.003354668
2580-ATZSQ,Low-Value,61.35,One year,65,No,0.0033506637
9670-BPNXF,Low-Value,62.55,One year,45,No,0.0033238586
6161-ERDGD,High-Value,85.45,One year,71,No,0.003319254
2452-KDRRH,High-Value,101.4,Month-to-month,67,No,0.00331261
9140-CZQZZ,High-Value,79.6,Two year,68,No,0.0032990149
5214-NLTIT,High-Value,90.8,Two year,72,No,0.003294166
7596-ZYWBB,Low-Value,59.6,Two year,65,No,0.0032908001
1543-LLLFT,High-Value,98.3,One year,61,No,0.0032827132
8421-WZOOW,High-Value,95.3,Month-to-month,57,No,0.0032711537
1470-PSXNM,High-Value,93.65,One year,49,No,0.0032633755
1427-VERSM,High-Value,98.7,Month-to-month,56,No,0.0032448329
1414-YADCW,High-Value,84.6,Two year,70,No,0.0032360707
8738-JOKAR,Low-Value,67.7,One year,42,No,0.0032317857
5229-DTFYB,High-Value,98.8,Two year,41,No,0.0032103506
9769-TSBZE,Low-Value,66.0,Two year,70,No,0.0031732908
7572-KPVKK,High-Value,104.05,Two year,62,No,0.0031714512
2972-YDYUW,High-Value,94.7,One year,57,No,0.0031700782
8722-PRFDV,High-Value,77.55,Two year,71,No,0.0031623724
3902-MIVLE,High-Value,75.7,Two year,63,No,0.0031354036
3162-KKZXO,High-Value,100.15,One year,55,No,0.0031259495
3740-RLMVT,Low-Value,60.95,One year,67,No,0.0031245202
8535-SFUTN,High-Value,106.45,Month-to-month,61,No,0.0031227206
8406-LNMHF,High-Value,82.95,One year,59,No,0.0031174482
8550-XSXUQ,High-Value,70.55,One year,48,No,0.0031013358
7789-HKSBS,High-Value,105.2,One year,42,No,0.0030885804
7696-AMHOD,High-Value,78.0,One year,49,No,0.0030671195
1301-LOPVR,Low-Value,55.35,One year,29,No,0.0030534328
0815-MFZGM,High-Value,99.0,Two year,42,No,0.003046844
1013-QCWAM,High-Value,100.8,Month-to-month,66,No,0.0030459391
5443-SCMKX,High-Value,94.3,One year,58,No,0.0030420506
2612-PHGOX,High-Value,76.1,Two year,64,No,0.003039183
8265-HKSOW,High-Value,107.45,Two year,72,No,0.0030329307
5473-KHBPS,High-Value,95.7,One year,52,No,0.0030202745
5294-IMHHT,High-Value,97.75,One year,53,No,0.0030202745
1810-BOHSY,High-Value,96.4,One year,51,No,0.0030158383
7629-WFGLW,High-Value,95.65,One year,56,No,0.0030133575
0459-SPZHJ,High-Value,83.5,Two year,63,No,0.003012163
2256-YLYLP,High-Value,72.95,Two year,68,No,0.0030116576
5329-KRDTM,High-Value,77.35,Two year,72,No,0.0030046916
6284-KMNUF,High-Value,98.0,One year,56,No,0.003001615
0567-XRHCU,Low-Value,43.95,Two year,69,No,0.0029992384
0526-SXDJP,Low-Value,42.1,Two year,72,No,0.0029959693
6627-CFOSN,High-Value,99.45,Month-to-month,59,No,0.0029731577
7162-WPHPM,High-Value,71.6,Two year,58,No,0.0029634614
2091-GPPIQ,High-Value,78.95,Two year,72,No,0.0029518788
0771-CHWSK,High-Value,74.6,Two year,66,No,0.002947362
5605-XNWEN,Low-Value,25.0,Two year,72,No,0.002945143
1131-QQZEB,Low-Value,23.95,Two year,71,No,0.002945143
5334-AFQJB,Low-Value,25.1,Two year,72,No,0.002945143
1635-NZATJ,Low-Value,25.45,Two year,71,No,0.002945143
8735-SDUFN,Low-Value,24.3,Two year,72,No,0.002945143
0795-XCCTE,Low-Value,25.4,Two year,72,No,0.002945143
2453-SAFNS,High-Value,72.1,One year,54,No,0.0029371334
5693-PIPCS,High-Value,99.65,Two year,41,No,0.002913408
4937-QPZPO,High-Value,99.9,One year,61,No,0.0029057665
7856-GANIL,High-Value,98.7,One year,45,No,0.0028828417
2649-HWLYB,High-Value,76.15,Two year,65,No,0.0028815838
2753-JMMCV,High-Value,74.2,Two year,65,No,0.0028815838
6733-LRIZX,High-Value,108.95,Two year,35,No,0.0028749683
7153-CHRBV,Low-Value,59.3,One year,57,No,0.0028707953
0674-GCDXG,High-Value,71.9,Two year,63,No,0.0028571808
0277-ORXQS,Low-Value,50.55,Two year,66,No,0.0028527458
7188-CBBBA,High-Value,95.5,One year,65,No,0.002850327
2498-XLDZR,High-Value,73.6,Two year,32,No,0.0028443863
6603-QWSPR,High-Value,104.4,Two year,46,No,0.0028286695
8091-TTVAX,High-Value,100.35,One year,58,No,0.002828308
6614-YWYSC,Low-Value,25.0,Two year,61,No,0.0028234718
9677-AVKED,High-Value,84.6,One year,53,No,0.0028152312
2451-YMUXS,Low-Value,64.55,Two year,67,No,0.0028096174
0516-UXRMT,High-Value,92.05,One year,62,No,0.0028073632
2806-MLNTI,High-Value,105.1,One year,52,No,0.0028032067
8468-EHYJA,High-Value,99.65,Month-to-month,57,No,0.0028024816
4622-YNKIJ,High-Value,88.95,Two year,33,No,0.0027996567
0575-CUQOV,High-Value,97.95,One year,60,No,0.0027831316
8133-ANHHJ,High-Value,103.0,One year,49,No,0.0027743066
1573-LGXBA,High-Value,97.55,One year,57,No,0.0027742456
9411-TPQQV,Low-Value,54.55,One year,40,No,0.002774243
2724-FJDYW,Low-Value,54.85,One year,39,No,0.002774243
0916-KNFAJ,Low-Value,69.9,Two year,61,No,0.0027741839
5699-BNCAS,Low-Value,24.65,Two year,71,No,0.0027625023
8200-LGKSR,High-Value,83.2,Two year,71,No,0.002754372
2651-ZCBXV,High-Value,108.0,Two year,54,No,0.0027506799
7191-ADRGF,Low-Value,54.3,Two year,44,No,0.0027397822
1265-BCFEO,High-Value,80.45,Two year,71,No,0.0027172742
6248-TKCQV,High-Value,80.6,Two year,70,No,0.0027157033
8715-KKTFG,High-Value,103.3,One year,61,No,0.002695788
5131-PONJI,High-Value,90.4,Month-to-month,49,No,0.0026657942
1661-CZBAU,High-Value,70.95,One year,48,No,0.0026644836
8469-SNFFH,High-Value,79.4,One year,70,No,0.002658014
2302-OUZXB,High-Value,82.15,Two year,72,No,0.0026566174
1591-MQJTP,High-Value,93.65,One year,51,No,0.0026560829
7921-LMDFQ,High-Value,94.0,One year,51,No,0.0026560829
8565-WUXZU,High-Value,84.8,Two year,72,No,0.0026523795
4568-KNYWR,Low-Value,63.25,Two year,52,No,0.0026514651
9058-HRZSV,High-Value,94.4,Month-to-month,65,No,0.0026387775
1814-WFGVS,Low-Value,48.9,Two year,72,No,0.0026365258
7426-GSWPO,High-Value,103.5,Month-to-month,64,No,0.0026311958
0750-EBAIU,High-Value,91.25,One year,52,No,0.002626555
5804-HYIEZ,High-Value,106.05,Month-to-month,70,No,0.0026140718
4525-VZCZG,High-Value,105.85,One year,54,No,0.0026098583
0229-LFJAF,Low-Value,69.65,Two year,72,No,0.0026075542
7233-DRTRF,High-Value,102.4,Month-to-month,63,No,0.0026070818
2296-DKZFP,High-Value,71.0,Two year,65,No,0.002602362
0899-WZRSD,High-Value,105.35,Month-to-month,56,No,0.0026016987
2252-JHJGE,High-Value,104.0,One year,61,No,0.0026006212
9926-PJHDQ,High-Value,76.8,Two year,72,No,0.0025971185
2001-MCUUW,High-Value,108.65,Two year,46,No,0.0025934968
0254-KCJGT,High-Value,81.4,One year,52,No,0.0025895822
4176-FXYBO,High-Value,109.55,Month-to-month,54,No,0.0025889666
6749-UTDVX,High-Value,103.65,Two year,72,No,0.0025763286
8961-QDZZJ,High-Value,95.0,One year,57,No,0.002572391
6728-VOIFY,High-Value,96.0,One year,63,No,0.0025716813
6583-SZVGP,High-Value,108.1,Two year,48,No,0.0025637774
0083-PIVIK,High-Value,81.25,One year,64,No,0.0025520653
5982-PSMKW,High-Value,91.1,Two year,23,No,0.0025501277
3786-WOVKF,High-Value,106.85,One year,72,No,0.0025499226
4194-WHFCB,High-Value,96.65,Month-to-month,59,No,0.0025419863
3005-TYFRD,High-Value,103.65,Month-to-month,55,No,0.0025369232
6568-POCUI,High-Value,95.2,Two year,45,No,0.0025301508
9565-FLVCG,Low-Value,69.55,Two year,65,No,0.0025267487
3796-ENZGF,Low-Value,67.25,Two year,63,No,0.0025267487
2587-EKXTS,High-Value,111.5,Month-to-month,44,No,0.0025262847
0739-UUAJR,Low-Value,53.8,Two year,72,No,0.002519608
1074-AMIOH,High-Value,108.25,Month-to-month,53,No,0.002517587
8752-GHJFU,High-Value,92.0,One year,71,No,0.0025078477
5197-LQXXH,High-Value,83.3,Two year,71,No,0.0025011187
3938-YFPXD,High-Value,84.3,Two year,72,No,0.0025011187
7301-ABVAD,High-Value,86.6,Two year,72,No,0.0024762743
6870-ZWMNX,High-Value,76.1,Two year,70,No,0.0024756242
4654-ULTTN,High-Value,74.8,Two year,70,No,0.0024756242
3470-OBUET,High-Value,74.0,Two year,67,No,0.0024756242
6586-MYGKD,High-Value,76.95,Two year,70,No,0.0024756242
9974-JFBHQ,High-Value,99.15,Month-to-month,64,No,0.0024734712
8882-TLVRW,Low-Value,39.1,Two year,69,No,0.0024699254
5472-CVMDX,Low-Value,38.9,Two year,68,No,0.0024699254
5499-ECUTN,Low-Value,66.05,One year,47,No,0.00246828
3756-VNWDH,High-Value,100.75,One year,65,No,0.0024552087
7054-DMVAS,Low-Value,65.3,Two year,54,No,0.0024484466
2123-VSCOT,High-Value,72.1,Two year,59,No,0.0024484466
9500-IWPXQ,High-Value,79.4,One year,61,No,0.0024367536
2292-XQWSV,Low-Value,60.3,One year,40,No,0.002427308
7037-MTYVW,High-Value,85.4,Two year,38,No,0.0024196496
9199-PWQVC,High-Value,79.7,One year,63,No,0.002415527
2405-LBMUW,Low-Value,50.7,One year,61,No,0.0024129672
0602-DDUML,Low-Value,69.75,Two year,57,No,0.002407836
7349-ALMUX,Low-Value,65.6,Two year,37,No,0.0024011163
3758-CKOQL,High-Value,107.0,One year,59,No,0.0023984485
5174-ITUMV,High-Value,105.4,One year,67,No,0.0023952231
2144-BFDSO,High-Value,108.75,Month-to-month,50,No,0.002395183
0310-SUCIN,High-Value,84.8,One year,71,No,0.0023772076
5855-EIBDE,High-Value,106.65,Two year,49,No,0.0023670585
8226-BXGES,High-Value,89.45,One year,64,No,0.0023655905
9494-BDNNC,High-Value,95.3,One year,66,No,0.0023619058
9776-OJUZI,High-Value,95.45,Month-to-month,65,No,0.002361772
3511-BFTJW,Low-Value,38.5,Two year,72,No,0.0023592613
8242-PDSGJ,Low-Value,39.15,Two year,70,No,0.0023592613
0556-FJEGU,Low-Value,70.1,Two year,58,No,0.002333891
9481-WHGWY,High-Value,75.35,Two year,70,No,0.0023330585
8205-VSLRB,High-Value,77.3,Two year,70,No,0.0023330585
1930-WNXSB,High-Value,92.85,Month-to-month,58,No,0.0023212116
6229-UOLQL,Low-Value,52.0,One year,56,No,0.0023179252
0384-LPITE,Low-Value,62.05,One year,40,No,0.002316509
8313-AFGBW,High-Value,73.6,Two year,47,No,0.002315137
9091-WTUUY,Low-Value,69.25,Two year,64,No,0.002314101
2845-KDHVX,Low-Value,68.3,Two year,64,No,0.002314101
9821-BESNZ,High-Value,104.25,One year,66,No,0.002313994
0100-DUVFC,High-Value,104.8,One year,70,No,0.0023031193
0667-NSRGI,Low-Value,69.55,One year,48,No,0.002281967
4859-ZSRDZ,Low-Value,55.5,Two year,58,No,0.0022815815
0420-TXVSG,Low-Value,66.1,Two year,66,No,0.0022804292
8990-YOZLV,Low-Value,66.9,Two year,69,No,0.002280399
0487-RPVUM,High-Value,99.4,Month-to-month,61,No,0.0022791722
3585-YNADK,High-Value,74.6,One year,57,No,0.0022752308
7718-UPSKJ,High-Value,106.4,One year,69,No,0.0022667926
0993-OSGPT,Low-Value,60.65,One year,68,No,0.0022653737
1784-EZDKJ,High-Value,106.8,One year,51,No,0.002265044
9906-NHHVC,Low-Value,53.5,Two year,65,No,0.0022646077
5338-YHWYT,Low-Value,61.45,Two year,37,No,0.0022331732
6848-YLDFR,High-Value,75.2,One year,58,No,0.0022309462
4304-XUMGI,High-Value,75.15,Two year,50,No,0.002227193
2277-DJJDL,High-Value,99.0,Month-to-month,60,No,0.002224683
6087-YPWHO,Low-Value,68.15,Two year,72,No,0.0022207133
4293-ETKAP,High-Value,79.4,Two year,65,No,0.0022182676
5803-NQJZO,Low-Value,67.8,Two year,72,No,0.0022173158
0270-THENM,Low-Value,69.85,Two year,72,No,0.0022173158
5481-NTDOH,High-Value,107.05,One year,67,No,0.0022162749
4730-AWNAU,Low-Value,60.7,One year,36,No,0.0022113842
2773-MADBQ,Low-Value,53.1,Two year,36,No,0.0022038575
2927-CVULT,High-Value,104.05,Two year,53,No,0.0022001413
7779-ORAEL,High-Value,75.15,Two year,45,No,0.0021862595
2623-DRYAM,High-Value,101.75,One year,70,No,0.0021803477
4737-AQCPU,High-Value,72.1,Two year,72,No,0.002174455
6516-NKQBO,High-Value,81.0,Two year,38,No,0.002172204
6994-FGRHH,High-Value,106.15,One year,70,No,0.0021697453
2546-KZAAT,High-Value,75.4,One year,52,No,0.002168929
5321-NTRKC,High-Value,79.85,Two year,66,No,0.002167394
0810-DHDBD,High-Value,74.0,One year,52,No,0.0021656116
0440-EKDCF,Low-Value,60.15,Two year,62,No,0.0021579743
6374-AFWOX,Low-Value,65.65,Two year,46,No,0.002154361
7821-DPRQE,High-Value,107.7,Month-to-month,68,No,0.0021533535
3696-XRIEN,High-Value,82.5,One year,50,No,0.0021506646
1136-XGEQU,High-Value,84.15,One year,50,No,0.0021506646
3021-VLNRJ,High-Value,70.8,One year,50,No,0.0021472576
0513-RBGPE,Low-Value,62.8,Two year,37,No,0.0021424745
7446-KQISO,High-Value,109.75,Two year,45,No,0.0021415735
6815-ABQFQ,High-Value,107.25,One year,56,No,0.0021399609
5129-HHMZC,High-Value,86.45,Two year,43,No,0.0021354386
9972-VAFJJ,High-Value,94.0,One year,53,No,0.0021278125
7879-CGSFV,High-Value,100.9,One year,55,No,0.0021196099
8208-EUMTE,Low-Value,54.85,Two year,16,No,0.002093686
6227-FBDXH,High-Value,99.5,One year,69,No,0.0020929081
6300-BWMJX,High-Value,93.35,Month-to-month,59,No,0.0020822652
3262-EIDHV,High-Value,84.7,Two year,72,No,0.0020796251
8465-SBRXP,High-Value,94.9,Two year,38,No,0.0020775255
0129-KPTWJ,High-Value,94.65,Month-to-month,72,No,0.0020682348
8847-GEOOQ,Low-Value,60.2,Month-to-month,60,No,0.0020665603
4159-NAAIX,High-Value,97.45,Two year,63,No,0.0020586015
1557-EMYVT,High-Value,115.05,Two year,43,No,0.0020532706
5569-IDSEY,High-Value,105.7,One year,71,No,0.0020510752
9770-KXGQU,High-Value,98.6,One year,53,No,0.002048089
1732-FEKLD,High-Value,94.75,One year,54,No,0.002045981
0840-DCNZE,High-Value,86.95,One year,47,No,0.002045909
7247-XOZPB,High-Value,77.4,One year,53,No,0.0020408614
7781-EWARA,Low-Value,60.35,One year,70,No,0.0020282962
4713-ZBURT,High-Value,99.7,Two year,45,No,0.0020217886
7544-ZVIKX,High-Value,105.05,One year,58,No,0.0020188957
0036-IHMOT,High-Value,103.7,One year,55,No,0.002017
0020-JDNXP,Low-Value,61.25,One year,34,No,0.0020131087
5553-AOINX,High-Value,104.9,One year,66,No,0.0020017
8979-CAMGB,High-Value,102.1,One year,64,No,0.0020017
7203-OYKCT,High-Value,104.95,One year,72,No,0.0019961884
0942-KOWSM,High-Value,80.8,Two year,30,No,0.001975321
5906-DVAPM,High-Value,75.0,One year,55,No,0.0019735666
5827-MWCZK,High-Value,96.95,Month-to-month,56,No,0.0019647914
4137-JOPHL,High-Value,89.7,Two year,50,No,0.0019630715
8822-KNBHV,High-Value,83.45,One year,48,No,0.0019518778
1699-UOTXU,Low-Value,61.4,Two year,60,No,0.0019424453
7633-MVPUY,Low-Value,59.75,Two year,57,No,0.0019424453
2176-OSJUV,Low-Value,65.15,Two year,71,No,0.0019377862
7619-PLRLP,High-Value,74.1,One year,53,No,0.0019351422
6794-HKIAJ,High-Value,90.7,Month-to-month,62,No,0.0019346772
4102-HLENU,Low-Value,65.65,Two year,67,No,0.0019288319
0743-HNPFG,Low-Value,69.75,One year,51,No,0.001918738
9402-CXWPL,High-Value,98.9,One year,70,No,0.0019162985
9432-RUVSL,High-Value,102.5,Two year,48,No,0.0019007635
7838-LAZFO,High-Value,78.8,One year,45,No,0.0018988567
6103-LIANB,High-Value,99.5,Two year,59,No,0.0018980417
2516-XSJKX,High-Value,78.45,Two year,41,No,0.0018843523
7605-BDWDC,Low-Value,49.85,Two year,31,No,0.001880379
0471-ARVMX,High-Value,104.85,One year,62,No,0.001878565
5327-XOKKY,High-Value,73.45,Two year,72,No,0.001876383
3913-FCUUW,High-Value,70.45,Two year,72,No,0.0018754562
0440-UEDAI,High-Value,94.45,One year,53,No,0.0018683323
5736-YEJAX,High-Value,79.45,Two year,69,No,0.0018669075
1950-KSVVJ,High-Value,113.3,One year,45,No,0.0018558954
0531-XBKMM,Low-Value,65.7,Two year,66,No,0.0018503327
8434-PNQZX,High-Value,78.45,Two year,42,No,0.0018348127
2054-PJOCK,High-Value,80.55,One year,60,No,0.001833751
5198-EFNBM,High-Value,90.65,One year,57,No,0.0018322452
5161-XEUVX,High-Value,94.3,Two year,37,No,0.0018272417
3214-IYUUQ,High-Value,93.7,One year,61,No,0.001824065
4877-TSOFF,High-Value,75.75,One year,55,No,0.0018236439
9867-XOBQA,Low-Value,53.15,Two year,21,No,0.0018212844
8597-CTXVJ,Low-Value,64.95,One year,70,No,0.0018174977
1455-HFBXA,High-Value,91.6,Two year,52,No,0.0018153811
9530-GRMJG,High-Value,84.1,Two year,70,No,0.0018134345
3761-FLYZI,High-Value,108.8,Month-to-month,65,No,0.0018047971
3108-PCCGG,High-Value,84.45,Two year,72,No,0.0018044336
5149-QYTTU,High-Value,95.15,One year,71,No,0.0018042662
0623-EJQEG,High-Value,93.55,One year,65,No,0.0018041674
5795-BKOYE,Low-Value,59.1,One year,69,No,0.0018040222
1139-WUOAH,Low-Value,53.35,Two year,57,No,0.0018013985
5360-LJCNJ,High-Value,105.15,Two year,71,No,0.0017990146
5010-IPEAQ,Low-Value,54.2,Two year,67,No,0.0017988613
1090-ESELR,High-Value,105.5,Two year,72,No,0.0017912085
9844-FELAJ,High-Value,107.9,One year,70,No,0.0017894597
5766-FTRTS,High-Value,84.45,Two year,72,No,0.0017892444
8661-BOYNW,High-Value,84.4,Two year,72,No,0.0017852512
4188-PCPIG,High-Value,70.35,Two year,57,No,0.001783419
4178-EGMON,High-Value,88.0,Two year,70,No,0.001777552
9675-ICXCT,High-Value,80.8,Two year,72,No,0.0017695432
0253-ZTEOB,High-Value,79.65,Two year,48,No,0.0017681489
4342-HFXWS,Low-Value,69.7,One year,48,No,0.001766627
6480-YAGIY,High-Value,112.2,One year,45,No,0.0017615745
6710-HSJRD,High-Value,114.1,Month-to-month,61,No,0.0017568809
5702-KVQRD,High-Value,82.55,Two year,71,No,0.0017552994
1698-XFZCI,High-Value,107.75,One year,61,No,0.0017441182
9225-BZLNZ,High-Value,85.25,Two year,72,No,0.0017287213
3170-GWYKC,High-Value,104.95,Month-to-month,60,No,0.0017185458
2378-VTKDH,High-Value,104.35,Month-to-month,65,No,0.0017093779
2077-DDHJK,High-Value,70.9,Two year,68,No,0.0017082675
8125-QPFJD,High-Value,84.9,Two year,72,No,0.0017018522
7182-OVLBJ,High-Value,101.15,Two year,62,No,0.0017008585
6439-PKTRR,High-Value,80.7,Two year,70,No,0.0017003898
7501-IWUNG,High-Value,73.8,Two year,61,No,0.0016981377
3200-MNQTF,High-Value,70.9,Two year,67,No,0.0016937839
1090-PYKCI,High-Value,105.1,One year,69,No,0.0016876373
9068-VPWQQ,High-Value,75.35,Two year,61,No,0.0016806482
2293-IJWPS,High-Value,100.75,One year,57,No,0.0016802602
6500-JVEGC,High-Value,101.35,One year,68,No,0.001678869
4049-ZPALD,High-Value,99.0,Two year,64,No,0.0016787074
3134-DSHVC,High-Value,98.0,Two year,63,No,0.0016787074
4366-CTOUZ,High-Value,100.2,Two year,50,No,0.0016776378
8769-KKTPH,High-Value,99.65,One year,63,No,0.0016776234
0218-QNVAS,High-Value,100.55,One year,71,No,0.0016733155
5176-OLSKT,Low-Value,66.9,Two year,66,No,0.0016710899
5327-CNLUQ,High-Value,96.9,Two year,48,No,0.0016652555
0956-ACVZC,High-Value,94.1,One year,54,No,0.0016640573
8984-EYLLL,High-Value,105.25,Two year,64,No,0.0016635014
3692-JHONH,High-Value,106.5,One year,52,No,0.001662735
7139-JZFVG,Low-Value,60.5,Two year,60,No,0.0016529015
4742-DRORA,High-Value,95.4,One year,60,No,0.001636525
1346-PJWTK,High-Value,94.15,Month-to-month,61,No,0.0016264082
1360-JYXKQ,High-Value,99.1,One year,54,No,0.0016257981
5440-VHLUL,High-Value,105.2,One year,69,No,0.0016206439
2351-BKRZW,High-Value,75.2,Two year,43,No,0.0016125131
1431-AIDJQ,High-Value,82.1,Two year,33,No,0.0016066367
5996-EBTKM,Low-Value,69.9,Two year,67,No,0.0016055141
0716-BQNDX,High-Value,93.75,Two year,57,No,0.0016017846
0565-JUPYD,High-Value,104.5,One year,63,No,0.0015919693
4291-TPNFG,High-Value,82.3,Two year,72,No,0.001587454
0487-CRLZF,High-Value,74.45,Two year,49,No,0.0015857719
9541-PWTWO,High-Value,80.95,Two year,52,No,0.0015773689
1506-YJTYT,High-Value,73.85,Two year,45,No,0.0015732462
0512-FLFDW,High-Value,100.5,One year,60,No,0.0015706059
3571-DPYUH,High-Value,94.7,One year,58,No,0.0015705776
2560-PPCHE,High-Value,105.05,One year,65,No,0.0015650071
3070-BDOQC,High-Value,99.65,Two year,60,No,0.0015640641
2192-OZITF,High-Value,73.55,Two year,45,No,0.0015632899
3339-EAQNV,High-Value,97.25,One year,72,No,0.0015593688
5668-MEISB,High-Value,106.1,Two year,72,No,0.0015576489
4369-NYSCF,High-Value,75.75,One year,56,No,0.0015526281
3544-FBCAS,High-Value,83.6,Two year,72,No,0.0015522416
6625-IUTTT,Low-Value,65.55,Two year,67,No,0.0015510375
5716-EZXZN,High-Value,99.05,Two year,65,No,0.0015476672
6728-DKUCO,High-Value,104.15,One year,72,No,0.0015427734
1335-HQMKX,High-Value,101.35,One year,72,No,0.0015427734
9194-GFVOI,High-Value,84.35,Two year,42,No,0.001540653
5196-WPYOW,Low-Value,60.05,One year,67,No,0.0015287423
9027-TMATR,High-Value,78.8,Two year,43,No,0.0015283886
5268-DSMNQ,High-Value,97.95,One year,62,No,0.0015227972
9786-IJYDL,High-Value,113.2,Two year,35,No,0.0015168274
4667-QONEA,High-Value,74.85,One year,60,No,0.0015121866
0254-FNMCI,High-Value,109.9,Two year,72,No,0.0015120115
9695-IDRZR,High-Value,116.15,Two year,34,No,0.0015001012
0330-BGYZE,High-Value,102.5,One year,60,No,0.0014990816
9480-BQJEI,High-Value,92.3,One year,62,No,0.0014974674
9691-HKOVS,High-Value,90.15,One year,55,No,0.0014968473
8707-RMEZH,High-Value,87.3,One year,69,No,0.001494162
1400-WIVLL,High-Value,107.95,Two year,57,No,0.0014940255
4381-MHQDC,Low-Value,65.0,Two year,47,No,0.0014938888
1004-NOZNR,High-Value,94.8,One year,56,No,0.0014924606
5583-EJXRD,Low-Value,54.05,Two year,44,No,0.0014895571
5073-RZGBK,High-Value,80.05,One year,50,No,0.0014868199
6194-HBGQN,High-Value,81.15,One year,51,No,0.0014868199
5278-PNYOX,High-Value,100.65,Two year,49,No,0.0014827782
2725-TTRIQ,High-Value,84.2,Two year,72,No,0.0014733108
6253-GNHWH,High-Value,71.1,Two year,71,No,0.0014705977
6689-VRRTK,High-Value,109.8,One year,44,No,0.0014680296
9938-TKDGL,High-Value,99.55,Two year,68,No,0.0014675774
3795-GWTRD,High-Value,75.55,Two year,63,No,0.0014628188
7860-UXCRM,High-Value,74.5,Two year,63,No,0.0014628188
8146-QQKZH,High-Value,81.85,Two year,71,No,0.0014587777
1088-CNNKB,High-Value,80.0,One year,63,No,0.001451717
3745-HRPHI,Low-Value,54.65,Two year,66,No,0.001450512
6522-OIQSX,Low-Value,54.95,Two year,69,No,0.001450512
2235-EZAIK,High-Value,79.2,Two year,72,No,0.0014495495
7113-HIPFI,Low-Value,65.85,Two year,66,No,0.0014422525
9055-MOJJJ,Low-Value,65.8,One year,64,No,0.0014401951
1347-KTTTA,High-Value,102.45,One year,64,No,0.0014337909
2001-EWBQU,High-Value,104.7,Two year,60,No,0.0014312705
2969-VAPYH,Low-Value,60.5,One year,67,No,0.0014224694
8402-EIVQS,High-Value,100.9,One year,67,No,0.0014200074
1036-GUDCL,High-Value,79.05,Month-to-month,60,No,0.0014107078
3680-CTHUH,High-Value,116.6,One year,60,No,0.0014093562
1095-WGNGG,High-Value,101.05,Two year,61,No,0.0014090771
8169-SAEJD,Low-Value,56.55,Two year,69,No,0.0014062927
8646-JCOMS,High-Value,90.55,One year,66,No,0.0014049185
0945-TSONX,High-Value,85.3,Two year,47,No,0.0014047587
5578-NKCXI,High-Value,99.25,One year,58,No,0.001399659
4129-LYCOI,High-Value,104.0,Two year,67,No,0.0013950445
2530-FMFXO,High-Value,103.2,Two year,56,No,0.0013947457
5318-YKDPV,High-Value,79.15,Two year,43,No,0.0013830311
2363-BJLSL,High-Value,80.4,Month-to-month,62,No,0.0013799755
8181-YHCMF,Low-Value,60.3,Two year,68,No,0.0013782922
5208-FVQKB,Low-Value,67.95,Two year,70,No,0.0013776256
8039-ACLPL,Low-Value,68.75,Two year,72,No,0.0013755163
7169-YWAMK,Low-Value,68.4,Two year,72,No,0.0013755163
7516-GMHUV,High-Value,105.05,Two year,50,No,0.001375454
0409-WTMPL,High-Value,110.65,One year,58,No,0.0013732205
1131-SUEKT,High-Value,98.45,One year,61,No,0.0013716925
5504-WSIUR,High-Value,90.25,One year,70,No,0.0013708214
8645-KOMJQ,High-Value,81.95,Two year,69,No,0.0013630872
7639-OPLNG,High-Value,79.25,Two year,70,No,0.0013499035
1027-LKKQQ,High-Value,80.45,Two year,72,No,0.0013499035
5027-YOCXN,High-Value,110.05,One year,51,No,0.0013456586
7898-PDWQE,High-Value,80.4,Two year,71,No,0.0013441944
0988-AADSA,High-Value,80.85,Two year,72,No,0.0013441944
4119-ZYPZY,High-Value,106.8,Two year,71,No,0.0013415604
1110-KYLGQ,High-Value,108.25,Month-to-month,63,No,0.0013415259
8766-PAFNE,High-Value,79.1,Two year,71,No,0.0013367828
2480-EJWYP,High-Value,97.8,One year,58,No,0.0013345465
6719-FGEDO,High-Value,97.0,Two year,72,No,0.0013309784
4900-MSOMT,High-Value,80.2,Two year,72,No,0.0013281893
9571-EDEBV,High-Value,98.65,One year,71,No,0.0013280641
5816-JMLGY,High-Value,80.4,Two year,70,No,0.001327052
0572-ZJKLT,High-Value,99.65,Two year,46,No,0.0013268762
9110-HSGTV,High-Value,82.45,Two year,69,No,0.0013260387
5930-GBIWP,High-Value,81.5,Two year,69,No,0.0013260387
9385-NXKDA,High-Value,82.65,Two year,72,No,0.0013197296
3486-HOOGQ,High-Value,79.7,Two year,70,No,0.0013197296
3071-MVJCD,High-Value,82.3,Two year,72,No,0.0013141481
7639-LIAYI,High-Value,79.75,Two year,52,No,0.0013129088
4849-PYRLQ,High-Value,73.25,Two year,56,No,0.0013104497
4827-DPADN,High-Value,83.3,Two year,72,No,0.0013100929
9114-DPSIA,High-Value,81.0,Two year,72,No,0.0013076589
2419-FSORS,High-Value,108.4,Two year,72,No,0.0013042638
1679-JRFBR,High-Value,108.15,One year,70,No,0.0013024898
4295-YURET,High-Value,72.6,Two year,56,No,0.0013019732
5985-BEHZK,High-Value,105.0,One year,72,No,0.0013007908
4419-UJMUS,High-Value,99.35,Two year,69,No,0.0012957786
0326-VDYXE,High-Value,97.65,One year,70,No,0.0012935158
0308-GIQJT,High-Value,105.75,One year,71,No,0.0012902312
2805-EDJPQ,High-Value,99.75,One year,56,No,0.0012900088
6196-HBOBZ,High-Value,99.35,Two year,65,No,0.0012875673
9477-LGWQI,High-Value,80.15,Two year,70,No,0.001278428
5457-COLHT,High-Value,80.65,Two year,69,No,0.001278428
7998-WNZEM,High-Value,80.6,Two year,71,No,0.001278428
7560-QJAVJ,High-Value,79.6,Two year,70,No,0.001278428
9372-TXXPS,Low-Value,59.85,Two year,60,No,0.0012751635
6242-SGYTS,High-Value,94.95,One year,62,No,0.0012715172
8218-FFJDS,High-Value,86.4,Two year,72,No,0.0012681476
5003-XZWWO,High-Value,84.2,Two year,71,No,0.0012681476
8414-OOEEL,High-Value,79.5,Two year,66,No,0.0012656365
4837-QUSFT,High-Value,100.15,One year,65,No,0.0012630498
1448-CYWKC,High-Value,105.2,One year,58,No,0.001260948
4648-YPBTM,High-Value,73.9,Two year,53,No,0.0012547988
5204-HMGYF,High-Value,87.2,One year,49,No,0.0012477677
6408-OTUBZ,High-Value,104.55,One year,66,No,0.0012477124
3086-RUCRN,High-Value,103.1,Month-to-month,66,No,0.0012453207
4615-PIVVU,Low-Value,66.5,Two year,42,No,0.0012415645
6631-HMANX,High-Value,85.45,Two year,72,No,0.0012396856
2522-AHJXR,High-Value,109.45,Month-to-month,60,No,0.0012392281
4753-PADAS,High-Value,105.7,One year,67,No,0.0012353738
5148-ORICT,High-Value,74.35,Two year,64,No,0.001233063
8433-WPJTV,High-Value,103.9,One year,65,No,0.0012301883
5232-NXPAY,High-Value,74.45,Two year,47,No,0.0012300982
3557-HTYWR,High-Value,74.05,Two year,47,No,0.0012300982
9755-JHNMN,Low-Value,67.4,Two year,49,No,0.0012195099
6504-VBLFL,Low-Value,58.6,Two year,55,No,0.0012184683
9128-CPXKI,High-Value,95.8,Two year,59,No,0.0012154898
5223-UZAVK,High-Value,100.3,One year,64,No,0.0012067098
7409-JURKQ,High-Value,111.8,One year,53,No,0.0012048951
6898-RBTLU,High-Value,79.3,Two year,49,No,0.001200894
0345-XMMUG,High-Value,108.9,Two year,46,No,0.0011900845
4323-OHFOW,High-Value,105.55,One year,70,No,0.001188751
4012-YCFAI,Low-Value,61.35,Two year,60,No,0.0011830217
9220-ZNKJI,High-Value,88.8,Two year,55,No,0.0011781506
9339-FIIJL,High-Value,85.95,Two year,72,No,0.0011749907
3259-KNMRR,High-Value,79.75,Two year,57,No,0.001172502
6198-PNNSZ,High-Value,109.8,One year,56,No,0.0011714658
2933-XEUJM,High-Value,79.2,Two year,46,No,0.0011688671
3308-JSGML,Low-Value,64.05,Two year,59,No,0.0011673528
8097-OMULG,High-Value,76.75,One year,59,No,0.0011667851
0973-KYVNF,High-Value,70.65,Two year,72,No,0.0011632916
6656-GULJQ,High-Value,83.55,Two year,72,No,0.0011571215
5494-WOZRZ,High-Value,82.0,Two year,71,No,0.0011571215
5788-YPOEG,High-Value,84.75,Two year,34,No,0.0011566916
9786-YWNHU,Low-Value,63.55,Two year,63,No,0.0011520248
4915-BFSXL,Low-Value,68.95,Two year,70,No,0.0011476972
2824-DXNKN,High-Value,71.45,Two year,72,No,0.0011476972
9489-DEDVP,Low-Value,69.2,Two year,70,No,0.0011476972
5762-TJXGK,Low-Value,58.75,Two year,52,No,0.0011431103
4737-HOBAX,High-Value,79.8,Two year,63,No,0.001138088
8336-TAVKX,High-Value,78.45,Two year,72,No,0.0011376094
4782-OSFXZ,High-Value,82.7,Two year,71,No,0.0011353862
2251-PYLPB,High-Value,79.55,Two year,72,No,0.0011350239
3563-SVYLG,Low-Value,62.65,Two year,68,No,0.0011277281
5074-FBGHB,High-Value,104.65,One year,64,No,0.0011227867
3429-IFLEM,High-Value,77.35,Two year,71,No,0.0011225347
2882-WDTBA,High-Value,75.75,Two year,69,No,0.0011225347
5915-ANOEI,High-Value,79.15,Two year,70,No,0.0011222654
7649-SIJJF,High-Value,80.1,Two year,71,No,0.0011222654
3410-YOQBQ,High-Value,79.2,Two year,31,No,0.001117361
0665-XHDJU,High-Value,99.4,Two year,72,No,0.0011103394
8630-QSGXK,High-Value,75.2,Two year,51,No,0.0011078945
9065-ZCPQX,High-Value,78.85,Two year,72,No,0.0010980734
2234-EOFPT,High-Value,79.35,Two year,72,No,0.0010980734
1545-JFUML,High-Value,99.0,Two year,71,No,0.0010940722
9955-QOPOY,Low-Value,60.8,One year,69,No,0.0010866745
6465-GSRCL,High-Value,106.6,One year,67,No,0.001083374
4111-BNXIF,Low-Value,59.55,Two year,67,No,0.0010822059
4717-GHADL,High-Value,79.6,Two year,50,No,0.001077613
4654-DLAMQ,High-Value,97.0,One year,64,No,0.0010725566
9281-CEDRU,Low-Value,64.1,Two year,68,No,0.0010721688
8345-MVDYC,High-Value,81.65,Two year,45,No,0.0010718687
9995-HOTOH,Low-Value,59.0,Two year,63,No,0.001070262
3487-EARAT,High-Value,74.1,One year,70,No,0.0010662494
1017-FBQMM,High-Value,106.05,One year,62,No,0.0010634733
4751-ERMAN,High-Value,75.4,Two year,72,No,0.0010595219
5781-RFZRP,High-Value,73.5,Two year,71,No,0.0010595219
5676-CFLYY,High-Value,73.35,Two year,71,No,0.0010595219
1135-HIORI,High-Value,111.45,One year,64,No,0.0010591188
3363-DTIVD,High-Value,105.55,Two year,71,No,0.0010563511
4832-VRBMR,High-Value,103.15,One year,65,No,0.001054134
5740-YHGTW,High-Value,97.55,Month-to-month,70,No,0.0010528724
5846-NEQVZ,High-Value,70.85,Two year,71,No,0.0010505329
7197-VOJMM,Low-Value,69.2,Two year,67,No,0.0010505329
9488-FVZCC,High-Value,79.5,Two year,72,No,0.0010480444
8405-IGQFX,High-Value,90.05,One year,63,No,0.001046998
8670-MEFCP,High-Value,92.9,Two year,36,No,0.0010466813
0320-DWVTU,High-Value,99.5,Two year,53,No,0.0010449443
6437-UDQJM,High-Value,84.1,Two year,72,No,0.0010440975
8590-YFFQO,Low-Value,64.95,Two year,70,No,0.001041258
7771-CFQRQ,Low-Value,63.8,Two year,47,No,0.0010406406
7663-YJHSN,High-Value,103.95,Two year,72,No,0.0010385672
6999-CHVCF,High-Value,102.1,Two year,68,No,0.0010376198
3500-NSDOA,High-Value,70.8,Two year,68,No,0.0010364485
5095-ETBRJ,Low-Value,56.8,Two year,55,No,0.0010280894
5067-XJQFU,High-Value,108.45,One year,66,No,0.0010274916
7860-KSUGX,Low-Value,64.45,Two year,72,No,0.0010272978
1266-NZYUI,Low-Value,66.85,Two year,72,No,0.0010272978
7399-QHBJS,Low-Value,66.75,Two year,72,No,0.0010272978
9499-XPZXM,Low-Value,64.75,Two year,72,No,0.0010272978
8338-QIUNR,Low-Value,66.5,Two year,72,No,0.0010272978
6288-CHQJB,Low-Value,69.95,Two year,54,No,0.001021528
9297-FVVDH,High-Value,84.5,Two year,57,No,0.0010194086
4378-MYPGO,High-Value,105.25,Two year,68,No,0.0010188188
1442-OKRJE,High-Value,103.15,One year,66,No,0.0010177173
6797-UCJHZ,High-Value,104.6,One year,66,No,0.0010174041
2954-PIBKO,Low-Value,64.15,Two year,69,No,0.0010161095
4056-QHXHZ,High-Value,107.45,Two year,72,No,0.0010155941
5993-JSUWV,Low-Value,61.15,Two year,66,No,0.001013359
7740-BTPUX,High-Value,113.6,Two year,55,No,0.0010101643
8144-DGHXP,High-Value,80.6,Two year,54,No,0.001003654
2798-NYLMZ,High-Value,108.55,Two year,71,No,0.0010025965
8901-UPRHR,High-Value,109.2,Two year,72,No,0.0010025965
5678-VFNEQ,High-Value,104.1,One year,71,No,0.0010018607
9919-FZDED,High-Value,84.1,Two year,72,No,0.0009988957
3230-IUALN,High-Value,81.0,Two year,45,No,0.0009952589
8755-IWJHN,High-Value,95.35,Month-to-month,69,No,0.0009914219
1150-FTQGN,High-Value,94.15,One year,60,No,0.0009910846
1320-REHCS,High-Value,110.75,Month-to-month,52,No,0.0009903564
6164-HAQTX,Low-Value,53.95,Two year,71,No,0.000987584
5680-LQOGP,High-Value,82.45,Two year,68,No,0.0009836695
3612-YUNGG,High-Value,109.2,Two year,64,No,0.000981695
6283-GITPX,High-Value,76.9,Two year,71,No,0.0009808308
0392-BZIUW,High-Value,105.0,Two year,72,No,0.0009788815
6121-TNHBO,High-Value,83.0,One year,63,No,0.0009775846
8782-NUUOL,High-Value,79.0,One year,60,No,0.0009765779
1696-HXOWK,High-Value,95.65,One year,71,No,0.00097536395
4815-YOSUK,High-Value,104.9,One year,72,No,0.0009753239
8999-YPYBV,High-Value,84.35,Two year,45,No,0.0009685239
6463-HHXJR,High-Value,100.5,Two year,71,No,0.00096654106
1325-USMEC,High-Value,99.35,Two year,70,No,0.00096654106
7080-TNUWP,High-Value,95.0,One year,70,No,0.000960314
6265-SXWBU,High-Value,95.75,One year,69,No,0.000960314
8821-KVZKQ,Low-Value,58.4,One year,70,No,0.00096029893
2987-BJXIK,High-Value,84.7,Two year,70,No,0.0009491542
0078-XZMHT,High-Value,85.15,Two year,72,No,0.0009473374
8374-UULRV,High-Value,86.05,Two year,72,No,0.0009473374
4455-BFSPD,High-Value,101.15,One year,61,No,0.00094672246
1409-PHXTF,High-Value,110.45,Two year,54,No,0.0009455267
3705-RHRFR,High-Value,99.15,Two year,69,No,0.00094236503
3259-QMXUN,High-Value,86.1,Two year,58,No,0.0009407825
1060-ENTOF,High-Value,105.4,One year,67,No,0.000939259
5161-UBZXI,High-Value,106.35,Two year,69,No,0.00093924114
8819-WFGGJ,Low-Value,54.1,Two year,68,No,0.0009382993
2056-EVGZL,High-Value,105.75,One year,68,No,0.00093802623
7101-HRBLJ,High-Value,83.7,Two year,72,No,0.0009365969
8295-KMENE,High-Value,76.45,Two year,59,No,0.0009288162
0604-THJFP,High-Value,75.95,Two year,59,No,0.0009273929
9402-ROUMJ,High-Value,100.25,One year,67,No,0.00092672557
4389-UEFCZ,High-Value,105.5,Two year,72,No,0.00092330284
1172-VIYBP,Low-Value,69.7,Two year,53,No,0.00091920554
2252-NKNSI,High-Value,85.15,Two year,52,No,0.00091876334
1221-GHZEP,Low-Value,65.1,Two year,62,No,0.00091851293
2890-WFBHU,High-Value,79.85,One year,59,No,0.00091660535
5514-YQENT,High-Value,111.15,Two year,41,No,0.0009153486
0562-FGDCR,High-Value,74.55,Two year,72,No,0.0009120292
5320-BRKGK,High-Value,75.8,Two year,58,No,0.0009107132
4723-BEGSG,High-Value,86.65,Two year,72,No,0.0009096422
3889-VWBID,High-Value,82.85,Two year,68,No,0.0009096422
1023-BQXZE,High-Value,74.35,Two year,57,No,0.00090931845
2661-GKBTK,High-Value,76.95,Two year,60,No,0.00090931845
6479-VDGRK,High-Value,85.3,Two year,72,No,0.0009065989
6766-HFKLA,High-Value,103.2,Two year,56,No,0.0009061931
3716-LRGXK,High-Value,101.15,Two year,60,No,0.000905324
9993-LHIEB,Low-Value,67.85,Two year,67,No,0.00090429035
5707-ZMDJP,Low-Value,69.7,Two year,53,No,0.000902986
7765-LWVVH,High-Value,95.1,Two year,72,No,0.0009008242
9933-QRGTX,High-Value,97.2,Two year,60,No,0.00089701795
1194-BHJYC,Low-Value,62.15,Two year,61,No,0.00089682994
3324-OIRTO,High-Value,104.65,One year,71,No,0.00089622126
7036-TYDEC,High-Value,104.0,Two year,69,No,0.0008933886
0336-KXKFK,Low-Value,61.2,Two year,72,No,0.0008883088
8165-CBKXO,Low-Value,56.75,Two year,66,No,0.00088611926
1866-DIOQZ,Low-Value,66.8,One year,71,No,0.0008848512
0379-DJQHR,High-Value,81.35,Two year,67,No,0.0008846042
6734-FQAJX,High-Value,105.05,Two year,67,No,0.0008841905
6242-FEGFD,High-Value,96.6,Two year,66,No,0.00087712216
5696-JVVQY,Low-Value,70.1,Two year,48,No,0.0008751641
8071-SBTRN,High-Value,111.15,Two year,70,No,0.00087370595
9453-PATOS,High-Value,85.1,Two year,72,No,0.00086901296
6013-BHCAW,High-Value,81.0,Two year,61,No,0.00086528977
3230-JCNZS,High-Value,99.0,Two year,71,No,0.00086356915
6176-YJWAS,High-Value,97.95,Two year,72,No,0.00086356915
6754-LZUKA,High-Value,80.9,Two year,61,No,0.00086162856
5966-EMAZU,High-Value,108.5,One year,64,No,0.0008604315
1656-DRSMG,High-Value,109.85,Month-to-month,63,No,0.00085716165
6067-NGCEU,High-Value,111.05,Month-to-month,65,No,0.00085716165
5684-FJVYR,High-Value,90.35,Two year,72,No,0.000853538
9880-TDQAC,Low-Value,60.0,Two year,72,No,0.0008479337
5751-USDBL,High-Value,81.0,Two year,46,No,0.00084501994
6901-GOGZG,High-Value,84.95,Two year,60,No,0.0008436385
8065-BVEPF,High-Value,99.1,Month-to-month,65,No,0.00084255764
7306-YDSOI,Low-Value,59.75,Two year,69,No,0.00084158673
9359-JANWS,Low-Value,58.9,Two year,65,No,0.00084158673
6695-FRVEC,Low-Value,60.4,Two year,67,No,0.00084158673
8905-IAZPF,High-Value,95.65,One year,69,No,0.0008390433
4664-NJCMS,Low-Value,59.55,Two year,33,No,0.00083759264
9052-VKDUW,High-Value,109.4,Month-to-month,65,No,0.0008317925
8495-LJDFO,High-Value,108.95,Month-to-month,64,No,0.0008317925
8619-IJNDK,Low-Value,64.05,Two year,71,No,0.0008225968
7537-CBQUZ,High-Value,109.4,Month-to-month,63,No,0.00081545266
0442-ZXKVS,High-Value,115.6,One year,54,No,0.00081318995
7159-NOKYQ,High-Value,93.15,Two year,67,No,0.0008087253
1304-SEGFY,High-Value,97.85,Two year,72,No,0.0008087253
9659-ZTWSM,High-Value,107.35,One year,66,No,0.0008086148
8920-NAVAY,High-Value,110.75,One year,62,No,0.00080793083
7730-CLDSV,High-Value,98.65,Two year,72,No,0.00080439134
4043-MKDTV,High-Value,105.25,Two year,71,No,0.00079953147
3174-AKMAS,Low-Value,64.2,Two year,46,No,0.0007971879
7138-GIRSH,Low-Value,69.5,Two year,50,No,0.0007971879
6549-BTYPG,Low-Value,60.8,Two year,60,No,0.0007935465
1088-AUUZZ,High-Value,75.85,Two year,56,No,0.00078861223
9715-WZCLW,High-Value,97.2,Two year,71,No,0.000782725
4024-CSNBY,High-Value,94.25,Two year,72,No,0.00078060664
2272-WUSPA,High-Value,110.75,Two year,72,No,0.00077886676
5734-EJKXG,High-Value,118.6,One year,61,No,0.00077564304
6203-HBZPA,Low-Value,63.9,Two year,52,No,0.000767163
0263-FJTQO,High-Value,70.5,Two year,50,No,0.0007642509
0670-ANMUU,High-Value,97.65,One year,71,No,0.0007614528
1930-QPBVZ,High-Value,95.1,Two year,68,No,0.000760117
4973-MGTON,High-Value,84.4,Two year,71,No,0.00075536675
6691-CCIHA,High-Value,84.95,Two year,62,No,0.00075375027
6166-YIPFO,Low-Value,64.7,Two year,72,No,0.00075134786
8261-GWDBQ,High-Value,116.05,Two year,60,No,0.0007450471
2019-HDCZY,High-Value,102.6,Two year,63,No,0.0007446777
4220-TINQT,High-Value,106.35,Month-to-month,61,No,0.0007438648
0536-ESJEP,High-Value,74.55,Two year,54,No,0.0007431251
5115-GZDEL,Low-Value,67.2,Two year,72,No,0.00074274174
8107-RZLNV,High-Value,106.3,Two year,72,No,0.0007418285
3398-GCPMU,High-Value,89.55,Two year,72,No,0.00073771464
3597-YASZG,High-Value,104.45,Two year,70,No,0.00073617976
9076-AXYIK,High-Value,102.1,Two year,64,No,0.00073469785
6838-YAUVY,High-Value,95.1,Two year,54,No,0.0007346758
9924-JPRMC,High-Value,118.2,Two year,72,No,0.00073315634
0206-TBWLC,High-Value,114.65,One year,54,No,0.00073211425
1960-UOTYM,High-Value,79.2,Two year,52,No,0.0007244718
3552-CTCYF,High-Value,104.8,Two year,63,No,0.0007198495
0813-TAXXS,High-Value,77.8,Two year,55,No,0.00071723235
6997-UVGOX,High-Value,85.45,Two year,71,No,0.0007146587
0361-HJRDX,Low-Value,64.35,Two year,68,No,0.00070855505
0853-TWRVK,High-Value,105.6,Two year,72,No,0.0007079668
3882-IYOIJ,High-Value,115.25,Two year,60,No,0.0007039701
8106-GWQOK,Low-Value,60.0,Two year,38,No,0.0007038228
9680-NIAUV,High-Value,109.7,Two year,72,No,0.00070309546
0744-BIKKF,High-Value,86.65,Two year,72,No,0.00070181885
9435-JMLSX,High-Value,86.1,Two year,71,No,0.00070181885
6519-ZHPXP,High-Value,108.3,Two year,72,No,0.00069962983
4686-GEFRM,High-Value,98.7,Two year,70,No,0.0006955217
6168-YBYNP,High-Value,111.35,Month-to-month,59,No,0.000694504
5641-DMBFJ,High-Value,84.3,Two year,58,No,0.0006912229
2324-EFHVG,High-Value,104.4,Two year,64,No,0.0006909075
5193-QLVZB,High-Value,104.75,Two year,63,No,0.0006909075
0383-CLDDA,High-Value,85.35,Two year,69,No,0.0006889622
6732-VAILE,High-Value,85.95,Two year,70,No,0.0006889622
4778-IZARL,High-Value,110.1,Two year,63,No,0.0006802635
1741-WTPON,High-Value,115.85,Two year,56,No,0.0006799521
5090-EMGTC,High-Value,100.05,Two year,59,No,0.0006787087
1936-UAFEH,High-Value,110.25,Two year,68,No,0.00067668554
4199-QHJNM,High-Value,102.9,Two year,67,No,0.00067543786
9548-ZMVTX,High-Value,90.45,Two year,72,No,0.0006745263
3841-NFECX,High-Value,96.35,Two year,71,No,0.0006732973
9888-ZCUMM,Low-Value,60.05,Two year,64,No,0.0006732476
7711-YIJWC,High-Value,84.9,One year,61,No,0.00067252555
9625-QNLUX,High-Value,103.25,Two year,68,No,0.00067092606
5980-BDHPY,High-Value,87.1,Two year,72,No,0.00066874374
7973-DZRKH,High-Value,90.95,Two year,66,No,0.00066804816
2773-OVBPK,High-Value,111.3,Two year,67,No,0.0006675985
6339-RZCBJ,High-Value,78.9,Two year,48,No,0.0006666102
4967-WPNCF,Low-Value,63.7,Two year,72,No,0.0006621952
9481-IEBZY,High-Value,112.9,Month-to-month,72,No,0.0006614723
6050-FFXES,High-Value,105.35,Two year,69,No,0.0006612407
5862-BRIXZ,Low-Value,60.75,Two year,46,No,0.0006604254
2057-BOYKM,High-Value,96.6,Two year,72,No,0.00065727765
0786-IVLAW,High-Value,108.1,One year,66,No,0.0006565946
0356-OBMAC,High-Value,99.9,Two year,56,No,0.0006540103
4884-TVUQF,High-Value,101.3,Two year,57,No,0.0006540103
2404-JIBFC,High-Value,85.1,Two year,55,No,0.00065382116
5376-PCKNB,High-Value,104.45,One year,72,No,0.00065308437
0103-CSITQ,High-Value,109.4,One year,57,No,0.0006474242
7722-VJRQD,Low-Value,60.95,Two year,72,No,0.00064586406
5055-BRMNE,High-Value,106.7,Two year,67,No,0.0006440826
5998-DZLYR,High-Value,94.35,Two year,61,No,0.0006430004
8894-JVDCV,High-Value,115.05,One year,62,No,0.00064083835
1297-VQDRP,High-Value,107.15,One year,68,No,0.00063353614
6352-GIGGQ,High-Value,88.8,One year,67,No,0.0006266097
7663-CUXZB,High-Value,113.75,Two year,59,No,0.0006262503
1163-VIPRI,High-Value,109.3,Two year,65,No,0.00062558334
0536-ACXIP,High-Value,109.55,Two year,72,No,0.00062493084
7017-VFHAY,High-Value,115.1,Two year,61,No,0.00061654364
3474-BAFSJ,Low-Value,57.5,Two year,57,No,0.00060734875
8466-PZBLH,High-Value,104.6,Two year,67,No,0.0006047621
9570-KYEUA,High-Value,99.25,Two year,64,No,0.0006047621
0114-IGABW,Low-Value,58.25,Two year,71,No,0.00060249964
3197-NNYNB,High-Value,105.1,Two year,65,No,0.0006011829
1830-GGFNM,High-Value,94.55,Two year,65,No,0.0005989239
5285-MVEHD,High-Value,105.6,One year,56,No,0.0005943655
9558-IHEZX,High-Value,106.75,Two year,71,No,0.00059396256
8050-DVOJX,High-Value,81.35,Two year,49,No,0.00059282384
6616-AALSR,High-Value,104.3,Two year,65,No,0.0005914411
3022-BEXHZ,High-Value,111.2,Two year,67,No,0.0005903699
9242-TKFSV,Low-Value,65.1,Two year,72,No,0.00058841024
0769-MURVM,Low-Value,65.7,Two year,72,No,0.00058841024
7208-PSIHR,High-Value,104.3,Two year,70,No,0.0005878085
6885-PKOAM,High-Value,85.75,Two year,71,No,0.0005870353
2664-XJZNO,High-Value,104.9,Two year,72,No,0.00058643636
1084-MNSMJ,High-Value,85.5,Two year,51,No,0.0005840467
4671-VJLCL,High-Value,79.85,Two year,63,No,0.00057847425
8659-IOOPU,High-Value,100.45,Two year,71,No,0.000574975
3642-GKTCT,High-Value,115.1,One year,61,No,0.00056766806
9227-YBAXE,High-Value,82.5,Two year,65,No,0.00056598545
1837-YQUCE,Low-Value,58.35,Two year,70,No,0.00056476676
0868-VJRDR,High-Value,104.05,Two year,64,No,0.00056443986
0336-PIKEI,High-Value,74.4,Two year,72,No,0.00055709
6762-QVYJO,Low-Value,59.75,Two year,58,No,0.0005543129
8065-QBYTO,High-Value,99.65,One year,71,No,0.0005536534
0401-WDBXM,High-Value,105.55,Two year,72,No,0.0005520791
0862-PRCBS,High-Value,103.75,Two year,68,No,0.000548473
8571-ZCMCX,Low-Value,60.0,Two year,47,No,0.00054771156
0835-JKADZ,High-Value,111.25,Two year,71,No,0.000545463
0266-CLZKZ,High-Value,105.65,Two year,67,No,0.00054528285
2863-IMQDR,High-Value,89.65,Two year,61,No,0.0005402121
6048-UWKAL,High-Value,105.4,Two year,69,No,0.0005394786
2266-SJNAT,High-Value,109.15,One year,72,No,0.0005393043
4683-WYDOU,High-Value,107.6,Two year,62,No,0.00053683744
4670-TABXH,High-Value,109.75,Two year,72,No,0.0005363863
3407-JMJQQ,High-Value,109.0,Two year,71,No,0.0005363863
8089-UZWLX,High-Value,104.05,Two year,71,No,0.00053442304
8008-ESFLK,High-Value,110.5,One year,53,No,0.00053329393
0960-HUWBM,High-Value,104.1,Two year,65,No,0.00053262233
2055-BFOCC,High-Value,84.0,One year,63,No,0.0005321466
5696-CEIQJ,High-Value,103.15,Two year,67,No,0.0005320546
6695-AMZUF,High-Value,86.45,Two year,70,No,0.0005315302
8819-ZBYNA,High-Value,109.1,Two year,58,No,0.00052875374
1452-UZOSF,High-Value,106.1,Two year,72,No,0.0005268742
8480-PPONV,High-Value,115.55,Two year,62,No,0.00052328117
6333-YDVLT,High-Value,110.0,One year,65,No,0.0005232208
7609-YBPXG,High-Value,87.1,Two year,54,No,0.0005228875
3186-AJIEK,High-Value,105.65,Two year,66,No,0.0005221223
2277-BKJKN,High-Value,99.2,Two year,71,No,0.00051990466
4254-QPEDE,Low-Value,66.25,Two year,52,No,0.0005172527
8626-PTQGE,Low-Value,60.05,Two year,69,No,0.00051709596
3911-RSNHI,Low-Value,61.4,Two year,71,No,0.00051709596
8316-BBQAY,Low-Value,59.95,Two year,65,No,0.00051709596
0742-LAFQK,High-Value,99.15,Two year,72,No,0.0005157079
3865-YIOTT,High-Value,106.1,One year,72,No,0.0005143765
5954-BDFSG,High-Value,107.5,Two year,72,No,0.0005141062
8404-VIOMB,Low-Value,62.5,Two year,66,No,0.0005126172
1360-XFJMR,High-Value,109.7,One year,67,No,0.0005120724
9278-VZKCD,High-Value,109.1,Month-to-month,52,No,0.0005114039
1676-MQAOA,High-Value,75.1,Two year,72,No,0.00050944416
6384-VMJHP,High-Value,73.0,Two year,72,No,0.00050944416
3720-DBRWL,High-Value,83.85,Two year,51,No,0.0005078224
6726-NNFWD,High-Value,89.45,Two year,71,No,0.0005028702
6348-SNFUS,Low-Value,55.45,Two year,72,No,0.00050239725
1498-NHTLT,High-Value,86.75,Two year,59,No,0.00050089776
7245-JMTTQ,High-Value,111.5,One year,51,No,0.00049932866
9330-VOFSZ,High-Value,110.8,Two year,60,No,0.000497556
1576-PFZIW,High-Value,105.35,Two year,70,No,0.0004951332
2615-YVMYX,High-Value,107.5,Month-to-month,71,No,0.0004950952
8213-TAZPM,High-Value,108.75,One year,69,No,0.00049408677
9135-MGVPY,High-Value,84.7,Two year,69,No,0.0004926135
2988-QRAJY,High-Value,110.05,Two year,69,No,0.0004914133
0864-FVJNJ,High-Value,113.35,One year,64,No,0.0004913997
6257-DTAYD,High-Value,104.15,Two year,71,No,0.00048291465
1428-IEDPR,High-Value,109.3,Two year,52,No,0.00048247018
6120-RJKLU,High-Value,79.95,Two year,62,No,0.00048160405
0186-CAERR,High-Value,116.3,One year,71,No,0.00048001256
6701-YVNQG,High-Value,88.7,Two year,72,No,0.00047948185
8152-VETUR,High-Value,97.7,Two year,72,No,0.00047642007
2692-AQCPF,High-Value,108.05,One year,65,No,0.00047530624
8561-NMTBD,High-Value,112.35,One year,67,No,0.00047530624
3617-XLSGQ,High-Value,109.25,Two year,66,No,0.00047273433
2434-EEVDB,High-Value,94.6,Two year,64,No,0.00047256672
9073-ZZIAY,High-Value,86.1,Two year,62,No,0.0004713997
1229-RCALF,High-Value,115.0,One year,64,No,0.00047072343
2027-WKXMW,High-Value,108.75,Month-to-month,63,No,0.0004691491
7134-HBPBS,High-Value,108.1,Two year,72,No,0.00046763013
3146-MSEGF,High-Value,88.05,Two year,72,No,0.00046573865
2190-PHBHR,High-Value,94.45,Two year,72,No,0.0004644556
0727-BNRLG,High-Value,97.65,Two year,69,No,0.0004595599
9224-VTYID,High-Value,90.5,Two year,47,No,0.00045942326
7131-ZQZNK,Low-Value,59.85,Two year,60,No,0.00045899625
1459-QNFQT,Low-Value,59.5,Two year,70,No,0.0004553311
8204-YJCLA,Low-Value,64.8,Two year,72,No,0.00045093996
5456-ITGIC,Low-Value,64.45,Two year,72,No,0.00045093996
2878-RMWXY,High-Value,102.65,Two year,72,No,0.00045085096
8390-FESFV,High-Value,84.5,Two year,62,No,0.000448901
0363-SVHYR,High-Value,86.85,Two year,71,No,0.00044458522
3244-CQPHU,High-Value,110.1,Two year,72,No,0.0004435215
2378-YIZKA,High-Value,85.0,Two year,68,No,0.00044245523
5168-MQQCA,High-Value,108.5,One year,72,No,0.00044235506
6169-PGNCD,High-Value,74.3,Two year,57,No,0.00043718852
4476-OSWTN,High-Value,110.55,One year,69,No,0.00043579462
0020-INWCK,High-Value,95.75,Two year,71,No,0.00043577718
8639-NHQEI,High-Value,95.9,Two year,72,No,0.00043577718
0214-JHPFW,Low-Value,57.8,Two year,70,No,0.00043222687
0774-RMNUW,Low-Value,59.7,Two year,71,No,0.00043222687
8039-EQPIM,Low-Value,60.25,Two year,69,No,0.00042999804
8869-LIHMK,High-Value,115.1,Two year,64,No,0.00042911866
9896-UYMIE,High-Value,114.3,One year,66,No,0.00042800582
7322-OCWHC,High-Value,93.05,Two year,72,No,0.00042771947
0052-DCKON,High-Value,115.8,One year,66,No,0.0004252412
4282-MSACW,High-Value,117.2,One year,68,No,0.0004252412
2673-CXQEU,High-Value,110.5,One year,56,No,0.00042493522
6614-YOLAC,Low-Value,58.65,Two year,71,No,0.00042365774
1209-VFFOC,Low-Value,56.4,Two year,68,No,0.00042365774
6418-HNFED,High-Value,83.25,Two year,51,No,0.00042318666
6723-WSNTY,High-Value,108.1,One year,66,No,0.00042270427
1053-MXTTK,High-Value,108.65,Two year,72,No,0.0004221417
7375-WMVMT,High-Value,95.5,Two year,71,No,0.0004213451
2040-LDIWQ,High-Value,84.2,Two year,65,No,0.0004160106
6365-HITVU,High-Value,87.25,Two year,71,No,0.00041600782
7873-CVMAW,High-Value,88.55,Two year,72,No,0.00041600782
9475-NNDGC,High-Value,113.15,One year,71,No,0.0004159055
3166-PNEOF,High-Value,86.45,Two year,61,No,0.0004116524
3133-PZNSR,High-Value,97.75,Two year,72,No,0.00041057778
1265-ZFOSD,High-Value,81.3,Two year,64,No,0.00040818047
0230-WEQUW,Low-Value,56.6,Two year,66,No,0.00040817872
8908-NMQTX,Low-Value,65.6,Two year,72,No,0.00040608292
5275-PMFUT,Low-Value,64.8,Two year,72,No,0.00040608292
0301-FIDRB,Low-Value,63.8,Two year,72,No,0.00040608292
4139-DETXS,Low-Value,64.45,Two year,72,No,0.00040608292
9443-JUBUO,Low-Value,65.25,Two year,72,No,0.00040608292
2535-PBCGC,Low-Value,64.55,Two year,70,No,0.00040608292
5360-XGYAZ,Low-Value,65.65,Two year,72,No,0.00040608292
7781-HVGMK,Low-Value,65.2,Two year,72,No,0.00040608292
5322-TEUJK,High-Value,114.6,Two year,71,No,0.00040587859
6993-YGFJV,High-Value,112.55,Two year,69,No,0.00040587859
2368-GAKKQ,High-Value,113.65,Two year,70,No,0.00040587859
3669-WHAFY,High-Value,115.15,Two year,71,No,0.00040587859
3050-RLLXC,High-Value,81.25,Two year,56,No,0.00040380596
0909-SELIE,High-Value,80.8,Two year,61,No,0.00040297973
5286-YHCVC,High-Value,104.8,Two year,72,No,0.0004015821
0436-TWFFZ,High-Value,85.25,Two year,67,No,0.00040122165
5336-UFNZP,High-Value,107.45,One year,65,No,0.00040054505
8085-MSNLK,High-Value,113.95,Two year,62,No,0.0003999618
9795-NREXC,High-Value,85.0,Two year,64,No,0.00039610954
9348-ROUAI,High-Value,90.3,Two year,59,No,0.00039285477
4827-LTQRJ,High-Value,110.6,One year,66,No,0.0003923521
5183-KLYEM,High-Value,112.75,Two year,72,No,0.00039162138
8670-ERCJH,High-Value,113.4,Two year,72,No,0.00039162138
5038-ETMLM,High-Value,113.65,Two year,72,No,0.00039162138
9958-MEKUC,High-Value,103.95,Two year,72,No,0.00039014968
6115-ZTBFQ,Low-Value,65.5,Two year,72,No,0.00038738584
4079-WWQQQ,Low-Value,65.55,Two year,72,No,0.00038738584
7233-PAHHL,High-Value,84.0,Two year,66,No,0.00038709491
6741-QRLUP,High-Value,80.3,Two year,63,No,0.00038700417
7005-CYUIL,High-Value,99.4,Two year,71,No,0.00038683394
3870-SPZSI,High-Value,113.05,Two year,70,No,0.0003866817
7868-TMWMZ,High-Value,110.0,Two year,60,No,0.00038634802
3638-VBZTA,High-Value,86.5,Two year,68,No,0.00037743637
4304-TSPVK,High-Value,114.9,Two year,68,No,0.00037620155
9589-ABEPT,High-Value,92.45,Two year,69,No,0.00037332217
3520-FJGCV,High-Value,112.6,Two year,72,No,0.00037309853
2040-XBAVJ,High-Value,114.45,Two year,72,No,0.00037309853
9239-GZHZE,High-Value,113.65,Two year,72,No,0.00037309853
1043-UXOVO,High-Value,113.15,Two year,71,No,0.00037309853
9637-CDTKZ,High-Value,114.1,Two year,72,No,0.00037309853
5879-HMFFH,High-Value,88.05,Two year,72,No,0.00036742017
6435-VWCCY,High-Value,92.7,Two year,65,No,0.0003671185
5997-OPVFA,High-Value,89.05,Two year,72,No,0.00036644665
3392-EHMNK,High-Value,94.1,Two year,67,No,0.00036313626
0619-OLYUR,High-Value,111.9,Two year,72,No,0.00036283367
7255-SSFBC,High-Value,112.25,Two year,72,No,0.00036283367
8853-TZDGH,High-Value,111.6,Two year,72,No,0.00036283367
5394-MEITZ,High-Value,80.6,Two year,60,No,0.00036076418
5248-KWLAR,High-Value,90.35,Two year,71,No,0.0003597634
2400-XIWIO,High-Value,90.1,Two year,71,No,0.0003597634
4077-HWUYD,High-Value,87.55,Two year,72,No,0.00035937672
3654-ARMGP,High-Value,88.65,Two year,61,No,0.00035903923
6445-TNRXS,High-Value,114.7,Two year,68,No,0.00035542762
8915-NNTRC,High-Value,107.7,Two year,72,No,0.00035265976
9861-PDSZP,High-Value,108.05,Two year,72,No,0.00035265976
4868-AADLV,High-Value,116.25,One year,66,No,0.00035243895
8777-MBMTS,High-Value,105.85,Two year,65,No,0.00035139572
0019-EFAEP,High-Value,101.3,Two year,72,No,0.0003505415
7710-JSYOA,High-Value,93.3,Two year,69,No,0.00034970653
4822-LPTYJ,High-Value,103.75,Two year,72,No,0.00034804223
9777-IQHWP,High-Value,93.4,Two year,64,No,0.000342855
3508-CFVZL,High-Value,111.3,Two year,71,No,0.00033985634
9548-LIGTA,High-Value,81.05,Two year,61,No,0.00033894874
4616-ULAOA,High-Value,110.8,Two year,65,No,0.00033795155
2000-MPKCA,High-Value,107.75,One year,58,No,0.00033593248
2925-VDZHY,High-Value,88.7,Two year,72,No,0.00033547517
2885-HIJDH,High-Value,86.9,Two year,69,No,0.00033523695
9028-LIHRP,High-Value,100.2,Two year,71,No,0.0003345349
7602-MVRMB,High-Value,110.45,Two year,72,No,0.00033447653
1291-CUOCY,High-Value,110.6,Two year,72,No,0.00033447653
9070-BCKQP,High-Value,110.15,Two year,72,No,0.00033447653
1841-YSJGV,High-Value,109.95,Two year,72,No,0.00033447653
2272-JKMSI,High-Value,110.8,One year,62,No,0.00033190518
6919-ELBGL,High-Value,114.95,Two year,72,No,0.00033042763
7109-CQYUZ,High-Value,89.25,Two year,52,No,0.0003304084
6916-HIJSE,High-Value,84.85,Two year,65,No,0.00032982492
3810-DVDQQ,High-Value,117.6,Two year,72,No,0.0003281432
5453-YBTWV,High-Value,101.1,Two year,70,No,0.00032752904
2193-SFWQW,High-Value,111.95,Two year,72,No,0.00032691695
8809-XKHMD,High-Value,100.55,Two year,72,No,0.0003239043
0238-WHBIQ,High-Value,89.7,Two year,72,No,0.0003238978
1063-DHQJF,High-Value,92.15,Two year,69,No,0.00032369036
0248-PGHBZ,High-Value,92.45,Two year,67,No,0.00032170082
5989-AXPUC,High-Value,118.6,Two year,68,No,0.00032059706
2990-OGYTD,High-Value,86.15,Two year,67,No,0.000319315
2632-IVXVF,High-Value,111.75,Two year,68,No,0.00031758385
3766-EJLFL,High-Value,109.05,Two year,68,No,0.00031758385
5795-KTGUD,High-Value,110.8,Two year,68,No,0.00031758385
2194-IIQOF,High-Value,89.3,Two year,71,No,0.0003169813
5781-BKHOP,High-Value,100.65,Two year,72,No,0.00031441278
2789-CZANW,High-Value,110.3,Two year,64,No,0.00031326385
9405-GPBBG,High-Value,110.5,Two year,64,No,0.00031326385
6234-RAAPL,High-Value,99.9,Two year,72,No,0.00031317514
2088-IEBAU,High-Value,88.15,Two year,68,No,0.00031156995
9258-CNWAC,High-Value,113.65,Two year,71,No,0.00031002297
2121-JAFOM,High-Value,115.55,Two year,72,No,0.00031002297
3655-SNQYZ,High-Value,113.25,Two year,69,No,0.00031002297
3726-TBHQT,High-Value,114.0,Two year,71,No,0.00031002297
2984-TBYKU,High-Value,104.9,Two year,72,No,0.00030896396
9848-JQJTX,High-Value,100.9,Two year,72,No,0.00030590224
5663-QBGIS,High-Value,98.35,Two year,72,No,0.00030569555
5485-ITNPC,High-Value,85.9,Two year,66,No,0.0003055752
6993-YCOBK,High-Value,110.6,Two year,60,No,0.0003047234
8849-PRIQJ,High-Value,109.4,One year,67,No,0.0003025416
8823-RLPWL,High-Value,110.65,Two year,72,No,0.00030193993
6859-QNXIQ,High-Value,113.1,Two year,72,No,0.0002991317
8207-DMRVL,High-Value,114.55,Two year,72,No,0.0002991317
1891-QRQSA,High-Value,111.6,Two year,64,No,0.0002966877
3096-YXENJ,High-Value,107.65,Two year,65,No,0.00029477806
9127-FHJBZ,High-Value,114.0,Two year,72,No,0.0002945244
3795-CAWEX,High-Value,116.55,Two year,70,No,0.0002926273
5248-YGIJN,High-Value,90.25,Two year,72,No,0.00029187385
3831-YCPUO,High-Value,109.5,Two year,72,No,0.00029124896
2599-CIPQE,High-Value,109.3,Two year,71,No,0.00029124896
8060-HIWJJ,High-Value,86.55,Two year,64,No,0.0002866515
3963-RYFNS,High-Value,116.45,Two year,72,No,0.00028614554
9866-OCCKE,High-Value,109.75,Two year,72,No,0.00028512487
5727-MYATE,High-Value,90.8,Two year,72,No,0.00028220593
9788-HNGUT,High-Value,116.95,Two year,72,No,0.00028097903
7569-NMZYQ,High-Value,118.75,Two year,72,No,0.00028097903
9739-JLPQJ,High-Value,117.5,Two year,72,No,0.00028097903
8513-OLYGY,High-Value,115.8,Two year,72,No,0.00028097903
2223-GDSHL,High-Value,116.05,Two year,71,No,0.00028097903
3258-ZKPAI,High-Value,116.6,Two year,72,No,0.00028097903
8975-SKGRX,High-Value,116.1,Two year,71,No,0.00028097903
3396-DKDEL,High-Value,115.15,Two year,70,No,0.00028097903
5914-XRFQB,High-Value,115.8,Two year,72,No,0.00028097903
0675-NCDYU,High-Value,116.4,Two year,72,No,0.00028097903
1488-PBLJN,High-Value,116.85,Two year,72,No,0.00028097903
0017-IUDMW,High-Value,116.8,Two year,72,No,0.00028097903
9488-FYQAU,High-Value,109.25,Two year,63,No,0.00028082824
3199-NPKCN,High-Value,111.25,One year,67,No,0.00028081538
4393-GEADV,High-Value,114.75,Two year,70,No,0.00028025534
7176-WRTNX,High-Value,114.95,Two year,70,No,0.00028025534
9298-WGMRW,High-Value,115.5,Two year,72,No,0.00027836996
3518-FSTWG,High-Value,109.55,Two year,72,No,0.00027655918
4909-JOUPP,High-Value,109.7,Two year,72,No,0.00027655918
5574-NXZIU,High-Value,109.2,Two year,63,No,0.00027644294
0266-GMEAO,High-Value,114.3,Two year,72,No,0.00027609314
7055-JCGNI,High-Value,111.95,Two year,70,No,0.00027609314
6408-WHTEF,High-Value,89.4,Two year,72,No,0.0002760697
0013-SMEOE,High-Value,109.7,Two year,71,No,0.00027583056
1642-HMARX,High-Value,91.7,Two year,68,No,0.0002757133
7508-DQAKK,High-Value,86.4,Two year,64,No,0.00027431708
6007-TCTST,High-Value,115.8,Two year,72,No,0.00027291776
3892-NXAZG,High-Value,114.05,Two year,72,No,0.00027126967
4376-KFVRS,High-Value,114.05,Two year,72,No,0.00027110783
8454-AATJP,High-Value,115.05,Two year,72,No,0.00027110783
7359-WWYJV,High-Value,114.45,Two year,72,No,0.00027110783
5375-XLDOF,High-Value,114.35,Two year,69,No,0.00026904044
3219-JQRSL,High-Value,89.1,Two year,72,No,0.00026748868
7401-JIXNM,High-Value,91.3,Two year,54,No,0.000265542
0181-RITDD,High-Value,108.15,Two year,62,No,0.00026387934
7923-IYJWY,High-Value,116.1,Two year,67,No,0.00026273358
4006-HKYHO,High-Value,86.7,Two year,63,No,0.00026148383
7164-BPTUT,High-Value,89.55,Two year,57,No,0.00026099142
6461-SZMCV,High-Value,87.95,Two year,71,No,0.00025943786
3580-HYCSP,High-Value,110.3,Two year,72,No,0.00025669028
8309-PPCED,High-Value,110.45,Two year,72,No,0.0002541552
7030-FZTFM,High-Value,110.9,Two year,72,No,0.0002541552
6614-FHDBO,High-Value,109.2,Two year,72,No,0.0002541552
9802-CAQUT,High-Value,109.55,Two year,72,No,0.0002541552
4627-MIHJH,High-Value,110.25,Two year,69,No,0.0002533655
6374-NTQLP,High-Value,104.1,Two year,72,No,0.00025313828
2388-LAESQ,High-Value,114.85,Two year,72,No,0.00025238565
0906-QVPMS,High-Value,115.15,Two year,72,No,0.00025229063
9031-ZVQPT,High-Value,108.2,Two year,72,No,0.00025153716
0106-UGRDO,High-Value,116.0,Two year,69,No,0.00025094836
0378-CJKPV,High-Value,112.1,Two year,72,No,0.00025035045
2167-FQSTQ,High-Value,92.4,Two year,72,No,0.00024944314
0795-LAFGP,High-Value,90.4,Two year,71,No,0.00024944314
6963-EZQEE,High-Value,88.55,Two year,70,No,0.0002449506
7408-OFWXJ,High-Value,89.8,Two year,72,No,0.00024440006
2176-LVPNX,High-Value,89.85,Two year,71,No,0.00024335
1951-IEYXM,High-Value,90.6,Two year,72,No,0.0002415725
5117-ZSMHQ,High-Value,89.9,Two year,71,No,0.0002415725
1971-DTCZB,High-Value,90.95,Two year,72,No,0.0002415725
1187-WILMM,High-Value,89.4,Two year,63,No,0.00024030307
3508-VLHCZ,High-Value,90.55,Two year,71,No,0.0002379815
5451-YHYPW,High-Value,115.75,Two year,72,No,0.00023706885
8606-CIQUL,High-Value,115.75,Two year,72,No,0.00023706885
6904-JLBGY,High-Value,117.35,Two year,72,No,0.00023706885
0164-APGRB,High-Value,114.9,Two year,72,No,0.00022966212
1775-KWJKQ,High-Value,89.85,Two year,72,No,0.00022879598
9489-JMTTN,High-Value,89.75,Two year,72,No,0.00022879598
1779-PWPMG,High-Value,114.65,Two year,72,No,0.00022874014
6308-CQRBU,High-Value,109.25,Two year,71,No,0.00022531128
7566-DSRLQ,High-Value,110.15,Two year,72,No,0.00022531128
0907-HQNTS,High-Value,113.0,Two year,70,No,0.00022530954
8628-MFKAX,High-Value,116.75,Two year,72,No,0.00022530954
5135-GRQJV,High-Value,114.5,Two year,72,No,0.00022477077
0730-BGQGF,High-Value,90.3,Two year,71,No,0.00022268179
6122-LJADA,High-Value,90.15,Two year,70,No,0.00022268179
2380-DAMQP,High-Value,115.15,Two year,72,No,0.00021888662
8015-IHCGW,High-Value,115.5,Two year,72,No,0.00021888662
8879-XUAHX,High-Value,116.25,Two year,71,No,0.00021888662
8263-QMNTJ,High-Value,115.55,Two year,72,No,0.00021888662
8984-HPEMB,High-Value,118.65,Two year,71,No,0.00021629623
8707-HOEDG,High-Value,110.2,Two year,70,No,0.00020641518
6297-NOOPG,High-Value,110.5,Two year,70,No,0.00020641518
9415-ZNBSX,High-Value,89.0,Two year,70,No,0.00020471508
5377-NDTOU,High-Value,91.05,Two year,71,No,0.00020283819
5153-LXKDT,High-Value,110.2,Two year,68,No,0.00019673018
8100-PNJMH,High-Value,88.85,Two year,68,No,0.00019284837
7503-MIOGA,High-Value,89.85,Two year,72,No,0.00019138442
3084-DOWLE,High-Value,92.0,Two year,72,No,0.00019061695
3258-SYSWS,High-Value,113.8,Two year,72,No,0.00018947915
1162-ECVII,High-Value,109.75,Two year,72,No,0.00018621901
2499-AJYUA,High-Value,110.8,Two year,72,No,0.00018621901
4701-LKOZD,High-Value,89.75,Two year,70,No,0.00018053458
2323-ARSVR,High-Value,111.05,Two year,67,No,0.00017961049
7398-HPYZQ,High-Value,90.55,Two year,71,No,0.0001795677
5248-RPYWW,High-Value,90.15,Two year,72,No,0.00017820451
1227-UDMZR,High-Value,91.15,Two year,72,No,0.00017532913
4674-HGNUA,High-Value,89.9,Two year,71,No,0.00017532913
3569-JFODW,High-Value,90.95,Two year,72,No,0.00017532913
9297-EONCV,High-Value,91.35,Two year,72,No,0.00017403746
3729-OWRVL,High-Value,110.35,Two year,65,No,0.00017047505
0136-IFMYD,High-Value,109.95,Two year,69,No,0.00017046464
4829-ZLJTK,High-Value,112.4,Two year,72,No,0.00017046464
8174-TBVCF,High-Value,94.8,Two year,70,No,0.00016950173
9778-OGKQZ,High-Value,92.0,Two year,72,No,0.00016587501
0839-JTCUD,High-Value,89.9,Two year,66,No,0.00016119712
2977-CEBSX,High-Value,90.05,Two year,66,No,0.00016119712
8690-ZVLCL,High-Value,88.0,Two year,68,No,0.00015994639
0244-LGNFY,High-Value,92.65,Two year,72,No,0.00015973941
3967-KXAPS,High-Value,92.3,Two year,72,No,0.00015973941
8197-BFWVU,High-Value,93.25,Two year,72,No,0.00015973941
6369-MCAKO,High-Value,89.05,Two year,68,No,0.0001593714
2307-FYNNL,High-Value,109.05,Two year,65,No,0.00015705018
1568-LJSZU,High-Value,92.2,Two year,68,No,0.00014890506
7579-KKLOE,High-Value,91.25,Two year,71,No,0.0001455039
6258-PVZWJ,High-Value,90.8,Two year,68,No,0.00014339708
2000-DHJUY,High-Value,92.2,Two year,70,No,0.0001406136
1568-BEKZM,High-Value,90.05,Two year,70,No,0.0001406136
3779-OSWCF,High-Value,93.2,Two year,71,No,0.00013834442
4718-WXBGI,High-Value,91.95,Two year,72,No,0.00013834442
1897-OKVMW,High-Value,90.6,Two year,64,No,0.00013631252
2469-DTSGX,High-Value,111.65,Two year,72,No,0.00013132388
2990-IAJSV,High-Value,92.0,Two year,72,No,0.0001298638
0123-CRBRT,High-Value,88.1,Two year,61,No,0.00012923293
8413-YNHNV,High-Value,90.65,Two year,69,No,0.00012601532
0016-QLJIS,High-Value,90.45,Two year,65,No,0.00012447829
7975-JMZNT,High-Value,91.7,Two year,66,No,0.00012419066
3227-WLKLI,High-Value,91.55,Two year,65,No,0.00012419066
